date,net_pnl,gross_vega,net_vega,positions,book,lag
2018-07-02,0.0,20000.0,-2.2737367544323206e-13,92,quantile,0
2018-07-03,10396.278605199319,19686.62024352162,4.64189492365125,92,quantile,0
2018-07-05,1.9386549356559328,19157.96532000038,103.95269874184294,92,quantile,0
2018-07-06,-1345.6623800266545,18778.53631584201,83.70849970969095,92,quantile,0
2018-07-09,7975.876907046149,20000.0,-8.526512829121202e-14,92,quantile,0
2018-07-10,1858.0404620595439,19415.034852079774,-266.32216703446306,92,quantile,0
2018-07-11,-3523.8566747337527,19400.292602825448,-151.25163293005917,92,quantile,0
2018-07-12,15482.321537975235,18925.20420168402,-252.2572512895022,92,quantile,0
2018-07-13,-1893.1321406968818,18463.905559953433,-125.10022742743124,92,quantile,0
2018-07-16,-835.6504821901926,20000.0,-1.4210854715202004e-13,92,quantile,0
2018-07-17,3942.5594616455674,19394.231502679508,-15.302164915199313,92,quantile,0
2018-07-18,-1678.6284113479956,18810.981737516344,-115.41636823970956,92,quantile,0
2018-07-19,8785.416928398554,17952.744378471172,-462.4216760771682,92,quantile,0
2018-07-20,5699.751236357311,17578.16426402891,-505.1050099674835,92,quantile,0
2018-07-23,111.48097510323586,20000.0,5.684341886080802e-14,94,quantile,0
2018-07-24,3896.9402402767428,19177.733748286162,-136.48931788793143,94,quantile,0
2018-07-25,-10962.231675791258,17495.03043443568,-694.2615074752758,94,quantile,0
2018-07-26,9785.316367123076,17406.919355322865,-550.1899413246136,94,quantile,0
2018-07-27,-11515.222200253333,16662.6572802282,-989.7822572812659,94,quantile,0
2018-07-30,-31852.79631474645,20000.0,0.0,92,quantile,0
2018-07-31,23360.401892482725,19378.72929785393,51.12828548556939,92,quantile,0
2018-08-01,-8075.81308723074,19106.237680486633,189.3436783261799,92,quantile,0
2018-08-02,11162.540979489318,18515.446385116506,369.3267461087014,92,quantile,0
2018-08-03,-20652.200365180648,17786.78913834623,672.4963400162436,92,quantile,0
2018-08-06,11664.42814397087,20000.0,2.842170943040401e-14,94,quantile,0
2018-08-07,-7493.279588426447,19524.907610746177,105.24641288731613,94,quantile,0
2018-08-08,11044.148047560446,18889.27284011065,179.26842112716832,94,quantile,0
2018-08-09,-464.3187194952161,18154.24778485063,28.840804365714177,94,quantile,0
2018-08-10,-6160.066631087928,18551.860161755652,708.1682600504723,94,quantile,0
2018-08-13,-18153.931927915837,20000.0,-2.842170943040401e-14,92,quantile,0
2018-08-14,23849.58980016138,19666.873393605376,323.3241077519647,92,quantile,0
2018-08-15,-4953.39851861579,19282.822940870195,564.2117889063752,92,quantile,0
2018-08-16,117.09863173316245,18676.59848703081,405.817319107382,92,quantile,0
2018-08-17,-30.181045835919676,18060.36237454797,61.01072268371448,92,quantile,0
2018-08-20,23577.05549581625,20000.0,1.1368683772161603e-13,94,quantile,0
2018-08-21,13626.83677530989,19696.06763281446,295.2897088272339,94,quantile,0
2018-08-22,782.2951448909778,19125.44937016399,419.5212775130384,94,quantile,0
2018-08-23,96.98178000964563,19899.111013912425,2438.708889568022,94,quantile,0
2018-08-24,8953.001456980644,19477.10947136048,1623.5804320656007,94,quantile,0
2018-08-27,949.1421528458225,20000.0,1.1368683772161603e-13,92,quantile,0
2018-08-28,-3486.853702890175,19005.6424078096,-49.822677433768206,92,quantile,0
2018-08-29,-1748.2127372419254,18103.624261287154,29.49163181404242,92,quantile,0
2018-08-30,-12455.16174038003,17757.10495343616,400.24702391373756,92,quantile,0
2018-08-31,7094.9267074312775,16670.279801250155,378.4640545919892,92,quantile,0
2018-09-04,3511.6960974897984,20000.0,2.5579538487363607e-13,94,quantile,0
2018-09-05,533.6895162969762,20226.12120976253,-681.9985504687988,94,quantile,0
2018-09-06,-3543.1349507584046,19722.872733346743,-529.4057964919086,94,quantile,0
2018-09-07,-2569.5560890374272,19202.812553666565,-481.80645927288447,94,quantile,0
2018-09-10,-11678.153473851391,20000.0,1.7053025658242404e-13,94,quantile,0
2018-09-11,-4983.5278134968385,19580.31247265056,41.582996673821896,94,quantile,0
2018-09-12,5154.030322394963,18989.517716984,-55.883621004498906,94,quantile,0
2018-09-13,8072.557838158534,18537.9444151674,-502.17873497505184,94,quantile,0
2018-09-14,1795.860915278271,18306.427024785015,-337.8274646077307,94,quantile,0
2018-09-17,1377.6360420642475,20000.0,-2.842170943040401e-14,94,quantile,0
2018-09-18,4228.699108919455,19584.080228244013,-80.75980571727115,94,quantile,0
2018-09-19,1209.539945180023,19475.547652177844,-274.7962983423722,94,quantile,0
2018-09-20,4315.657175086582,18739.561670008694,-160.81422778721952,94,quantile,0
2018-09-21,5714.462735179499,18316.966442556644,-8.08380179919115,94,quantile,0
2018-09-24,1150.203930698407,20000.0,-1.7053025658242404e-13,94,quantile,0
2018-09-25,-3077.6062953415844,19823.75617230663,-134.126064480038,94,quantile,0
2018-09-26,-7122.046563060983,19597.173892522904,-157.6252535411405,94,quantile,0
2018-09-27,10966.15836067266,18266.96883175016,-218.3237128291823,94,quantile,0
2018-09-28,5257.163010284517,17226.746516580166,-55.52410185274951,94,quantile,0
2018-10-01,4549.730677883303,20000.0,-2.842170943040401e-14,94,quantile,0
2018-10-02,3489.3641208781796,19634.0977736757,189.54162724882033,94,quantile,0
2018-10-03,868.7518636528746,19265.86453077611,308.70913962601304,94,quantile,0
2018-10-04,2158.932545654838,18894.65278502808,177.0453222329976,94,quantile,0
2018-10-05,-11773.12264148098,18618.931191267035,57.4922136683912,94,quantile,0
2018-10-08,829.83966614006,20000.0,5.684341886080802e-14,94,quantile,0
2018-10-09,14.33150905561331,19716.742790691897,708.9074602116115,94,quantile,0
2018-10-10,-796.3308974701451,19233.5776000524,518.8522880633966,94,quantile,0
2018-10-11,19877.751084115607,18346.272471958135,-129.1555814277188,94,quantile,0
2018-10-12,266.54234473592624,18939.135493063968,-510.9479987276786,94,quantile,0
2018-10-15,2505.1503086655316,20000.0,-5.684341886080802e-14,94,quantile,0
2018-10-16,9920.576157449756,21195.37450324635,-748.1051263471661,94,quantile,0
2018-10-17,746.2343625555446,21085.624814302304,-1375.8433139678054,94,quantile,0
2018-10-18,-20674.570315797388,19812.62461541712,-913.8036534431803,94,quantile,0
2018-10-19,6531.02451936038,19881.427694283528,-938.0457924890917,94,quantile,0
2018-10-22,-1374.6111169492924,20000.0,-1.4210854715202004e-13,94,quantile,0
2018-10-23,346.43399611055736,22592.527783870548,-605.1356703467904,94,quantile,0
2018-10-24,-1251.3291065218696,22974.54070041736,-1679.8368516657304,94,quantile,0
2018-10-25,29823.906083108348,24874.808607410574,-2228.2932519583296,94,quantile,0
2018-10-26,-9830.856700488217,25390.427894746164,-2171.7894119939274,94,quantile,0
2018-10-29,-23225.367824936056,20000.0,2.842170943040401e-14,94,quantile,0
2018-10-30,15974.204382378422,19588.498590134994,-226.4312717886839,94,quantile,0
2018-10-31,868.0482856563975,19041.34812932178,-321.5252989752578,94,quantile,0
2018-11-01,-11979.096134887062,18168.632803654156,-287.42897771079606,94,quantile,0
2018-11-02,7514.469722638787,17779.64935588733,-272.3614287883987,94,quantile,0
2018-11-05,-1105.8794624735085,20000.0,-2.842170943040401e-14,94,quantile,0
2018-11-06,10433.70515212212,19248.816429173712,-159.10951530486116,94,quantile,0
2018-11-07,4573.258934922131,17369.809205009038,-389.7799255422874,94,quantile,0
2018-11-08,33.20573161871482,17770.614452739563,-727.5052248243111,94,quantile,0
2018-11-09,8742.480365867388,18272.440862397292,-210.6981974487146,94,quantile,0
2018-11-12,-2124.198524250509,20000.0,1.1368683772161603e-13,94,quantile,0
2018-11-13,-33075.600658924704,20383.58371471087,23.421697218538952,94,quantile,0
2018-11-14,-11918.197425281656,20420.4561366597,360.16446048602813,94,quantile,0
2018-11-15,-11242.171805458329,19680.463717344493,-67.61843561084223,94,quantile,0
2018-11-16,-2041.9338958191279,18955.700483507382,-325.18473166683253,94,quantile,0
2018-11-19,-11880.137670933951,20000.0,0.0,94,quantile,0
2018-11-20,4590.181053003574,21187.627324114834,1102.262589749894,94,quantile,0
2018-11-21,26338.28312200952,21152.58927189328,1148.9532196318592,94,quantile,0
2018-11-23,-530.6727724701917,20258.11845407327,1106.7133740890774,94,quantile,0
2018-11-26,2740.590848922007,20000.0,5.684341886080802e-14,94,quantile,0
2018-11-27,-6667.936192186207,18846.836063752387,-33.93826968501003,94,quantile,0
2018-11-28,945.3572378389932,19433.653375762395,-1202.3995311863587,94,quantile,0
2018-11-29,11089.374300080422,19246.20348286424,-810.8658214354955,94,quantile,0
2018-11-30,-4540.994397450218,18636.106332723386,-1697.306247090227,94,quantile,0
2018-12-03,11710.198219547958,20000.0,-5.684341886080802e-14,94,quantile,0
2018-12-04,-14338.301075571057,19204.443950612796,324.39434589706536,94,quantile,0
2018-12-06,-5386.018268579715,18371.750042614713,74.19571965095693,94,quantile,0
2018-12-07,-3806.637697877535,17471.009297068835,182.46334377776154,94,quantile,0
2018-12-10,24605.57212401149,20000.0,-8.526512829121202e-14,94,quantile,0
2018-12-11,10252.067846419097,19971.90159662019,-257.4757110182653,94,quantile,0
2018-12-12,8269.929476574225,19970.67560578086,-542.1612855430477,94,quantile,0
2018-12-13,3041.795030887881,19259.683841008613,-773.0022833708572,94,quantile,0
2018-12-14,-7561.914688463621,19190.748111629524,-1099.7351860806637,94,quantile,0
2018-12-17,12739.042751772879,20000.0,-5.684341886080802e-14,94,quantile,0
2018-12-18,-7205.695639938122,19972.576855878073,-450.01515272836525,94,quantile,0
2018-12-19,8911.224502884237,19783.847111963885,-233.6984613004035,94,quantile,0
2018-12-20,34975.924864689274,20032.746506100993,-150.03762485046335,94,quantile,0
2018-12-21,-2879.6913226346105,20225.70988307776,-1535.2584097971226,94,quantile,0
2018-12-24,-8756.28213636483,20000.0,2.842170943040401e-14,96,quantile,0
2018-12-26,11175.178219083244,23513.555482059048,634.9248032786344,96,quantile,0
2018-12-27,-1810.593604078209,23269.966534081475,344.7711939796013,96,quantile,0
2018-12-28,-114.72575072072857,22229.38097764171,296.7813670838381,96,quantile,0
2018-12-31,850.1168047846746,20000.0,-5.684341886080802e-14,96,quantile,0
2019-01-02,7372.47172350837,19191.64311278517,-7.9142650083661295,96,quantile,0
2019-01-03,5149.123854284092,18892.758732950286,-191.23993916157156,96,quantile,0
2019-01-04,-3793.9890559016803,18808.667003385777,-187.12466043622604,96,quantile,0
2019-01-07,6223.47154248008,20000.0,8.526512829121202e-14,94,quantile,0
2019-01-08,6635.352126315164,19341.453747805153,-445.6993404075743,94,quantile,0
2019-01-09,1422.749919742784,19167.488288992816,123.75923956244094,94,quantile,0
2019-01-10,12387.459050890464,18776.97132311092,-130.81738900006707,94,quantile,0
2019-01-11,-5738.2585078223365,18019.512393708672,-441.8650703790332,94,quantile,0
2019-01-14,-398.40029718820756,20000.0,-1.1368683772161603e-13,94,quantile,0
2019-01-15,-2225.7339754346244,19085.57635274564,-771.5681456782297,94,quantile,0
2019-01-16,9739.404677741857,19042.352994150657,-743.1448157811631,94,quantile,0
2019-01-17,5804.491357271105,20851.292295153627,2060.064947670812,94,quantile,0
2019-01-18,-40607.474419005375,20437.57023311477,332.02392715492044,94,quantile,0
2019-01-22,29249.101397821585,20000.0,-2.5579538487363607e-13,94,quantile,0
2019-01-23,13473.3363808589,20282.11813556359,-1004.3416286384995,94,quantile,0
2019-01-24,599.5901921757495,18865.04351651875,-937.5400917450817,94,quantile,0
2019-01-25,-2456.972343457035,18198.639368289474,-524.9234651204304,94,quantile,0
2019-01-28,20468.034326039546,20000.0,0.0,94,quantile,0
2019-01-29,217.16406806078453,20205.444907266257,842.868328796234,94,quantile,0
2019-01-30,12004.98080315437,19652.63325475993,787.720709811395,94,quantile,0
2019-01-31,2056.4973744897957,19357.304251919806,525.9425149205101,94,quantile,0
2019-02-01,5907.838663838634,19147.354243597012,421.15797657116406,94,quantile,0
2019-02-04,-9814.016852246865,20000.0,1.4210854715202004e-13,94,quantile,0
2019-02-05,-322.44748774371874,19025.194980680568,101.76248421087647,94,quantile,0
2019-02-06,-2739.2479145887824,19172.422559102146,562.8680787907006,94,quantile,0
2019-02-07,-7646.640000702196,18590.102452652616,790.1166266531086,94,quantile,0
2019-02-08,-17470.578489786414,18349.328784170626,-229.3799528025406,94,quantile,0
2019-02-11,2497.5976704399995,20000.0,8.526512829121202e-14,94,quantile,0
2019-02-12,-2576.045197812736,18475.9425512411,-420.02530767170464,94,quantile,0
2019-02-13,14319.50724903653,18170.644019074953,-291.03769896051847,94,quantile,0
2019-02-14,-587.6685086279952,18141.161905747693,500.8259695476379,94,quantile,0
2019-02-15,-14659.376047317175,17139.15780228205,-809.7781921708136,94,quantile,0
2019-02-19,8623.856029825049,20000.0,-5.684341886080802e-14,94,quantile,0
2019-02-20,-14478.7578960508,19811.25484264898,-1048.5202267575944,94,quantile,0
2019-02-21,13243.00862809404,19758.742618091455,-224.68565940163407,94,quantile,0
2019-02-22,-2573.430566924488,17835.2880412726,-1234.87712116295,94,quantile,0
2019-02-25,1636.198046756315,20000.0,0.0,94,quantile,0
2019-02-26,6474.215708573007,19633.095038513355,5.12238461758821,94,quantile,0
2019-02-27,580.7567760449035,19274.397283991126,207.74771752652015,94,quantile,0
2019-02-28,-826.3352158883785,18828.967006562303,279.8487139093289,94,quantile,0
2019-03-01,-424.3968536436262,18352.36324164595,340.64296005398694,94,quantile,0
2019-03-04,-1661.9884024439434,20000.0,-5.684341886080802e-14,94,quantile,0
2019-03-05,344.90392782501675,19706.146196734113,198.98832367975803,94,quantile,0
2019-03-06,6778.154820650606,20520.1502149791,-401.1587223569594,94,quantile,0
2019-03-07,-4238.308722124702,19926.52846188614,-371.6177897495588,94,quantile,0
2019-03-08,8345.015722061633,20083.00595217869,4.597294317758951,94,quantile,0
2019-03-11,6693.649336007509,20000.0,0.0,92,quantile,0
2019-03-12,6101.743698140948,19430.593477351147,-242.75916449604952,92,quantile,0
2019-03-13,-801.8078500470277,19228.575994151026,-727.5147863617971,92,quantile,0
2019-03-14,5260.755954897964,18753.30571214631,-557.1707829509945,92,quantile,0
2019-03-15,2292.7643637675264,17973.492786717532,-555.777167951804,92,quantile,0
2019-03-18,6483.759189123545,20000.0,1.1368683772161603e-13,94,quantile,0
2019-03-19,-4689.124514965185,20721.903446189284,311.6554387988225,94,quantile,0
2019-03-20,6338.8302813764385,20112.08190612033,756.30230885561,94,quantile,0
2019-03-21,-12298.547076048886,19510.317625811884,-862.7136537427663,94,quantile,0
2019-03-22,9800.23098431912,20918.058071592488,-1786.7842310515375,94,quantile,0
2019-03-25,1255.172417852945,20000.0,1.4210854715202004e-13,94,quantile,0
2019-03-26,-6736.137914820323,19708.753903397144,-1152.7707999803652,94,quantile,0
2019-03-27,-3318.0847483649377,18789.131100419232,-1026.8743675737367,94,quantile,0
2019-03-28,-5847.951784119883,19434.65274942857,-2119.9792940624457,94,quantile,0
2019-03-29,5525.885502100525,44947.366819519,3503.2474396513962,94,quantile,0
2019-04-01,6486.122051692815,20000.0,5.684341886080802e-14,94,quantile,0
2019-04-02,-3657.8227473998163,19683.764803884093,88.67786981534942,94,quantile,0
2019-04-03,1811.9484011940249,19169.214930149436,53.04007371019921,94,quantile,0
2019-04-04,-1645.397423022165,18718.976818243744,124.76244356441137,94,quantile,0
2019-04-05,-6182.575317058601,18149.27240642893,-159.67071115009307,94,quantile,0
2019-04-08,2018.2020273813273,20000.0,-1.1368683772161603e-13,94,quantile,0
2019-04-09,5635.05199656678,20301.673858808113,367.12115372721024,94,quantile,0
2019-04-10,1167.9850153471443,19706.51719899009,130.65333038718535,94,quantile,0
2019-04-11,2236.566092501556,19354.780050999794,223.1551606879347,94,quantile,0
2019-04-12,-20349.809315886625,18592.769490336705,13.513154767899493,94,quantile,0
2019-04-15,2278.557448863956,20000.0,-5.684341886080802e-14,94,quantile,0
2019-04-16,-23097.383835722372,19248.24506583666,-403.1857592507041,94,quantile,0
2019-04-17,-6819.065293709245,18833.03321004837,-833.524473283215,94,quantile,0
2019-04-18,2574.7069930000625,18011.913411687226,-912.3989073146728,94,quantile,0
2019-04-22,12134.142307579019,20000.0,-1.9895196601282805e-13,94,quantile,0
2019-04-23,2375.571980672672,22254.412357214413,653.2910578906519,94,quantile,0
2019-04-24,6371.939624429543,21595.245806836123,151.34218069930526,94,quantile,0
2019-04-25,-3578.914074372197,21954.22467520421,-28.702319124107362,94,quantile,0
2019-04-26,588.6182232520187,20206.747128113107,-952.4034395253351,94,quantile,0
2019-04-29,7885.46832038494,20000.0,-1.1368683772161603e-13,94,quantile,0
2019-04-30,5704.597652367838,19594.9208640562,-46.978455429608175,94,quantile,0
2019-05-01,5659.837767401642,19258.049985658985,73.40771184727186,94,quantile,0
2019-05-02,-308.6430879053469,18759.317104266927,368.98245140611743,94,quantile,0
2019-05-03,4338.200312477007,18472.430579155483,299.03865338997434,94,quantile,0
2019-05-06,-2502.6816486893067,20000.0,5.684341886080802e-14,94,quantile,0
2019-05-07,3220.4461813821326,19832.237982134484,205.5788908876614,94,quantile,0
2019-05-08,6118.693717163267,19288.869426364927,119.34531778412497,94,quantile,0
2019-05-09,3213.8789171320045,18718.786897421836,-33.45785938064466,94,quantile,0
2019-05-10,5879.22494014298,18184.861656515306,113.22271589900046,94,quantile,0
2019-05-13,-268.10523332959895,20000.0,-1.1368683772161603e-13,94,quantile,0
2019-05-14,11469.631765111259,19718.339710704957,-441.5236981810035,94,quantile,0
2019-05-15,145.34010587747048,19077.38583758999,-421.75415066638584,94,quantile,0
2019-05-16,7131.38695856989,18533.5385882787,-776.2431415645964,94,quantile,0
2019-05-17,-786.5112529672033,18254.34806240767,-286.7477035282964,94,quantile,0
2019-05-20,-5151.764997545916,20000.0,-1.1368683772161603e-13,94,quantile,0
2019-05-21,8110.536939274895,19733.379540440135,-759.2162497938351,94,quantile,0
2019-05-22,-11305.092445326849,19655.334675282807,-1077.6501297561072,94,quantile,0
2019-05-23,1543.1009880565618,19877.69314926293,-1291.7242040849633,94,quantile,0
2019-05-24,7238.251611667545,18851.493695590343,-1153.5653477957728,94,quantile,0
2019-05-28,5104.162510529171,19787.23404255319,212.76595744680859,93,quantile,0
2019-05-29,-1479.9270392203914,23214.60118182631,2803.918504099689,93,quantile,0
2019-05-30,-9085.376533553772,24078.780425438017,2172.5049197956046,93,quantile,0
2019-05-31,-1609.4497174623077,24389.971504739267,532.8291378570309,93,quantile,0
2019-06-03,11101.313704126851,19787.23404255319,212.76595744680847,93,quantile,0
2019-06-04,7001.2651562639785,19382.270070385654,-3.6980701199522343,93,quantile,0
2019-06-05,3190.236912400526,18576.500907203827,-185.1135265751749,93,quantile,0
2019-06-06,3862.6115065205645,18002.957748917463,-314.5660835947673,93,quantile,0
2019-06-07,678.2739622865511,17405.008636077728,-355.16294914597654,93,quantile,0
2019-06-10,1691.3755499743177,20000.0,1.1368683772161603e-13,94,quantile,0
2019-06-11,5509.170565906537,19589.16990857367,3.689948640730819,94,quantile,0
2019-06-12,-1672.0669755564122,19222.79977453404,-26.703322216607575,94,quantile,0
2019-06-13,-2455.29425811057,18471.450551577673,-360.58513422707995,94,quantile,0
2019-06-14,461.8857361918258,18454.490194307276,62.79184436607264,94,quantile,0
2019-06-17,2892.0506728190576,20000.0,8.526512829121202e-14,92,quantile,0
2019-06-18,-3995.731673644906,19112.13850613723,-580.7730473080394,92,quantile,0
2019-06-19,5083.8339957068665,18181.432095344695,-730.7876959270365,92,quantile,0
2019-06-20,3864.5481153670084,17438.71389850634,-587.0983993396637,92,quantile,0
2019-06-21,-8054.829187833204,17893.231874110665,-44.855535084778126,92,quantile,0
2019-06-24,5124.431408710242,20000.0,0.0,94,quantile,0
2019-06-25,-4499.103879097493,20903.62949910658,313.8606195987307,94,quantile,0
2019-06-26,5518.584649744667,22196.40284944326,-414.03329876507405,94,quantile,0
2019-06-27,-8199.941787682217,20688.650057062965,-939.8821706247329,94,quantile,0
2019-06-28,-1497.6709894490175,18886.82060747818,-1371.9960566586274,94,quantile,0
2019-07-01,744.236213671285,20000.0,2.842170943040401e-14,94,quantile,0
2019-07-02,-735.2363160101634,19290.299910250462,-176.18673728049964,94,quantile,0
2019-07-03,-3077.8772291659857,18270.48863614987,-281.2486531297901,94,quantile,0
2019-07-05,3245.782614716593,18167.031316556066,-483.4831076513043,94,quantile,0
2019-07-08,3345.873902073862,20000.0,0.0,94,quantile,0
2019-07-09,2223.053761604371,20480.03355579203,554.9640198260115,94,quantile,0
2019-07-10,2169.117301614019,19763.38232731325,572.2859533350952,94,quantile,0
2019-07-11,2773.1269758650687,19343.457715368397,487.9823342465871,94,quantile,0
2019-07-12,-3356.263620506498,18321.659682449415,-201.30993519948547,94,quantile,0
2019-07-15,1957.978827069525,20000.0,0.0,94,quantile,0
2019-07-16,422.43641180582034,19757.90978615679,-14.20811372498622,94,quantile,0
2019-07-17,2101.9933935095505,19853.856356015385,295.2221741261619,94,quantile,0
2019-07-18,2224.5846788458084,18876.03027452505,284.5202489712902,94,quantile,0
2019-07-19,5181.427876187152,19551.682792415006,322.1433951584605,94,quantile,0
2019-07-22,939.2273124134548,20000.0,2.5579538487363607e-13,94,quantile,0
2019-07-23,-5351.82154969114,19210.055908076713,-659.7880423471609,94,quantile,0
2019-07-24,-8439.650966528117,19012.327621694083,-983.7748385171609,94,quantile,0
2019-07-25,-630.4385468758051,18883.553863729343,-468.7994919912154,94,quantile,0
2019-07-26,1427.2124240427452,21378.844424799503,3150.2728907418928,94,quantile,0
2019-07-29,-2812.591251952835,20000.0,1.1368683772161603e-13,94,quantile,0
2019-07-30,7263.692894317401,19371.191471674876,210.15042358189396,94,quantile,0
2019-07-31,-4833.521037807865,18994.261520352004,-93.80158550974579,94,quantile,0
2019-08-01,2785.897186203414,17906.022835799653,-246.61251767048046,94,quantile,0
2019-08-02,269.29059104327547,17337.898147791322,-467.14910365412726,94,quantile,0
2019-08-05,2020.1013343536931,20000.0,8.526512829121202e-14,94,quantile,0
2019-08-06,6852.990772883407,20056.15324833678,-39.91352859644502,94,quantile,0
2019-08-07,2331.8900272111705,19628.22403444149,31.960574598687828,94,quantile,0
2019-08-08,7313.382524085856,19900.214184921588,-343.54426301975116,94,quantile,0
2019-08-09,-11079.627850008075,19045.34005782518,-496.9307052963261,94,quantile,0
2019-08-12,-3044.2408939754073,20000.0,1.1368683772161603e-13,94,quantile,0
2019-08-13,-197.8239206479875,20487.53180224513,-376.18199807034057,94,quantile,0
2019-08-14,3419.8237952525396,21066.267875220983,200.38287024984345,94,quantile,0
2019-08-15,-34497.770307177045,20949.6388215217,-339.5320389791352,94,quantile,0
2019-08-16,3409.4431924359455,20596.096254393415,-839.2619371464284,94,quantile,0
2019-08-19,2309.431604425503,20000.0,2.842170943040401e-14,94,quantile,0
2019-08-20,-3266.499774769684,20760.599835838184,-112.06557886098813,94,quantile,0
2019-08-21,-9758.019991216002,20542.002265251598,190.1530870274732,94,quantile,0
2019-08-22,-8107.593721166068,20396.190856882346,216.65973828606954,94,quantile,0
2019-08-23,6400.218553277288,20931.745320740447,100.20592763735058,94,quantile,0
2019-08-26,-8231.750714755115,20000.0,1.9895196601282805e-13,90,quantile,0
2019-08-27,-3636.002854831723,21325.994220166114,-1737.3682562713911,90,quantile,0
2019-08-28,-4743.62811065669,20704.685341334793,-1917.5824485083708,90,quantile,0
2019-08-29,18560.308799665287,20163.616288626763,-2332.690341488503,90,quantile,0
2019-08-30,-4373.204524901876,19894.928661983322,-3022.9420280991862,90,quantile,0
2019-09-03,-15360.968601270628,20000.0,2.842170943040401e-14,90,quantile,0
2019-09-04,8489.157836312042,19745.034836544954,-73.75637589571215,90,quantile,0
2019-09-05,-5689.1688454330815,19145.921397543392,96.4103956716423,90,quantile,0
2019-09-06,4353.913689645737,18758.168605612045,-10.552825372165614,90,quantile,0
2019-09-09,-20472.981505833948,20000.0,0.0,90,quantile,0
2019-09-10,-17849.85349380358,19064.080893377137,-369.0628446588522,90,quantile,0
2019-09-11,7935.225778066377,18318.021727699732,-409.66131945340214,90,quantile,0
2019-09-12,13091.662269079116,18228.335919718244,-302.2336155457016,90,quantile,0
2019-09-13,-7050.127568642193,17878.970722439495,93.7944038051034,90,quantile,0
2019-09-16,-31095.719899879525,20000.0,-8.526512829121202e-14,90,quantile,0
2019-09-17,8248.186162172093,21135.983750153402,-874.0303546589253,90,quantile,0
2019-09-18,18002.92282272041,21081.647925394005,-318.6751831133455,90,quantile,0
2019-09-19,-1522.919503458691,21141.956556923622,-709.8980553519531,90,quantile,0
2019-09-20,-7170.170350982918,20782.483186946338,-859.4633037157787,90,quantile,0
2019-09-23,10423.049327497625,20000.0,-1.4210854715202004e-13,90,quantile,0
2019-09-24,-880.6094454536144,19967.740535080615,-185.043946008268,90,quantile,0
2019-09-25,1134.1316225824892,19119.86218788352,127.58033100504286,90,quantile,0
2019-09-26,-4917.295341754177,19072.414522441064,932.4144735907175,90,quantile,0
2019-09-27,4193.681171918855,18708.65198386035,1558.3820462088406,90,quantile,0
2019-09-30,11638.064794399595,20000.0,2.8421709430404007e-13,90,quantile,0
2019-10-01,-3886.736972831848,19512.354919501122,402.057347437319,90,quantile,0
2019-10-02,3481.8039301126355,19138.217857275544,235.67206454573898,90,quantile,0
2019-10-03,2057.39833584701,19095.85509437385,157.1092998940124,90,quantile,0
2019-10-04,604.4505913202026,18828.924682285215,53.31471079415269,90,quantile,0
2019-10-07,3464.308324589648,20000.0,-2.8421709430404007e-13,90,quantile,0
2019-10-08,-5723.373901400548,19414.961512348465,152.40346550535455,90,quantile,0
2019-10-09,7011.1384107497,19235.83495529838,7.684062610287356,90,quantile,0
2019-10-10,-4535.307878889458,19079.375895506237,-262.2656285974729,90,quantile,0
2019-10-11,-566.1722885913609,19127.43520238027,-613.1197894782629,90,quantile,0
2019-10-14,2861.344294847513,20000.0,-1.1368683772161603e-13,90,quantile,0
2019-10-15,5079.244968887463,19124.7784151068,79.29943502503838,90,quantile,0
2019-10-16,-4972.306884866435,18786.969605466365,-182.70259774126177,90,quantile,0
2019-10-17,375.65183631491277,17890.544373337365,-369.97718088340815,90,quantile,0
2019-10-18,-910.6149008286487,17208.481672671223,-181.906220198859,90,quantile,0
2019-10-21,-607.7889317115383,20000.0,-1.9895196601282805e-13,90,quantile,0
2019-10-22,-10847.918242570679,19637.460086157967,405.2374719701122,90,quantile,0
2019-10-23,-6828.224433440618,18708.970141648977,-327.28431398612713,90,quantile,0
2019-10-24,8627.131869328396,18560.79805715105,-926.7880140193599,90,quantile,0
2019-10-25,-7504.239843120149,18225.521963712687,-1953.5538634600885,90,quantile,0
2019-10-28,5793.9809254259535,20000.0,-8.526512829121202e-14,90,quantile,0
2019-10-29,6519.6357215090475,19571.027611321642,63.888290476207914,90,quantile,0
2019-10-30,3240.934890762301,19046.541673385684,39.20096192408235,90,quantile,0
2019-10-31,6596.724149589869,18564.870470880396,362.49116943977265,90,quantile,0
2019-11-01,-1347.547697356244,18658.030525914,83.0925923013196,90,quantile,0
2019-11-04,-8164.181329331454,20000.0,2.842170943040401e-14,90,quantile,0
2019-11-05,7439.328611974772,19480.249503422812,474.23674011788637,90,quantile,0
2019-11-06,-8020.275255402638,19059.478379327116,231.90370820673164,90,quantile,0
2019-11-07,6912.031776738269,18418.746008613194,1226.051830345604,90,quantile,0
2019-11-08,-8181.464461315561,17641.965235935277,1023.6339704513051,90,quantile,0
2019-11-11,-1393.9877816789376,20000.0,2.842170943040401e-14,90,quantile,0
2019-11-12,-8204.269101604365,19102.195059437563,-337.80812999294807,90,quantile,0
2019-11-13,6663.206370497741,19184.438533289358,-657.7626728494049,90,quantile,0
2019-11-14,6704.483890509025,19042.877628986607,-217.49916830272127,90,quantile,0
2019-11-15,-4563.292617321307,17887.15686001558,-350.2188536120474,90,quantile,0
2019-11-18,7311.986116586146,20000.0,0.0,90,quantile,0
2019-11-19,-5145.3282383631085,19908.200609769054,-150.07742100109553,90,quantile,0
2019-11-20,-12313.806813281748,20483.829281955273,593.7014320363462,90,quantile,0
2019-11-21,10370.322889512408,20328.746584813056,795.6725893584512,90,quantile,0
2019-11-22,-7280.677378779957,19291.665723903418,257.92181652708285,90,quantile,0
2019-11-25,4406.146491861716,20000.0,-1.9895196601282805e-13,90,quantile,0
2019-11-26,-7822.922682770828,20781.23789665138,-982.8044240731329,90,quantile,0
2019-11-27,24801.888761190778,20638.717823446008,113.28495869059225,90,quantile,0
2019-11-29,-9968.710397517581,20035.466318177976,-306.4989264105209,90,quantile,0
2019-12-02,13632.70739121295,20000.0,2.842170943040401e-14,90,quantile,0
2019-12-03,1523.2873117691536,19577.0219652585,118.86910559951858,90,quantile,0
2019-12-04,-4030.4916052889193,19367.406715907106,136.7222418609955,90,quantile,0
2019-12-05,9366.903477621267,18992.003109479825,134.9970048153229,90,quantile,0
2019-12-06,2015.5615089540293,18547.59337016873,171.50303503666905,90,quantile,0
2019-12-09,1183.9758715201176,20000.0,-2.842170943040401e-14,88,quantile,0
2019-12-10,5991.103419341382,19574.543282530314,-107.7479542963884,88,quantile,0
2019-12-11,1951.8478371193055,19228.36359692078,-152.34079507328934,88,quantile,0
2019-12-12,-2183.3934716439676,18300.40675930334,-210.0254584485484,88,quantile,0
2019-12-13,-3090.415205113372,18027.082917773263,-159.27357837435693,88,quantile,0
2019-12-16,-3581.3854226215144,20000.0,-2.842170943040401e-14,88,quantile,0
2019-12-17,4746.228581260099,19261.064943723737,19.84419534548013,88,quantile,0
2019-12-18,3241.931321647583,18783.846138917816,72.17330755097723,88,quantile,0
2019-12-19,-5286.891771248746,18003.610923339387,92.87990802236214,88,quantile,0
2019-12-20,-3968.1593812322267,16786.46864269638,-178.15494937666506,88,quantile,0
2019-12-23,1690.6438142907666,20000.0,2.842170943040401e-14,90,quantile,0
2019-12-24,13489.250790911476,19774.17253725993,364.1547180023995,90,quantile,0
2019-12-26,-12524.475499203621,18776.411754855908,8.253519505771436,90,quantile,0
2019-12-27,10915.960800188517,18438.3662095957,33.719349336334574,90,quantile,0
2019-12-30,-5551.772562628182,20000.0,-5.684341886080802e-14,90,quantile,0
2019-12-31,3663.3809562451825,19764.438025356285,-43.34735733187799,90,quantile,0
2020-01-02,1061.5132880576443,19220.86613625197,-71.49586142476147,90,quantile,0
2020-01-03,2218.8383972004726,19024.073127053747,-56.046932867505774,90,quantile,0
2020-01-06,969.7938309390016,20000.0,8.526512829121202e-14,90,quantile,0
2020-01-07,730.471744550583,19531.199531838978,8.382166441503273,90,quantile,0
2020-01-08,1950.5543286337981,19313.203309918867,7.462388109586385,90,quantile,0
2020-01-09,-1283.8583046820202,18804.81271364674,-78.17356505166438,90,quantile,0
2020-01-10,-2631.1742059288736,18435.860145114846,29.012438342909917,90,quantile,0
2020-01-13,2687.595364374956,20000.0,1.1368683772161603e-13,90,quantile,0
2020-01-14,1727.7932247829244,19868.300320410282,-124.59234150794549,90,quantile,0
2020-01-15,-2083.6905019394617,19184.33310323273,-202.5754448105097,90,quantile,0
2020-01-16,9765.643532542064,18081.48177955251,-246.36009812156541,90,quantile,0
2020-01-17,-1824.6013277591787,17388.435244536064,-476.7814158879938,90,quantile,0
2020-01-21,5792.042871164897,20000.0,1.4210854715202004e-13,90,quantile,0
2020-01-22,-9529.053073556071,19693.783367439442,-533.035336417751,90,quantile,0
2020-01-23,-6149.416599046464,19187.41759638633,-1105.4181138663532,90,quantile,0
2020-01-24,-6643.452964433913,19077.74155094267,-439.8842815519837,90,quantile,0
2020-01-27,15325.45652160159,20000.0,1.7053025658242404e-13,90,quantile,0
2020-01-28,-6277.504180287161,18843.756378559377,-527.538378479705,90,quantile,0
2020-01-29,16261.765160900104,18566.26648430891,-369.08040108877367,90,quantile,0
2020-01-30,8968.36707774677,17386.493700894967,-410.7671767200063,90,quantile,0
2020-01-31,-10335.578553142706,17606.874007633,117.71791039735751,90,quantile,0
2020-02-03,6019.023902563656,20000.0,8.526512829121202e-14,88,quantile,0
2020-02-04,15808.375774117907,19654.19317998753,125.81520838071538,88,quantile,0
2020-02-05,-5539.115972677841,18671.834517446758,141.7016507697701,88,quantile,0
2020-02-06,860.0360963970642,18510.52503145279,-47.3826583640857,88,quantile,0
2020-02-07,1132.4508025859016,18693.204757287782,203.2108294802165,88,quantile,0
2020-02-10,-5617.82771268272,20000.0,-1.1368683772161603e-13,90,quantile,0
2020-02-11,-3347.0816356349123,19757.198055746907,-162.72039233597823,90,quantile,0
2020-02-12,1809.1369693961258,19015.148978023866,-359.5349866152656,90,quantile,0
2020-02-13,4418.894530353616,19026.180417574094,-62.47308419319887,90,quantile,0
2020-02-14,5595.686411644718,17964.15633367538,-150.35762233363795,90,quantile,0
2020-02-18,1174.0480552074766,20000.0,0.0,90,quantile,0
2020-02-19,5654.594560882211,19981.00511275002,-182.73831545339365,90,quantile,0
2020-02-20,2341.5700009521033,19523.380953718955,-126.27666152425999,90,quantile,0
2020-02-21,-3891.035954376537,19807.656484692263,372.9736956025411,90,quantile,0
2020-02-24,-12349.338430312611,20000.0,2.842170943040401e-14,90,quantile,0
2020-02-25,-16190.236360930652,21214.23579712778,404.6742633543157,90,quantile,0
2020-02-26,-23640.494576200523,20044.017085496827,120.10863395658538,90,quantile,0
2020-02-27,-8707.135903684848,19789.19592517166,561.199952127811,90,quantile,0
2020-02-28,-2306.2387716608105,21056.73228009749,1549.1885333322034,90,quantile,0
2020-03-02,12855.383522874208,20000.0,2.842170943040401e-14,90,quantile,0
2020-03-03,-3392.5252555085585,19160.485611157805,297.7847425201251,90,quantile,0
2020-03-04,7200.29607899696,19444.903277447374,-85.03460255172615,90,quantile,0
2020-03-05,-24978.736695676176,19157.633817304868,33.0175710179397,90,quantile,0
2020-03-06,-5005.395129698499,19144.094192264118,-184.53383205415452,90,quantile,0
2020-03-09,-19043.6489600509,20000.0,1.9895196601282805e-13,94,quantile,0
2020-03-10,18208.025580737238,20720.877408594573,83.01728713296953,94,quantile,0
2020-03-11,-22304.403207775245,19493.555429768014,-55.28205936475831,94,quantile,0
2020-03-12,-2804.012955024784,17996.27834934571,107.84432167331403,94,quantile,0
2020-03-13,24325.79716787845,18436.03241972476,76.23719402823482,94,quantile,0
2020-03-16,-23932.928351596547,19787.23404255319,-212.76595744680847,93,quantile,0
2020-03-17,-938.0312825693511,20261.137340308313,-168.1625421286815,93,quantile,0
2020-03-18,-2927.809952960716,19185.15561942478,-18.191126027961815,93,quantile,0
2020-03-19,-18591.57180742794,18484.924100910008,-251.3018398870386,93,quantile,0
2020-03-20,14124.38603791184,18849.362135015926,238.64812751363112,93,quantile,0
2020-03-23,11990.311931178905,20000.0,2.842170943040401e-14,94,quantile,0
2020-03-24,-74937.80559559839,21951.684458188352,-1165.9221868565369,94,quantile,0
2020-03-25,-50730.35926687214,22482.60920894927,-1526.5293914211884,94,quantile,0
2020-03-26,28659.906837464805,22643.878972119477,-1699.6943756971032,94,quantile,0
2020-03-27,7869.198332711408,22642.61016030616,-1565.4115815146602,94,quantile,0
2020-03-30,-5787.290411058754,20000.0,0.0,94,quantile,0
2020-03-31,44536.71554744923,20017.42931808789,264.1593497231888,94,quantile,0
2020-04-01,-36539.356538965934,18963.41269418572,732.2112493654652,94,quantile,0
2020-04-02,25288.31110709288,18709.412148347048,779.9039391010017,94,quantile,0
2020-04-03,-7055.149122571446,18365.28862673628,920.7512377622215,94,quantile,0
2020-04-06,-8993.394314206906,20000.0,8.526512829121202e-14,94,quantile,0
2020-04-07,32215.39131728326,20696.834519681484,330.8955863321595,93,quantile,0
2020-04-08,-56201.134524100016,21784.18064351695,-961.3192002462749,93,quantile,0
2020-04-09,-41029.760095434794,22784.679393689607,-1394.4192853879808,93,quantile,0
2020-04-13,18801.771917890146,20000.0,-5.684341886080802e-14,94,quantile,0
2020-04-14,61254.9423150231,20138.100868707876,77.2862081259282,94,quantile,0
2020-04-15,154.59941456355455,20117.140822415415,935.830550685573,94,quantile,0
2020-04-16,-1839.2036230683452,19490.953049001557,1204.1678887739888,93,quantile,0
2020-04-17,-16465.87262906731,19293.468265248102,754.6156746535353,92,quantile,0
2020-04-20,24374.215802089082,19787.23404255319,212.7659574468085,93,quantile,0
2020-04-21,-3218.1688251260643,19970.753862571248,990.2405443321782,93,quantile,0
2020-04-22,33293.254691871414,18911.168598642627,119.23366082245732,93,quantile,0
2020-04-23,8171.370798083539,18897.452918494666,529.4536016650077,93,quantile,0
2020-04-24,14391.93387639263,19605.55405665505,1068.301213811314,93,quantile,0
2020-04-27,-15932.609231059721,20000.0,2.842170943040401e-14,94,quantile,0
2020-04-28,10997.91033202032,20054.68902140979,-392.4746616671813,94,quantile,0
2020-04-29,-22404.720395197353,20208.202859409535,-850.296581087491,94,quantile,0
2020-04-30,-16247.524981690103,19953.896060971292,-973.3861777760824,94,quantile,0
2020-05-01,-14562.983934333208,19172.06746419883,-754.2033971562155,94,quantile,0
2020-05-04,9953.156272947652,20000.0,-1.1368683772161603e-13,94,quantile,0
2020-05-05,33872.753523590494,19661.406653917733,125.75183144780931,94,quantile,0
2020-05-06,-5422.849801119573,19200.528910837053,301.85128120288005,94,quantile,0
2020-05-07,-5173.660929610023,19387.23497867405,61.85745294899442,94,quantile,0
2020-05-08,19345.618192765807,19186.784104911883,-18.026826040533535,94,quantile,0
2020-05-11,5360.882791249392,20000.0,-1.9895196601282805e-13,94,quantile,0
2020-05-12,19712.974298849025,19150.02274663714,560.6202131868124,94,quantile,0
2020-05-13,-34636.86125495391,19145.948791692274,363.1466567635747,94,quantile,0
2020-05-14,-4452.78414357982,19044.39448519492,129.80715726415707,94,quantile,0
2020-05-15,21290.94908104927,18965.984415881838,308.4772487364642,94,quantile,0
2020-05-18,-51622.912535904696,20000.0,-5.684341886080802e-14,94,quantile,0
2020-05-19,25636.528896766238,19294.579893174203,462.27089630270086,93,quantile,0
2020-05-20,14248.519932866402,19122.467662978466,83.81513842858794,93,quantile,0
2020-05-21,5401.795426106247,19029.98352017686,-45.14933543397194,93,quantile,0
2020-05-22,-9353.14544187061,18589.043484821053,-205.3481383656664,93,quantile,0
2020-05-26,-33864.533304737946,20000.0,-5.684341886080802e-14,94,quantile,0
2020-05-27,-20819.359512294304,22293.07859003344,-807.0745445500893,94,quantile,0
2020-05-28,9274.950707671169,21680.301428355622,-849.9466619232398,94,quantile,0
2020-05-29,-2743.28456998861,21598.86336111653,-1411.978150108326,94,quantile,0
2020-06-01,3463.4534014476394,20000.0,8.526512829121202e-14,94,quantile,0
2020-06-02,6392.415852552919,19705.09989454256,-139.9406676292414,94,quantile,0
2020-06-03,-24970.877978875873,19662.67872507388,-768.6299536220448,94,quantile,0
2020-06-04,-52331.15214489327,19589.25324834136,-1214.3121158681504,94,quantile,0
2020-06-05,-49052.83521732122,20135.263379144366,-2357.8433820945424,94,quantile,0
2020-06-08,-41638.12622600092,20000.0,-2.842170943040401e-14,94,quantile,0
2020-06-09,-18868.944230663335,20045.963295981812,134.00027944718164,94,quantile,0
2020-06-10,-10406.162560855426,19454.75708616238,393.7841476092333,94,quantile,0
2020-06-11,-11974.576616506682,18385.17303125262,906.3672499436404,94,quantile,0
2020-06-12,-30068.283651854017,18508.9854819188,661.0323122512535,94,quantile,0
2020-06-15,17982.454757348303,20000.0,1.7053025658242404e-13,94,quantile,0
2020-06-16,2510.021505606444,19792.28419186763,36.689370210144745,94,quantile,0
2020-06-17,10667.71887518878,19379.34339287598,-126.7253245939713,94,quantile,0
2020-06-18,19020.892461400203,18914.511462919905,-421.60420673664896,94,quantile,0
2020-06-19,-212.8838821829221,18329.35026869815,-405.05852406212216,94,quantile,0
2020-06-22,37628.3521192537,20000.0,2.842170943040401e-14,94,quantile,0
2020-06-23,23813.19723250205,19200.648388693095,-229.64424195649386,94,quantile,0
2020-06-24,-25901.890665857474,18726.429347028752,-676.3587416311216,94,quantile,0
2020-06-25,7677.29588573341,18854.961174501623,-321.40424270148856,94,quantile,0
2020-06-26,-29565.22882505497,17633.32214010259,-600.4159183699653,94,quantile,0
2020-06-29,11148.100905847254,19791.666666666664,208.3333333333333,95,quantile,0
2020-06-30,28929.88337577273,19575.75401306202,255.53049236535915,95,quantile,0
2020-07-01,24453.987900354234,19210.090159578434,279.18936621005696,95,quantile,0
2020-07-02,-19935.67147782061,18840.209931908157,166.70717398676265,95,quantile,0
2020-07-06,27107.964301123593,19999.999999999996,-2.842170943040401e-14,96,quantile,0
2020-07-07,27899.567339804773,19636.287377273497,76.93422222107552,96,quantile,0
2020-07-08,4344.35008350449,19246.046467294906,75.17447184829703,96,quantile,0
2020-07-09,-27779.801018529874,18867.43965438649,-31.384058704008368,96,quantile,0
2020-07-10,12643.103467805127,18861.84322142906,-405.29109321119915,96,quantile,0
2020-07-13,-7570.7320737038135,20000.0,1.9895196601282805e-13,96,quantile,0
2020-07-14,35292.16974505953,19302.288712844602,-127.03984931074186,96,quantile,0
2020-07-15,-15971.452128554525,19146.77023689948,-104.0605055803706,96,quantile,0
2020-07-16,17946.194368293032,18643.58093901725,-119.3669139866364,96,quantile,0
2020-07-17,1330.653168587603,18653.136831276734,-124.33885090108328,96,quantile,0
2020-07-20,21763.715893006956,19791.666666666664,208.33333333333346,95,quantile,0
2020-07-21,10029.599797509794,19131.475154762815,-159.52810056210515,95,quantile,0
2020-07-22,3110.148668420974,18581.000125258397,-375.1505518921756,95,quantile,0
2020-07-23,9784.246362685011,18585.58651864715,-433.2901621361717,95,quantile,0
2020-07-24,12404.399661449495,18475.815153296324,-285.7226570757037,95,quantile,0
2020-07-27,5278.5636770905185,19791.666666666664,208.33333333333323,95,quantile,0
2020-07-28,232.06886479020977,20445.381083875953,-639.872257925924,95,quantile,0
2020-07-29,13930.754986417815,19703.527527725302,-492.59451421967185,95,quantile,0
2020-07-30,-3488.6613840971804,19474.21082297408,-241.80558401866907,95,quantile,0
2020-07-31,-2234.383742539835,18818.427661661633,-79.87419501063798,95,quantile,0
2020-08-03,13736.8172050399,19791.666666666664,208.33333333333334,95,quantile,0
2020-08-04,2636.0683912740747,19423.22027466675,57.8419746338009,95,quantile,0
2020-08-05,10525.181377072184,19111.073269973203,-51.697241349300754,95,quantile,0
2020-08-06,-3050.6089683030004,18655.234890769396,-133.2191779429721,95,quantile,0
2020-08-07,13256.796253882487,18927.068522540514,683.695685500612,95,quantile,0
2020-08-10,-16390.513927377222,19999.999999999996,0.0,96,quantile,0
2020-08-11,21494.8232139105,19897.00603720126,303.13860283183374,96,quantile,0
2020-08-12,-58558.530148591744,19598.58031212394,75.43198077607715,96,quantile,0
2020-08-13,6963.650661884031,19347.655195735515,-134.31673492982418,96,quantile,0
2020-08-14,4968.859599392441,19473.258391070685,11.140133626966872,96,quantile,0
2020-08-17,70373.29987547148,20000.0,2.2737367544323206e-13,96,quantile,0
2020-08-18,5987.645973903122,19742.260449225756,-73.557587748283,96,quantile,0
2020-08-19,11951.459547117529,19419.651513110664,-185.0116201803383,96,quantile,0
2020-08-20,-1350.864299667238,18981.327763988673,102.40147795017424,96,quantile,0
2020-08-21,3586.973289288368,18368.261361687477,318.4444979881767,96,quantile,0
2020-08-24,-18676.935694614156,20000.0,0.0,96,quantile,0
2020-08-25,12194.566392998458,19638.64853430207,151.12619253620753,96,quantile,0
2020-08-26,-13438.978985529877,19108.48556861788,1.552697718269144,95,quantile,0
2020-08-27,7291.724489691785,18502.30142587148,577.2729182298599,95,quantile,0
2020-08-28,-14012.102689032845,18308.174464691758,-24.861657541676664,95,quantile,0
2020-08-31,21316.0245196123,19791.666666666664,208.33333333333331,95,quantile,0
2020-09-01,-1097.7930540166608,18873.53705150453,603.0884501904079,94,quantile,0
2020-09-02,3087.0604790256157,18852.197054376724,334.9688667298873,94,quantile,0
2020-09-03,8719.243210020348,18865.764915130756,401.4778778941721,94,quantile,0
2020-09-04,-3680.1176816547536,18351.99117194302,302.09333726897273,94,quantile,0
2020-09-08,16220.90406714737,19999.999999999996,-2.842170943040401e-14,96,quantile,0
2020-09-09,13033.62883334141,20248.649279435507,-525.1103713065381,96,quantile,0
2020-09-10,1171.6019059014448,19318.68838687246,-326.9275003945527,96,quantile,0
2020-09-11,13600.023494870242,18654.186442105045,-203.9014736942225,96,quantile,0
2020-09-14,10131.8219400571,20000.0,5.684341886080802e-14,96,quantile,0
2020-09-15,-11821.189094993468,19709.114342028333,-253.6022855805922,96,quantile,0
2020-09-16,718.3257149422034,18868.72822179612,51.18846533628624,96,quantile,0
2020-09-17,5049.295978379418,18481.84779414463,1040.9221695024082,95,quantile,0
2020-09-18,-7420.281266533476,18375.495827548115,260.6847597209552,95,quantile,0
2020-09-21,3184.1220070236623,19999.999999999996,-1.4210854715202004e-13,96,quantile,0
2020-09-22,6020.836170707537,20420.313186721356,-1007.8938992299522,96,quantile,0
2020-09-23,19754.989585764968,18870.713161952288,-541.0514041113637,96,quantile,0
2020-09-24,-8593.483047354297,19303.10766500182,106.21316001020398,95,quantile,0
2020-09-25,4732.77565009468,20106.01135631853,450.4820652401214,95,quantile,0
2020-09-28,-11335.30106785135,20000.0,1.7053025658242404e-13,96,quantile,0
2020-09-29,16144.390551870258,19737.301068111203,39.29112439410173,96,quantile,0
2020-09-30,11753.236159187441,19542.91343930618,7.151988691742702,96,quantile,0
2020-10-01,-4434.464354514911,19251.736220493676,10.175216219150798,96,quantile,0
2020-10-02,-1777.073669513165,18988.550617430377,-41.31264397505299,96,quantile,0
2020-10-05,3692.2251823305023,19999.999999999996,-2.842170943040401e-14,96,quantile,0
2020-10-06,14566.234161825316,19727.06808492325,58.956388424951456,96,quantile,0
2020-10-07,-2642.9062155347933,19270.326520172788,35.225986906255116,96,quantile,0
2020-10-08,9463.163154847836,18791.31723472207,-167.32760641127203,96,quantile,0
2020-10-09,-4543.610697256194,18219.067042552673,-105.1210456672002,96,quantile,0
2020-10-12,-5357.181260704253,19999.999999999996,5.684341886080802e-14,96,quantile,0
2020-10-13,-4646.4721522094205,20210.510162074326,-88.84190605487663,96,quantile,0
2020-10-14,-1738.0874101918243,20125.558084519016,-210.64966791076563,96,quantile,0
2020-10-15,1381.8487906344424,19566.10495077344,-374.8251397944434,96,quantile,0
2020-10-16,11971.481074552566,19016.75375234301,-501.1602647905985,96,quantile,0
2020-10-19,-2487.341414417499,20000.0,-8.526512829121202e-14,96,quantile,0
2020-10-20,5659.549969841098,19374.489849068905,-179.32467730104096,96,quantile,0
2020-10-21,9651.10850141208,18958.559001013993,180.91493580980196,96,quantile,0
2020-10-22,-16410.034467186706,19193.576312910605,174.93108850744227,96,quantile,0
2020-10-23,-3175.087857110002,18365.37409699419,-286.86532370616237,96,quantile,0
2020-10-26,2198.462152503319,20000.0,1.1368683772161603e-13,96,quantile,0
2020-10-27,14137.25972473498,19992.78686720121,61.05022723396468,96,quantile,0
2020-10-28,-3469.0794573377357,20263.35316996931,-328.4457800790375,96,quantile,0
2020-10-29,-1277.7408450749854,19519.42083391312,-608.4951108237535,96,quantile,0
2020-10-30,-8760.519611715223,19548.206878972564,-449.96288668065137,96,quantile,0
2020-11-02,21574.98060936119,19791.666666666664,208.33333333333337,95,quantile,0
2020-11-03,18839.889432462565,19623.755581349767,237.3199782271178,95,quantile,0
2020-11-04,-23848.124581656193,18955.22484703944,289.374006275234,95,quantile,0
2020-11-05,11255.012271610623,18300.309535675588,203.14424286414314,95,quantile,0
2020-11-06,923.9842895771985,17963.965493428637,-78.26438558154226,95,quantile,0
2020-11-09,-46118.84121762221,19999.999999999996,-5.684341886080802e-14,96,quantile,0
2020-11-10,-4884.232850160949,21433.5533779491,497.77368353052475,96,quantile,0
2020-11-11,95395.50363186172,20891.087556157265,334.0026575310991,96,quantile,0
2020-11-12,-920.2689742838246,20755.896088316375,625.3953826929035,96,quantile,0
2020-11-13,-9826.113498728684,20237.829290603564,422.91744845815117,96,quantile,0
2020-11-16,-3799.5121468076195,20000.0,2.842170943040401e-14,96,quantile,0
2020-11-17,1321.729790815561,20901.026654705805,-316.0339576827141,96,quantile,0
2020-11-18,125.92828009027942,21026.617817881408,52.663744012486575,96,quantile,0
2020-11-19,96.63134579026422,20516.004391346953,-127.11970821591211,96,quantile,0
2020-11-20,4454.128434281784,20638.97267640306,296.36523906671846,96,quantile,0
2020-11-23,-17240.586201002196,19999.999999999996,-5.684341886080802e-14,96,quantile,0
2020-11-24,-2035.9198740653642,19977.541543108317,346.36436549792256,96,quantile,0
2020-11-25,-4510.769910172974,19853.205521957894,79.06904432813138,96,quantile,0
2020-11-27,8250.138753178717,19474.194389170996,270.60391205510285,96,quantile,0
2020-11-30,-8044.714940346808,20000.0,-2.2737367544323206e-13,96,quantile,0
2020-12-01,5248.136432451369,19494.885051213423,-160.66425407566913,96,quantile,0
2020-12-02,-21561.89460575361,19371.393233153893,-101.3035445527984,96,quantile,0
2020-12-03,919.9901583509784,19575.648244641583,187.33806081293974,96,quantile,0
2020-12-04,-1227.4115384872962,19717.40321231681,171.49722630313624,96,quantile,0
2020-12-07,-740.6477797279297,20000.0,0.0,96,quantile,0
2020-12-08,10761.90771145728,19958.251828448843,-285.9480117316174,96,quantile,0
2020-12-09,5280.218904097597,20365.261296991703,-650.3855642433062,96,quantile,0
2020-12-10,-1548.315481382161,20364.90813993983,-624.4744240907509,96,quantile,0
2020-12-11,-4714.049594544361,20087.33261048576,-691.4810639547765,96,quantile,0
2020-12-14,22017.761394083813,19999.999999999996,1.4210854715202004e-13,96,quantile,0
2020-12-15,420.9928579543024,19038.098154015002,87.02600621994523,96,quantile,0
2020-12-16,-1536.3270981522153,18548.94529509058,-9.497034345782964,96,quantile,0
2020-12-17,6321.03009641273,17882.48374754818,-225.0531669346879,96,quantile,0
2020-12-18,7702.456742657982,18707.13410321594,59.91922017183194,96,quantile,0
2020-12-21,-8288.585793288426,19999.999999999996,0.0,96,quantile,0
2020-12-22,14573.704024557726,20603.78499343032,-438.62110949822284,96,quantile,0
2020-12-23,3699.891737620959,20538.037217293993,-1731.9222832046814,96,quantile,0
2020-12-24,4143.767711726322,19814.666947928134,-1701.8419456593156,96,quantile,0
2020-12-28,19956.248140821797,20000.0,-8.526512829121202e-14,96,quantile,0
2020-12-29,5577.60095377249,19700.610600062802,1.578081316843793,96,quantile,0
2020-12-30,9518.971221115404,19546.343412228638,-39.35174386042735,96,quantile,0
2020-12-31,4786.125169882874,19304.95105804488,-40.88924721776189,96,quantile,0
2021-01-04,3040.2393695115416,20000.0,8.526512829121202e-14,96,quantile,0
2021-01-05,7198.838663279573,20106.9387382145,350.7860826378491,96,quantile,0
2021-01-06,19163.014411310567,19252.056116466516,153.68484084717312,96,quantile,0
2021-01-07,2648.694718315774,18896.509883776376,247.9357169635932,96,quantile,0
2021-01-08,-1823.0267032168863,18511.810315924937,252.0620424779392,96,quantile,0
2021-01-11,-5892.587043732757,19999.999999999996,8.526512829121202e-14,96,quantile,0
2021-01-12,1628.4714976621317,19882.84463734215,1.7160039533171698,96,quantile,0
2021-01-13,380.874633921717,19899.091015407554,-62.003481228618114,96,quantile,0
2021-01-14,-1434.9532556677318,19769.37967642696,-381.9691744550266,96,quantile,0
2021-01-15,1839.5418037719976,20085.82736129472,-1098.086961141324,96,quantile,0
2021-01-19,5698.595631766722,19999.999999999996,8.526512829121202e-14,96,quantile,0
2021-01-20,14157.472124123027,19517.90075304091,39.013580997141446,96,quantile,0
2021-01-21,-5427.623147048539,19560.663712053167,321.4756959715495,96,quantile,0
2021-01-22,-2206.5780975332323,19320.739966806763,411.1894108988198,96,quantile,0
2021-01-25,-7513.473070639936,20000.0,-5.684341886080802e-14,96,quantile,0
2021-01-26,1894.1905170403884,20941.435619297135,-279.0026852872991,96,quantile,0
2021-01-27,-10820.391794546507,21402.758688953032,-170.72393065478465,96,quantile,0
2021-01-28,8162.688282804397,21263.671089083626,-716.7224142875301,96,quantile,0
2021-01-29,-4965.973313321782,20414.70224812496,-988.75140420504,96,quantile,0
2021-02-01,-16451.211974247984,20000.0,-8.526512829121202e-14,96,quantile,0
2021-02-02,22948.55781263778,19542.805667785797,145.6054746019223,95,quantile,0
2021-02-03,3889.1124605739396,19301.835651699985,-54.563950384306736,95,quantile,0
2021-02-04,4120.788902607137,18623.028666671216,-351.601572912108,95,quantile,0
2021-02-05,6860.815562447033,18322.660864510923,-321.2404177339232,95,quantile,0
2021-02-08,6877.253676990305,19999.999999999996,8.526512829121202e-14,96,quantile,0
2021-02-09,-813.4491854548869,19741.88326052998,69.41969994325859,96,quantile,0
2021-02-10,-5745.073700004723,19822.45914132193,283.90763095416213,96,quantile,0
2021-02-11,942.686397039191,19497.18553871007,277.22768135125165,96,quantile,0
2021-02-12,-18.80293213650738,19087.06943439185,619.9627867683287,96,quantile,0
2021-02-16,6480.6453323985925,20000.0,-1.1368683772161603e-13,96,quantile,0
2021-02-17,6577.845623780762,19978.79765842497,-132.4574585387713,96,quantile,0
2021-02-18,-7837.151735649008,19735.319600044022,32.36957786427374,96,quantile,0
2021-02-19,14388.340362073744,19808.769953099094,851.614606699825,96,quantile,0
2021-02-22,5595.586126818785,19999.999999999996,-8.526512829121202e-14,96,quantile,0
2021-02-23,11593.60547380852,19363.421178109347,-478.9311531298784,96,quantile,0
2021-02-24,-3709.6770948934577,19932.856291578275,1009.5459383000793,96,quantile,0
2021-02-25,-3943.8889252239132,20175.905970745695,1696.7354056677975,96,quantile,0
2021-02-26,-8449.737586415302,19210.45265707166,1420.7583443669632,96,quantile,0
2021-03-01,5225.126720820541,19999.999999999996,1.1368683772161603e-13,96,quantile,0
2021-03-02,9329.029757319495,19463.338170403604,17.223377907551168,96,quantile,0
2021-03-03,2963.095707510029,18790.306885350645,239.59165584810896,96,quantile,0
2021-03-04,-12324.202421938446,18109.65187069137,463.66295942522675,96,quantile,0
2021-03-05,-5538.1871041016075,18577.58708860364,621.4692988631199,96,quantile,0
2021-03-08,3195.4847414481737,20000.0,2.842170943040401e-14,96,quantile,0
2021-03-09,-7231.650423332414,20261.637478543726,-472.1622609037861,96,quantile,0
2021-03-10,-868.9510170342215,19833.104432624114,-544.8310058373472,96,quantile,0
2021-03-11,-2461.748025774147,19618.26865361273,-557.184790024959,96,quantile,0
2021-03-12,-3846.295827149717,19361.39402427771,-234.7913473269348,96,quantile,0
2021-03-15,10033.970013845097,20000.0,-8.526512829121202e-14,96,quantile,0
2021-03-16,-16060.75586381765,19999.48289801467,-281.5041383657124,96,quantile,0
2021-03-17,6001.72987391423,19241.557248971934,130.86115073702825,96,quantile,0
2021-03-18,533.822843147821,19112.810852034116,-187.76750160069284,96,quantile,0
2021-03-19,12138.659071360136,18948.307595776645,40.21016578216009,96,quantile,0
2021-03-22,-8800.862274394918,20000.0,5.684341886080802e-14,96,quantile,0
2021-03-23,22512.553803200462,20800.043157485597,-59.34911560693294,96,quantile,0
2021-03-24,-10552.185275990209,21256.091267209773,976.8666425421218,96,quantile,0
2021-03-25,3126.20872592642,19935.326288724355,129.0181441099127,96,quantile,0
2021-03-26,-20540.27750786396,23675.220069267252,713.3638862429136,96,quantile,0
2021-03-29,-5920.198580634486,19999.999999999996,0.0,96,quantile,0
2021-03-30,49486.12778768894,19718.402835021436,44.13893788252062,96,quantile,0
2021-03-31,3411.1844264708734,19350.271945613804,4.391221177561846,96,quantile,0
2021-04-01,-4359.1915494520135,18966.36603578101,129.22473027835767,96,quantile,0
2021-04-05,901.2984680733006,20000.0,0.0,96,quantile,0
2021-04-06,54.16940485891081,19792.179430988275,-93.61804587979194,96,quantile,0
2021-04-07,7772.680920715665,19501.927731720545,-106.63342486532312,96,quantile,0
2021-04-08,839.2459110832851,18958.61958856899,-41.42373220765637,96,quantile,0
2021-04-09,11397.697515844491,18633.096569169535,-147.29020617728057,96,quantile,0
2021-04-12,-10873.3775348903,19999.999999999996,-2.842170943040401e-14,96,quantile,0
2021-04-13,11922.557916191297,19345.66182064255,3.9539302446105182,96,quantile,0
2021-04-14,-7232.096088402232,19355.30478111327,-25.48636095351702,96,quantile,0
2021-04-15,10467.48709375475,18688.58756528982,-374.25790161909833,96,quantile,0
2021-04-16,-1829.9141531099212,18164.482204183172,-314.09015982639744,96,quantile,0
2021-04-19,-6846.717362221569,20000.0,1.7053025658242404e-13,96,quantile,0
2021-04-20,9680.432363149012,19425.733191781015,-310.3444296010597,96,quantile,0
2021-04-21,-2615.088988378173,18892.583033226583,-564.6779500966196,96,quantile,0
2021-04-22,1087.1524061611617,19537.521388224515,86.13729446215454,96,quantile,0
2021-04-23,-1546.5932290219628,18546.483648016518,448.26067485788747,96,quantile,0
2021-04-26,2419.26426266896,19999.999999999996,1.9895196601282805e-13,96,quantile,0
2021-04-27,4071.785945542493,20281.267595820555,594.575291569288,96,quantile,0
2021-04-28,15014.412280292343,19434.272896909202,831.8923399653931,96,quantile,0
2021-04-29,2605.4803118769305,18873.690165437038,150.6322962075347,96,quantile,0
2021-04-30,1486.0381929830278,19733.928871820208,121.05548683140732,96,quantile,0
2021-05-03,-6082.518542726194,20000.0,5.684341886080802e-14,96,quantile,0
2021-05-04,7839.304463580697,19352.056569525248,-52.595886489287096,96,quantile,0
2021-05-05,10688.951639367413,18956.298149333,-165.69973808730927,96,quantile,0
2021-05-06,-5965.5911035023055,18544.87628510122,59.598311668523934,96,quantile,0
2021-05-07,2750.49724400823,18057.92553247501,197.7424095079246,96,quantile,0
2021-05-10,-906.1635684716774,19999.999999999996,-1.7053025658242404e-13,96,quantile,0
2021-05-11,5899.93327332459,20074.808937549195,-94.07612360448474,96,quantile,0
2021-05-12,1907.3171321716397,19799.65510773729,284.81896740924617,96,quantile,0
2021-05-13,-943.3888934405503,19666.380014597868,296.58799226224284,96,quantile,0
2021-05-14,478.45364184705375,19405.54054135929,214.17890122685571,96,quantile,0
2021-05-17,-9271.462973222262,19999.999999999996,8.526512829121202e-14,96,quantile,0
2021-05-18,3439.252843063499,19722.165666701923,128.03122040287673,96,quantile,0
2021-05-19,2178.2972010992844,19463.444358635057,546.3728155907246,96,quantile,0
2021-05-20,6802.928682075816,19069.000417047613,173.80666749656112,96,quantile,0
2021-05-21,4845.278565500362,18818.576779229315,262.3370026142634,96,quantile,0
2021-05-24,-3651.7015017101967,20000.0,5.684341886080802e-14,96,quantile,0
2021-05-25,11479.112962238836,19367.767999916232,334.40181676411817,96,quantile,0
2021-05-26,-9570.201332514629,18916.663688150195,-165.84301296328772,96,quantile,0
2021-05-27,-803.4796603706641,18656.81783841817,-176.8907889999208,96,quantile,0
2021-05-28,4166.513816040364,18130.738386986188,-584.009142080619,96,quantile,0
2021-06-01,-640.1915662800451,19999.999999999996,-1.7053025658242404e-13,96,quantile,0
2021-06-02,10055.509340132086,19545.994349999677,-391.80690860938466,96,quantile,0
2021-06-03,-8177.244661180034,19107.03053246182,-213.2059124047055,96,quantile,0
2021-06-04,4843.477705501083,18713.78420127566,-226.77622222953102,96,quantile,0
2021-06-07,8312.901206924604,20000.0,2.842170943040401e-14,94,quantile,0
2021-06-08,470.9021454408066,19308.07461302663,-208.02005624092067,94,quantile,0
2021-06-09,5269.759709831249,18924.489438115073,-152.2238444889229,94,quantile,0
2021-06-10,-1056.775064319138,18299.60610840584,-200.9660233972326,94,quantile,0
2021-06-11,-3785.4156694539993,17558.105680440676,-458.1391269105237,94,quantile,0
2021-06-14,2234.074686349844,20000.0,1.4210854715202004e-13,96,quantile,0
2021-06-15,5369.419472119004,19777.998117228068,455.00141073189985,96,quantile,0
2021-06-16,-1767.7464802403606,20020.750544313825,459.8479269187626,96,quantile,0
2021-06-17,-4509.833478601109,19239.234607094528,608.7980980614925,96,quantile,0
2021-06-18,13067.096489323885,20150.26752186109,783.4174914295679,96,quantile,0
2021-06-21,5166.067646458186,19999.999999999996,-1.7053025658242404e-13,96,quantile,0
2021-06-22,4441.887670283765,19992.54150720842,-612.5511395291553,96,quantile,0
2021-06-23,-16550.33831448733,19337.53492084438,-856.2189823219849,96,quantile,0
2021-06-24,10466.503867332769,21485.568293145716,-575.4735866793392,96,quantile,0
2021-06-25,4206.114063908924,20970.861478925453,-579.8557411110412,96,quantile,0
2021-06-28,8564.767531564046,19999.999999999996,-2.842170943040401e-14,98,quantile,0
2021-06-29,9711.437396578882,19712.961820002874,-45.17059622603489,98,quantile,0
2021-06-30,1707.7002866346463,19905.638290941868,299.53675113105237,98,quantile,0
2021-07-01,15831.781543278443,21735.637925110077,2436.741847425023,98,quantile,0
2021-07-02,10011.431756350765,21322.058209370596,2315.309611559573,98,quantile,0
2021-07-06,-11582.397173139367,19999.999999999996,5.684341886080802e-14,96,quantile,0
2021-07-07,5053.837275998354,19363.927118170475,-210.62594446634637,96,quantile,0
2021-07-08,-757.6288020381833,19198.996321005863,28.1329289827149,96,quantile,0
2021-07-09,-3742.364394355753,18791.58759358854,-307.5449251665664,96,quantile,0
2021-07-12,6863.935450214695,20000.0,2.842170943040401e-14,96,quantile,0
2021-07-13,6414.711619456744,19701.544057155585,197.3983785694847,96,quantile,0
2021-07-14,-2015.5571673148368,19189.845734371364,-65.17090749187875,96,quantile,0
2021-07-15,1707.8999563703435,18743.54895968269,-208.26856939956488,96,quantile,0
2021-07-16,-1710.845982049849,18201.98792898814,119.26311618244895,96,quantile,0
2021-07-19,14928.612396907807,19999.999999999996,5.684341886080802e-14,98,quantile,0
2021-07-20,24591.106209992766,19808.046719782447,-100.71720049102578,98,quantile,0
2021-07-21,11663.522071107205,19834.73382371203,-208.4737323587294,98,quantile,0
2021-07-22,2030.8999357312255,18953.42312230304,-303.60992934785133,98,quantile,0
2021-07-23,4772.07518615396,18162.20931200253,-482.5676868402113,98,quantile,0
2021-07-26,-13071.515803983886,19999.999999999996,0.0,98,quantile,0
2021-07-27,-6022.586911040533,19007.81980129551,-114.8058299071383,98,quantile,0
2021-07-28,2792.331872083412,18321.30064635055,180.57487177720478,98,quantile,0
2021-07-29,-3595.5750612319735,16402.03560492722,-84.52909038394681,98,quantile,0
2021-07-30,9407.171865658931,16049.675405764607,218.04371364411566,98,quantile,0
2021-08-02,-1411.6646420632053,19999.999999999996,-1.1368683772161603e-13,96,quantile,0
2021-08-03,-773.7567948277474,19414.86844024129,367.2153734976507,96,quantile,0
2021-08-04,-4419.242546091362,19195.936863054434,259.1646881176506,96,quantile,0
2021-08-05,-511.7848217549077,18946.54532229599,335.69561129195716,96,quantile,0
2021-08-06,-407.5681920604508,18698.81997244695,394.74462642416415,96,quantile,0
2021-08-09,-3574.5809808613617,19999.999999999996,-5.684341886080802e-14,96,quantile,0
2021-08-10,5515.495994603341,19626.997406062597,-209.1279364399501,96,quantile,0
2021-08-11,-7663.010057338457,19115.526235470825,-212.87953383383248,96,quantile,0
2021-08-12,10720.792892951922,18989.417776078684,143.00642220875915,96,quantile,0
2021-08-13,-3019.3678391927942,18706.29265016819,70.99049345100471,96,quantile,0
2021-08-16,-3380.0269125255213,19999.999999999996,8.526512829121202e-14,96,quantile,0
2021-08-17,10141.457435823277,19814.42099419082,66.96637233230831,96,quantile,0
2021-08-18,-6081.923118274656,19465.079251198626,-12.380771609696552,96,quantile,0
2021-08-19,4248.804594960719,18982.652915097933,-4.142575311527253,96,quantile,0
2021-08-20,7865.689789470996,18678.89823576936,-21.465305198014818,96,quantile,0
2021-08-23,-5364.651393049086,19999.999999999996,-8.526512829121202e-14,98,quantile,0
2021-08-24,5353.541962147338,19337.558292992537,-181.66503433490635,98,quantile,0
2021-08-25,-4446.73309483987,18853.83311242078,-236.0469656997316,98,quantile,0
2021-08-26,8994.483240250946,18110.54454786794,-195.4819013566619,98,quantile,0
2021-08-27,-970.6792398571185,17313.907608716327,-177.2027595140479,98,quantile,0
2021-08-30,619.0437752058017,19999.999999999996,-1.7053025658242404e-13,98,quantile,0
2021-08-31,16419.441411784537,19885.17284981152,246.92623081775045,98,quantile,0
2021-09-01,4242.486780075532,19531.249697920266,334.08557818838403,98,quantile,0
2021-09-02,-1067.6080633377428,18928.23598916271,190.15751885187515,98,quantile,0
2021-09-03,-4770.588591447161,18507.180130212626,-127.48242030094337,98,quantile,0
2021-09-07,-85.92828357325854,20000.0,-5.684341886080802e-14,96,quantile,0
2021-09-08,-7861.200865911445,20093.59127468626,-680.8200041487694,96,quantile,0
2021-09-09,-9171.996815343387,19858.081818579285,-804.0492360727401,96,quantile,0
2021-09-10,18782.21436841491,19802.295270323335,-28.784948566511616,96,quantile,0
2021-09-13,-4758.907645317567,20000.0,8.526512829121202e-14,96,quantile,0
2021-09-14,-7380.8239176649295,18875.04470329325,-127.57093929806635,96,quantile,0
2021-09-15,9729.070626753957,18754.206353667516,-100.08754035157571,96,quantile,0
2021-09-16,2050.1010538630344,18155.869447776517,132.36281984296778,96,quantile,0
2021-09-17,-2952.270565894466,17485.0971871418,98.19765402233946,96,quantile,0
2021-09-20,5591.133307049746,19999.999999999996,-2.842170943040401e-14,98,quantile,0
2021-09-21,-1181.2236345737556,18784.89470088732,-45.02397982086552,98,quantile,0
2021-09-22,8362.214204252856,18706.04807879924,197.15100611514168,98,quantile,0
2021-09-23,9515.599608240043,17804.563936420454,-460.4667589357315,98,quantile,0
2021-09-24,238.92022493318495,17116.770307041206,-214.96040162364616,98,quantile,0
2021-09-27,8897.467777587768,20000.0,-5.684341886080802e-14,98,quantile,0
2021-09-28,10117.873691255563,19405.29509309246,29.722650302956566,98,quantile,0
2021-09-29,3275.3257128121963,19046.437006617827,-53.32024300257643,98,quantile,0
2021-09-30,-320.7165043986281,18224.574380216265,-286.0068354089527,98,quantile,0
2021-10-01,6252.652617083727,18286.373111569057,74.2667517906707,98,quantile,0
2021-10-04,-6188.956347329709,19999.999999999996,8.526512829121202e-14,98,quantile,0
2021-10-05,20876.63308722463,20002.47803607755,-278.18658631857403,98,quantile,0
2021-10-06,-1566.291362622363,19800.082862190557,-271.93656100727196,98,quantile,0
2021-10-07,541.3285238019291,19717.39636356264,-471.3868545057908,98,quantile,0
2021-10-08,-7798.742652027771,19015.94131792901,-432.88385079244927,98,quantile,0
2021-10-11,6540.194171534246,20000.0,5.684341886080802e-14,98,quantile,0
2021-10-12,6821.918389229983,19218.593219494633,347.28532492735485,98,quantile,0
2021-10-13,-2601.7126648799726,18672.191148256075,59.31138034981623,98,quantile,0
2021-10-14,-1404.9284470240239,18889.298434004333,-564.2707527428822,98,quantile,0
2021-10-15,-4124.75345329733,18345.36319972993,-746.0330548925394,98,quantile,0
2021-10-18,6506.34296846151,20000.0,-5.684341886080802e-14,98,quantile,0
2021-10-19,1515.1784271002416,19271.739126239092,-288.97088881158686,98,quantile,0
2021-10-20,-1259.0865566677126,18565.633070476215,-745.0531073955323,98,quantile,0
2021-10-21,1056.2890569934627,18541.604155252167,-1073.6247491965034,98,quantile,0
2021-10-22,-12134.84011513247,17786.305127480966,-1465.3364629756684,98,quantile,0
2021-10-25,10148.900545023638,19999.999999999996,1.4210854715202004e-13,98,quantile,0
2021-10-26,-3374.1009960525007,20024.38438234771,-43.976373846226664,98,quantile,0
2021-10-27,1840.909272631418,20660.125086672753,1054.5278791498772,98,quantile,0
2021-10-28,3621.5506970892,20092.586534911377,191.5422363766251,98,quantile,0
2021-10-29,-1418.1718888203336,20266.834267890397,-806.556972867613,98,quantile,0
2021-11-01,3033.9544953148306,19999.999999999996,2.842170943040401e-14,98,quantile,0
2021-11-02,9820.04404121936,19426.175899774,105.80153304728262,98,quantile,0
2021-11-03,-10249.610810552429,19021.834741396695,211.4588968056295,98,quantile,0
2021-11-04,6178.083896794724,18512.170783556674,162.77260788495158,98,quantile,0
2021-11-05,-3804.666251830825,17983.807989542085,155.13411793863773,98,quantile,0
2021-11-08,-2707.348090775028,20000.0,-8.526512829121202e-14,98,quantile,0
2021-11-09,-2017.322348140518,19456.924942225567,-132.6910393188367,98,quantile,0
2021-11-10,6935.371657556377,19023.794331907142,-121.80829577538813,98,quantile,0
2021-11-11,-838.8913138569011,18385.67019260514,-212.79041334303454,98,quantile,0
2021-11-12,1112.962810204644,17870.516642696333,-484.0604159001772,98,quantile,0
2021-11-15,-4678.7855540269375,20000.0,-8.526512829121202e-14,96,quantile,0
2021-11-16,694.0225904605521,19877.60543164794,-716.8088598044799,96,quantile,0
2021-11-17,4711.230978968744,20051.946382188904,-473.9393853766607,96,quantile,0
2021-11-18,-4045.76568766823,19108.93354113902,-533.3724160856639,96,quantile,0
2021-11-19,-3356.158348419906,18295.228177697183,-576.0189284052453,96,quantile,0
2021-11-22,-3497.0806758373787,20000.0,8.526512829121202e-14,98,quantile,0
2021-11-23,-853.6327350381202,20357.913208493945,-322.7409293209017,98,quantile,0
2021-11-24,5018.822494292487,20070.072972937163,63.51255828606472,98,quantile,0
2021-11-26,22660.459682124936,24416.193715542537,-5073.623363650793,98,quantile,0
2021-11-29,-11523.298529284193,19999.999999999996,-8.526512829121202e-14,98,quantile,0
2021-11-30,9372.037322498767,18900.914064413308,-481.12791709191345,98,quantile,0
2021-12-01,-2007.414604322696,18168.649696625744,-596.68377604124,98,quantile,0
2021-12-02,765.3280069616511,18779.63940404693,-230.99759107644212,98,quantile,0
2021-12-03,-3809.349528935816,18427.17909861395,-245.78946819776542,98,quantile,0
2021-12-06,4706.448211148263,20000.0,-1.9895196601282805e-13,98,quantile,0
2021-12-07,10597.60497530458,19724.010364415168,-4.6800066923165105,98,quantile,0
2021-12-08,-5325.387248502038,19182.857999029664,12.055160781360314,98,quantile,0
2021-12-09,5483.37103812006,18869.062583325183,334.96407025703195,98,quantile,0
2021-12-10,-8711.752128065285,18418.503605005466,367.15216245224735,98,quantile,0
2021-12-13,3364.0369240297323,20000.0,-5.684341886080802e-14,98,quantile,0
2021-12-14,1930.107130791756,19911.343921924676,-228.38209189474773,98,quantile,0
2021-12-15,-11981.3138724361,19248.487160433222,-203.02810929026933,98,quantile,0
2021-12-16,-18146.463427572973,19342.533401697256,-392.424766211984,98,quantile,0
2021-12-17,8773.19744476307,19209.728394502978,-691.0334567583784,98,quantile,0
2021-12-20,1938.2025249218211,19999.999999999996,-1.4210854715202004e-13,98,quantile,0
2021-12-21,-2576.034372013777,20418.96510096105,-211.12339323095986,98,quantile,0
2021-12-22,-618.4504938427827,19899.73302569161,-350.0728684109883,98,quantile,0
2021-12-23,-4737.84136068783,19400.72558102354,-588.8225008182058,98,quantile,0
2021-12-27,6541.843396913121,20000.0,1.1368683772161603e-13,98,quantile,0
2021-12-28,-14637.961479926067,19614.707629125656,-928.9668637962452,98,quantile,0
2021-12-29,3072.9667565403056,18679.605723849443,-933.4885619008141,98,quantile,0
2021-12-30,-24859.502512399456,18236.66841796253,-1115.2791977318975,98,quantile,0
2021-12-31,49241.30316458829,17368.43775118884,-706.5247527431607,98,quantile,0
2022-01-03,-41084.825159844375,20000.0,-1.4210854715202004e-13,98,quantile,0
2022-01-04,12516.88819805313,19313.061912689085,-17.052143359897684,98,quantile,0
2022-01-05,7.8639208998909,18908.781257914005,362.9751896669395,98,quantile,0
2022-01-06,6805.15801546875,18304.800496261123,102.04646577838244,98,quantile,0
2022-01-07,-5514.07478864943,17786.174615336662,193.6783344632797,98,quantile,0
2022-01-10,81.509395372114,20000.0,-2.842170943040401e-14,96,quantile,0
2022-01-11,7718.789339734552,19669.786369011155,-879.4397869420063,96,quantile,0
2022-01-12,6504.294735333736,19168.703456633353,-896.0435979495821,96,quantile,0
2022-01-13,-12267.477998235629,18275.258516617145,-143.39970324798745,96,quantile,0
2022-01-14,-1606.806092306755,17669.75709439356,-358.37884996852165,96,quantile,0
2022-01-18,-11912.24566239316,20000.0,0.0,96,quantile,0
2022-01-19,7229.659823272032,20153.538469774976,9.604815282633183,96,quantile,0
2022-01-20,2367.595508855209,19455.48824714792,725.639854181586,96,quantile,0
2022-01-21,19784.016059305177,19651.97587033416,444.95345645774535,96,quantile,0
2022-01-24,-13432.21151892433,19999.999999999996,2.842170943040401e-14,98,quantile,0
2022-01-25,12572.880466273948,21252.03621304371,-582.5121777711939,98,quantile,0
2022-01-26,-6095.291965005988,22600.65205927388,-2610.52225986578,98,quantile,0
2022-01-27,2991.2807795800472,21871.06969897783,-2725.219024273882,98,quantile,0
2022-01-28,-9017.22782703118,22209.164974945405,-2904.8946313390443,98,quantile,0
2022-01-31,1807.0152049015003,20000.0,1.1368683772161603e-13,98,quantile,0
2022-02-01,3465.990350902487,19296.60890255659,-203.95502226789438,98,quantile,0
2022-02-02,-3493.3758309128334,18818.613175294002,-76.50906315926696,98,quantile,0
2022-02-03,8462.388681585471,18706.867963498793,-39.79943804227739,98,quantile,0
2022-02-04,-11857.717644363885,18381.86106077741,-216.22066193982815,98,quantile,0
2022-02-07,2287.475039215366,19999.999999999996,1.1368683772161603e-13,96,quantile,0
2022-02-08,21030.679372357445,19165.409640903683,-156.1699392947743,96,quantile,0
2022-02-09,-5843.850217198301,18827.36613551466,-765.3726364837662,96,quantile,0
2022-02-10,4229.913301123412,18527.69286390944,-227.60419412981742,96,quantile,0
2022-02-11,-1562.2804565232827,18404.886559026287,70.95123533302606,96,quantile,0
2022-02-14,-3403.5281691257314,20000.0,-8.526512829121202e-14,96,quantile,0
2022-02-15,13936.341412456799,18998.602064498707,-639.9871799543872,96,quantile,0
2022-02-16,6069.044863312391,18579.491186455187,-108.51553358097817,96,quantile,0
2022-02-17,-11366.409098663878,18445.776411586663,414.20725385033563,96,quantile,0
2022-02-18,397.4146389286467,18625.165971644125,220.1736620963951,96,quantile,0
2022-02-22,-10386.825552245324,20000.0,5.684341886080802e-14,96,quantile,0
2022-02-23,-359.46124726696047,19263.10344131487,-243.13823126965116,96,quantile,0
2022-02-24,13681.436856331293,19556.518653668292,-824.3588247930436,95,quantile,0
2022-02-25,25957.027986210695,20014.469377217745,-1902.975751764652,95,quantile,0
2022-02-28,-9193.519127599146,19791.666666666664,208.33333333333326,95,quantile,0
2022-03-01,-8694.74773334991,14111.763998356928,-2793.7403721162937,70,quantile,0
2022-03-02,7874.055507050627,14211.402658259753,-2813.08688178141,70,quantile,0
2022-03-03,2526.709895130889,13988.167222330407,-2813.463452339405,70,quantile,0
2022-03-04,-9066.108107840813,13593.214766299712,-2739.1447596527105,70,quantile,0
2022-03-07,-7606.721562152974,14999.999999999998,-1666.6666666666665,72,quantile,0
2022-03-08,6534.757588053368,15159.85661867659,-1324.1805067091016,72,quantile,0
2022-03-09,-3339.7983331120968,15598.560421452556,-1803.6971081344755,72,quantile,0
2022-03-10,-823.5628168023668,15252.302687342277,-1727.6316285437015,72,quantile,0
2022-03-11,-1619.7754867257433,14914.269669667137,-1620.992931153808,72,quantile,0
2022-03-14,9278.355101427158,15624.999999999998,-3124.9999999999995,75,quantile,0
2022-03-15,6634.021525040698,15698.896801050596,-3376.3102461271797,75,quantile,0
2022-03-16,5680.887638462131,15747.8985212753,-3447.5385638723005,75,quantile,0
2022-03-17,10328.690503259062,15518.411015273872,-3501.536809834479,75,quantile,0
2022-03-18,15771.44332192274,15297.263145083803,-3455.4872244551616,75,quantile,0
2022-03-21,-1711.0756477971877,20000.0,-1.9895196601282805e-13,96,quantile,0
2022-03-22,19490.061546571356,19815.61708511074,-119.73536444969866,96,quantile,0
2022-03-23,-4572.462477698373,19803.606516851138,12.434925766996884,96,quantile,0
2022-03-24,3779.145589607865,19316.92961904829,-82.62333509568018,96,quantile,0
2022-03-25,12248.801035417922,18615.390681355944,-430.63049695349014,96,quantile,0
2022-03-28,7574.068218836784,20000.0,0.0,96,quantile,0
2022-03-29,-5757.808606350254,19643.634258044687,-289.0672334018665,96,quantile,0
2022-03-30,6819.973803005739,19499.562652379904,-331.6682918510574,96,quantile,0
2022-03-31,155.88014341775857,19547.367640601442,320.6531549457849,96,quantile,0
2022-04-01,-4473.635670706061,18800.66289851864,-229.13283451918727,96,quantile,0
2022-04-04,6599.719645207742,20000.0,1.4210854715202004e-13,96,quantile,0
2022-04-05,2214.640198939447,19539.636463830375,-130.00029613898587,96,quantile,0
2022-04-06,-1725.3253700139853,19336.139309525133,235.73036018083968,96,quantile,0
2022-04-07,-2002.1803289871848,19707.764396898136,512.8844863000979,96,quantile,0
2022-04-08,788.1534685007316,19396.72280224368,479.9086078701487,96,quantile,0
2022-04-11,6288.602520471703,19999.999999999996,1.4210854715202004e-13,96,quantile,0
2022-04-12,10829.978590028197,19309.070365479492,-25.92511644085485,96,quantile,0
2022-04-13,8455.148228893211,19332.509547870293,-43.92770546503505,96,quantile,0
2022-04-14,5628.045881523393,19442.61006152982,245.64676026649593,96,quantile,0
2022-04-18,-5940.151576651573,20000.0,-5.684341886080802e-14,96,quantile,0
2022-04-19,15127.481692918556,20698.951789020884,-345.60545735340133,96,quantile,0
2022-04-20,-11980.151093571985,20006.61230748083,-940.632411423022,96,quantile,0
2022-04-21,-6911.773010808803,20172.477692688626,-412.39912035392405,96,quantile,0
2022-04-22,-11199.267661549247,19971.231334170552,988.2611919241982,96,quantile,0
2022-04-25,10379.269814640333,20000.0,0.0,96,quantile,0
2022-04-26,-10186.288584254362,19475.86952155047,440.4682201363429,96,quantile,0
2022-04-27,9001.606563859688,19215.276977699083,-256.2827998613884,96,quantile,0
2022-04-28,3175.6794445516216,19044.8038614888,-438.27441221883674,96,quantile,0
2022-04-29,-7739.510638098619,19010.25917073861,-125.73747502699715,96,quantile,0
2022-05-02,5331.011620905344,20000.0,-5.684341886080802e-14,96,quantile,0
2022-05-03,17760.319179500744,19927.39940925632,44.74818515099582,96,quantile,0
2022-05-04,2487.509683426989,19280.39110892342,-343.6828062553099,96,quantile,0
2022-05-05,129.12156092778815,19574.17014837208,-179.33854922731325,96,quantile,0
2022-05-06,-4152.119985171839,19046.491485625807,-402.48424133637155,96,quantile,0
2022-05-09,2635.803830184622,20000.0,0.0,96,quantile,0
2022-05-10,3344.701634883695,19792.864008233235,-41.63902846623438,96,quantile,0
2022-05-11,-1918.6480263263302,19691.229957597625,-63.49656204822526,96,quantile,0
2022-05-12,-640.2058798066885,19519.243111144144,-388.9254704190507,96,quantile,0
2022-05-13,12420.66495031394,19636.954758899392,-556.1127852972057,96,quantile,0
2022-05-16,4134.237013041426,20000.0,-1.7053025658242404e-13,96,quantile,0
2022-05-17,11129.590834094339,19898.061491241828,-373.6557848454362,96,quantile,0
2022-05-18,-12328.336251569208,19559.631944073346,557.3088312578383,96,quantile,0
2022-05-19,15949.230864834712,19008.726362447956,533.1250627231516,96,quantile,0
2022-05-20,-14912.959596434122,18815.732782141095,345.371040165243,96,quantile,0
2022-05-23,1885.1201889919716,19999.999999999996,8.526512829121202e-14,96,quantile,0
2022-05-24,8446.84753174105,19490.361923276803,-188.76047852437287,96,quantile,0
2022-05-25,-348.35673859131913,19130.945355677355,-731.978792617432,96,quantile,0
2022-05-26,2542.388753934337,19587.11338691045,-252.77777890544795,96,quantile,0
2022-05-27,5616.476839579252,18485.235153916114,-480.5972778620128,96,quantile,0
2022-05-31,-2805.0493596967517,20000.0,5.684341886080802e-14,96,quantile,0
2022-06-01,-653.8229117932191,19435.225145033142,60.39069726356999,96,quantile,0
2022-06-02,-7795.532672995432,19036.5970188992,7.165184182125273,96,quantile,0
2022-06-03,-4723.195895182657,18782.405242109275,-157.63790955493815,96,quantile,0
2022-06-06,17154.88757676842,19999.999999999996,0.0,96,quantile,0
2022-06-07,11415.529357427518,19575.268712509136,-276.7738321101787,96,quantile,0
2022-06-08,-877.4665722020796,19189.409821334557,-197.95785444159293,96,quantile,0
2022-06-09,-8901.229530861408,18332.012229928107,-249.5593898983324,96,quantile,0
2022-06-10,1174.2004016299932,17024.797260638894,-233.26166621061148,96,quantile,0
2022-06-13,10529.862172650402,19999.999999999996,8.526512829121202e-14,96,quantile,0
2022-06-14,5541.703036909017,19283.52426825156,55.66849137071108,96,quantile,0
2022-06-15,-7119.288146693065,19202.507819848986,-363.48025357192813,96,quantile,0
2022-06-16,-2270.2681368908625,21234.6453997619,-1508.7702668564345,96,quantile,0
2022-06-17,5536.4832303511685,20967.52910943188,-1471.3299638998087,96,quantile,0
2022-06-21,374.6083158404868,20000.0,1.1368683772161603e-13,96,quantile,0
2022-06-22,-10897.044657879942,20909.84898648307,-1061.5210958876105,96,quantile,0
2022-06-23,-2937.3667422411827,21515.855534589744,-1542.6047306111611,96,quantile,0
2022-06-24,20268.233933856027,21404.42181973624,-1893.0165544218085,96,quantile,0
2022-06-27,-7502.4686884111115,19999.999999999996,8.526512829121202e-14,96,quantile,0
2022-06-28,2357.298228774586,19655.367709639424,-17.833478581031926,96,quantile,0
2022-06-29,-4183.771519927803,19261.880602459114,158.68242798275236,96,quantile,0
2022-06-30,-1496.2779178274584,18818.968359847997,245.71993137816645,96,quantile,0
2022-07-01,2922.988164060191,18589.05019228405,484.80166631128486,95,quantile,0
2022-07-05,-3513.467735329018,20000.0,-1.9895196601282805e-13,96,quantile,0
2022-07-06,6702.020666937995,19557.155608785608,5.3082092884095005,96,quantile,0
2022-07-07,4415.334645236003,19835.3807700248,-550.7024448753638,96,quantile,0
2022-07-08,5588.343921746662,19310.781457786637,-440.36223518364307,96,quantile,0
2022-07-11,-3829.865415422842,19999.999999999996,-2.842170943040401e-14,96,quantile,0
2022-07-12,2028.1742594892753,19634.760824104735,212.54686681379607,96,quantile,0
2022-07-13,16362.465101889076,19720.36034590053,-293.89238681131724,96,quantile,0
2022-07-14,-6621.863024134745,19699.148106369044,-120.42034946059985,96,quantile,0
2022-07-15,20520.257687097266,19876.043462098583,-122.93616397549056,96,quantile,0
2022-07-18,10525.936785993934,20000.0,1.4210854715202004e-13,96,quantile,0
2022-07-19,2780.872227373545,20465.826219308434,-524.3491860358708,96,quantile,0
2022-07-20,11848.020330487432,20739.78272742052,-159.32038381897738,96,quantile,0
2022-07-21,-2802.733385537773,19792.398893269255,-271.2490725862383,96,quantile,0
2022-07-22,-4443.966053072158,19386.552068703855,-119.38915290112311,96,quantile,0
2022-07-25,-11944.64913768939,20000.0,1.1368683772161603e-13,94,quantile,0
2022-07-26,-3289.1563739989947,20300.777540798437,-402.5593324192947,94,quantile,0
2022-07-27,11070.411641034121,18767.247952611608,-401.3028266308068,93,quantile,0
2022-07-28,-15126.786545743988,17861.651101805786,-1142.52278817433,93,quantile,0
2022-07-29,20122.034869360803,17695.89244474594,75.62828251946009,93,quantile,0
2022-08-01,1107.0932517067747,20000.0,-2.842170943040401e-14,94,quantile,0
2022-08-02,2939.8600442517013,19559.431478906128,11.641329611119971,94,quantile,0
2022-08-03,4775.0873983890515,19143.08289549577,-143.27341454604058,94,quantile,0
2022-08-04,1026.9985338119623,18803.260647386353,-60.25726560547193,94,quantile,0
2022-08-05,6404.719299122793,18288.824909131938,-198.09647038598018,94,quantile,0
2022-08-08,-6418.902620513252,20000.0,5.684341886080802e-14,94,quantile,0
2022-08-09,17235.3390906904,19794.094833858453,-80.91616441950748,94,quantile,0
2022-08-10,-9821.638992394184,19312.648173777827,-714.1704094736389,94,quantile,0
2022-08-11,2706.7633985372518,19146.778401702144,-675.5096343874673,94,quantile,0
2022-08-12,12486.41245107784,17996.650568592286,-676.1452059366272,94,quantile,0
2022-08-15,-329.511957871546,20000.0,-1.7053025658242404e-13,94,quantile,0
2022-08-16,87.29018990961366,18858.786939539008,-88.38606157523898,94,quantile,0
2022-08-17,-1813.9729364773875,19016.964978256707,-106.57362560912813,94,quantile,0
2022-08-18,20475.023886179155,19288.550144857654,-26.295265590976157,94,quantile,0
2022-08-19,-3846.002426257108,19593.5905991977,-22.092566656377414,94,quantile,0
2022-08-22,-5865.403049127045,19999.999999999996,5.684341886080802e-14,96,quantile,0
2022-08-23,-7231.060821890212,19853.607761931078,-66.08794566165551,96,quantile,0
2022-08-24,48.57313401788869,19031.065599990787,-406.0780415243145,96,quantile,0
2022-08-25,12896.458752345809,19214.592179810472,-1441.066374380868,96,quantile,0
2022-08-26,-28158.721143729275,19505.21004286055,-1263.2912204014242,96,quantile,0
2022-08-29,2102.1692751110663,19999.999999999996,1.9895196601282805e-13,96,quantile,0
2022-08-30,6857.854346041436,19650.52919112005,-11.877631655928894,96,quantile,0
2022-08-31,6266.240829251056,19194.331307381195,11.031929429006652,96,quantile,0
2022-09-01,2133.041440692754,18903.992705503606,7.4600090884084125,96,quantile,0
2022-09-02,-3656.560539720486,18443.43261097646,-75.2049694334612,96,quantile,0
2022-09-06,5405.816719279688,19999.999999999996,5.684341886080802e-14,98,quantile,0
2022-09-07,15740.95646388766,20396.457417231246,160.02246624521717,98,quantile,0
2022-09-08,3446.949310988519,20080.89690133081,12.773301275981538,98,quantile,0
2022-09-09,10641.897712959539,20126.876538992507,-424.9044201432883,98,quantile,0
2022-09-12,-11407.76215609292,19999.999999999996,0.0,96,quantile,0
2022-09-13,3905.9839258598067,19916.695347999063,1313.7833816258394,96,quantile,0
2022-09-14,4978.665587004747,19289.25861238225,1343.9373739799726,96,quantile,0
2022-09-15,-3455.26507968173,18508.178581926626,1437.2682804514636,96,quantile,0
2022-09-16,-8532.283133694,18273.374017196453,978.2134236805452,96,quantile,0
2022-09-19,10140.875913372645,20000.0,0.0,98,quantile,0
2022-09-20,-5266.570784668762,19310.949161445526,-56.395714098022864,98,quantile,0
2022-09-21,2187.6010105087776,18646.733214092987,-830.4639015216164,98,quantile,0
2022-09-22,2851.2204287424515,19815.978532165274,-2214.1307134604826,98,quantile,0
2022-09-23,8803.10191933792,21097.097995190616,-1907.072445343797,98,quantile,0
2022-09-26,-19642.1623516273,19999.999999999996,-5.684341886080802e-14,96,quantile,0
2022-09-27,2812.479466479334,19835.149455891726,392.3455484054083,96,quantile,0
2022-09-28,-12370.272744459047,20679.64052343859,366.2919109630476,96,quantile,0
2022-09-29,-15787.231610868786,21272.150823855787,-1723.2599973643137,96,quantile,0
2022-09-30,-24082.51453463007,22364.48480464882,-3622.467045455466,96,quantile,0
2022-10-03,1770.3861955529567,20000.0,-5.684341886080802e-14,98,quantile,0
2022-10-04,13121.66111422169,19427.56585767759,52.342564737735756,98,quantile,0
2022-10-05,-3703.352430879995,19242.524482269488,-52.146937617578146,98,quantile,0
2022-10-06,-5304.2052924936,18669.436166181877,283.2951920073598,98,quantile,0
2022-10-07,-1273.5231507603955,18047.299352987175,550.3174233788019,98,quantile,0
2022-10-10,-211.33706328901167,19999.999999999996,-2.842170943040401e-14,98,quantile,0
2022-10-11,3355.2815325353295,19892.287656794095,-101.73581489783717,98,quantile,0
2022-10-12,-465.51477417871064,18865.744155202796,618.0212747772039,98,quantile,0
2022-10-13,4763.62663066836,19604.505746846815,-66.23814896438347,98,quantile,0
2022-10-14,11812.19319133631,18778.27752009604,434.5984048061265,98,quantile,0
2022-10-17,-1247.178017797074,19999.999999999996,-8.526512829121202e-14,98,quantile,0
2022-10-18,3276.854036501901,20028.966773965683,-505.4714536245801,98,quantile,0
2022-10-19,-69.33905340236322,19398.709034141957,-166.1396710360685,98,quantile,0
2022-10-20,-8831.6905272675,18405.56022211542,464.93434866060306,98,quantile,0
2022-10-21,15523.687320030233,18510.997547098825,-48.99419128051434,98,quantile,0
2022-10-24,-4226.212308057492,20000.0,-8.526512829121202e-14,98,quantile,0
2022-10-25,-4187.445627447543,20488.131657619557,-512.1980488818641,98,quantile,0
2022-10-26,7699.269384615381,19717.574376357476,-391.6382130936821,98,quantile,0
2022-10-27,5246.644649330113,19135.06128498572,107.73264296148952,98,quantile,0
2022-10-28,6720.378051988202,18657.40574786837,-959.9867267858851,98,quantile,0
2022-10-31,-11581.593050061576,20000.0,1.7053025658242404e-13,98,quantile,0
2022-11-01,2615.3037975448,19529.058311543988,-99.5724916491258,98,quantile,0
2022-11-02,4184.985933658627,19580.1831202527,306.3406094633666,98,quantile,0
2022-11-03,-4882.010892362332,19385.073720159464,470.65586549950433,98,quantile,0
2022-11-04,2129.4743403486505,18640.50966977361,400.485431475742,98,quantile,0
2022-11-07,-2386.925960621832,19999.999999999996,-1.4210854715202004e-13,98,quantile,0
2022-11-08,-2862.8545605437616,19626.12033640357,18.173666050220334,98,quantile,0
2022-11-09,6564.031309974817,20021.83945872761,294.07866441435334,98,quantile,0
2022-11-10,-42547.30566750409,21592.512454428346,1122.5378403713935,98,quantile,0
2022-11-11,-2818.5811111960243,21602.237720235633,1735.9362144094396,98,quantile,0
2022-11-14,-1848.993351089995,20000.0,-1.1368683772161603e-13,98,quantile,0
2022-11-15,4462.662622130991,19759.504833581614,181.55871958143624,98,quantile,0
2022-11-16,-4344.66405526987,19623.71712180619,147.32706513016353,98,quantile,0
2022-11-17,-14944.498125006628,19382.523049105715,-213.67918527298656,98,quantile,0
2022-11-18,4421.581675768666,18664.090910055605,303.9556019666952,98,quantile,0
2022-11-21,-48.83205820163725,20000.0,0.0,98,quantile,0
2022-11-22,-5690.621164713293,19616.066396905546,704.8106834096286,98,quantile,0
2022-11-23,6441.297724932158,18750.16985522998,1236.3223966735025,98,quantile,0
2022-11-25,-12202.599467083091,17399.42649347369,681.7854125211937,98,quantile,0
2022-11-28,2601.8394598415484,19999.999999999996,0.0,98,quantile,0
2022-11-29,10432.029144187418,19742.245256610204,10.852373345917528,98,quantile,0
2022-11-30,-6683.844504024404,19171.02204712475,112.74868740170385,98,quantile,0
2022-12-01,1614.084720616137,18747.993498423868,-32.941180501875266,98,quantile,0
2022-12-02,2911.7298070398338,18446.098558443406,-35.2761473783776,98,quantile,0
2022-12-05,-6025.792590982532,20000.0,-1.1368683772161603e-13,98,quantile,0
2022-12-06,2356.1038475517644,19735.340262039626,-119.64253748272202,98,quantile,0
2022-12-07,-2807.4960842059163,19686.33269802116,70.57428495969089,98,quantile,0
2022-12-08,-262.6460545960265,19236.739798029164,-122.80763580845363,98,quantile,0
2022-12-09,6552.213660049235,19282.431737088264,-10.788851415317907,98,quantile,0
2022-12-12,912.7675846031262,20000.0,-2.842170943040401e-14,98,quantile,0
2022-12-13,8933.396603341913,19432.716723599628,52.66102948390875,98,quantile,0
2022-12-14,-1481.7759874713734,18976.15188593167,-41.243274837804876,98,quantile,0
2022-12-15,-11007.053955114414,18677.28587505475,-160.37996629386194,98,quantile,0
2022-12-16,1204.550453081745,17985.90031479593,-49.96652918870791,98,quantile,0
2022-12-19,-2833.444831845418,19999.999999999996,8.526512829121202e-14,98,quantile,0
2022-12-20,-706.5484386202015,19532.09850071917,-13.474732414651527,98,quantile,0
2022-12-21,4041.03640736288,19257.966303998975,-79.66233515778762,98,quantile,0
2022-12-22,7216.1190859041635,18505.986136076514,-263.6180807462041,98,quantile,0
2022-12-23,-420.47799971592576,18364.767031621872,-65.57819400819372,98,quantile,0
2022-12-27,1974.6127311815585,20000.0,0.0,98,quantile,0
2022-12-28,-685.8146676272353,20012.41464810078,-477.32896690353357,98,quantile,0
2022-12-29,3017.9241541569427,19877.947583415214,-680.8616806747078,98,quantile,0
2022-12-30,-13053.579204817852,19400.91342401094,-939.5877342342415,98,quantile,0
2023-01-03,13342.24209241311,20000.0,5.684341886080802e-14,98,quantile,0
2023-01-04,2025.4237005079888,19601.83893462216,-14.326229948357508,98,quantile,0
2023-01-05,-6139.040157888052,19122.621334152347,-43.91588604130396,98,quantile,0
2023-01-06,2692.103536925492,18607.270899333587,-304.02655280656194,98,quantile,0
2023-01-09,3553.5656492252588,19999.999999999996,1.4210854715202004e-13,98,quantile,0
2023-01-10,-68.21202816411505,20160.814012232433,125.24553238625771,98,quantile,0
2023-01-11,-4178.9039157585385,19651.569484229956,396.2518615716789,98,quantile,0
2023-01-12,6391.471866662195,19019.08696952651,130.4678256568198,98,quantile,0
2023-01-13,1011.849501237346,18558.565625938645,-54.912226899059604,98,quantile,0
2023-01-17,648.894552397332,20000.0,1.7053025658242404e-13,96,quantile,0
2023-01-18,2401.699278364244,20371.250643807238,586.2492263597904,96,quantile,0
2023-01-19,7229.333402313195,20905.344025507056,1088.4602776837644,96,quantile,0
2023-01-20,-13075.673094091546,19438.72698821011,664.5781629828217,96,quantile,0
2023-01-23,-19866.366907778895,19999.999999999996,1.4210854715202004e-13,98,quantile,0
2023-01-24,2420.296181269181,20014.251431417342,347.8959030438548,98,quantile,0
2023-01-25,-10502.483806383898,20144.046742931067,-394.957688496592,98,quantile,0
2023-01-26,12337.778504381105,19138.28435871233,-466.7226185107227,98,quantile,0
2023-01-27,-15385.6072399596,18926.486172549256,-634.0424173881055,98,quantile,0
2023-01-30,11465.005440596395,20000.0,1.1368683772161603e-13,98,quantile,0
2023-01-31,-4570.503227201695,19099.076013009508,108.19113144059651,98,quantile,0
2023-02-01,591.643593260028,18376.58893939714,131.19280482591566,98,quantile,0
2023-02-02,-12699.138390132599,18061.84282923657,-168.13614866313443,98,quantile,0
2023-02-03,14056.270077335954,18503.019252402588,-215.74328950711902,98,quantile,0
2023-02-06,-11564.451833893172,20000.0,0.0,98,quantile,0
2023-02-07,3354.444972087799,20188.933431605197,472.45110812088024,98,quantile,0
2023-02-08,8744.20886192286,20106.401698508304,815.3051656595616,98,quantile,0
2023-02-09,-10617.838853526715,19833.41179571041,1413.56048421699,98,quantile,0
2023-02-10,3413.3478373590406,19507.20253459063,1212.5283081379432,98,quantile,0
2023-02-13,-5351.239088116625,20000.0,0.0,98,quantile,0
2023-02-14,12589.138630523672,20083.081086300754,800.737524362886,98,quantile,0
2023-02-15,-24099.493762098202,19890.95096665918,897.2079239048569,98,quantile,0
2023-02-16,10872.35365216448,19724.730880446696,1429.6272676367428,98,quantile,0
2023-02-17,4502.168534825795,19056.417946198635,703.3089312513141,98,quantile,0
2023-02-21,-1197.9331205008348,20000.0,1.9895196601282805e-13,98,quantile,0
2023-02-22,-23658.507940578165,19434.32251831986,-76.3429773914921,98,quantile,0
2023-02-23,-9289.417726676253,18443.72524100343,130.8733626267898,98,quantile,0
2023-02-24,24282.432438648015,17962.866147454224,-335.91917527434464,98,quantile,0
2023-02-27,-6912.868687434135,19999.999999999996,8.526512829121202e-14,98,quantile,0
2023-02-28,1637.1149334121,19677.791288283428,45.303641519038024,98,quantile,0
2023-03-01,3399.856437996858,19225.333507372394,182.309941105254,98,quantile,0
2023-03-02,-498.64333980673985,18822.949706305015,15.541559278824678,98,quantile,0
2023-03-03,-1769.5327198334414,18338.000514303676,37.04271069393718,98,quantile,0
2023-03-06,2770.1268926348944,20000.0,0.0,98,quantile,0
2023-03-07,-4329.156466727632,19400.066651595196,278.05328975743777,98,quantile,0
2023-03-08,-1528.9678917928195,19249.29306799618,164.75208038954412,98,quantile,0
2023-03-09,-5333.96495260904,18591.351068946493,202.13296993942058,98,quantile,0
2023-03-10,-17525.767459153718,17701.61959981848,311.2566795379486,98,quantile,0
2023-03-13,-5881.720310575868,20000.0,0.0,96,quantile,0
2023-03-14,22195.27778505405,20055.84477068643,-297.7624445823195,96,quantile,0
2023-03-15,2465.8568965677678,19632.4537158718,-24.45735027436274,96,quantile,0
2023-03-16,-2748.361475643341,19852.155850499283,-258.08851682734826,96,quantile,0
2023-03-17,-37224.56584660134,18813.430130236524,57.21860962498354,96,quantile,0
2023-03-20,14731.705985566985,19999.999999999996,1.9895196601282805e-13,98,quantile,0
2023-03-21,23713.60774686812,20271.56150216323,-654.7177028456621,98,quantile,0
2023-03-22,-21667.039693647963,18730.504987341967,-63.943395036604045,98,quantile,0
2023-03-23,-27908.729447125774,18226.208783755043,-517.364309213378,98,quantile,0
2023-03-24,-16614.394805325664,18164.572278846103,-1061.9056209741368,98,quantile,0
2023-03-27,45652.59458852184,19999.999999999996,2.842170943040401e-14,98,quantile,0
2023-03-28,5731.375391786518,19271.162243097766,-52.88859583290173,98,quantile,0
2023-03-29,12105.387161164774,20344.2576753965,621.4392101634478,98,quantile,0
2023-03-30,3463.968930092148,19875.115249792732,106.44233419474813,98,quantile,0
2023-03-31,9905.687165392248,19773.09120399247,-146.13710330875006,98,quantile,0
2023-04-03,23105.003255650037,20000.0,5.684341886080802e-14,96,quantile,0
2023-04-04,5296.886035885369,19477.101588870253,256.9811110037362,95,quantile,0
2023-04-05,-4403.587590875653,19323.09083220438,51.904920497662374,95,quantile,0
2023-04-06,-4528.637351175496,19054.565109041425,57.933132436991,95,quantile,0
2023-04-10,12179.585616689725,19795.918367346938,204.08163265306126,97,quantile,0
2023-04-11,7983.552217206871,19595.214201193394,84.25960335763921,97,quantile,0
2023-04-12,-2675.994615857693,19257.15658251056,-22.139861408362123,97,quantile,0
2023-04-13,7475.432789377125,18971.313049768807,105.96786388922996,97,quantile,0
2023-04-14,3057.641346543617,18728.863043006586,176.11879070240818,97,quantile,0
2023-04-17,7682.093175552627,19999.999999999996,-5.684341886080802e-14,98,quantile,0
2023-04-18,4710.542409907136,19818.19197831605,-112.2903181874751,98,quantile,0
2023-04-19,-1268.787870499195,19612.04875063107,-263.1786199421499,98,quantile,0
2023-04-20,17413.710761622875,19428.24157242141,-386.26267179436246,98,quantile,0
2023-04-21,-10973.390768743928,18695.784358554796,-85.18688972533562,98,quantile,0
2023-04-24,5110.777332462345,19999.999999999996,-8.526512829121202e-14,98,quantile,0
2023-04-25,-26862.89480589668,19637.768836182364,6.890487053117738,98,quantile,0
2023-04-26,-18002.591231767125,19071.01875078708,-47.15525239710169,98,quantile,0
2023-04-27,6426.254872198477,18407.265135146554,-32.3525497708973,98,quantile,0
2023-04-28,-9133.021813824505,18287.60947064965,-559.8431975642704,98,quantile,0
2023-05-01,14625.179255327083,19999.999999999996,1.9895196601282805e-13,98,quantile,0
2023-05-02,-36930.06746012089,19342.71497591535,500.10520931165513,98,quantile,0
2023-05-03,-12522.697333300504,19256.1614361366,820.1328424244152,98,quantile,0
2023-05-04,-24858.0805526242,18945.077815747725,834.4894338454626,98,quantile,0
2023-05-05,16553.417380634444,18521.34926796664,56.555132592377134,98,quantile,0
2023-05-08,12209.058233989212,19999.999999999996,8.526512829121202e-14,96,quantile,0
2023-05-09,9641.02852715959,19681.49156812814,542.8012532288197,96,quantile,0
2023-05-10,11434.530739363132,18823.231918337908,420.1905202582891,96,quantile,0
2023-05-11,-6744.932213829922,18052.373472960226,582.6437193212142,96,quantile,0
2023-05-12,10767.240312300833,17754.530093616235,550.9314089149498,96,quantile,0
2023-05-15,7476.625806596685,20000.0,1.1368683772161603e-13,96,quantile,0
2023-05-16,2339.642726433172,18788.289105001702,398.46901410958,96,quantile,0
2023-05-17,-9739.754006849882,18557.115953484685,-253.65087515750247,96,quantile,0
2023-05-18,9860.60838910753,18976.724592338684,70.7534228900445,96,quantile,0
2023-05-19,-9403.796845205983,18539.695833139904,-19.512867369018636,96,quantile,0
2023-05-22,10007.243651992774,20000.0,2.842170943040401e-14,96,quantile,0
2023-05-23,8178.477155853065,20693.8503262454,1271.6676118771284,96,quantile,0
2023-05-24,-4278.507915815017,21188.037112338076,1192.7503774537513,96,quantile,0
2023-05-25,829.285955934148,21871.072319512437,-708.2576526240307,96,quantile,0
2023-05-26,13687.035775654125,21098.635423908705,-1968.8647941082868,96,quantile,0
2023-05-30,61.13795958473395,19999.999999999996,-8.526512829121202e-14,96,quantile,0
2023-05-31,-6397.951170018029,19261.221985704167,-112.12749048613449,95,quantile,0
2023-06-01,13928.625869307762,18938.510585332053,-221.33032553599932,95,quantile,0
2023-06-02,-7671.803481106414,18417.695395103296,-181.79931294999045,95,quantile,0
2023-06-05,6041.546308869039,19999.999999999996,-2.842170943040401e-14,96,quantile,0
2023-06-06,-6156.984057318722,19263.005712341255,274.75187416118627,96,quantile,0
2023-06-07,-221.22379996588086,18805.09781392529,363.92467822292883,96,quantile,0
2023-06-08,10845.466617481414,18307.470483606285,248.5806094705893,96,quantile,0
2023-06-09,3482.9000492306895,18098.552240552188,131.19537813032778,96,quantile,0
2023-06-12,-706.6925285767155,20000.0,2.842170943040401e-14,96,quantile,0
2023-06-13,15720.389438937002,18561.096459222743,-461.6563042813204,96,quantile,0
2023-06-14,-11806.070169968943,18642.72886214077,-777.4419907186696,96,quantile,0
2023-06-15,14391.915908271789,17730.887585306456,-1972.0409446386889,96,quantile,0
2023-06-16,7923.102032809166,17426.10413058684,-1627.0923021161245,96,quantile,0
2023-06-20,8865.292201168286,19999.999999999996,-2.5579538487363607e-13,96,quantile,0
2023-06-21,6504.947163469565,19823.15422023341,324.29893596029797,96,quantile,0
2023-06-22,-6351.790901317267,19239.36741138298,526.0099894305433,96,quantile,0
2023-06-23,5351.314475746232,19616.60171938475,1432.6557446167594,96,quantile,0
2023-06-26,17432.66326617314,19999.999999999996,-5.684341886080802e-14,98,quantile,0
2023-06-27,5219.805479845285,20282.70992787217,672.3644581202743,98,quantile,0
2023-06-28,7123.650568530775,20125.768516198088,1059.2869037029816,98,quantile,0
2023-06-29,764.7856803786956,18663.522418135708,269.61348712526103,98,quantile,0
2023-06-30,-5977.835745264308,17275.902520386957,-265.02902283925727,98,quantile,0
2023-07-03,11785.868485950394,20000.0,0.0,98,quantile,0
2023-07-05,7785.389054258594,19480.725027237146,4.330350298388595,98,quantile,0
2023-07-06,3271.9083154205086,19095.136414207267,-129.27422646134397,98,quantile,0
2023-07-07,7974.604905162683,18941.783005800324,-197.63465469758748,98,quantile,0
2023-07-10,-2896.4262885254766,19999.999999999996,8.526512829121202e-14,98,quantile,0
2023-07-11,-7301.986028150708,19808.503436571536,-365.29002153449676,98,quantile,0
2023-07-12,6897.798022953334,19377.12918474863,-431.38356531651357,98,quantile,0
2023-07-13,-1976.100265106304,18959.505900174787,-427.3619243881491,98,quantile,0
2023-07-14,2054.129688639836,18789.493799088585,-336.49922906264374,98,quantile,0
2023-07-17,-4584.528846196389,20000.0,5.684341886080802e-14,98,quantile,0
2023-07-18,5599.103896063228,19484.684472686393,-216.87709066556928,98,quantile,0
2023-07-19,-13139.621724280367,18683.151053748155,-730.6855493676971,98,quantile,0
2023-07-20,-7239.7460794359295,18117.429259690703,-916.0338166780147,98,quantile,0
2023-07-21,9856.088643778774,17550.632605829695,-529.4806137607278,98,quantile,0
2023-07-24,2815.5122089637903,19999.999999999996,-1.7053025658242404e-13,98,quantile,0
2023-07-25,3760.5993109019555,19706.474069139895,434.67750040522753,98,quantile,0
2023-07-26,12917.637947839994,19333.2263498295,-12.985643307085297,98,quantile,0
2023-07-27,-14056.190030003138,19930.02525272441,1.784220651141709,98,quantile,0
2023-07-28,-2428.961464763189,19207.923380643577,149.8136148372061,98,quantile,0
2023-07-31,8493.871842784676,19999.999999999996,8.526512829121202e-14,98,quantile,0
2023-08-01,162.8287715868313,19510.964715712744,209.02783989549175,98,quantile,0
2023-08-02,1427.0452893245363,19338.505509193463,787.1347065818917,98,quantile,0
2023-08-03,-490.05193449323787,19162.7056959446,878.7891617963196,98,quantile,0
2023-08-04,5650.941717589751,18888.855711176577,1027.587710166314,98,quantile,0
2023-08-07,298.67763820843754,19999.999999999996,8.526512829121202e-14,98,quantile,0
2023-08-08,400.37925799845686,19719.258375137433,901.151034411383,98,quantile,0
2023-08-09,-319.716304227013,20472.302144980433,1527.7347719946738,98,quantile,0
2023-08-10,11469.228766734781,19622.778088128893,1419.892203600382,98,quantile,0
2023-08-11,-9510.55001417108,19294.59132898282,1494.426540897674,98,quantile,0
2023-08-14,-13792.298702436234,19999.999999999996,-2.842170943040401e-14,98,quantile,0
2023-08-15,-2107.355385116328,22842.30551734028,4276.480124152868,98,quantile,0
2023-08-16,-7573.3914206529835,23367.563471823767,4633.571004369096,98,quantile,0
2023-08-17,11019.870990688936,23094.539309071122,5014.820037688255,98,quantile,0
2023-08-18,4600.879225703242,22737.370205532206,5101.73111979639,98,quantile,0
2023-08-21,-9477.619284911545,20000.0,-2.842170943040401e-14,98,quantile,0
2023-08-22,-3022.7066085220795,19671.868936649054,-646.4141472046174,98,quantile,0
2023-08-23,10511.36790593433,19546.133047589363,-555.7444213528017,98,quantile,0
2023-08-24,13240.579993866113,19150.653827007325,-595.6650726162093,98,quantile,0
2023-08-25,-24083.421890593196,18519.036298903025,-2206.2302700635355,98,quantile,0
2023-08-28,7836.631216984396,19999.999999999996,1.9895196601282805e-13,98,quantile,0
2023-08-29,5385.409372523841,19617.59594663468,-52.644910750839415,98,quantile,0
2023-08-30,-594.6018023118022,19045.343992486785,-165.46940527096297,98,quantile,0
2023-08-31,129.62370090405597,18597.06906819503,87.41868044035442,98,quantile,0
2023-09-01,4589.845174200087,17961.091160652537,-178.44742118594445,98,quantile,0
2023-09-05,4872.6080157001215,19999.999999999996,-5.684341886080802e-14,96,quantile,0
2023-09-06,-2174.050964078739,19414.658044126634,135.25320867578463,96,quantile,0
2023-09-07,-6168.782876532958,19381.894759453084,-97.60853168245634,96,quantile,0
2023-09-08,4399.036112904508,19175.13664597729,-152.5147855856903,96,quantile,0
2023-09-11,-5842.636630080418,20000.0,0.0,96,quantile,0
2023-09-12,-9819.118754801279,19129.297704498375,-240.81541157534153,96,quantile,0
2023-09-13,2328.797271710292,19007.705129347185,18.461257255094807,96,quantile,0
2023-09-14,732.4250038598832,18462.21940977657,-327.4525736432971,96,quantile,0
2023-09-15,2092.85508354781,18483.757835291817,-80.10527621730697,96,quantile,0
2023-09-18,2611.133588123085,20000.0,-1.1368683772161603e-13,98,quantile,0
2023-09-19,3601.094884928002,20165.70627003664,775.7132828247032,98,quantile,0
2023-09-20,-3058.7924867511256,19392.933071736956,927.3502945290969,98,quantile,0
2023-09-21,-915.0269972193352,20701.27318409552,345.07496249012945,98,quantile,0
2023-09-22,-306.022093421019,20121.76668892371,4.260341835039071,98,quantile,0
2023-09-25,880.7560580774514,20000.0,2.2737367544323206e-13,98,quantile,0
2023-09-26,3919.6724483628814,21076.24024035082,-1128.4603591532261,98,quantile,0
2023-09-27,5658.560196863217,20790.488284432693,-582.2397370242243,98,quantile,0
2023-09-28,-16268.32331330091,21032.474301465685,-1438.865796501966,98,quantile,0
2023-09-29,-2132.596966371367,20695.352402619174,-1554.4011609643935,98,quantile,0
2023-10-02,-6230.346281802189,19999.999999999996,-8.526512829121202e-14,98,quantile,0
2023-10-03,3545.3582990770374,19531.527171203143,25.715993821895694,98,quantile,0
2023-10-04,6630.41693399651,19168.418306090858,63.48564935947937,98,quantile,0
2023-10-05,-5528.770738907327,18866.814497929696,123.8095164623027,98,quantile,0
2023-10-06,-3951.8627544676006,18563.310199967495,73.48966804679546,98,quantile,0
2023-10-09,3632.2263479622657,19999.999999999996,2.842170943040401e-14,98,quantile,0
2023-10-10,4856.888859156966,19915.52741837391,-168.0129379406525,98,quantile,0
2023-10-11,-4979.248204625699,19186.284356137247,-187.34834081122233,98,quantile,0
2023-10-12,-15973.931871652396,18539.40077886277,311.78558883403633,98,quantile,0
2023-10-13,-727.1299847414087,18407.888180418795,63.762063473516804,98,quantile,0
2023-10-16,4368.083259985634,20000.0,1.1368683772161603e-13,98,quantile,0
2023-10-17,-5976.95171686247,19529.182383075808,-246.25536125637936,98,quantile,0
2023-10-18,-161.2396001342065,19346.51147494236,75.71459841800095,98,quantile,0
2023-10-19,10204.364267046058,19075.681276659183,175.39575048111828,98,quantile,0
2023-10-20,-4160.80069866459,19085.50126678399,751.1012509221209,98,quantile,0
2023-10-23,-1684.9105887768305,20000.0,1.7053025658242404e-13,98,quantile,0
2023-10-24,1541.098410842262,20057.27931446798,-129.42497154419505,98,quantile,0
2023-10-25,-3273.943984333803,19946.276375635563,-23.81425574826153,98,quantile,0
2023-10-26,9638.306202783864,19586.981665330717,433.779153072152,98,quantile,0
2023-10-27,2182.0365459304066,19141.31663770321,587.943607522115,98,quantile,0
2023-10-30,-2723.827080694705,20000.0,-5.684341886080802e-14,98,quantile,0
2023-10-31,11272.624282867284,19455.65104010341,-46.24294107249071,98,quantile,0
2023-11-01,-12258.536585936678,18640.576278389974,-197.5655289423201,98,quantile,0
2023-11-02,-2519.6980604155815,17666.44504208576,-439.0804206149862,98,quantile,0
2023-11-03,476.8806272028952,17126.303717044546,-629.3662575391136,98,quantile,0
2023-11-06,-3218.5709262500463,20000.0,-1.1368683772161603e-13,98,quantile,0
2023-11-07,7425.733064472104,20703.222828655675,1048.4943822374044,98,quantile,0
2023-11-08,3310.041260805332,19933.784171418563,928.4613190582559,98,quantile,0
2023-11-09,7060.043943607666,20734.08323676302,2054.8498954590887,98,quantile,0
2023-11-10,3503.6059221745036,19290.81583472913,49.667595640767274,98,quantile,0
2023-11-13,5971.862637900943,19999.999999999996,-2.842170943040401e-14,98,quantile,0
2023-11-14,-10325.681243077568,21954.821454677945,1706.8377015387873,98,quantile,0
2023-11-15,-15274.171448170007,23007.776438861263,2414.830862773442,98,quantile,0
2023-11-16,12175.23496774335,25542.59851295362,2585.9959757053566,98,quantile,0
2023-11-17,-13397.114014618943,25728.31005675967,2997.775173343225,98,quantile,0
2023-11-20,3382.268442042464,19999.999999999996,5.684341886080802e-14,98,quantile,0
2023-11-21,18543.108723472942,22356.77877812818,1526.5871134500692,98,quantile,0
2023-11-22,3213.0019982687254,20674.61123004793,1783.3548248608968,98,quantile,0
2023-11-24,-10084.691269758097,23227.298793463517,5451.642403584759,98,quantile,0
2023-11-27,4769.370617837723,19999.999999999996,0.0,98,quantile,0
2023-11-28,904.2804063728041,19781.797498649106,-121.30467826731848,98,quantile,0
2023-11-29,8954.813646218612,19291.365343156504,-162.62838469875774,98,quantile,0
2023-11-30,-809.7850751599108,18877.395385517033,-114.43823598728642,98,quantile,0
2023-12-01,-9571.716504203976,17722.01699237625,56.27142907272054,98,quantile,0
2023-12-04,-5150.825440251839,20000.0,-5.684341886080802e-14,98,quantile,0
2023-12-05,6715.736322573236,20277.428846701496,66.43084354118085,98,quantile,0
2023-12-06,553.846582511955,19503.633254799803,427.53648702201554,98,quantile,0
2023-12-07,2082.2419979237598,18988.845384249085,448.889690914287,98,quantile,0
2023-12-08,-3870.2424542450303,18767.8278237986,141.13471963335098,98,quantile,0
2023-12-11,33.802476059473975,19999.999999999996,5.684341886080802e-14,98,quantile,0
2023-12-12,-2921.8576371305035,19723.6839671754,-630.9313425366063,98,quantile,0
2023-12-13,-12962.393863047226,17310.18450278462,-1390.598224791693,98,quantile,0
2023-12-14,-10953.02420522404,18938.657810043012,-1237.3982503552459,98,quantile,0
2023-12-15,-4796.714311339317,19979.77342489321,-769.4538593032371,98,quantile,0
2023-12-18,606.8551703925925,20000.0,-1.9895196601282805e-13,98,quantile,0
2023-12-19,-4483.631187887417,19494.749764726424,-1016.858485324253,98,quantile,0
2023-12-20,-332.3142215105554,21946.158734016022,-442.24686180063327,98,quantile,0
2023-12-21,13117.178656059441,19479.167317257605,-1113.2278486085515,98,quantile,0
2023-12-22,-14383.702452842386,20839.742561777395,-2098.9181336451393,98,quantile,0
2023-12-26,3499.569000458561,20000.0,5.684341886080802e-14,98,quantile,0
2023-12-27,-5575.029514129135,18298.327024065256,-1013.7664684432171,98,quantile,0
2023-12-28,23347.522837637825,17703.563078876923,375.6151537041744,98,quantile,0
2023-12-29,-1946.3368209860653,17790.527263920532,-12.102431223375163,98,quantile,0
2024-01-02,-4746.561398429989,20000.0,5.684341886080802e-14,98,quantile,0
2024-01-03,3211.252509032897,19550.32925966855,58.684116941418324,98,quantile,0
2024-01-04,-838.45835682143,19246.95228886688,118.12464093540021,98,quantile,0
2024-01-05,1761.0287511642437,20278.30778143388,1647.521715659801,98,quantile,0
2024-01-08,522.6475520634339,20000.0,8.526512829121202e-14,98,quantile,0
2024-01-09,5164.740312448338,19528.242950290485,-3.1547138786389155,98,quantile,0
2024-01-10,3291.8703807588586,19064.37954870975,-1.4661885330150142,98,quantile,0
2024-01-11,1901.480736342777,18387.33028036806,-186.1276650314365,98,quantile,0
2024-01-12,-912.4016766492455,17867.970075343637,-205.1776600800301,98,quantile,0
2024-01-16,1718.4803082065807,20000.0,5.684341886080802e-14,98,quantile,0
2024-01-17,7452.711750872827,19277.7875687994,145.4663283249242,98,quantile,0
2024-01-18,-142.20784800764034,18846.26364009322,-225.20550982067047,98,quantile,0
2024-01-19,-4174.535958715941,18681.662307869716,-392.04121542773066,98,quantile,0
2024-01-22,3034.633743454419,19999.999999999996,-5.684341886080802e-14,98,quantile,0
2024-01-23,-298.6850012692381,19709.46156188355,171.3384034089591,98,quantile,0
2024-01-24,1148.1236022179082,19935.457641495654,167.41823444687378,98,quantile,0
2024-01-25,15940.265120170041,20062.214200268943,581.5159453232862,98,quantile,0
2024-01-26,-4983.2346366417705,19151.0863818241,266.3804011779681,98,quantile,0
2024-01-29,2283.0830317264754,20000.0,0.0,98,quantile,0
2024-01-30,5369.265253105351,19332.58921058293,-206.70420122430596,98,quantile,0
2024-01-31,3427.988316117107,18995.672151631734,495.33864741743787,98,quantile,0
2024-02-01,-6920.789614516049,18505.564856074354,-141.50006981631375,98,quantile,0
2024-02-02,-273.0438640061122,18132.99666325156,148.70801794192099,98,quantile,0
2024-02-05,-8504.106937350873,19999.999999999996,-5.684341886080802e-14,98,quantile,0
2024-02-06,16116.5590313618,21081.141095155537,319.40065896884664,98,quantile,0
2024-02-07,31467.414370256723,20722.725499163887,709.480902733104,98,quantile,0
2024-02-08,416.1675885472612,19836.127651193146,219.83883213636324,98,quantile,0
2024-02-09,-22174.210728866088,19381.045911727215,619.5302829836166,98,quantile,0
2024-02-12,-8334.06189387116,20000.0,-2.842170943040401e-14,98,quantile,0
2024-02-13,27249.006746362495,20608.329869079607,2086.4941634501156,98,quantile,0
2024-02-14,232.65303561367534,18837.64759781229,1219.1521562586745,98,quantile,0
2024-02-15,-7107.733096378672,18625.706478073393,583.8708156033124,98,quantile,0
2024-02-16,21126.388960176577,18109.329863499974,744.8003753618779,98,quantile,0
2024-02-20,50.32287489938601,20000.0,0.0,98,quantile,0
2024-02-21,6659.471813470707,19816.844402919593,409.470793184232,98,quantile,0
2024-02-22,-7981.545822164459,20028.413437759424,1603.5893083600504,98,quantile,0
2024-02-23,29805.738943634093,19150.944542245183,1013.4458953071573,98,quantile,0
2024-02-26,-9931.952517707294,19999.999999999996,2.842170943040401e-14,98,quantile,0
2024-02-27,-5249.928055174963,19384.516370865742,300.88321779516843,98,quantile,0
2024-02-28,2164.8981293525267,19134.075406884163,264.1329625515516,98,quantile,0
2024-02-29,-545.162895180388,18535.307361813735,310.6631404096797,98,quantile,0
2024-03-01,-1619.1795593748502,18301.382708007073,364.70007409944367,98,quantile,0
2024-03-04,-13116.507899216556,20000.0,1.7053025658242404e-13,98,quantile,0
2024-03-05,14004.723867891558,20855.073200566832,-398.6318325412797,98,quantile,0
2024-03-06,-5860.725666582232,20468.85330748779,-904.251531840775,98,quantile,0
2024-03-07,-1994.9962616678972,19642.15935515848,-855.2629082986788,98,quantile,0
2024-03-08,15331.0779159022,19870.346571621776,-612.8276339556089,98,quantile,0
2024-03-11,-4201.817728277778,19999.999999999996,1.1368683772161603e-13,98,quantile,0
2024-03-12,-2340.9773076182264,19049.352997192946,282.0175134189542,98,quantile,0
2024-03-13,-3982.935683286865,18613.22108997028,-190.64519092511313,98,quantile,0
2024-03-14,3271.9412545150963,18947.918664231354,-280.2150874884335,98,quantile,0
2024-03-15,2763.7562433678836,18313.337621210718,-176.20982458558873,98,quantile,0
2024-03-18,-9819.875543426691,20000.0,5.684341886080802e-14,98,quantile,0
2024-03-19,-9954.235905562342,20689.748173882315,-1980.8666189919504,98,quantile,0
2024-03-20,-4853.433141190416,19617.443055080796,-1922.3359506628954,98,quantile,0
2024-03-21,30751.389109383574,18225.657018208745,-972.0593155826084,98,quantile,0
2024-03-22,-17401.20986814575,18283.32526974649,-880.0385350957415,98,quantile,0
2024-03-25,-2565.851922414666,20000.0,0.0,98,quantile,0
2024-03-26,32738.47148581848,21287.56023937571,1250.5978971966397,98,quantile,0
2024-03-27,6390.598916650841,18790.44304052785,117.11002242365541,98,quantile,0
2024-03-28,-32154.817701213095,24311.290481639266,4607.941250112999,98,quantile,0
2024-04-01,31615.552986715746,20000.0,-2.2737367544323206e-13,96,quantile,0
2024-04-02,-2826.951315873436,19495.882920204473,12.052033424229592,96,quantile,0
2024-04-03,5173.843439170582,18932.342822938783,-41.51681068105921,96,quantile,0
2024-04-04,-5948.490980203733,18470.415364979293,18.95640658923574,96,quantile,0
2024-04-05,4054.5003942016465,18050.635219456453,-95.45645344039025,96,quantile,0
2024-04-08,-4470.8898650842,19999.999999999996,-1.7053025658242404e-13,98,quantile,0
2024-04-09,1324.692839232256,19579.297587810728,-371.4972263916475,98,quantile,0
2024-04-10,6057.278368685629,18600.228240450735,-317.66313337064116,98,quantile,0
2024-04-11,15924.222808841134,17906.14530499575,-234.02905034586755,98,quantile,0
2024-04-12,2432.7426124591293,17439.82110315291,372.4761244233541,98,quantile,0
2024-04-15,-6312.758844116971,19999.999999999996,2.842170943040401e-14,98,quantile,0
2024-04-16,7764.543914844276,19355.01127572928,156.52816182254983,98,quantile,0
2024-04-17,-17340.178232937,19395.13849566666,-37.24905721356407,98,quantile,0
2024-04-18,-18970.07288890035,19046.009101580603,-242.21821322493557,98,quantile,0
2024-04-19,-3939.814725335015,19291.007597769374,-722.7087521157703,98,quantile,0
2024-04-22,133.34526674270757,19999.999999999996,8.526512829121202e-14,98,quantile,0
2024-04-23,-11747.065820652495,20188.37667963989,-296.78282050544703,98,quantile,0
2024-04-24,13064.353871275667,19708.57012161955,-442.5082508749888,98,quantile,0
2024-04-25,-511.05910403464776,18828.823433261285,-332.5375433673932,98,quantile,0
2024-04-26,-11502.622416306598,17481.319432486565,127.89458181300188,98,quantile,0
2024-04-29,-34719.86476770364,20000.0,0.0,98,quantile,0
2024-04-30,14897.701611549961,19326.901235773443,159.90926395377892,98,quantile,0
2024-05-01,-209.0945788952082,18875.94827060692,101.45563315208057,98,quantile,0
2024-05-02,-4434.123812718214,18383.51680200504,483.84351782158535,98,quantile,0
2024-05-03,279.2157317465229,17597.853917326614,1005.2957588713703,98,quantile,0
2024-05-06,-4565.252736133215,19999.999999999996,1.1368683772161603e-13,96,quantile,0
2024-05-07,9525.49107192333,19958.669795682323,-93.0355642438472,96,quantile,0
2024-05-08,4601.041743585018,19187.00665496832,-26.713534767751696,96,quantile,0
2024-05-09,-1763.5316535309044,18061.780751308077,-221.97870097659944,96,quantile,0
2024-05-10,-4289.122288241798,17857.90601357688,-628.2213995589854,96,quantile,0
2024-05-13,3020.281039582821,19999.999999999996,-1.7053025658242404e-13,96,quantile,0
2024-05-14,-17437.490695269265,19405.36418543433,-12.681500986866268,96,quantile,0
2024-05-15,28453.49725587403,18366.767520353093,476.4137599566413,96,quantile,0
2024-05-16,-11961.673874809481,17530.266536345924,-55.24548742184402,96,quantile,0
2024-05-17,16091.038116669552,18032.275727599463,-103.12920914089958,96,quantile,0
2024-05-20,-22522.57516151866,19999.999999999996,0.0,96,quantile,0
2024-05-21,12564.672010860451,21192.249832953625,918.9972186119102,96,quantile,0
2024-05-22,21043.22742120473,20031.516187239384,227.63575476665662,96,quantile,0
2024-05-23,-3656.636301811835,21182.381431891794,1399.202143992848,96,quantile,0
2024-05-24,-48903.327316177754,21797.470365752026,170.7612429398961,96,quantile,0
2024-05-28,24176.772672627554,20000.0,0.0,96,quantile,0
2024-05-29,37542.31246300523,20662.952694037183,212.44835376016238,96,quantile,0
2024-05-30,-34758.493883429175,19165.61778635572,-149.2136206624766,96,quantile,0
2024-05-31,4518.043825013148,19550.26524082667,369.8371519554852,96,quantile,0
2024-06-03,13441.11683029832,20000.0,2.5579538487363607e-13,96,quantile,0
2024-06-04,8020.800427684226,19425.753133640123,300.14052769703926,95,quantile,0
2024-06-05,-4728.987883249601,19143.639698041334,248.137927605031,95,quantile,0
2024-06-06,11077.871122936793,18798.878403198694,512.2617837758112,95,quantile,0
2024-06-07,-6081.809830920974,18655.375240576937,380.78796665971527,95,quantile,0
2024-06-10,-718.0620370938649,20000.0,5.684341886080802e-14,96,quantile,0
2024-06-11,240.81502071941284,19674.314993818098,-27.698610201215416,96,quantile,0
2024-06-12,-12078.867490028191,19262.240737773714,-114.42834267765792,96,quantile,0
2024-06-13,-4826.915386215002,19086.614430521568,-435.4447603171815,96,quantile,0
2024-06-14,3807.463858457666,18908.7789839881,-391.04778475906505,96,quantile,0
2024-06-17,-2031.2916214595234,20000.0,-5.684341886080802e-14,96,quantile,0
2024-06-18,4884.511660620712,19188.899651995835,66.96186354076926,96,quantile,0
2024-06-20,-2190.0690307984455,18777.99336876077,89.00268203551198,96,quantile,0
2024-06-21,916.7987568039606,17676.796086397037,-128.13061811114045,96,quantile,0
2024-06-24,14215.885405866165,19999.999999999996,-5.684341886080802e-14,96,quantile,0
2024-06-25,-1511.9045921531635,19786.727892454604,-42.562585593091455,96,quantile,0
2024-06-26,-21137.67073213959,19536.725392856504,239.3119258247295,96,quantile,0
2024-06-27,10.275039723794862,19234.086296782792,-154.06176368556632,96,quantile,0
2024-06-28,5889.706788494671,19368.33678400337,11.717285557391392,96,quantile,0
2024-07-01,10822.999641797336,19999.999999999996,2.842170943040401e-14,96,quantile,0
2024-07-02,5774.654800910022,20724.884616082538,-1188.20119877514,96,quantile,0
2024-07-03,-4701.180230851758,20190.03545663254,-993.1659632800925,96,quantile,0
2024-07-05,9236.930840884159,19571.517474436016,-1258.1470797391894,96,quantile,0
2024-07-08,-10825.309664486907,20000.0,0.0,96,quantile,0
2024-07-09,6698.366853539603,20663.215161784316,-229.62090449202188,96,quantile,0
2024-07-10,-1034.8219373562201,20451.27452545057,-149.8745643619082,96,quantile,0
2024-07-11,11505.995581481771,19811.20423859825,-668.4948030653004,96,quantile,0
2024-07-12,-7820.852909795934,18558.132908011245,-1310.8217749377113,96,quantile,0
2024-07-15,-7793.354165648418,19999.999999999996,5.684341886080802e-14,96,quantile,0
2024-07-16,25935.08207905847,19819.14912406422,446.4264767028755,96,quantile,0
2024-07-17,-14961.280397801434,18652.52711853542,-325.1856726760003,96,quantile,0
2024-07-18,-5127.8934651827285,19246.240080342406,235.42471275116134,96,quantile,0
2024-07-19,-1521.997779950383,19157.58043918576,341.23862845503515,96,quantile,0
2024-07-22,-9957.506332485504,20000.0,5.684341886080802e-14,96,quantile,0
2024-07-23,644.3964537906088,20758.82695871346,1299.5097739519865,96,quantile,0
2024-07-24,-9603.438222403918,20844.704215706795,1548.3957488981794,96,quantile,0
2024-07-25,1116.7079130846719,21025.71150750503,846.8244009248333,96,quantile,0
2024-07-26,-32977.674544600384,19367.594573095044,-94.5662144533527,96,quantile,0
2024-07-29,-521.0935742462564,19999.999999999996,5.684341886080802e-14,98,quantile,0
2024-07-30,-11260.391449558485,19071.018133430676,492.064361548551,98,quantile,0
2024-07-31,2015.4024284960408,18831.327843116796,489.93466594853953,98,quantile,0
2024-08-01,3119.311560818741,17962.468105137537,624.0842068673135,98,quantile,0
2024-08-02,6541.04044660015,16923.851968216568,-9.09770196964024,98,quantile,0
2024-08-05,9379.240338106016,20000.0,-8.526512829121202e-14,98,quantile,0
2024-08-06,17096.195448179995,19416.88752446753,162.58413337615028,97,quantile,0
2024-08-07,1419.5924353453297,18735.257681906845,296.576924585289,97,quantile,0
2024-08-08,5177.776931498265,19194.929887572187,-14.226797147160283,97,quantile,0
2024-08-09,-13726.72932076472,18376.063303528164,-392.2055888118962,97,quantile,0
2024-08-12,10550.02524047193,19999.999999999996,2.842170943040401e-14,96,quantile,0
2024-08-13,-2504.124434160447,19778.977053122333,-529.4759133374405,96,quantile,0
2024-08-14,-22887.341275997464,18936.251057073074,-658.9883670461213,96,quantile,0
2024-08-15,24308.640632419243,18731.232988345193,-970.7868116318465,96,quantile,0
2024-08-16,-23371.32041430897,18461.986165505183,-1531.441700960423,96,quantile,0
2024-08-19,17373.86646973212,20000.0,5.684341886080802e-14,98,quantile,0
2024-08-20,15127.480479455013,21079.65801034102,1635.0516709449403,98,quantile,0
2024-08-21,16737.330964024986,21062.69671247979,2742.1964117877346,98,quantile,0
2024-08-22,1020.0183121985341,20870.467633289263,2282.85840506434,98,quantile,0
2024-08-23,-3826.276007862026,18946.580757316788,864.9494235755291,98,quantile,0
2024-08-26,-2637.3856252510427,19999.999999999996,-2.842170943040401e-14,98,quantile,0
2024-08-27,-11330.525270123557,19518.18710927518,-0.23626155646795155,98,quantile,0
2024-08-28,21754.5402222311,19439.01393346499,192.93065849410144,98,quantile,0
2024-08-29,-17331.17814302928,18099.256868862805,-1323.1885962848332,98,quantile,0
2024-08-30,39887.212354534975,16513.651994987864,-604.5829546071768,98,quantile,0
2024-09-03,-24753.222605061732,19999.999999999996,-8.526512829121202e-14,96,quantile,0
2024-09-04,11975.508307506032,21462.86767970203,-1642.3721731237597,96,quantile,0
2024-09-05,-2936.0114252552607,20969.11367275639,-1497.3394319380714,95,quantile,0
2024-09-06,-14807.048578918415,20935.219016224935,-1273.6496042705303,95,quantile,0
2024-09-09,29169.10851654575,19791.666666666664,208.3333333333332,95,quantile,0
2024-09-10,2099.147368985031,19152.51956837332,-161.34532136427563,95,quantile,0
2024-09-11,370.6721303564342,18799.093006671716,-342.88126816799087,95,quantile,0
2024-09-12,-16903.020289090717,18964.904858540453,110.33418806841712,95,quantile,0
2024-09-13,9795.236032096462,18520.58893722334,-207.2776957845599,95,quantile,0
2024-09-16,-8694.69353014141,20000.0,-5.684341886080802e-14,98,quantile,0
2024-09-17,5194.467925984653,20167.451723380877,157.07286835763122,98,quantile,0
2024-09-18,-2762.032424525101,19766.60871487503,15.660300202780917,98,quantile,0
2024-09-19,-2522.965677420835,19110.76897974821,137.15238781521688,98,quantile,0
2024-09-20,1056.3958824198796,18528.414857228025,52.64838057570756,98,quantile,0
2024-09-23,4442.769992236191,19999.999999999996,5.684341886080802e-14,98,quantile,0
2024-09-24,-2196.6305380758854,19428.813740018082,106.01637439015101,98,quantile,0
2024-09-25,4189.492058939865,19887.61710939294,72.17428643231469,98,quantile,0
2024-09-26,-7422.994293336883,19119.929092574097,309.47933741456416,98,quantile,0
2024-09-27,3136.3798917565105,18771.381255245633,106.70559645136618,98,quantile,0
2024-09-30,11700.52038882332,19999.999999999996,1.1368683772161603e-13,98,quantile,0
2024-10-01,9838.790332513265,19305.146594122005,339.4569434812027,97,quantile,0
2024-10-02,-8672.506137596738,18989.72216693165,321.95870244668174,97,quantile,0
2024-10-03,5653.15876020395,18345.24719151624,336.9330070595977,97,quantile,0
2024-10-04,-8633.508507289967,18132.561757435025,453.09937175566114,97,quantile,0
2024-10-07,7423.955428227012,20000.0,-5.684341886080802e-14,98,quantile,0
2024-10-08,4569.019972508392,19728.680185778667,-75.11050019978813,98,quantile,0
2024-10-09,5756.4374868476,19371.931895438232,-209.059274106426,98,quantile,0
2024-10-10,-1927.7156238111183,19182.483967067405,-661.6952383636012,98,quantile,0
2024-10-11,81.2597418347001,18693.463863738107,-602.0087732897875,98,quantile,0
2024-10-14,11823.825168918276,19999.999999999996,5.684341886080802e-14,98,quantile,0
2024-10-15,684.1528203183191,20285.52766860524,42.35957448935997,98,quantile,0
2024-10-16,1061.992602102558,19832.032664803348,207.8011305918665,98,quantile,0
2024-10-17,-8968.416364736284,18774.384704886415,165.08704019933515,98,quantile,0
2024-10-18,10256.098455299994,18396.780746768985,522.0024920426224,98,quantile,0
2024-10-21,-3788.2964930345506,19999.999999999996,-8.526512829121202e-14,98,quantile,0
2024-10-22,7321.752409307666,21516.423733433643,-1187.6215192729865,98,quantile,0
2024-10-23,17396.744049601028,21166.16609999835,-711.7329443279332,98,quantile,0
2024-10-24,-1252.827087197747,20453.788604241614,-990.1530535541038,98,quantile,0
2024-10-25,17820.218421094127,20478.47612458717,-636.0873718145766,98,quantile,0
2024-10-28,-11226.315015248781,20000.0,-8.526512829121202e-14,98,quantile,0
2024-10-29,2942.969969790493,19542.26342522851,125.97739113933201,98,quantile,0
2024-10-30,-335.69863419438155,19125.712433776167,268.82269700476434,98,quantile,0
2024-10-31,5415.099857702054,18845.875909033777,168.6855545542635,98,quantile,0
2024-11-01,136.39406971671494,18412.355326935507,300.73429962070924,98,quantile,0
2024-11-04,-2456.6091701509645,20000.0,0.0,98,quantile,0
2024-11-05,11334.573578076433,19350.980548181047,-371.159513675698,98,quantile,0
2024-11-06,-14411.416696519895,17851.784926983397,597.7287777963127,98,quantile,0
2024-11-07,3048.7936484736397,17764.67545532794,508.2910096642718,98,quantile,0
2024-11-08,-4063.736610758122,17077.504646888636,274.27829506191455,98,quantile,0
2024-11-11,7263.384992463698,20000.0,5.684341886080802e-14,96,quantile,0
2024-11-12,7290.003316822657,19066.72434353134,-342.48607939007843,96,quantile,0
2024-11-13,-5598.252874776873,19168.8722983104,-263.51569638590826,96,quantile,0
2024-11-14,-6387.537796381275,19452.59273338586,-56.47983195593059,96,quantile,0
2024-11-15,-13434.91411185475,19895.943376829728,-120.14710545402107,96,quantile,0
2024-11-18,13133.540385519225,20000.0,5.684341886080802e-14,98,quantile,0
2024-11-19,13947.752899670468,20841.412207117286,1259.220033800183,98,quantile,0
2024-11-20,-13190.359947021932,21766.111103690982,2161.113421751849,98,quantile,0
2024-11-21,18244.32792277929,24028.30812140815,4583.982490440251,98,quantile,0
2024-11-22,-1998.9406810463724,23788.09414115163,4368.093799584067,98,quantile,0
2024-11-25,-89.03935884109575,19999.999999999996,0.0,98,quantile,0
2024-11-26,10597.43833811172,19200.348807243245,197.48396890683674,98,quantile,0
2024-11-27,-10896.71109354629,18821.000259853936,207.9693959202248,98,quantile,0
2024-11-29,7199.4936695122315,17934.311533307093,-91.46219321837134,98,quantile,0
2024-12-02,-8009.315403337353,20000.0,5.684341886080802e-14,98,quantile,0
2024-12-03,1986.673249215496,19637.696015602338,-8.241234844586188,97,quantile,0
2024-12-04,14381.10525432156,19148.698684435338,154.91409324127122,97,quantile,0
2024-12-05,3406.2658523859,18585.093998149776,10.457092671451676,97,quantile,0
2024-12-06,-9800.139405447931,18374.212241141613,-106.30773152034268,97,quantile,0
2024-12-09,18966.225658327476,19999.999999999996,1.9895196601282805e-13,98,quantile,0
2024-12-10,18516.657682534256,19409.62359042172,-33.786684813451814,98,quantile,0
2024-12-11,-10606.400227633501,18349.325108724202,-90.77760765584003,98,quantile,0
2024-12-12,-2495.7319611143253,18294.411207539713,-280.10324252160194,98,quantile,0
2024-12-13,2526.739853104668,17489.44551497223,82.31354698237931,98,quantile,0
2024-12-16,6099.0752046702155,19999.999999999996,0.0,96,quantile,0
2024-12-17,2617.8265827671476,19287.87643114811,316.5120265737356,96,quantile,0
2024-12-18,12326.155895720656,18658.21335529486,-1379.0080905195223,96,quantile,0
2024-12-19,-13630.815491940566,19081.8563137401,-1665.0418294259848,96,quantile,0
2024-12-20,27213.981913636893,19449.35053561155,-903.6456777866049,96,quantile,0
2024-12-23,-15592.55857849088,19999.999999999996,5.684341886080802e-14,98,quantile,0
2024-12-24,11849.768805387865,19638.145763579443,535.2065406940815,98,quantile,0
2024-12-26,-4298.560590242418,18590.13917897714,414.78986562793943,98,quantile,0
2024-12-27,-7537.336958963844,17757.904277197846,156.0036723227854,98,quantile,0
2024-12-30,12023.773017576594,20000.0,1.1368683772161603e-13,98,quantile,0
2024-12-31,21602.037255124644,19947.05244287907,183.09092452806325,98,quantile,0
2025-01-02,-3634.2488025195385,19442.411226111057,132.42260561419272,98,quantile,0
2025-01-03,11056.981340412904,19195.2268531749,57.15491838929279,98,quantile,0
2025-01-06,-3287.0893837209924,20000.0,2.842170943040401e-14,98,quantile,0
2025-01-07,12191.318903779927,19498.479034782224,195.91548705224508,98,quantile,0
2025-01-08,-3221.772230224582,19337.68779209957,9.473202605833308,98,quantile,0
2025-01-10,4199.356987836558,17978.884210544074,-350.2524140452111,98,quantile,0
2025-01-13,9263.294759169501,20000.0,-2.842170943040401e-14,98,quantile,0
2025-01-14,1465.5775363587604,19985.636830776308,142.04600637737644,98,quantile,0
2025-01-15,11603.024048004127,19212.953273099763,-101.60169809987127,98,quantile,0
2025-01-16,1319.3889282395844,19496.454042897407,-1152.8522262632948,98,quantile,0
2025-01-17,3742.1156593939068,19010.75612114137,-970.8109367239633,98,quantile,0
2025-01-21,-3429.5971050525695,20000.0,5.684341886080802e-14,98,quantile,0
2025-01-22,-19789.721459168446,20500.91413704527,702.1691969384646,98,quantile,0
2025-01-23,12997.478579813851,19834.08577091377,452.5598382466775,98,quantile,0
2025-01-24,8785.706088940342,18907.88793402491,3.363021007115549,98,quantile,0
2025-01-27,-24913.893782531643,19999.999999999996,-8.526512829121202e-14,98,quantile,0
2025-01-28,4302.378121113259,20565.76887241972,1287.6024435320633,98,quantile,0
2025-01-29,-3732.9276378368468,20620.100532062672,1707.5760767573806,98,quantile,0
2025-01-30,1583.0092662698476,19960.30512325462,1684.4139722407767,98,quantile,0
2025-01-31,-4176.72990496657,19950.531318735717,2230.095882586978,98,quantile,0
2025-02-03,-4612.6966036413905,20000.0,-5.684341886080802e-14,98,quantile,0
2025-02-04,12558.442828344636,19578.814635978903,175.7789138149293,98,quantile,0
2025-02-05,7908.513131520751,19259.308593220245,125.30852058864076,98,quantile,0
2025-02-06,-6902.8665439338,18770.77671404032,331.98030034255703,98,quantile,0
2025-02-07,2216.894180839834,18613.978573974575,399.38037487852966,98,quantile,0
2025-02-10,1491.8627748180395,19999.999999999996,1.4210854715202004e-13,98,quantile,0
2025-02-11,5127.990105797383,19274.4020275492,217.3854175712657,98,quantile,0
2025-02-12,6361.423268919723,18910.64475956728,456.34573374612813,98,quantile,0
2025-02-13,-3099.3257601621317,18457.85589460898,435.5085550841811,98,quantile,0
2025-02-14,748.7922127878676,17892.352426512014,368.4913514478477,98,quantile,0
2025-02-18,-1585.4025842379203,20000.0,5.684341886080802e-14,98,quantile,0
2025-02-19,-2998.8138440468297,19505.380669881604,626.8241703156838,98,quantile,0
2025-02-20,3100.26936945823,20200.221705544634,749.1486467563633,98,quantile,0
2025-02-21,17008.8880324683,20395.872406670736,1444.3285790325374,98,quantile,0
2025-02-24,-6851.639132821524,19999.999999999996,-2.842170943040401e-14,98,quantile,0
2025-02-25,14033.499586301587,19864.745239508677,-165.87067559051695,98,quantile,0
2025-02-26,-2868.5354132983557,20229.630043594003,-53.16473408503023,98,quantile,0
2025-02-27,-9083.307978815574,19059.20810860458,-158.47476574288146,98,quantile,0
2025-02-28,-4636.179061547654,18142.61777181812,-765.6826247055703,98,quantile,0
2025-03-03,4164.173589390106,19999.999999999996,-2.842170943040401e-14,98,quantile,0
2025-03-04,9712.264091903773,19592.660248179072,659.5697180667582,98,quantile,0
2025-03-05,-7739.1435762017145,19379.704816260863,388.9756186076716,98,quantile,0
2025-03-06,-7909.372912361191,18769.131676130713,793.091458615052,98,quantile,0
2025-03-07,-384.07736986708767,18256.692281055497,598.1546484461466,98,quantile,0
2025-03-10,8627.042887178188,20000.0,-2.842170943040401e-14,98,quantile,0
2025-03-11,21152.421437280525,21314.019153409383,39.28975436092253,98,quantile,0
2025-03-12,-17469.473389928993,20703.758226350983,-522.2416519401058,98,quantile,0
2025-03-13,9246.729453407828,19875.472188022875,-779.1320254067144,98,quantile,0
2025-03-14,10460.311814347171,20071.926598328366,-428.49150018937496,98,quantile,0
2025-03-17,-8388.703493944644,20000.0,1.1368683772161603e-13,98,quantile,0
2025-03-18,4832.210492897438,20482.166232858315,-213.7830608025761,98,quantile,0
2025-03-19,15887.127148137264,20318.8045199235,-218.48392337771978,98,quantile,0
2025-03-20,-2505.1476197099682,19629.624742291628,-250.06929946877597,98,quantile,0
2025-03-21,1810.6452676359704,19720.75641282041,719.3729293221527,98,quantile,0
2025-03-24,11423.485024339943,20000.0,2.8421709430404007e-13,98,quantile,0
2025-03-25,9463.328685651784,20221.71428792152,248.62129384542314,98,quantile,0
2025-03-26,992.5651143848547,19690.210969708663,69.45803114032876,98,quantile,0
2025-03-27,13286.829803414257,19570.03550609812,337.7411046762346,98,quantile,0
2025-03-28,-3847.0000241671664,34820.57333509188,6553.4476697844,98,quantile,0
2025-03-31,-14573.983177519422,19999.999999999996,5.684341886080802e-14,98,quantile,0
2025-04-01,12357.556120279334,19664.819853141194,-33.371346529164185,98,quantile,0
2025-04-02,328.45804744516516,19434.218408781056,-59.16983372813198,98,quantile,0
2025-04-03,-16312.694803608942,18144.084329552443,-118.02535336307852,98,quantile,0
2025-04-04,-3002.2664055607584,18000.822535490697,-396.69759467793097,98,quantile,0
2025-04-07,3730.9495086865727,20000.0,-1.9895196601282805e-13,98,quantile,0
2025-04-08,6917.757044340244,19388.198990642824,-87.62208946702088,98,quantile,0
2025-04-09,2996.5987644727174,20732.66312360851,-333.90167375983697,98,quantile,0
2025-04-10,-24421.525757878375,20297.37085748556,-468.1521502414462,98,quantile,0
2025-04-11,11839.676368662604,20216.216889263866,-356.7463833086251,98,quantile,0
2025-04-14,10255.988249208809,20000.0,-5.684341886080802e-14,98,quantile,0
2025-04-15,9736.744021005154,19383.43437141633,-49.37609718315008,98,quantile,0
2025-04-16,9367.813017958528,19096.872887327645,39.940956513724586,98,quantile,0
2025-04-17,34012.83090772643,18387.23454814055,-357.7188483502532,98,quantile,0
2025-04-21,-3055.391982214851,19999.999999999996,2.842170943040401e-14,98,quantile,0
2025-04-22,42594.50986147922,20598.620609813275,333.3984625075011,98,quantile,0
2025-04-23,-6226.465355662405,20145.087672252514,-39.53318237370817,98,quantile,0
2025-04-24,-18120.116917195624,19544.798437491154,101.27476506016325,98,quantile,0
2025-04-25,9443.252257465074,19275.99703651946,293.34408976661814,98,quantile,0
2025-04-28,-17059.539920952775,20000.0,5.684341886080802e-14,98,quantile,0
2025-04-29,17516.199289261374,19524.26047737722,72.24380786132267,98,quantile,0
2025-04-30,6407.872927858953,19073.049116312373,76.58390651771771,98,quantile,0
2025-05-01,-3152.6445265334373,18867.499912618336,170.38900137028915,98,quantile,0
2025-05-02,4195.258042583065,18624.792740813213,164.61766121418742,98,quantile,0
2025-05-05,4426.962126218918,19999.999999999996,-1.1368683772161603e-13,98,quantile,0
2025-05-06,10904.135425148019,19203.179404374056,-46.69226271741914,98,quantile,0
2025-05-07,-8508.001373192761,18994.2432578862,-125.07321798160763,98,quantile,0
2025-05-08,6526.229353662877,18668.924671741177,522.3808011375846,98,quantile,0
2025-05-09,-175.409163825777,18114.573649072376,223.65246457302607,98,quantile,0
2025-05-12,-6791.4006240246135,20000.0,1.1368683772161603e-13,96,quantile,0
2025-05-13,28937.791185045193,20695.534552892554,835.9047079923129,96,quantile,0
2025-05-14,-23507.712267398932,20688.725476218635,273.40574142617675,96,quantile,0
2025-05-15,15202.603030547749,20422.876264049693,316.7088665461432,96,quantile,0
2025-05-16,1139.0638357536272,21114.95756126252,1730.1970183323929,96,quantile,0
2025-05-19,10077.29560102183,19999.999999999996,2.842170943040401e-14,98,quantile,0
2025-05-20,15847.463629283993,20968.11275257915,758.1424084876129,98,quantile,0
2025-05-21,33398.588227184555,22767.424125800346,2130.0902681306584,98,quantile,0
2025-05-22,-13288.990317063523,21928.210841068063,2268.4306085347616,98,quantile,0
2025-05-23,-6660.110885287999,21363.899056215763,1772.0997018406138,98,quantile,0
2025-05-27,12033.216525170757,20000.0,-8.526512829121202e-14,98,quantile,0
2025-05-28,23028.30427166099,20009.60704327672,903.8422630795443,98,quantile,0
2025-05-29,-9562.555460745893,19062.160474956207,503.95837259825487,98,quantile,0
2025-05-30,-14852.240557176096,19365.10398262643,957.4913285429593,98,quantile,0
2025-06-02,8007.127446934179,20000.0,-8.526512829121202e-14,98,quantile,0
2025-06-03,7548.686797703806,19840.27906302376,-39.61399237350793,98,quantile,0
2025-06-04,-3273.2215994365333,19602.330252149968,-76.38576179016678,98,quantile,0
2025-06-05,-997.4688579185477,19497.420350123153,-386.19810112989023,98,quantile,0
2025-06-06,-2213.81241005426,19142.07241115742,-535.0445231711209,98,quantile,0
2025-06-09,6156.915987872008,19999.999999999996,-2.842170943040401e-14,98,quantile,0
2025-06-10,-2633.69790999541,19468.275086410085,29.860046381796252,98,quantile,0
2025-06-11,3252.144948125159,19269.820941640122,-8.992978612985382,98,quantile,0
2025-06-12,4061.7702749970667,19081.02276372465,-78.995749692516,98,quantile,0
2025-06-13,-617.8419254172622,18802.405363235714,129.80534588620407,98,quantile,0
2025-06-16,899.0140590136135,20000.0,1.7053025658242404e-13,96,quantile,0
2025-06-17,15455.215756181857,19340.270852306658,388.27021991792435,96,quantile,0
2025-06-18,-15091.404284485589,19001.843522045914,-216.02530202977042,96,quantile,0
2025-06-20,7260.196731086655,18419.51055845993,-182.08776648782302,96,quantile,0
2025-06-23,5603.494240920038,19999.999999999996,0.0,98,quantile,0
2025-06-24,7871.1489996612645,19888.191789075696,121.82223201973179,98,quantile,0
2025-06-25,-9626.117620700114,19308.441162340758,896.4613769373948,98,quantile,0
2025-06-26,-298.87389465739574,18474.107023437624,413.39846473664755,98,quantile,0
2025-06-27,8638.300583880848,18605.034091871494,576.5776151555126,98,quantile,0
2025-06-30,11156.54100764189,20000.0,-8.526512829121202e-14,98,quantile,0
2018-07-02,0.0,10487.794396689918,-499.9999999776389,481,mvo,0
2018-07-03,13611.417167755524,10294.366553623875,-457.4919122872988,481,mvo,0
2018-07-05,3789.0519824871344,10178.953191992798,-367.55388605254086,481,mvo,0
2018-07-06,-8377.26537176959,9865.639392661908,-450.53101057880144,481,mvo,0
2018-07-09,18778.93402436853,14945.55041264196,-499.999998048396,483,mvo,0
2018-07-10,-8494.505726883157,13865.683987677026,-1154.2412632690757,483,mvo,0
2018-07-11,4315.825169248169,13928.950704707146,-903.2231887604535,483,mvo,0
2018-07-12,7065.551280421261,14236.423931589428,-284.5106804733957,483,mvo,0
2018-07-13,-5480.956136958925,13862.801567195702,-348.97269867798406,483,mvo,0
2018-07-16,-12385.251519676596,17565.891929793615,-499.99999744207383,483,mvo,0
2018-07-17,8385.022276820917,17148.433669884464,-508.56017386260845,483,mvo,0
2018-07-18,1971.1886692124951,17141.49800745467,213.0387422633789,482,mvo,0
2018-07-19,4884.65218971449,15484.415015383629,-1215.7519302939231,482,mvo,0
2018-07-20,12641.460535992903,15351.501486097923,-712.9321084022653,482,mvo,0
2018-07-23,2196.778019669699,19999.99909486227,-499.9999817961632,483,mvo,0
2018-07-24,9198.637902528215,19420.059866555486,-328.32389497129395,483,mvo,0
2018-07-25,-18361.433700851758,17747.87719336886,-1110.6482463387913,483,mvo,0
2018-07-26,15816.11283235752,17942.985793691063,-1691.146140927715,483,mvo,0
2018-07-27,-21192.674470741036,17221.725811593584,-2493.745602790436,483,mvo,0
2018-07-30,-14131.51441826446,19999.99989632238,-112.2095370181623,483,mvo,0
2018-07-31,53734.09268906015,19006.49739497751,-45.106942721549345,482,mvo,0
2018-08-01,-37500.557194157846,19009.055505683427,-48.195827730156545,482,mvo,0
2018-08-02,13902.817974633099,18370.616347519852,147.8659894414158,482,mvo,0
2018-08-03,-24682.543557563098,17416.36894328622,-160.09430694958925,482,mvo,0
2018-08-06,57813.02942314557,19999.99984944113,499.9999994990901,484,mvo,0
2018-08-07,-14298.105809908486,19789.007431655864,713.1726258776738,484,mvo,0
2018-08-08,22577.85401674052,19445.66626540369,827.1646968804498,484,mvo,0
2018-08-09,1224.917457788918,19809.05599580683,2160.457826477936,484,mvo,0
2018-08-10,-7966.024041515998,20037.372352976698,2616.058722484087,484,mvo,0
2018-08-13,-24986.77165503569,19999.999391714056,-338.0911466107661,486,mvo,0
2018-08-14,23826.477486177195,18793.85963932156,-548.4789466075248,486,mvo,0
2018-08-15,16210.25595569809,17684.18274420748,292.938554946858,486,mvo,0
2018-08-16,-9863.451706307966,17795.64125983082,-81.13578011137525,486,mvo,0
2018-08-17,-2467.9409712421107,17489.76737906381,-622.9276532673736,486,mvo,0
2018-08-20,18232.64783393801,19999.999684152666,499.9999998725325,488,mvo,0
2018-08-21,27652.061397864916,19896.953485380054,767.9787502335305,488,mvo,0
2018-08-22,-18057.757847129185,18130.93438801761,123.3116314435002,488,mvo,0
2018-08-23,6988.553398532827,18762.279516648417,1701.477987030159,488,mvo,0
2018-08-24,-1752.9523599893162,18830.92326985123,-381.6037899448056,488,mvo,0
2018-08-27,14694.40478032405,19999.998018254624,499.99999794919876,489,mvo,0
2018-08-28,17109.585649807326,18997.530058288416,619.6124546602276,489,mvo,0
2018-08-29,-31267.085086588588,18797.86613319312,453.278332614774,489,mvo,0
2018-08-30,-889.7951494986394,18023.540746618793,775.8052423238662,489,mvo,0
2018-08-31,19083.35918359487,18032.21586792264,562.146690313463,489,mvo,0
2018-09-04,-15066.453010802305,19999.996667415133,499.9999978953578,489,mvo,0
2018-09-05,847.7416464990837,20394.60780593059,-322.23658564268175,489,mvo,0
2018-09-06,1985.546146079582,20033.5498917335,-504.60216652121295,488,mvo,0
2018-09-07,5001.118570975632,19711.388730240735,-402.9607077102541,488,mvo,0
2018-09-10,-16233.906978285833,19999.998775835473,-499.99999020811526,488,mvo,0
2018-09-11,3730.0676839542352,19632.333311834223,-468.23061485107274,488,mvo,0
2018-09-12,-2059.5895413961643,19243.662125111165,-460.27062930017803,488,mvo,0
2018-09-13,7913.348999949575,18763.588728992094,-606.767761493822,488,mvo,0
2018-09-14,-1072.89123887315,18254.59487000899,-313.8588238177013,488,mvo,0
2018-09-17,5126.921925415022,20000.000455055182,408.3693299028154,489,mvo,0
2018-09-18,-6876.773350956488,19779.675265230482,1087.5341805599248,489,mvo,0
2018-09-19,6855.666539857227,18875.627631598916,1167.560876988555,489,mvo,0
2018-09-20,14474.271678385723,18223.355088940283,2087.033496374058,489,mvo,0
2018-09-21,14364.79653487465,18267.56949508132,2444.4956293969394,489,mvo,0
2018-09-24,-12925.167853143425,20000.000189422062,-499.99999048716353,489,mvo,0
2018-09-25,-8641.297917771377,20134.11510693176,-1283.2278000314118,489,mvo,0
2018-09-26,-7811.311437796916,20101.399939405233,-1648.6954039215677,489,mvo,0
2018-09-27,576.0959912825721,18971.302051318442,-1245.105758821573,489,mvo,0
2018-09-28,12400.268522546708,17371.114515491954,-1063.6749421179516,489,mvo,0
2018-10-01,2475.3007370861437,20000.00000083433,46.645102990120364,489,mvo,0
2018-10-02,9979.324551798458,19649.439829654224,100.49025887757396,489,mvo,0
2018-10-03,8454.966679311385,19490.93336119496,271.78687647842685,489,mvo,0
2018-10-04,272.62343972151456,18610.650718989065,-529.6312993116235,489,mvo,0
2018-10-05,-11454.206911162184,18592.79992838952,-120.35332923872886,489,mvo,0
2018-10-08,8513.205723201398,19859.168523464166,-640.8312344818783,489,mvo,0
2018-10-09,-6145.1399263456005,19418.53853118825,-832.8600915694243,488,mvo,0
2018-10-10,24072.457306407694,20115.989543320276,22.903107899821173,488,mvo,0
2018-10-11,-20410.576995265554,19188.526987123292,-213.95975722777098,488,mvo,0
2018-10-12,24005.02963779493,19292.617870597005,-313.4102276091544,488,mvo,0
2018-10-15,-4940.662661696835,19999.999895843175,-500.00000190766684,488,mvo,0
2018-10-16,-2005.7735420821145,20195.619562453216,-715.4777554755539,488,mvo,0
2018-10-17,-4444.97482615736,18821.943818248503,-789.5649878486237,488,mvo,0
2018-10-18,-7670.759890015771,18633.94069104745,-747.961862275369,488,mvo,0
2018-10-19,-11918.47948736217,20346.104485854332,-2002.4668861005932,487,mvo,0
2018-10-22,10779.047119083043,20000.000428362906,-500.0000002759502,487,mvo,0
2018-10-23,-45721.57396419369,19993.05085414018,-1445.1379600560044,487,mvo,0
2018-10-24,-9441.585243980675,19970.866466853164,-1006.9461887751609,487,mvo,0
2018-10-25,67337.27942334836,20088.02331354396,-824.3970179961507,487,mvo,0
2018-10-26,-59959.659256296014,20664.327751212644,-2541.831137926077,487,mvo,0
2018-10-29,-5615.177484910375,20000.00034267209,-500.0000003077426,487,mvo,0
2018-10-30,119.79117662236754,19722.1206650697,-778.2591729013835,487,mvo,0
2018-10-31,-36886.17008061357,19308.598247012058,-1774.6658862543763,487,mvo,0
2018-11-01,-5791.082903571218,18317.256189320586,-1628.4269274782218,487,mvo,0
2018-11-02,8064.691549936939,17891.850314852436,-1654.940827017732,487,mvo,0
2018-11-05,-374.942452738958,19999.99988324852,-499.9999997913198,487,mvo,0
2018-11-06,31886.84183966987,19195.71943575445,-453.20845396504006,487,mvo,0
2018-11-07,-1158.4120616460823,17929.30859158245,-241.06281736521387,487,mvo,0
2018-11-08,-2245.4746369088125,17975.980831116914,-340.31649490580094,487,mvo,0
2018-11-09,19363.743209076853,19037.57115817331,-188.00746500207052,487,mvo,0
2018-11-12,-17078.547629815683,19636.855483205527,-863.1445135750668,487,mvo,0
2018-11-13,-82835.72703509449,20890.692190274403,-2429.286953902347,486,mvo,0
2018-11-14,-50813.47939494861,20876.518169412884,-2183.541785966444,486,mvo,0
2018-11-15,-34079.52381669125,19743.405648086766,-2339.3430293874717,486,mvo,0
2018-11-16,-4144.728134723591,19006.06644302556,-2203.6407350192544,486,mvo,0
2018-11-19,5969.633994708783,20000.00022655854,-499.99999649732814,487,mvo,0
2018-11-20,1788.5892682667172,20120.769728698542,-383.8478998157656,487,mvo,0
2018-11-21,33079.352466118056,19730.575742687663,-315.05364854967956,487,mvo,0
2018-11-23,-816.86417473702,18926.782097452462,-290.2532246898563,487,mvo,0
2018-11-26,16267.72157514853,20000.000010720814,-499.99999926067807,487,mvo,0
2018-11-27,-10448.525306473355,18848.874783230895,-1035.8606407969796,487,mvo,0
2018-11-28,-1716.8316111683955,17195.898181023775,-1287.4694135215639,487,mvo,0
2018-11-29,-19693.235343012602,17262.900460562272,-1573.3704942910317,487,mvo,0
2018-11-30,13728.13797135549,16358.633902620762,-1226.011484209575,487,mvo,0
2018-12-03,3173.8555183031335,20000.000040516647,499.9999583528009,487,mvo,0
2018-12-04,-22550.579715972297,19860.87428841967,1531.546916436468,487,mvo,0
2018-12-06,-4941.455316968502,18904.8898779568,1294.8895047111082,486,mvo,0
2018-12-07,-10536.159653584547,17864.06131086117,1160.1747346329753,486,mvo,0
2018-12-10,45318.816950271495,20000.0000207432,-500.0000001383594,485,mvo,0
2018-12-11,-11519.51311312384,19689.40402402636,-391.36455011297414,485,mvo,0
2018-12-12,21909.686311515048,19764.895964047126,-656.9779797498027,485,mvo,0
2018-12-13,1022.2138040905855,18951.177414773778,-380.10784330746554,485,mvo,0
2018-12-14,7982.621723049518,18238.18182740333,-99.44144737370786,485,mvo,0
2018-12-17,4134.60052541819,19999.99888320965,-500.0000013249079,485,mvo,0
2018-12-18,617.2069725524823,20055.912678979832,-517.6337660469391,485,mvo,0
2018-12-19,-8636.644127761618,21419.89447843592,1062.156259325271,485,mvo,0
2018-12-20,283.2285701824064,23481.878412352944,1426.7712089635725,484,mvo,0
2018-12-21,40350.63127789139,23649.52869866373,1635.024414669339,484,mvo,0
2018-12-24,-41993.40726139665,20000.00051209425,-500.0000013907827,484,mvo,0
2018-12-26,-40152.09975850421,22025.23080438611,-1233.7874950447347,484,mvo,0
2018-12-27,-532.1960871878927,22230.753162071545,-1321.7328469746387,484,mvo,0
2018-12-28,37777.04410717213,21617.74389599587,-1197.339373820916,484,mvo,0
2018-12-31,12918.699062569072,18486.826364167868,-2013.1738168065488,484,mvo,0
2019-01-02,17044.42889173228,18062.022913793728,-1787.0317251134395,483,mvo,0
2019-01-03,-8620.348277021774,17782.217216398974,-1809.2677974988299,483,mvo,0
2019-01-04,3161.482374893642,18057.239600045665,-1899.4705159503528,483,mvo,0
2019-01-07,-2572.5538406007236,20000.000615535144,-500.00000014230255,483,mvo,0
2019-01-08,-1271.569538990296,19591.66407670678,-565.1443446170398,483,mvo,0
2019-01-09,-5853.846339858655,18930.452339165924,-607.0035426775403,483,mvo,0
2019-01-10,4509.914132442906,18444.519317405124,-307.4143915228183,475,mvo,0
2019-01-11,-2299.579200065329,17909.535216334116,-195.1290263247649,475,mvo,0
2019-01-14,-7519.327134571457,19999.99707152723,-500.00000112929257,475,mvo,0
2019-01-15,15846.985669911006,19495.367775246024,-582.096408151542,475,mvo,0
2019-01-16,7314.7531591893685,19369.16196703768,-262.0193525451074,475,mvo,0
2019-01-17,-5565.402250054034,18904.76724954567,-128.42612086053884,475,mvo,0
2019-01-18,-37146.44528351832,19600.453191612243,-656.643604390398,475,mvo,0
2019-01-22,5729.955852952462,19999.998244948478,-499.99999708252034,475,mvo,0
2019-01-23,6377.465606308844,19923.31843279747,-803.140965560243,475,mvo,0
2019-01-24,-121390.25754827874,19268.82725433122,-794.4352774504273,475,mvo,0
2019-01-25,87221.1383861749,18934.52952289066,-482.19391184546504,475,mvo,0
2019-01-28,11222.60691488714,19999.998844853868,-499.99989033022405,475,mvo,0
2019-01-29,-592.1621251151397,19544.4745947256,-315.75232097544296,475,mvo,0
2019-01-30,11435.041268093564,18942.275760218436,-409.66241461105443,475,mvo,0
2019-01-31,9510.584984676045,18124.610350145405,-529.0333806744698,475,mvo,0
2019-02-01,-4291.660601149428,17993.206151110156,-1794.976118763101,475,mvo,0
2019-02-04,-5078.453656709154,19999.999732032797,-71.82226930583464,475,mvo,0
2019-02-05,7159.4178614747425,20065.910937280634,467.005012819452,475,mvo,0
2019-02-06,710.7760168180315,20501.063499338732,-70.85649482449908,475,mvo,0
2019-02-07,-13901.786191915338,19910.8161335584,-465.2583833551099,475,mvo,0
2019-02-08,-7973.7522399765885,19169.846138751447,-1171.6560368315768,475,mvo,0
2019-02-11,9040.426576184542,19999.998163819055,499.9998049539412,475,mvo,0
2019-02-12,-14315.078484866008,18933.710232604917,743.6438692683029,475,mvo,0
2019-02-13,9853.555799471658,17852.971049927455,692.761747650824,475,mvo,0
2019-02-14,-4299.180671318565,17622.059373873315,781.3232017888363,475,mvo,0
2019-02-15,-7858.90201299545,16006.58692659256,-287.331034590189,475,mvo,0
2019-02-19,3504.399903723323,20000.000240065438,499.9999994375457,476,mvo,0
2019-02-20,-5584.227688865851,20032.01125364167,889.4414906142154,476,mvo,0
2019-02-21,21153.307923166987,20475.388965297716,785.61446401471,476,mvo,0
2019-02-22,-664.9937498213337,18987.47298594615,1133.516517248646,476,mvo,0
2019-02-25,-2115.0801550774186,19999.997587228347,499.9999926028823,475,mvo,0
2019-02-26,3075.917304477253,19622.18882049693,397.77269741208914,475,mvo,0
2019-02-27,-3201.8060696305856,19237.097731464666,451.34239067507616,475,mvo,0
2019-02-28,13945.084751378461,18995.497782227987,216.81174990304777,475,mvo,0
2019-03-01,-709.8509338655102,18652.059161921028,327.8897115193561,475,mvo,0
2019-03-04,1717.647397266994,19999.999759985145,499.99998324769916,475,mvo,0
2019-03-05,-10109.02584605681,20212.96099038654,1043.983603442224,475,mvo,0
2019-03-06,-4746.896257196089,19533.337265795406,937.1345705278828,475,mvo,0
2019-03-07,1510.0976966404014,18871.358218970065,661.6457105835158,475,mvo,0
2019-03-08,8730.93516806366,18868.552777704313,1161.677699650564,475,mvo,0
2019-03-11,6554.855019525829,20000.00034878557,499.99999566752996,475,mvo,0
2019-03-12,3152.502183510157,19471.042029054974,268.74370335770357,475,mvo,0
2019-03-13,-3296.9814141165484,19383.003742399644,389.08641845312667,475,mvo,0
2019-03-14,9639.761976432561,18744.83029714711,528.0672494037045,475,mvo,0
2019-03-15,9154.119511421242,18304.456548934002,516.4350850601004,475,mvo,0
2019-03-18,15074.846675273267,19999.999128829342,499.999998331928,475,mvo,0
2019-03-19,-5141.462279133741,19944.205490104177,140.60316894991192,475,mvo,0
2019-03-20,27604.56997025775,18673.22612060771,-207.11408520729015,475,mvo,0
2019-03-21,-26408.68353552742,19834.751466837224,-1227.9049438106035,475,mvo,0
2019-03-22,28461.152239656258,19162.847142885723,-2093.6204753921693,475,mvo,0
2019-03-25,11621.596717518922,19999.99767335107,499.99999690174104,475,mvo,0
2019-03-26,-3082.8965390281196,19802.29193096366,833.7165939042146,475,mvo,0
2019-03-27,-7643.6488719756135,19547.945688648404,-265.5784842725099,474,mvo,0
2019-03-28,-36012.1052815633,18776.64530332192,-153.54846990705474,474,mvo,0
2019-03-29,16734.549786961987,33289.51350430597,4027.804314456236,474,mvo,0
2019-04-01,20990.32066326508,19999.99903818725,500.000000265723,474,mvo,0
2019-04-02,-17221.687699589133,19452.720770380514,561.4926916845046,474,mvo,0
2019-04-03,326.8318737434782,19100.568360406778,719.5623109982455,474,mvo,0
2019-04-04,-36.12339621584016,18565.076253228886,460.24865661394955,474,mvo,0
2019-04-05,-6360.447690665384,18048.10839319431,467.44084363775147,474,mvo,0
2019-04-08,2199.809629113,19999.99911053329,499.99999568897914,474,mvo,0
2019-04-09,10899.494699230505,19827.29213295103,585.0731038818053,474,mvo,0
2019-04-10,1767.2914370757746,19086.209902024875,739.8210625419339,474,mvo,0
2019-04-11,-3038.49512938178,18635.41618310295,746.3634668712526,474,mvo,0
2019-04-12,-6335.054362471222,17886.29988228797,500.5556074262632,474,mvo,0
2019-04-15,2517.1937577876347,19999.999696423183,499.99999461326007,474,mvo,0
2019-04-16,-10067.408597409798,20032.870467087832,-412.9151419640512,474,mvo,0
2019-04-17,3175.562912759378,19037.099990599967,-619.3179577324946,474,mvo,0
2019-04-18,2287.3623072238897,18401.824961428054,-659.134015427785,474,mvo,0
2019-04-22,11971.027796187509,19999.999670186833,499.9999985097287,474,mvo,0
2019-04-23,14334.535567146262,20238.824623494053,564.3354669915012,474,mvo,0
2019-04-24,9726.651415809307,18761.449759502117,-92.80911393134762,474,mvo,0
2019-04-25,4176.0445879945655,19122.176733940298,-416.49441398123855,474,mvo,0
2019-04-26,-18844.383989295875,18206.63867332604,-437.578954977807,474,mvo,0
2019-04-29,6320.484340978911,19999.99947905724,499.9999931704145,475,mvo,0
2019-04-30,-440.2366257023763,19420.41697986777,-84.75888748251536,475,mvo,0
2019-05-01,5741.489412697406,19131.543465370258,-53.19806567714452,475,mvo,0
2019-05-02,-12597.552724755738,18845.48111170143,-61.640670291891205,475,mvo,0
2019-05-03,3225.91175171435,18382.059870281882,-265.32981863564237,475,mvo,0
2019-05-06,-6855.461324290245,19999.998683278307,499.99999784482947,475,mvo,0
2019-05-07,1963.849181173475,20456.019647748173,364.2797559025267,475,mvo,0
2019-05-08,18981.862880481476,19682.40185498777,51.94141659911222,475,mvo,0
2019-05-09,-3304.2890089805,19311.3052921228,13.255557337073515,475,mvo,0
2019-05-10,7083.937743661882,18841.08105519483,6.303128748342428,475,mvo,0
2019-05-13,2376.9265180197312,19999.999483932155,499.9999889025876,475,mvo,0
2019-05-14,9820.23407037057,21901.760760553694,1876.1914032554414,475,mvo,0
2019-05-15,-2073.7300186390257,20748.029893048464,785.831000628705,475,mvo,0
2019-05-16,12554.296022902548,20421.837382246034,739.9505136011702,475,mvo,0
2019-05-17,1450.1455538264845,20720.568647200933,1871.7970227405438,475,mvo,0
2019-05-20,-11346.505511603218,20000.000359099617,499.99999954165025,475,mvo,0
2019-05-21,11504.394691383082,19967.62099167316,214.23539804765318,475,mvo,0
2019-05-22,-652.6316901618524,19172.709110135052,689.4703286403095,475,mvo,0
2019-05-23,3510.789482091842,18902.80679117054,1422.7496592761179,475,mvo,0
2019-05-24,-9986.80114832832,18071.25406213537,626.9970887806467,475,mvo,0
2019-05-28,-11027.825549898973,20000.00023832115,499.99999681082255,475,mvo,0
2019-05-29,4136.022607181993,19827.754709030065,1022.0114816574386,475,mvo,0
2019-05-30,-7222.612321202823,22045.55298705789,1573.1019163148019,475,mvo,0
2019-05-31,-15432.446330902261,22893.8122684117,3908.093440264059,475,mvo,0
2019-06-03,-489.9874247829967,20000.000120788,97.07029600464516,475,mvo,0
2019-06-04,1844.0317658615172,19378.571909301147,77.02593687976582,475,mvo,0
2019-06-05,-2734.558346424441,18533.208980326242,190.3339927218078,475,mvo,0
2019-06-06,4187.356591657017,17979.773357616843,255.64311291350148,475,mvo,0
2019-06-07,-3353.401263698278,17741.47725113044,186.13059967987743,475,mvo,0
2019-06-10,6386.894284729205,19602.032700668777,649.5490203907273,475,mvo,0
2019-06-11,3455.406782966144,18879.353866069672,499.5912978897519,474,mvo,0
2019-06-12,4298.720348134831,18324.05836423658,805.4900647975666,474,mvo,0
2019-06-13,822.7206188118122,17910.41088396641,211.4941353289513,474,mvo,0
2019-06-14,-638.8884418580136,18114.291853380437,563.7825274758778,474,mvo,0
2019-06-17,5979.769462349172,19999.999442856766,499.9999955914078,474,mvo,0
2019-06-18,-19468.359333280485,19556.88069400111,211.2596766692118,474,mvo,0
2019-06-19,2486.2376099274384,18147.171838549762,182.07462471684588,474,mvo,0
2019-06-20,-6113.863344591974,18108.93225441568,-198.14438171460316,474,mvo,0
2019-06-21,-9785.162092616529,16777.610195843263,-645.6429266961253,474,mvo,0
2019-06-24,31038.375849608547,19999.999705082075,-499.9999684615219,474,mvo,0
2019-06-25,-6414.746863415567,20432.145566274354,-1138.9296829721716,474,mvo,0
2019-06-26,7383.846746006336,20654.978523317597,-743.942264540842,474,mvo,0
2019-06-27,-3468.0511146728377,19304.954680538347,-1125.5578578223647,474,mvo,0
2019-06-28,-16793.289869238022,19619.980808731416,-2731.1024648135485,474,mvo,0
2019-07-01,11800.958238432931,19999.99970074404,499.9999976594067,490,mvo,0
2019-07-02,-2241.9435926249075,19776.831211286724,509.6838560053781,490,mvo,0
2019-07-03,-388.2587200043465,19408.47209664799,417.3808895639793,490,mvo,0
2019-07-05,4214.242000222285,19137.196966018284,650.694784836491,490,mvo,0
2019-07-08,-638.9859060524301,19999.999689513068,499.9999981488325,491,mvo,0
2019-07-09,-4849.9406273754685,19258.638707766648,156.54338359102965,491,mvo,0
2019-07-10,-6213.08979357206,18589.833056068044,203.28306800892406,490,mvo,0
2019-07-11,7519.557224807759,18624.747683730053,409.3832528738737,490,mvo,0
2019-07-12,-3781.1560169937406,18062.037162174518,425.00358870717946,490,mvo,0
2019-07-15,2970.5120632973367,19999.99852011409,499.99999742732734,490,mvo,0
2019-07-16,-98.5621901587574,19550.480537769774,61.49530019382092,490,mvo,0
2019-07-17,-11042.535394642444,18969.44721680694,-391.9400754242272,489,mvo,0
2019-07-18,1414.1743780265276,18586.49511087044,-251.5814790314771,489,mvo,0
2019-07-19,8489.62545055781,17946.14856886774,-340.57626080757075,489,mvo,0
2019-07-22,-1954.7946039641129,19999.999770575367,499.9999968418801,489,mvo,0
2019-07-23,-6056.606465796264,19297.08806609456,-245.50579012644897,489,mvo,0
2019-07-24,-117.18689547867011,19138.868293219,349.20021111084793,489,mvo,0
2019-07-25,-9162.634829154946,18716.828489881325,128.28586352446408,489,mvo,0
2019-07-26,1049.5551640293907,17694.140845071128,203.08949544812265,489,mvo,0
2019-07-29,4529.8078293421995,19999.999224967316,499.9999994236441,491,mvo,0
2019-07-30,17170.240936542315,19480.448362021496,342.3237042006937,491,mvo,0
2019-07-31,-3271.9687451694053,19265.237073822515,282.6622326631128,491,mvo,0
2019-08-01,-6812.162464197838,18129.085804899813,-24.745096876733154,491,mvo,0
2019-08-02,-1798.9956230878886,17854.503890100383,168.92790333015526,491,mvo,0
2019-08-05,-5050.6896962196715,19999.99955273682,-499.9999921847813,491,mvo,0
2019-08-06,9678.935011042038,20064.44308072696,-695.6183603483737,491,mvo,0
2019-08-07,-4079.9659433197844,20051.634335181603,-665.9161003156355,491,mvo,0
2019-08-08,664.1739448702746,20408.276648847575,-1116.0760137983384,491,mvo,0
2019-08-09,-6449.740114119095,19447.126193501514,-1241.429906556867,491,mvo,0
2019-08-12,-1216.1230998464093,19999.99795549167,-499.99999390929685,491,mvo,0
2019-08-13,-4065.6968224113693,20800.239322646077,-505.0699060406862,491,mvo,0
2019-08-14,5011.919002172725,20204.17778247764,344.56699981317314,491,mvo,0
2019-08-15,-41804.62189212123,20686.582971234482,1085.550931113744,491,mvo,0
2019-08-16,19488.96924402665,20855.29615053704,560.8757064403212,491,mvo,0
2019-08-19,-10245.511764522611,19999.999518136687,239.08820256136224,490,mvo,0
2019-08-20,2900.469511883629,19390.754079070528,309.6140844625813,490,mvo,0
2019-08-21,3764.9164940405076,19730.459016843593,1253.8168615130394,490,mvo,0
2019-08-22,-31777.528309346784,19158.463921194227,938.3676915432858,490,mvo,0
2019-08-23,-14507.404898652045,18934.94067651566,1435.2089418397566,490,mvo,0
2019-08-26,14718.748327620206,19999.99970212613,-77.60174238634434,490,mvo,0
2019-08-27,7578.966962471489,19877.198709781962,-501.71193664661934,490,mvo,0
2019-08-28,-19194.18805676616,19450.490862233906,-1539.1895053714545,490,mvo,0
2019-08-29,55365.49371460147,19991.29052296287,-1239.7261980974038,490,mvo,0
2019-08-30,-18261.37457299547,18873.745009054135,-1526.8163872694975,490,mvo,0
2019-09-03,-22641.566250367585,19045.02309062066,261.88377589592983,490,mvo,0
2019-09-04,-8704.680078273306,18828.34334547433,297.212213988955,462,mvo,0
2019-09-05,-6831.327608722101,18183.3387487758,357.20680968368185,462,mvo,0
2019-09-06,-1565.1906213515501,17677.504551071786,17.017717831773393,462,mvo,0
2019-09-09,-4122.430003160964,20000.00007784708,-499.99999818196756,463,mvo,0
2019-09-10,-17503.13749198723,19612.869128456685,-1599.4988588437002,463,mvo,0
2019-09-11,5026.598629696321,18645.009985020708,-1807.5656855684065,463,mvo,0
2019-09-12,27622.6493577398,19061.017900842195,-1419.0620498108776,463,mvo,0
2019-09-13,-18838.331718036803,18214.06085036547,-1759.8710029737363,463,mvo,0
2019-09-16,-68963.23989840201,19999.99938739805,-499.99996760645615,463,mvo,0
2019-09-17,63368.71430167983,21484.37049461307,945.1334598994305,463,mvo,0
2019-09-18,73787.04306740414,22808.190409374954,2042.7800186769553,463,mvo,0
2019-09-19,-6802.58021923322,22786.51561187795,2427.752138161472,463,mvo,0
2019-09-20,-100042.03816843525,20314.221657035905,200.11122765072372,463,mvo,0
2019-09-23,6159.156941228805,20000.000086411328,-499.9999997533438,463,mvo,0
2019-09-24,-9980.968399824469,19748.487036537535,-100.05742672167911,463,mvo,0
2019-09-25,25399.919199231485,18951.522840549762,319.62167926254875,463,mvo,0
2019-09-26,-14896.192207667696,21247.805247296164,824.2166226155284,462,mvo,0
2019-09-27,-5525.328631216029,21057.08998786934,684.7415431909321,462,mvo,0
2019-09-30,12988.210420391963,19999.997704879406,-499.9999937768352,462,mvo,0
2019-10-01,-10377.746516727546,19762.696312156615,-160.75715484467622,462,mvo,0
2019-10-02,-917.8861146241392,19307.231087850912,-207.25395013922747,462,mvo,0
2019-10-03,6254.132725426013,19126.72525313782,-325.70679519349295,462,mvo,0
2019-10-04,-412.13012186676593,18887.56865647119,-322.33536427277335,462,mvo,0
2019-10-07,3366.160178824314,20000.000154058325,-500.0000001484341,462,mvo,0
2019-10-08,-17664.814802918496,19291.714737803133,-350.785872266798,462,mvo,0
2019-10-09,18065.813892200433,19606.226268344322,-606.88927305234,462,mvo,0
2019-10-10,-12051.91987773483,19429.913948341688,-809.0410202399299,462,mvo,0
2019-10-11,-6538.2723937234605,19449.970160576904,-1154.8581609737319,462,mvo,0
2019-10-14,18891.767885903784,19999.999312514807,-499.9995613215763,462,mvo,0
2019-10-15,11112.748652716331,19069.673734137792,-394.6211590139212,462,mvo,0
2019-10-16,-12040.315428803695,19011.108868653835,-991.7834536449254,462,mvo,0
2019-10-17,-2440.388868992056,18355.081826914033,-1143.262157002613,462,mvo,0
2019-10-18,3591.581625711082,17648.184431462025,-1149.2226426915354,462,mvo,0
2019-10-21,7877.740150513876,19999.99634606976,113.57560198884867,462,mvo,0
2019-10-22,-4013.1198227580016,19811.103843675763,-221.25565772840295,462,mvo,0
2019-10-23,-8548.816986160473,18894.617917216972,-499.5027853065553,462,mvo,0
2019-10-24,-1592.3454747644212,19015.189618836335,-340.85354132862085,462,mvo,0
2019-10-25,-6741.0191565251525,18555.909848427502,-1894.477366504603,462,mvo,0
2019-10-28,10181.026753030927,20000.000506042066,194.5163592353576,462,mvo,0
2019-10-29,28918.41553965149,19564.801623516632,36.05892179534742,462,mvo,0
2019-10-30,-20389.446052988827,18899.53272258029,-68.90867834100354,462,mvo,0
2019-10-31,-2812.4159060148468,18044.37014231059,726.6881362824168,462,mvo,0
2019-11-01,-6165.243959215573,18481.591876621966,-24.03338458020281,462,mvo,0
2019-11-04,-6799.949434354356,19999.999847651085,499.9999986969664,462,mvo,0
2019-11-05,11369.05860314595,19359.64833549922,898.569680143913,462,mvo,0
2019-11-06,-23425.073561481335,19731.37442283839,727.6070149606106,462,mvo,0
2019-11-07,17505.958528929354,18912.88740633693,1194.10219469043,462,mvo,0
2019-11-08,-6786.830763031766,18251.977188293182,995.5796242967407,462,mvo,0
2019-11-11,2982.4196797199975,19999.999746265537,499.99999986182473,462,mvo,0
2019-11-12,-3047.004395356449,20249.914518525962,-612.1351601060969,462,mvo,0
2019-11-13,12700.94684710637,20201.32945812745,-652.468323977091,462,mvo,0
2019-11-14,6798.235676525478,19687.07572510805,-433.15927061776824,462,mvo,0
2019-11-15,-18796.13788575135,19073.525402779323,-1061.045089941747,462,mvo,0
2019-11-18,9951.510637309759,19999.99926042111,500.0000000033814,462,mvo,0
2019-11-19,-24332.15431742096,21102.05736674323,132.1832885979277,462,mvo,0
2019-11-20,-5779.719071473203,20908.355426767914,434.98623735822406,462,mvo,0
2019-11-21,3947.4863596546566,20908.876656027456,-54.2629051155318,462,mvo,0
2019-11-22,-1982.8318670640185,19888.215941264352,-838.6975853136141,462,mvo,0
2019-11-25,4035.6694148953334,19999.999807805554,500.00000068424504,463,mvo,0
2019-11-26,4009.190925647647,19742.069139265364,623.5432972481103,463,mvo,0
2019-11-27,28509.50062941077,24370.369186173233,5916.058784377963,463,mvo,0
2019-11-29,-8365.637041473186,23218.08812398637,5370.20693747945,463,mvo,0
2019-12-02,10332.458293795173,19999.999531129924,499.9999968488957,462,mvo,0
2019-12-03,-2293.1635404578233,19380.12482935235,568.4643199719291,462,mvo,0
2019-12-04,-8609.236474798741,19355.14693856703,429.2558153653516,462,mvo,0
2019-12-05,7244.068044647772,18834.075913396668,539.9413010214064,462,mvo,0
2019-12-06,2419.066717770033,18565.654278823546,537.0212975109013,462,mvo,0
2019-12-09,-8516.886282424717,19999.999670454712,499.9999995911422,462,mvo,0
2019-12-10,1998.1427529474984,19252.09969387698,-59.72431173261542,462,mvo,0
2019-12-11,7738.423488093633,19266.63150554354,-40.10418524749729,462,mvo,0
2019-12-12,-3969.9975480941703,17823.64073491337,-724.2577227277703,462,mvo,0
2019-12-13,1309.958511403595,17984.583513285554,-310.2189913788807,461,mvo,0
2019-12-16,-1232.41443454623,20000.00014989421,500.0000001983155,461,mvo,0
2019-12-17,7705.20347365701,19707.389418476312,573.3750951086071,460,mvo,0
2019-12-18,21452.866715694632,18447.120162570944,-79.4835482692141,460,mvo,0
2019-12-19,-6391.614765140862,17743.805422733127,-51.52942389027373,460,mvo,0
2019-12-20,-4163.2032675320515,16594.505220220417,-949.3420803765076,460,mvo,0
2019-12-23,11595.168946525315,19999.999868672316,499.9999996174998,460,mvo,0
2019-12-24,5363.626788889577,20158.231421073324,539.2835920301136,460,mvo,0
2019-12-26,-28384.585766349443,18747.55133009802,-82.03714452716545,460,mvo,0
2019-12-27,22139.66343494275,18689.631744355545,154.95835497569126,460,mvo,0
2019-12-30,10098.681458914487,19999.999572547928,499.999993000175,460,mvo,0
2019-12-31,13813.793142103917,19719.29831681058,453.8139173491862,460,mvo,0
2020-01-02,3803.4348525115424,19382.72448943506,468.30774591604876,460,mvo,0
2020-01-03,8428.256326906789,18988.717450861088,381.00392975916054,460,mvo,0
2020-01-06,-11837.865796803266,19999.993881423346,499.9999892248676,460,mvo,0
2020-01-07,-19286.83110950617,20221.179750721687,775.8578751919628,460,mvo,0
2020-01-08,-61.11103885649372,19850.236554190138,535.7047677383011,460,mvo,0
2020-01-09,174.2320990699248,18202.04890165048,1776.3659486667045,460,mvo,0
2020-01-10,-10268.74691870666,17594.41417906463,1605.4822528854504,451,mvo,0
2020-01-13,10399.30084268092,19999.999199770096,499.9999993216939,451,mvo,0
2020-01-14,20656.95883510441,19717.699716324234,482.81172239287764,451,mvo,0
2020-01-15,10482.16005434389,18971.4077275108,263.1786845222275,451,mvo,0
2020-01-16,15709.70765148798,18733.072931173105,700.70725508592,451,mvo,0
2020-01-17,-13707.478243148853,18225.821517580607,601.0666621460342,451,mvo,0
2020-01-21,9076.970553560686,19999.99874510026,499.99999791493366,451,mvo,0
2020-01-22,-28986.638722891697,20127.321283435962,-918.4453395192974,451,mvo,0
2020-01-23,-18420.2167668354,19866.23676085827,-1323.92846548115,451,mvo,0
2020-01-24,-9896.648746450557,19854.292378019094,-1008.4265897877997,451,mvo,0
2020-01-27,23165.089732455464,19999.990427020628,-499.9999921863068,451,mvo,0
2020-01-28,-9263.632535110912,18989.051714660567,-665.9428605048104,451,mvo,0
2020-01-29,6133.557009832704,18621.768293337696,-296.6238780100411,451,mvo,0
2020-01-30,16579.461198862376,18008.797904210383,392.9482003667799,451,mvo,0
2020-01-31,-4786.841483447371,19204.527502205376,-472.9852486170992,451,mvo,0
2020-02-03,5704.600067353247,19999.999442629618,-499.99997152351943,451,mvo,0
2020-02-04,2217.2710728230873,20351.118410458366,285.59392326408044,451,mvo,0
2020-02-05,-23945.49031739983,19102.41433318575,-677.4472387720157,451,mvo,0
2020-02-06,8831.317096039238,18652.930087772555,-813.6772548575065,451,mvo,0
2020-02-07,36729.01360380391,19049.918773410864,-237.30941487995668,451,mvo,0
2020-02-10,-3910.63837719225,19999.999620751158,499.9998536038356,451,mvo,0
2020-02-11,1824.9729003898176,19763.237809233477,116.58699432133182,451,mvo,0
2020-02-12,-480.40442305290225,18957.314148348203,163.03568967773876,451,mvo,0
2020-02-13,12295.19234531697,19398.347726304273,1152.446385859021,451,mvo,0
2020-02-14,-3358.5957353061976,18106.676960491102,716.4558534723204,451,mvo,0
2020-02-18,870.7254130082001,19999.99980577505,499.9999992192028,451,mvo,0
2020-02-19,9144.132962295456,19130.42190371256,253.86890207736755,451,mvo,0
2020-02-20,2840.2275837799443,20109.13647623859,1316.723420200406,451,mvo,0
2020-02-21,-4572.2470030292025,20146.76497911406,1511.8379794353648,451,mvo,0
2020-02-24,-2086.8642837582033,19999.998072001206,-500.0000004808472,451,mvo,0
2020-02-25,-22942.030075663,21795.645833605096,-943.1295126968541,451,mvo,0
2020-02-26,-29477.277213852456,21086.23680415837,-1325.680084412294,451,mvo,0
2020-02-27,3117.1076834136366,21191.313932574223,-1384.0111135676764,451,mvo,0
2020-02-28,-32905.15831381591,21886.86530018814,-1068.9640830872831,450,mvo,0
2020-03-02,51453.78810957277,19999.999914658507,-500.00000081555135,451,mvo,0
2020-03-03,859.426568994284,20636.000718376396,206.90522090902513,451,mvo,0
2020-03-04,27282.62336911616,19640.71245426292,-310.4804454402972,451,mvo,0
2020-03-05,-47816.155747508325,19904.77534062231,677.9116795258855,451,mvo,0
2020-03-06,-88054.04934755937,20051.310673800348,1086.7949853720568,450,mvo,0
2020-03-09,34298.17051550346,20000.000136699622,-500.00000011574735,476,mvo,0
2020-03-10,-5896.063901095767,20379.635861098293,-733.2360371243877,476,mvo,0
2020-03-11,-32180.61395499331,19106.213545690192,-907.2940806166974,476,mvo,0
2020-03-12,-29109.02645604881,17743.95798817935,-975.5006842005296,476,mvo,0
2020-03-13,-25829.3193572826,18299.43199219048,-704.0426526365387,476,mvo,0
2020-03-16,-10164.230225462676,19680.746802236903,-180.74688695406354,476,mvo,0
2020-03-17,22622.66835973228,19869.27850928314,108.67108971628586,475,mvo,0
2020-03-18,-16289.575793757202,18897.78415594708,291.11665305441323,473,mvo,0
2020-03-19,-56802.90444895682,18449.77970747168,310.6432892279318,472,mvo,0
2020-03-20,24635.241028179575,17663.843333649285,-21.121794576535525,472,mvo,0
2020-03-23,27214.336703734134,20000.00039285955,-499.9999999563719,475,mvo,0
2020-03-24,-1230.3678836713657,21259.491166650096,-1730.0157159067996,474,mvo,0
2020-03-25,-117858.51562447762,22390.844867893975,-2525.5775894987537,473,mvo,0
2020-03-26,88932.95192275288,23807.269508180787,-2007.832590203751,473,mvo,0
2020-03-27,-28451.77305281657,23530.567424633115,-1641.069648749577,473,mvo,0
2020-03-30,111632.46509143255,20000.000537324904,-499.9999999051849,475,mvo,0
2020-03-31,24239.77445426866,19462.680898447576,231.40203669622971,474,mvo,0
2020-04-01,-15957.16562469804,18577.01408428236,551.4547068571753,473,mvo,0
2020-04-02,-21288.48098395924,18421.414068247825,730.1493680802218,473,mvo,0
2020-04-03,-7984.199934896311,18457.847204059555,779.1576322931803,472,mvo,0
2020-04-06,35967.41743035583,20000.000453364737,-499.9999998215743,475,mvo,0
2020-04-07,26973.82139996574,21072.8809915578,125.2749160260547,474,mvo,0
2020-04-08,-22464.5620447613,22899.861928015478,-1280.8641197209683,474,mvo,0
2020-04-09,-32028.12666816222,23460.719694396892,-2080.3327999087023,474,mvo,0
2020-04-13,17156.435942566477,19540.415495497982,-959.5848000052611,477,mvo,0
2020-04-14,56793.49255958785,19986.37948199741,-971.1975492797212,476,mvo,0
2020-04-15,4846.756879921592,19511.762992377942,-247.08868285372495,476,mvo,0
2020-04-16,-18958.676757040463,20578.803138276362,1978.5610613835681,475,mvo,0
2020-04-17,-13349.28585245627,20407.746781847734,1267.4384445512135,474,mvo,0
2020-04-20,21999.52030951118,20000.000143196412,-499.999999942648,475,mvo,0
2020-04-21,25935.422078532945,19592.253177694834,-280.0817812264925,475,mvo,0
2020-04-22,23593.95239174549,18860.219948254406,-1042.8474695657096,474,mvo,0
2020-04-23,-14582.045781572899,19305.61147042961,-1279.7859648699352,474,mvo,0
2020-04-24,31104.360533509418,18683.960620455044,-1543.2925435694567,474,mvo,0
2020-04-27,-4142.000596178894,20000.000125122682,-499.99999977551414,476,mvo,0
2020-04-28,-9553.75167702636,19766.09699339102,-942.3880512131561,476,mvo,0
2020-04-29,-37045.719524412874,19863.80489063267,-1444.4493185526549,476,mvo,0
2020-04-30,-12451.142872146365,19760.439286660167,-1584.4828518376041,476,mvo,0
2020-05-01,-2145.980126270776,18958.07351591295,-1224.384652005044,476,mvo,0
2020-05-04,426.40438303247515,19999.999955047664,-499.9999996190186,476,mvo,0
2020-05-05,22937.84937832689,19616.70484692958,-354.4193938087488,476,mvo,0
2020-05-06,-4218.969946220511,18588.351567662972,-513.633168299666,476,mvo,0
2020-05-07,3620.8901504464557,19029.39888728291,-728.0152851321424,476,mvo,0
2020-05-08,24434.264740248276,19051.997107855404,-996.022569453817,476,mvo,0
2020-05-11,9685.31323682012,19999.99962820726,-499.99999773104656,477,mvo,0
2020-05-12,20462.05989506212,19056.432737735806,129.92629840353973,477,mvo,0
2020-05-13,-20954.12186878751,19549.568710888503,-206.83191336420094,477,mvo,0
2020-05-14,-14475.8342880381,19629.525009629524,-491.0823864501346,476,mvo,0
2020-05-15,19626.80972583609,18920.629731223467,-791.52280460432,476,mvo,0
2020-05-18,-56013.66333460526,19870.149178778753,-629.8508874027401,478,mvo,0
2020-05-19,31354.554700133474,18761.79567283193,-584.9953633612291,476,mvo,0
2020-05-20,1328.5522149408678,18351.562122860938,-762.1277908155622,476,mvo,0
2020-05-21,-1248.0136926193868,18521.90108259953,-1663.3151100204445,476,mvo,0
2020-05-22,-2977.043062673599,18330.56422737628,-1753.5926537259268,476,mvo,0
2020-05-26,-33683.69916132222,19999.998937012526,-499.9999993869477,476,mvo,0
2020-05-27,-22214.19262940233,23721.59937215983,-795.5940416705365,476,mvo,0
2020-05-28,-1738.1434306868582,23341.736010469976,-919.5543825082409,476,mvo,0
2020-05-29,-6735.710708139188,22525.816324733776,-1136.2865849121215,476,mvo,0
2020-06-01,5137.680483217678,19999.999332748095,-499.9999978736641,476,mvo,0
2020-06-02,-2603.235733637377,20411.640321378305,-1249.622635132674,476,mvo,0
2020-06-03,-24724.02591025173,20155.82044037661,-1848.5104537693244,476,mvo,0
2020-06-04,-57138.15806289196,20084.191070960147,-2457.809159435289,476,mvo,0
2020-06-05,-103838.59794635132,21156.177641946542,-4434.067414303242,476,mvo,0
2020-06-08,-57477.245155483324,19999.99849913031,-499.9999980750752,478,mvo,0
2020-06-09,-12921.676820712177,20377.507119331145,23.238340468334474,478,mvo,0
2020-06-10,-3852.5645040262452,19777.436682276264,718.3125801404512,478,mvo,0
2020-06-11,3734.4521022418894,19146.193600105944,1684.0954498080941,478,mvo,0
2020-06-12,-29343.96320565085,19019.433072725813,1460.8335062602007,477,mvo,0
2020-06-15,7725.8613183478765,19999.999799399022,-499.99999989852654,477,mvo,0
2020-06-16,1031.5434631219007,19693.147245904034,-577.2597896968028,477,mvo,0
2020-06-17,6626.817319932996,19249.159181367097,-571.0300036661102,477,mvo,0
2020-06-18,20922.794277155936,18719.6699818039,-801.1376708441084,477,mvo,0
2020-06-19,8654.133993126263,18002.638784271578,-903.6769512166609,477,mvo,0
2020-06-22,25836.390109094267,19999.999649579102,-499.9999988440269,479,mvo,0
2020-06-23,37877.78920406006,19183.790392036182,-861.2820832226969,479,mvo,0
2020-06-24,-33851.39565995611,18731.295425812554,-653.4680570908824,479,mvo,0
2020-06-25,6993.5438306945525,18241.084863815628,-1040.1757776751972,479,mvo,0
2020-06-26,-33728.8999480253,17631.041375301247,-1556.7994025098374,479,mvo,0
2020-06-29,16929.37046605994,19999.999922818683,-499.99999967579924,491,mvo,0
2020-06-30,19166.17510407329,19670.657581441556,-347.2853012398868,489,mvo,0
2020-07-01,9095.269681152975,19298.438071035664,-309.8018805041959,489,mvo,0
2020-07-02,12037.628945579838,18979.064494535665,-338.63789780447195,489,mvo,0
2020-07-06,10288.68549767622,20000.000155194128,-499.9999979318211,491,mvo,0
2020-07-07,23446.332402767406,19615.363698543842,-318.9794284336807,491,mvo,0
2020-07-08,3427.120585151747,19167.115708793317,-566.6968336625215,491,mvo,0
2020-07-09,-8426.969271702672,18506.341058248912,-565.0298525264668,491,mvo,0
2020-07-10,-5257.814139125999,18432.4487123006,-869.8287597186398,490,mvo,0
2020-07-13,7142.5902485050565,19999.99914858646,-499.99999778423347,492,mvo,0
2020-07-14,39215.405187760334,19354.069016659345,-854.06299343938,492,mvo,0
2020-07-15,-35285.258143079474,19279.188982990432,-1107.4443805564508,492,mvo,0
2020-07-16,24611.052995695434,18918.96010169295,-1241.7679800046274,492,mvo,0
2020-07-17,14120.600680213567,18226.56128646519,-1613.1586971010859,492,mvo,0
2020-07-20,30911.304984985974,19999.99670424837,-499.99992794983956,493,mvo,0
2020-07-21,170.60024492422522,19769.08709154499,-541.4992864358235,493,mvo,0
2020-07-22,6557.76704736845,19266.054009725198,-1019.6074986749702,493,mvo,0
2020-07-23,11133.183866063875,19146.883749772565,-670.0131498866316,493,mvo,0
2020-07-24,18743.181549719786,18869.182385803164,-637.2538431715135,493,mvo,0
2020-07-27,1533.179561519251,19999.999683718514,-448.2942795604976,493,mvo,0
2020-07-28,8915.074394862164,19933.19672400559,-46.93552827827284,493,mvo,0
2020-07-29,11126.61135856475,19065.944361318754,-729.3797342213206,493,mvo,0
2020-07-30,-4487.316204586535,18258.116057458134,-1330.5870002773577,493,mvo,0
2020-07-31,12653.41972532564,17460.340237016473,-1712.477417021247,493,mvo,0
2020-08-03,9760.098632869156,20000.000147808907,436.18769483143944,493,mvo,0
2020-08-04,2707.5068296232926,19643.516485053227,253.21409772573878,492,mvo,0
2020-08-05,1337.160196279999,19406.19521684818,114.36108882693905,492,mvo,0
2020-08-06,791.303899993796,18608.463586656944,-602.7486327045458,492,mvo,0
2020-08-07,14377.677919859972,18886.328662467105,-97.3699474222564,492,mvo,0
2020-08-10,-19740.839345145778,19813.064429503473,93.6092113565887,494,mvo,0
2020-08-11,15894.486841626394,19363.98775329167,-198.70333135909038,494,mvo,0
2020-08-12,-20836.704356340804,19097.57298274088,-2.0774487712467042,494,mvo,0
2020-08-13,14239.681602705612,19471.672414869812,222.6383130062963,494,mvo,0
2020-08-14,-6191.582212576559,18899.43522996169,-87.42545069677998,494,mvo,0
2020-08-17,37611.23425303701,19930.679952871156,474.8091454030324,494,mvo,0
2020-08-18,2466.476594148714,19574.360662283732,277.6871070586925,494,mvo,0
2020-08-19,17420.055793019117,19261.609742023044,348.2058370747005,494,mvo,0
2020-08-20,-16310.032574260618,18722.451383712618,322.5235074319999,494,mvo,0
2020-08-21,18192.093902888715,18254.299034341027,496.2357997799946,494,mvo,0
2020-08-24,-16164.830576852777,20000.000003811278,499.9999994630237,495,mvo,0
2020-08-25,5121.200079738314,19366.69404296364,435.0039357651205,495,mvo,0
2020-08-26,-1474.9125726342158,19115.132172376267,60.748814203255364,494,mvo,0
2020-08-27,4613.632867229146,18786.98218678805,-90.57205002920126,494,mvo,0
2020-08-28,12595.831093325827,18724.950529416885,-268.3183110840955,494,mvo,0
2020-08-31,6020.328807071983,19999.996283144654,339.7752432403266,494,mvo,0
2020-09-01,1885.1669939404433,19454.998267994877,348.59901930338816,493,mvo,0
2020-09-02,9585.901109894377,19370.48543817771,115.72045772465032,493,mvo,0
2020-09-03,28210.867461026548,19086.847172586433,274.97231738603006,493,mvo,0
2020-09-04,-7836.451899582468,18808.467549309662,398.33644113879063,493,mvo,0
2020-09-08,7297.671073748066,19999.998284857164,-499.9999994172618,494,mvo,0
2020-09-09,13964.80198989168,19938.90418023372,-173.2959283074993,494,mvo,0
2020-09-10,13277.844575217707,18958.730489996153,-575.3022680016161,494,mvo,0
2020-09-11,7381.600718775119,18465.68823991715,-394.240733028478,494,mvo,0
2020-09-14,-2586.1584607430896,19913.49709169045,-499.99999838984064,495,mvo,0
2020-09-15,15230.681256678443,19607.076853077353,-450.3987182497018,495,mvo,0
2020-09-16,-10764.675897042205,19626.367752170703,-679.5568815502762,495,mvo,0
2020-09-17,-1750.4435076320356,19194.22913437848,-835.9688352544041,494,mvo,0
2020-09-18,14874.66812191046,18306.45313677299,-1180.1095827954284,494,mvo,0
2020-09-21,-24593.847212794513,19999.999685875235,-499.9999843543414,495,mvo,0
2020-09-22,-2181.2988784287745,20207.37773191406,-1255.055478719418,495,mvo,0
2020-09-23,13064.900611800982,17786.17874737867,-1972.7312765606443,495,mvo,0
2020-09-24,3854.5424880299197,17483.978377269603,-1924.0356979892667,494,mvo,0
2020-09-25,-1677.5763591965692,18726.292601029458,-1330.4254665192636,494,mvo,0
2020-09-28,10334.251109146016,19999.9991365299,-499.9999989204624,496,mvo,0
2020-09-29,-3393.1236394767716,19667.504408772507,-362.41311549425507,496,mvo,0
2020-09-30,4347.649028789147,19529.082205449027,-393.6311693453676,496,mvo,0
2020-10-01,-1883.4495083315949,19334.52292203357,-382.4620276741269,496,mvo,0
2020-10-02,-5882.083938355395,19241.411719304506,-440.19042377457583,496,mvo,0
2020-10-05,11986.771404476049,19999.999710307704,-499.9999987608031,498,mvo,0
2020-10-06,1917.1112072353963,19660.915835077198,-467.3447049517117,498,mvo,0
2020-10-07,-7815.616150481751,19215.55761683117,-647.711641673912,498,mvo,0
2020-10-08,-4805.550868264858,18735.76320025737,-899.1519341787397,498,mvo,0
2020-10-09,-2155.0437359867906,18218.78966840916,-1030.547404168086,498,mvo,0
2020-10-12,12957.741768718804,19999.998573417113,-499.99999789591806,497,mvo,0
2020-10-13,-2877.0058497646824,19950.229185989112,-476.66768848175735,497,mvo,0
2020-10-14,13394.946016863194,19775.282593440686,-469.7735955359748,497,mvo,0
2020-10-15,4288.0638969826805,19345.348588557525,-299.6249980586245,497,mvo,0
2020-10-16,13544.979529107133,18694.196477739137,-627.3167435759951,497,mvo,0
2020-10-19,3784.1014165417037,19999.994144575685,-499.99993281106293,497,mvo,0
2020-10-20,-8928.358927305339,20003.544426357657,-945.8196323953694,497,mvo,0
2020-10-21,1079.6813763688033,19804.881534630415,-863.267672853607,497,mvo,0
2020-10-22,-3946.331618102059,19900.473203179085,-1545.3343471266683,497,mvo,0
2020-10-23,12387.785751380858,18606.99601504273,-2628.894408560042,497,mvo,0
2020-10-26,-28733.55005338843,19999.991059866854,-499.9999980390539,497,mvo,0
2020-10-27,422026.864237064,19618.631933291046,-942.6964975895847,497,mvo,0
2020-10-28,-11013.650396188852,19429.336150386065,-1214.825440320518,497,mvo,0
2020-10-29,3949.142707050303,18852.88794139731,-1392.3403436079666,497,mvo,0
2020-10-30,-3446.3908673260225,17862.70709823835,-2001.4450817699842,497,mvo,0
2020-11-02,3041.886444092544,19999.995066795833,-499.9999992770382,496,mvo,0
2020-11-03,17177.39711842036,19739.94093875217,-528.4142313086559,495,mvo,0
2020-11-04,-69072.18604040556,19761.422105444795,-1071.23204341466,495,mvo,0
2020-11-05,-9270.974080821223,18861.321492843406,-1339.712913941513,495,mvo,0
2020-11-06,-918.7331957495437,19345.675851980464,-821.3972898203089,495,mvo,0
2020-11-09,-76663.68118771962,19999.977549312625,499.9999800258946,496,mvo,0
2020-11-10,-16561.854222114023,20330.67243440112,120.6364697919525,496,mvo,0
2020-11-11,19796.55333324806,19550.805651469545,-257.4921697833542,496,mvo,0
2020-11-12,-501.4446745222322,19548.15002704999,297.57144650645967,496,mvo,0
2020-11-13,-9507.428985566758,18937.223508425086,-68.80350541207171,496,mvo,0
2020-11-16,-1232.8047155642112,19999.989562143222,499.9999982680948,497,mvo,0
2020-11-17,-1960.7145051583475,20487.03202308923,1015.9658495333916,497,mvo,0
2020-11-18,-3725.728620401086,20649.410722724933,1241.6732311954959,497,mvo,0
2020-11-19,7711.343418300953,20145.673282340158,1182.309384242137,497,mvo,0
2020-11-20,1758.6890325771185,20345.063265533714,1589.6955795288684,497,mvo,0
2020-11-23,-13982.234480363944,19864.502679989128,499.99999991979746,497,mvo,0
2020-11-24,-985.9790141672466,19745.764721576397,0.5902803348958786,497,mvo,0
2020-11-25,-395.58640037592494,19678.67266353459,-68.47099418396553,497,mvo,0
2020-11-27,6787.227575945345,19404.458398322266,179.53955988279895,497,mvo,0
2020-11-30,-8242.69528942744,19999.96467149579,499.999995953507,497,mvo,0
2020-12-01,10206.028469920593,19757.84857380888,482.7098252863538,497,mvo,0
2020-12-02,-18987.50965748886,20083.407216931642,1052.7403235505262,497,mvo,0
2020-12-03,-6209.655578780998,20060.895784720356,1043.115163585923,497,mvo,0
2020-12-04,2777.728579828164,19310.136207111133,589.3222038042202,497,mvo,0
2020-12-07,795.9260486901065,19999.996162727526,499.9999954039383,497,mvo,0
2020-12-08,668.3048786343829,19777.139199859037,-377.52518493171465,497,mvo,0
2020-12-09,-5173.077445212152,19875.311237620113,-32.07047388140702,497,mvo,0
2020-12-10,4415.9242753621475,20236.943375872623,597.1904098307992,497,mvo,0
2020-12-11,3323.9798863364217,19939.711863528668,559.4322240326218,497,mvo,0
2020-12-14,9658.168873623787,20000.00005289924,499.9999998096426,497,mvo,0
2020-12-15,2178.870414050033,19581.980870834916,1227.557298200218,497,mvo,0
2020-12-16,2343.835190137196,19687.08447810711,1685.132961401395,497,mvo,0
2020-12-17,11868.02681347286,19116.322851489393,1717.584623229148,497,mvo,0
2020-12-18,9268.185753145599,19406.33753447681,1296.4563440980207,497,mvo,0
2020-12-21,-5336.2748147437505,19999.996091785222,499.9999992561838,497,mvo,0
2020-12-22,5830.643885203759,20693.590680656216,103.22595442530479,497,mvo,0
2020-12-23,-1677.6215179134072,20039.85227456944,-277.9477884548826,497,mvo,0
2020-12-24,3875.362450279083,18871.3104784511,-957.3623824781266,497,mvo,0
2020-12-28,17123.592282197256,18877.150403536893,499.9999996301559,497,mvo,0
2020-12-29,10560.788388658946,18646.11677156081,539.572143885544,497,mvo,0
2020-12-30,1061.7627739018988,18469.97618826998,435.9742528879127,497,mvo,0
2020-12-31,5888.900246871725,18236.131960384308,373.1992411122717,497,mvo,0
2021-01-04,-2682.6651441083895,19260.45361266455,499.9999993709135,497,mvo,0
2021-01-05,1986.1342399532803,19794.488063213965,1184.387597457106,497,mvo,0
2021-01-06,-6596.532946489346,19026.730206117438,906.650652727136,497,mvo,0
2021-01-07,9217.741162558059,18688.253920956085,868.714918769095,497,mvo,0
2021-01-08,-4095.710196119271,18486.253320407173,826.933248766958,497,mvo,0
2021-01-11,-6201.9195150693395,19371.840049695107,1086.7374871012842,497,mvo,0
2021-01-12,-3533.4909615584934,19289.357197655067,375.06313319655965,485,mvo,0
2021-01-13,341.17066454513446,19235.165293518578,282.51119326927596,485,mvo,0
2021-01-14,-3961.046755732802,19054.9914394149,414.5561842462481,485,mvo,0
2021-01-15,1352.9854592155896,19168.729469915874,90.86783645292498,484,mvo,0
2021-01-19,14636.18448909399,19999.994193117138,499.99999966900174,484,mvo,0
2021-01-20,-6914.390047052488,19460.98304871195,685.7378717810994,484,mvo,0
2021-01-21,-506.76765471052363,19079.40861235562,539.8713592321776,484,mvo,0
2021-01-22,5117.312715239192,18834.281528115665,796.7834517389138,484,mvo,0
2021-01-25,1691.9896585076751,19999.99974070929,499.99999934258875,484,mvo,0
2021-01-26,-2902.5476083132767,19596.191033569867,364.05710311210396,484,mvo,0
2021-01-27,-11506.777315572603,20078.18080685616,241.42720507104667,483,mvo,0
2021-01-28,32649.371369118602,19775.27415076616,207.10141239409762,483,mvo,0
2021-01-29,-13942.573887768638,18288.998281266042,-9.878326089920023,483,mvo,0
2021-02-01,21167.217894435413,19999.99890320428,452.66915736207966,483,mvo,0
2021-02-02,28826.87257489085,19829.477775170697,503.6529446105508,482,mvo,0
2021-02-03,6930.291803299916,19428.92190421534,454.3867021870726,482,mvo,0
2021-02-04,1183.0690719962938,19300.912263586855,-116.71907921012064,482,mvo,0
2021-02-05,5674.601447815342,19151.29334540159,-87.20959246217235,482,mvo,0
2021-02-08,9149.329168104234,19999.99447223282,499.9999956300634,482,mvo,0
2021-02-09,-975.0054928391421,19821.632542369796,474.2431306703745,482,mvo,0
2021-02-10,-4275.67380177284,19848.90919798013,837.0739183345555,482,mvo,0
2021-02-11,7112.302565397747,19655.578202400156,470.9633412789394,482,mvo,0
2021-02-12,-8540.796756798121,19346.359754530193,769.3616875120722,482,mvo,0
2021-02-16,1656.0005244092515,19999.99419778052,499.99999637694475,482,mvo,0
2021-02-17,8671.873785211968,20060.980466655892,183.60062651922277,482,mvo,0
2021-02-18,-6343.520539997283,19559.624769004575,201.94635590907234,482,mvo,0
2021-02-19,11226.789106507465,19442.86458332361,463.99100434291984,482,mvo,0
2021-02-22,1127.380887944095,19999.997454184264,499.99999816423343,482,mvo,0
2021-02-23,7351.782960307721,19522.68697385056,272.7156817057355,482,mvo,0
2021-02-24,-3602.2744395102645,19420.14594917706,480.0608627950379,482,mvo,0
2021-02-25,-13083.257368079614,19571.830726783934,1287.344695463708,482,mvo,0
2021-02-26,4261.249336512234,18877.078189114352,1050.9393285161154,482,mvo,0
2021-03-01,4343.42383236725,20000.00026392085,499.99999878220757,482,mvo,0
2021-03-02,15622.364002036673,19696.427383484446,525.3656001960708,482,mvo,0
2021-03-03,-8525.966623090038,18826.946462837477,775.3690407567686,482,mvo,0
2021-03-04,-15348.794097551874,18216.1892147897,988.2347040763136,482,mvo,0
2021-03-05,-155.18082561693316,18092.727303982745,768.3533270676428,482,mvo,0
2021-03-08,-5019.6050685231485,20000.00032044549,499.9999881582508,482,mvo,0
2021-03-09,-1215.7312066488723,20277.695215144777,157.2866439805999,482,mvo,0
2021-03-10,-5596.881135627115,19892.726685047535,-197.95160303301458,482,mvo,0
2021-03-11,-6715.275933301965,19820.8259220526,-25.772810290550492,482,mvo,0
2021-03-12,-25522.837208675526,19287.908140534706,51.42570597495496,482,mvo,0
2021-03-15,-3862.858782591668,20000.000293836783,499.9999988464703,483,mvo,0
2021-03-16,-27735.0986014327,19799.610530009137,270.4188245544268,483,mvo,0
2021-03-17,26595.697173366938,18838.7308541372,835.9113353444701,483,mvo,0
2021-03-18,18875.8301923387,18547.38044751777,1163.1779885262777,483,mvo,0
2021-03-19,4962.868392697153,19333.152249171206,191.92007991570037,483,mvo,0
2021-03-22,20987.695208390298,19999.999449459676,499.9999989802001,483,mvo,0
2021-03-23,43501.74921400581,20347.54627966595,764.8399675534954,483,mvo,0
2021-03-24,-42128.5624375132,20230.278198217922,1079.1693675818613,483,mvo,0
2021-03-25,-17546.44650757926,19549.668240549363,263.6528396600416,483,mvo,0
2021-03-26,-3549.5053570082937,18173.653683142104,630.7693625100758,483,mvo,0
2021-03-29,-5133.619415127775,20000.000340488437,499.99999886745405,483,mvo,0
2021-03-30,33162.82359812492,19725.216752485838,505.7970866267279,483,mvo,0
2021-03-31,1273.6021270716415,19486.721224444056,402.37939983280336,483,mvo,0
2021-04-01,-6329.545326376692,19174.174946053026,454.74952670594286,483,mvo,0
2021-04-05,-3410.2943082224533,20000.000005791484,500.0000000371868,483,mvo,0
2021-04-06,3421.10442642196,19963.41928832815,638.9488165122668,483,mvo,0
2021-04-07,6876.944371767552,19642.397525695014,664.2142222523256,483,mvo,0
2021-04-08,-8592.051475218363,19037.509135760756,586.0179036545861,483,mvo,0
2021-04-09,10048.534208083096,18552.419712408653,432.6372904996152,483,mvo,0
2021-04-12,12571.347796344511,20000.00002157134,500.00000015276964,483,mvo,0
2021-04-13,-633.8470138544677,19752.531907964458,505.371718673371,483,mvo,0
2021-04-14,-11894.644450502828,19283.230402009754,492.6202998991616,483,mvo,0
2021-04-15,13919.294400573184,18911.237612929417,860.5063218199768,483,mvo,0
2021-04-16,-5534.688421869682,18134.50003076951,512.4711369706895,483,mvo,0
2021-04-19,-15731.898605649569,19999.999997509054,500.00000010371656,484,mvo,0
2021-04-20,42052.41884259924,19830.76154117072,352.43697564901555,484,mvo,0
2021-04-21,10697.952068667422,18814.91520281346,62.1558810444738,484,mvo,0
2021-04-22,-1528.128333867088,18925.02271517671,820.219695702603,484,mvo,0
2021-04-23,-12282.471385484198,17682.7753592675,955.3940960532426,483,mvo,0
2021-04-26,-1830.9711371274332,20000.000007691833,500.0000002267844,483,mvo,0
2021-04-27,-7717.7605020366655,21324.384821713564,2162.1552121743043,483,mvo,0
2021-04-28,19297.884142896855,19992.101978474184,2012.3337515067872,483,mvo,0
2021-04-29,12516.599155044089,20638.891976249946,1115.5668038739952,483,mvo,0
2021-04-30,3437.167550554526,21018.22359485497,480.6911305519223,483,mvo,0
2021-05-03,-4190.913881641269,19999.999808505872,500.0000001950433,483,mvo,0
2021-05-04,13367.713757662434,19423.454040938905,485.562795929349,483,mvo,0
2021-05-05,-1383.12734814566,19037.29853940485,332.9834270587652,483,mvo,0
2021-05-06,-47.71892118147859,18736.53411613407,440.91586928910556,483,mvo,0
2021-05-07,-232.18259596542163,18596.95033824729,443.2408457943694,483,mvo,0
2021-05-10,-7569.2749097126125,20000.000317683753,500.000000094918,483,mvo,0
2021-05-11,22489.188639366363,19674.196243177328,644.3261050394315,483,mvo,0
2021-05-12,-7551.779395705803,18899.46887575201,605.6078192695744,483,mvo,0
2021-05-13,-8137.78102655577,18806.376855019615,515.8205070875715,483,mvo,0
2021-05-14,17386.677745343368,18694.03865141428,734.7659731507803,483,mvo,0
2021-05-17,-6596.565448104896,20000.000118418826,499.99999996292274,484,mvo,0
2021-05-18,7068.642416292897,19974.35967351744,535.5878712955657,484,mvo,0
2021-05-19,-124.8779899569637,20029.56149587627,373.2704897726221,484,mvo,0
2021-05-20,6406.663455942385,19957.748434181827,-27.150965574266866,484,mvo,0
2021-05-21,7131.478888094828,19730.75743937631,-77.50984843006331,484,mvo,0
2021-05-24,-10547.082975021794,20000.000267917672,500.00000011288154,483,mvo,0
2021-05-25,34503.826487785016,20510.72903584433,406.7159187927755,483,mvo,0
2021-05-26,-18214.70894463661,19562.035342501767,-254.3579142187197,483,mvo,0
2021-05-27,4194.361247388525,19135.998285195088,-421.9195413659799,483,mvo,0
2021-05-28,217.04833807103077,18865.911934534575,-307.16101094559485,483,mvo,0
2021-06-01,13864.321906838935,19999.99826782785,500.00000093729,483,mvo,0
2021-06-02,19353.842497779373,19986.35358695211,25.63531114517342,483,mvo,0
2021-06-03,-4507.729889599147,19699.88008123444,461.1469248132587,483,mvo,0
2021-06-04,-6395.838601925223,19399.309863838378,515.6088309800392,483,mvo,0
2021-06-07,36844.89006540341,20000.000402155627,500.0000001481561,483,mvo,0
2021-06-08,-8521.431711799827,19467.782413906512,800.8858561477507,483,mvo,0
2021-06-09,12665.180610688918,19361.867456302654,569.6097015650138,483,mvo,0
2021-06-10,1985.3054488169853,18522.286719237232,218.97208417434433,483,mvo,0
2021-06-11,-4394.688466235899,17848.110400824768,779.1495244647516,483,mvo,0
2021-06-14,-9175.82259489763,19999.999457022728,500.0000007933745,483,mvo,0
2021-06-15,33894.57945285225,20445.63920454316,1606.965080511351,483,mvo,0
2021-06-16,868.7749851887409,20406.116712181294,1777.4329582316768,483,mvo,0
2021-06-17,-9103.583894448482,19117.964385309697,1814.8579009604152,483,mvo,0
2021-06-18,-3031.977811281526,17891.845808116857,2390.591499367215,483,mvo,0
2021-06-21,-10031.484788059666,20000.000342407773,500.0000003322076,483,mvo,0
2021-06-22,9897.687390481751,22375.637662654764,-2829.639141012308,483,mvo,0
2021-06-23,5870.325598059309,21736.5360218224,-3093.8036000308575,483,mvo,0
2021-06-24,9812.266455739053,22582.482448396062,-2939.142286251835,483,mvo,0
2021-06-25,-334.6757485520654,21364.495439796447,-3349.875880538879,483,mvo,0
2021-06-28,-3035.2606932649396,20000.00047243175,500.00000021898524,500,mvo,0
2021-06-29,8769.42844537105,19740.90281731903,524.9408092009677,500,mvo,0
2021-06-30,-308.00188859582903,19540.24749877318,474.09618605242804,500,mvo,0
2021-07-01,9483.915830174192,21175.8719868861,2366.9168873436297,500,mvo,0
2021-07-02,4961.960789724435,20913.91968604557,2394.3256335919564,500,mvo,0
2021-07-06,-9417.28673252737,19999.999179993392,500.0000014769608,500,mvo,0
2021-07-07,-170.69611444362747,19541.596156579148,427.00487429747926,500,mvo,0
2021-07-08,-1263.7957012569748,18970.640538171792,315.50189522122946,500,mvo,0
2021-07-09,3820.528232951662,19175.913747335668,494.9505558657295,500,mvo,0
2021-07-12,-6538.042825980708,20000.00064931645,500.00000012130926,500,mvo,0
2021-07-13,5424.108380780581,19425.177510295678,219.82403679218953,500,mvo,0
2021-07-14,-2807.9293006828184,18914.898943149066,452.8682346503067,500,mvo,0
2021-07-15,1992.4723101170978,18574.04451607707,261.53610606382443,500,mvo,0
2021-07-16,1148.4645043227526,17777.36193743245,286.13937921281547,500,mvo,0
2021-07-19,10024.703163896385,20000.000081187776,499.99999967671846,500,mvo,0
2021-07-20,16265.727311250732,21179.39779300456,1155.602265567271,500,mvo,0
2021-07-21,11131.383219148023,21814.394136453066,1131.9883840645784,500,mvo,0
2021-07-22,14977.480281589007,20960.68442042306,836.784956648436,500,mvo,0
2021-07-23,10448.344582233805,20587.65976715862,932.4184604062392,500,mvo,0
2021-07-26,-44325.766776937024,19999.92439769686,499.9999990451432,500,mvo,0
2021-07-27,-1654.5857951004389,19476.759302853152,833.0153669514234,500,mvo,0
2021-07-28,11553.568139790843,18310.24771724216,1609.8171274651445,500,mvo,0
2021-07-29,-13932.270498584254,17019.043050929173,1689.6993095338419,499,mvo,0
2021-07-30,-511.8208547091053,16358.131831077762,939.3409096097729,499,mvo,0
2021-08-02,11470.043542454325,19999.99905828535,500.00000102834525,500,mvo,0
2021-08-03,-448.9724352137161,19677.93196023673,573.6182705511181,500,mvo,0
2021-08-04,-3501.360163299875,19419.19572626702,359.7628548577865,500,mvo,0
2021-08-05,5752.825264727616,19251.57812151788,406.4045779452804,500,mvo,0
2021-08-06,-7850.610932339336,18954.33717467646,335.2327074993658,500,mvo,0
2021-08-09,-5376.0477895807735,20000.000027477978,499.99999972920546,500,mvo,0
2021-08-10,-17897.73676171188,20191.78524041693,174.23951848585995,500,mvo,0
2021-08-11,6471.161780097357,19404.76861654698,264.90031625823264,500,mvo,0
2021-08-12,-654.2926812601418,18960.720108420443,328.15303181610284,500,mvo,0
2021-08-13,-4556.296223336315,18773.304511525308,126.76228981069566,500,mvo,0
2021-08-16,4309.842505436722,20000.00000211006,500.00000037557965,500,mvo,0
2021-08-17,10596.570343885063,20014.945942042697,445.9923057108249,500,mvo,0
2021-08-18,2932.774498573524,19799.616331682508,263.9686811266065,500,mvo,0
2021-08-19,-1019.0879918123983,19090.426190232545,-77.81665436482783,500,mvo,0
2021-08-20,8540.820654055118,18800.348733239916,474.4521784600224,500,mvo,0
2021-08-23,-19387.84799444285,19999.999925206786,500.00000027732034,500,mvo,0
2021-08-24,17166.9226945762,20496.915384382562,911.6762365000075,500,mvo,0
2021-08-25,3790.5853325336584,20706.490421346673,1240.1715925061937,500,mvo,0
2021-08-26,-397.08534637195396,20054.86083887616,796.8062993258628,500,mvo,0
2021-08-27,-3637.8418963362574,19113.747213210412,946.2204199626856,500,mvo,0
2021-08-30,2499.102330226726,19999.99987253276,500.00000035789645,500,mvo,0
2021-08-31,1308.5570374061774,19703.544757983833,723.4002497370977,500,mvo,0
2021-09-01,9531.820240829533,19159.3623019197,810.1723397587867,500,mvo,0
2021-09-02,-5700.470107666471,18039.207549620696,1572.905876443978,500,mvo,0
2021-09-03,1533.2019880890332,17739.379459582746,1439.8321225464333,499,mvo,0
2021-09-07,-12610.186037439835,19424.065823747274,500.00000002159084,499,mvo,0
2021-09-08,-13176.971206267119,19315.72412663446,334.3299551756413,499,mvo,0
2021-09-09,484.5376261463123,20168.9869532933,-747.7923334273072,499,mvo,0
2021-09-10,5783.162263395097,20324.048062511843,-922.6742979124089,499,mvo,0
2021-09-13,9541.481644483667,19999.995016581317,499.99999986505367,499,mvo,0
2021-09-14,-3905.1677622569446,18764.034824219478,517.9913428350466,499,mvo,0
2021-09-15,7076.807845153192,18861.88727326551,492.16746377930855,499,mvo,0
2021-09-16,7877.823658720101,18753.952754035723,924.5381949560576,499,mvo,0
2021-09-17,-15391.311491338553,17925.96938514224,1337.3818206385365,499,mvo,0
2021-09-20,-1669.259216356938,19999.995065214014,-499.99994506233253,499,mvo,0
2021-09-21,-6824.847982912664,19248.15681837208,-373.7053127690543,499,mvo,0
2021-09-22,9927.94460763939,18996.194392437636,-218.11442051756717,499,mvo,0
2021-09-23,11635.80406827409,18084.47688544974,-600.5432484589601,499,mvo,0
2021-09-24,-4486.793620101721,17011.68159419141,-916.219241210675,499,mvo,0
2021-09-27,10856.506022678923,20000.000074252464,499.999982520372,499,mvo,0
2021-09-28,-6989.535819095347,19430.868802431218,653.6333687831252,499,mvo,0
2021-09-29,904.591785946993,19157.203002669565,609.9238610529178,499,mvo,0
2021-09-30,2532.023872086757,18474.64660605066,381.22892564941213,499,mvo,0
2021-10-01,6841.112498944869,18606.6078237855,652.4106012090401,499,mvo,0
2021-10-04,-6521.210798534952,19999.997613757543,32.53755759687884,500,mvo,0
2021-10-05,6456.94014449023,20014.970100398747,121.3131848212862,500,mvo,0
2021-10-06,-10343.83648508677,19784.628804879936,-66.62527628067487,500,mvo,0
2021-10-07,7365.676406886073,19724.28585419602,-157.98255055862424,500,mvo,0
2021-10-08,233.90741198658654,19280.97849508109,-25.479982919864703,500,mvo,0
2021-10-11,-2730.6298256508453,20000.00010264481,-336.73770115109045,500,mvo,0
2021-10-12,9893.17162523221,19762.715138543896,-17.461411377065495,500,mvo,0
2021-10-13,-1684.5139451040652,19220.601515358307,-248.05721542534855,500,mvo,0
2021-10-14,-3261.5701521355227,19039.032854439167,-290.352698946272,500,mvo,0
2021-10-15,-10839.639955898656,18905.0916729459,-309.69455644536345,500,mvo,0
2021-10-18,16434.0009231565,20000.000105882435,499.9999998012614,500,mvo,0
2021-10-19,-784.6217403200001,19422.837929958245,402.1944636786439,500,mvo,0
2021-10-20,-11110.595302568674,18829.006599255237,356.20333162715957,500,mvo,0
2021-10-21,14312.405793655005,18578.114334419588,321.2345487620534,500,mvo,0
2021-10-22,-14486.8883978985,17641.723662668348,-19.778950342936977,500,mvo,0
2021-10-25,-7335.12201716758,20000.000147927545,499.99999966189387,500,mvo,0
2021-10-26,-5279.211810812317,19932.728007316826,1205.169804196054,500,mvo,0
2021-10-27,21436.479772175677,19638.294311886828,1562.0045924130532,500,mvo,0
2021-10-28,-14809.566364902244,18364.880738995955,1827.5654192482946,500,mvo,0
2021-10-29,-6777.944194093516,17273.900202567238,1612.7433383031819,500,mvo,0
2021-11-01,7516.194046588378,20000.000050074916,499.99999934427336,500,mvo,0
2021-11-02,1088.0552824203273,19364.34460320719,651.2588845683788,500,mvo,0
2021-11-03,-1786.9138765136593,19056.661540638444,711.1139471847009,500,mvo,0
2021-11-04,4641.673332376005,18430.994438733003,208.0538507182151,500,mvo,0
2021-11-05,5830.556567103673,17925.563229145693,260.20347625052904,500,mvo,0
2021-11-08,1498.2079170501227,19999.999995795722,444.42404798683253,500,mvo,0
2021-11-09,-1670.5716976191047,20023.982866538976,838.3591049519943,500,mvo,0
2021-11-10,5895.486893529822,19622.95089606164,879.8042001365226,500,mvo,0
2021-11-11,-6510.908008945218,19378.263173429696,1271.5902305696004,500,mvo,0
2021-11-12,6565.6902084611,19059.246531784804,1148.434797769693,500,mvo,0
2021-11-15,-3219.164590280888,19999.999900969437,499.9999989287061,500,mvo,0
2021-11-16,13593.119258297169,21875.163618468167,-766.4473877590902,500,mvo,0
2021-11-17,-1908.501189230066,21469.85824992245,-944.4135847150758,500,mvo,0
2021-11-18,-7348.544964857911,20679.079778496074,-947.0637193248645,500,mvo,0
2021-11-19,-626.2095174327807,21211.65479974107,-693.068634932865,500,mvo,0
2021-11-22,-13499.24973171068,19999.999789840782,499.99999483495077,500,mvo,0
2021-11-23,1979.3928978569274,20125.509506554645,749.7395627167302,500,mvo,0
2021-11-24,2127.3147953317716,19928.852117735973,322.3756733475792,500,mvo,0
2021-11-26,38283.1672162536,21976.082533696685,-3065.642248932765,500,mvo,0
2021-11-29,-14257.467445229062,20000.000044344397,-499.9999997082288,500,mvo,0
2021-11-30,2853.7102555009533,19265.803421606917,-640.3021292557784,500,mvo,0
2021-12-01,3640.0262463665717,18368.323684690346,-860.0634846495528,500,mvo,0
2021-12-02,20437.676343330902,18939.943023775784,-643.4949724975742,500,mvo,0
2021-12-03,2187.7837415172585,18465.255002423786,-786.5963657780679,500,mvo,0
2021-12-06,10211.428167025393,19999.997926049316,-500.00000060683857,500,mvo,0
2021-12-07,-187.35009004777083,19920.101418655995,-516.757584360937,500,mvo,0
2021-12-08,3454.106658770168,19611.461492998704,-566.1151732995099,500,mvo,0
2021-12-09,13059.99261281794,19175.794923758735,-545.7298116092095,500,mvo,0
2021-12-10,6502.138808726047,18722.568298206566,-501.20510839678496,500,mvo,0
2021-12-13,-5597.47408893977,20000.000183696302,-499.99999488932417,501,mvo,0
2021-12-14,-908.2624750468702,19748.631049639964,-541.9423485743145,501,mvo,0
2021-12-15,-39627.682096793425,19915.753125863903,-758.3943707247963,501,mvo,0
2021-12-16,-23206.107756984125,19263.335346691933,-474.1547338334763,501,mvo,0
2021-12-17,12456.662272515876,18997.82558827827,-458.96023167355105,501,mvo,0
2021-12-20,-4026.321374033889,19999.999738159153,-499.99999937619987,501,mvo,0
2021-12-21,-830.690539409826,20275.95532441476,-1554.9744396155647,501,mvo,0
2021-12-22,12162.184489693605,19620.425926245684,-1769.3526480257021,500,mvo,0
2021-12-23,61.262271525406376,19217.16894653288,-1598.0058965211285,500,mvo,0
2021-12-27,3196.432201143497,19999.99909770229,41.495039518074556,500,mvo,0
2021-12-28,-30395.33292679704,20125.45307781625,-1188.782885183227,500,mvo,0
2021-12-29,5311.6143219842825,19270.25981831127,-1337.66496258432,500,mvo,0
2021-12-30,-81687.15027442637,19322.03533837059,-1711.0089415983834,500,mvo,0
2021-12-31,133375.82151209784,17762.31082641161,-326.7128857373287,500,mvo,0
2022-01-03,-76901.58875035348,19999.9956761377,179.9541716012969,503,mvo,0
2022-01-04,2915.539170573087,19629.70325785514,219.59966019308027,503,mvo,0
2022-01-05,-5125.640839302561,18951.90099625172,688.9773693157692,503,mvo,0
2022-01-06,-2600.815726327777,18740.121181252463,668.0265403408281,503,mvo,0
2022-01-07,-775.2671756545517,18391.27053177738,542.9254125644215,503,mvo,0
2022-01-10,7698.727947861274,18978.57234592668,-1337.8543359483212,503,mvo,0
2022-01-11,-3490.1207284414927,18681.870123869787,-1714.9696968725827,491,mvo,0
2022-01-12,-4237.246740158159,18373.109973093182,-1879.0878292471543,491,mvo,0
2022-01-13,-10953.934761428152,17863.5100744252,-1450.2791505526025,491,mvo,0
2022-01-14,-1642.2713599834988,17563.455198672655,-1375.3268410009293,491,mvo,0
2022-01-18,-16830.38332310915,19999.999256569692,-500.0000038698286,491,mvo,0
2022-01-19,5797.607199692393,19258.397478402858,-132.4806517942461,490,mvo,0
2022-01-20,8200.399775924983,18401.113342470642,112.1251110709636,490,mvo,0
2022-01-21,3348.425237987135,18536.77596917159,-401.0961013161313,490,mvo,0
2022-01-24,-19345.613535051165,20000.000294240144,-500.00000011676144,490,mvo,0
2022-01-25,9771.558260996919,19579.36265973819,402.2133035825703,490,mvo,0
2022-01-26,-12079.802362314582,20032.33785705283,-487.26750883023556,490,mvo,0
2022-01-27,1345.6519360089953,19520.42540156009,-899.2424984823276,490,mvo,0
2022-01-28,-10318.063284133506,19640.229646854204,-1343.1889741284604,490,mvo,0
2022-01-31,38539.22266303241,20000.000251660153,-499.99997652430187,491,mvo,0
2022-02-01,717.5975617435954,19443.241717217097,-180.1586605440456,491,mvo,0
2022-02-02,-5945.419123021938,19411.601631642796,-419.3802312535249,491,mvo,0
2022-02-03,-8851.823378185652,19078.034714779926,-698.4248631731791,491,mvo,0
2022-02-04,-857.2384617634297,19006.751989810044,-522.9877440447907,491,mvo,0
2022-02-07,-1614.0487968982031,20000.00005248456,-499.99999960798436,491,mvo,0
2022-02-08,21304.993717948455,19025.89786035733,-562.5086901597175,491,mvo,0
2022-02-09,-6407.642827556263,18929.02883216072,-1659.0419065187923,491,mvo,0
2022-02-10,19734.339528886863,18626.329109405306,-1658.1160818515511,491,mvo,0
2022-02-11,-32725.965986294563,18420.071799846362,-1576.6444286696938,491,mvo,0
2022-02-14,6359.333992470252,19999.99964842292,-499.99999989133863,491,mvo,0
2022-02-15,10356.391966342244,19281.988860663536,-661.7051838878815,491,mvo,0
2022-02-16,3591.3572760950096,19424.03006293169,308.2338616744092,491,mvo,0
2022-02-17,8105.067328900749,19122.402169436085,692.2297791119745,491,mvo,0
2022-02-18,-5152.866529870781,18490.64346629231,755.1206136378268,491,mvo,0
2022-02-22,6955.835801745458,19999.9999027058,-499.9999867260826,491,mvo,0
2022-02-23,12013.282233873451,19087.327338624465,-1147.4983361786954,490,mvo,0
2022-02-24,-36578.86113263396,19482.740666927388,-3135.1496501611027,488,mvo,0
2022-02-25,-549.5871184385961,20504.78984830907,-5313.274562391029,487,mvo,0
2022-02-28,-12621.56996182204,19999.99779882092,-500.00000052401754,487,mvo,0
2022-03-01,-10098.023939462584,15823.766523929025,-584.292920493693,385,mvo,0
2022-03-02,1843.3697964814874,15794.183299927521,-719.8349253891375,385,mvo,0
2022-03-03,-1348.5234155519652,15518.419664260477,-750.5305203558323,385,mvo,0
2022-03-04,-4092.3094672743387,15429.849801270546,-439.9002909269964,385,mvo,0
2022-03-07,-2875.834538400948,19396.653383236095,-435.5856773880784,385,mvo,0
2022-03-08,1372.9922423092983,19433.687491162582,125.53353971507839,383,mvo,0
2022-03-09,8589.53772952574,20045.134678128263,47.69593913400532,383,mvo,0
2022-03-10,-2018.9344773137232,19883.52520325053,170.55241300988155,383,mvo,0
2022-03-11,-490.64157269439966,19782.100415901787,412.8458522805117,383,mvo,0
2022-03-14,-11553.045961295607,19999.99891044739,-500.0000005854644,389,mvo,0
2022-03-15,14596.41751570854,19913.60996574632,-844.9551318209747,389,mvo,0
2022-03-16,11112.72514084239,20019.57985347258,-670.8347100705406,389,mvo,0
2022-03-17,3742.877150350989,19879.12321545144,-693.58651441009,389,mvo,0
2022-03-18,-587.3278033960429,19525.617046032312,-717.2858401305248,389,mvo,0
2022-03-21,5909.158400641089,19999.999994047746,-499.9999605150082,489,mvo,0
2022-03-22,39955.67811111357,19810.555316598267,-569.3231498807822,489,mvo,0
2022-03-23,-19557.239934256708,19634.819690457596,-552.3552328551012,489,mvo,0
2022-03-24,16970.75613331638,19493.92557745935,-739.5776913742255,489,mvo,0
2022-03-25,-10112.052651561686,18963.356511338196,-1177.546795189839,489,mvo,0
2022-03-28,4827.136342130375,19999.99970671783,499.9999928065632,489,mvo,0
2022-03-29,-19797.15852079948,20300.744193123544,575.4608274064992,489,mvo,0
2022-03-30,1076.2804569343173,20026.47516717753,366.07005542594726,489,mvo,0
2022-03-31,16551.87570741934,20517.59514650411,714.373588166159,489,mvo,0
2022-04-01,-3821.1656281051373,19730.502489019964,440.5081345514336,489,mvo,0
2022-04-04,19498.496184782267,19999.99825773671,-45.311140689063706,489,mvo,0
2022-04-05,-1584.452678907544,19747.817176701246,-62.31144880924637,489,mvo,0
2022-04-06,-3312.643357056212,19917.58450822754,671.1188849973865,489,mvo,0
2022-04-07,-5399.503430562667,19726.436662351258,601.6687675655145,489,mvo,0
2022-04-08,-6851.624940035067,18948.666357983093,347.64655505262056,489,mvo,0
2022-04-11,1572.8061758411434,20000.00003729683,-499.99997174770175,489,mvo,0
2022-04-12,20915.3496913514,20645.293142447492,-285.6132665312935,488,mvo,0
2022-04-13,4004.8279054988193,19466.493810346485,-1373.6136713975252,488,mvo,0
2022-04-14,9008.721277694409,19410.290363357584,-963.4406172102804,488,mvo,0
2022-04-18,-13341.438111046344,19999.99965579605,-499.99996835164,488,mvo,0
2022-04-19,7066.120080789812,20001.05601543052,-36.6972460271459,488,mvo,0
2022-04-20,-13715.949569844352,19096.34920244166,-982.1999250431196,486,mvo,0
2022-04-21,-10109.159489678459,19128.763684081718,-917.266125503135,486,mvo,0
2022-04-22,-4313.144216607317,19297.241011035007,-708.2539125476475,486,mvo,0
2022-04-25,20765.18641361237,19999.999972404625,-499.9999989445729,486,mvo,0
2022-04-26,-8606.229317422085,19017.00016058135,-941.3613501094152,486,mvo,0
2022-04-27,9518.43807739048,18638.621423598823,-467.37222892522806,486,mvo,0
2022-04-28,13639.396461673741,19486.443512985377,613.5025827913857,486,mvo,0
2022-04-29,-20604.333801598324,19467.756436342,124.83630476976707,486,mvo,0
2022-05-02,-8796.658061169483,19999.99997352242,-500.0000000169159,486,mvo,0
2022-05-03,14395.483443408348,19743.76106954003,-670.4374952478627,486,mvo,0
2022-05-04,6980.683559214672,19186.164855682415,-178.39315606520867,486,mvo,0
2022-05-05,-13374.961620239921,19404.552659900695,-119.86547383998567,486,mvo,0
2022-05-06,-1945.1019491952957,19008.598556038414,-142.468354035699,486,mvo,0
2022-05-09,553.8422696170701,19999.999757308848,-500.00000052836174,486,mvo,0
2022-05-10,17499.577167364467,20034.822272084846,-368.1286461862947,486,mvo,0
2022-05-11,-23567.031590696235,19433.531572542786,-336.27020140252904,486,mvo,0
2022-05-12,27589.31636014715,19473.756354094814,-795.6538227822988,486,mvo,0
2022-05-13,8443.67411911022,20038.939252501827,-263.63653074528037,486,mvo,0
2022-05-16,13550.372357157588,19999.99846774865,-500.00000126907213,486,mvo,0
2022-05-17,-1735.7188879673533,19661.465699125645,-193.4290666289134,486,mvo,0
2022-05-18,-26672.827205323712,19649.24276020711,-471.6794843420731,486,mvo,0
2022-05-19,34483.05533384767,19141.190756125656,-295.6556702340279,486,mvo,0
2022-05-20,-21034.443249435302,18668.636306778506,-583.8251209113075,486,mvo,0
2022-05-23,22001.374325652556,19999.99763271092,-500.00000073964065,486,mvo,0
2022-05-24,-16601.10967292395,19580.213719502146,-947.3485215819596,486,mvo,0
2022-05-25,9840.212199109845,19178.6849005115,-864.5782950621027,486,mvo,0
2022-05-26,18120.583986922833,18800.419800144344,-582.6020142196411,486,mvo,0
2022-05-27,-5659.731704796065,18876.914095445558,92.28149488077067,486,mvo,0
2022-05-31,3983.5985562473165,20000.00001211747,-499.99999959878784,486,mvo,0
2022-06-01,-2105.6357834873593,20403.95207322062,81.96683646583193,486,mvo,0
2022-06-02,-13964.52775721728,18902.56100241678,-1405.8321892314589,486,mvo,0
2022-06-03,8136.175581012753,19113.093707255375,-870.1202937974532,486,mvo,0
2022-06-06,19460.654222866902,20000.00051362908,-499.9999995323408,486,mvo,0
2022-06-07,-3598.190670317374,19189.33500377603,-965.3230923395171,486,mvo,0
2022-06-08,7864.092170435027,18537.340913765507,-299.43827605925617,486,mvo,0
2022-06-09,-17142.9408489409,18517.996395906095,67.23846349177774,486,mvo,0
2022-06-10,1661.3262409473045,17192.573694954168,585.9731920012923,486,mvo,0
2022-06-13,-2705.03667049868,19999.999232532908,-500.00000043463655,486,mvo,0
2022-06-14,-13512.129160432409,20468.627966689044,-1768.4413486347514,486,mvo,0
2022-06-15,13138.716897481712,19585.42131852089,-1496.7055005057123,485,mvo,0
2022-06-16,10131.1231345896,19895.815868038262,-1923.7469013507107,484,mvo,0
2022-06-17,-20529.5408905147,21874.809382455216,-2940.89241756317,484,mvo,0
2022-06-21,46130.273390076574,19999.999678356562,-500.000000560787,486,mvo,0
2022-06-22,-37749.90205998476,20461.47991200029,-1482.2891124330035,486,mvo,0
2022-06-23,-29666.77066238878,20750.27548716633,-2077.5079377264337,486,mvo,0
2022-06-24,30045.704797534778,19797.88241822332,-1860.8807239612554,486,mvo,0
2022-06-27,-22577.40493496225,19999.99828014485,-500.00000044223606,490,mvo,0
2022-06-28,11808.093442814617,19646.866848302387,-630.8876831003237,490,mvo,0
2022-06-29,4780.091028300183,19289.010627605436,-472.1071073468444,490,mvo,0
2022-06-30,-1625.4711097509444,18834.163046091267,-625.9899451315164,490,mvo,0
2022-07-01,-2536.6854676898906,18705.812248489885,-716.601644089962,489,mvo,0
2022-07-05,-14974.930407424017,19999.999603314685,-500.0000001336384,490,mvo,0
2022-07-06,24639.52730644719,19855.67105245944,-562.4643268267868,490,mvo,0
2022-07-07,-5930.370501596305,19667.23088433279,-740.558987742334,490,mvo,0
2022-07-08,-3716.2930629411167,19462.304789162517,-807.2017791146236,490,mvo,0
2022-07-11,1496.5110520773162,19999.99985487463,-500.0000005570359,490,mvo,0
2022-07-12,12526.186576860959,19699.623703783775,-658.56139535242,490,mvo,0
2022-07-13,10097.152171968219,19160.805940076563,-735.6241790680544,490,mvo,0
2022-07-14,-19687.23371253046,18338.203763691392,-594.4904134722391,490,mvo,0
2022-07-15,23620.89393706202,18458.309538255533,-479.6558279033208,490,mvo,0
2022-07-18,-107875.37695842599,19999.998536028703,-500.00000037456675,495,mvo,0
2022-07-19,-35971.25183941337,19926.764849678493,-1302.4541921001164,495,mvo,0
2022-07-20,9538.55414864688,19660.216394193645,-1678.4618460912416,495,mvo,0
2022-07-21,2279.89848541986,19222.663304255828,-1474.897370658313,495,mvo,0
2022-07-22,1230.235808187758,18977.858412610647,-1553.2052705864708,495,mvo,0
2022-07-25,-194.27136556428226,19999.99460065064,-499.9999977668599,497,mvo,0
2022-07-26,2675.758109553334,19585.75867319958,-111.91230329853167,497,mvo,0
2022-07-27,-3974.1961366791706,18560.923618500674,-185.79852793951002,496,mvo,0
2022-07-28,-19191.644567581065,17665.507286152242,-434.77120253480626,496,mvo,0
2022-07-29,-362.6956009388383,16565.04193493813,-299.03907435343433,496,mvo,0
2022-08-01,8583.492403430593,19999.997458263595,-499.99996473607655,497,mvo,0
2022-08-02,6738.953925519201,19877.330856243418,-825.9375445572493,497,mvo,0
2022-08-03,13101.338196487142,19374.150532095693,-1128.7418332221819,497,mvo,0
2022-08-04,2199.6943762305477,18839.12686933815,-1237.7937907831044,497,mvo,0
2022-08-05,7143.749139753645,18024.167135058302,-1142.0462391502815,497,mvo,0
2022-08-08,-6847.32117076666,20000.000721033088,-499.99999666821464,498,mvo,0
2022-08-09,35685.23370397946,19479.74486195229,-528.2394975514117,498,mvo,0
2022-08-10,-8766.715233438388,19276.904874444168,-1616.0909807969522,498,mvo,0
2022-08-11,6130.623051730897,19151.723326885214,-1236.9299360394493,498,mvo,0
2022-08-12,9269.235159208283,17995.12986109357,-1215.2048864606522,497,mvo,0
2022-08-15,13764.191711481662,19999.99858552513,499.99999919731584,497,mvo,0
2022-08-16,-21308.153594813266,19433.240522752054,-7.229254209056775,497,mvo,0
2022-08-17,-11856.880042766412,20169.243272150456,-706.9517499663408,497,mvo,0
2022-08-18,36897.274653473025,19285.087834075,-162.7033160135563,497,mvo,0
2022-08-19,-9852.787680802829,19420.548569270464,-317.14130608487346,497,mvo,0
2022-08-22,-7887.63076684469,19999.99857121255,499.999995197253,498,mvo,0
2022-08-23,15596.649215896105,19832.352273156324,651.174254169888,498,mvo,0
2022-08-24,-3412.519649659653,19407.646573029884,161.14290592194254,498,mvo,0
2022-08-25,647.0327087823149,17761.413438844833,253.44518217746267,498,mvo,0
2022-08-26,668.294359214555,18493.72647809456,276.72840691178124,498,mvo,0
2022-08-29,-4392.020353124149,19999.999218884917,-499.99984734522775,498,mvo,0
2022-08-30,5086.0882595613975,19473.56501696207,-335.9895214582797,496,mvo,0
2022-08-31,1639.8010977940853,19112.542282086735,-368.1850238904738,496,mvo,0
2022-09-01,7135.554291857487,18736.694515346484,-535.6887460152318,496,mvo,0
2022-09-02,-2754.5267796638645,18350.734338332004,-601.4939615521387,496,mvo,0
2022-09-06,17469.351280194154,19999.992830883144,-499.99999918817394,499,mvo,0
2022-09-07,13686.547410809462,20394.284569051506,-78.72527938433957,499,mvo,0
2022-09-08,1968.2236218403625,20256.22449524986,-198.26697915880573,499,mvo,0
2022-09-09,6191.464011247353,20309.94915923099,-677.8464772432574,499,mvo,0
2022-09-12,-19406.774134814656,19999.99707698884,-202.38273962106774,499,mvo,0
2022-09-13,15934.65052322693,20772.683771406537,861.2308557418955,499,mvo,0
2022-09-14,10475.987283067394,20340.502651179133,992.6598515704467,498,mvo,0
2022-09-15,-21772.190789762306,19684.357315161746,828.1855812583185,498,mvo,0
2022-09-16,-9660.827906492797,18885.621478034387,613.441495569301,498,mvo,0
2022-09-19,16782.312344561502,20000.00037041383,-499.99999971773843,499,mvo,0
2022-09-20,-10479.157987067676,19843.0998004187,-630.0066963609188,499,mvo,0
2022-09-21,-13565.251153678822,19431.699033517834,-964.6051239252472,499,mvo,0
2022-09-22,7019.484360493742,19512.24762053332,-1655.2802040575586,499,mvo,0
2022-09-23,25647.448565199677,20920.989573935563,-313.45110210232053,499,mvo,0
2022-09-26,-35346.61197217061,19999.993075233033,-500.00000046328336,499,mvo,0
2022-09-27,30729.470751193647,19855.67388915,-169.2374877102914,499,mvo,0
2022-09-28,-147781.25368862436,23195.157234018654,-1428.0868997375285,499,mvo,0
2022-09-29,-29358.021756631188,22612.29811209185,-2658.9267318714424,499,mvo,0
2022-09-30,-10941.045714721966,22571.150073396362,-2983.405664333284,498,mvo,0
2022-10-03,25504.38087866996,19999.99575997411,-499.9999998885156,499,mvo,0
2022-10-04,1570.7824058055373,19424.903881510807,-658.2361781366187,498,mvo,0
2022-10-05,-13901.399636347836,19360.45915364391,-791.3326506822561,498,mvo,0
2022-10-06,5926.975684943623,19197.079049928383,-778.4638865063448,498,mvo,0
2022-10-07,4600.209195488391,18665.966495081873,-842.2491470544275,498,mvo,0
2022-10-10,324.2035271507045,20000.000477090194,-500.0000060244027,498,mvo,0
2022-10-11,1293.8273827678806,19726.717295238024,-395.7490522408318,497,mvo,0
2022-10-12,-4160.5269107059485,19096.912812472834,-281.9485340526911,497,mvo,0
2022-10-13,4546.694887795895,18916.638986823265,-552.9272618476722,497,mvo,0
2022-10-14,2069.163586998327,18628.85658966282,-629.731909208164,497,mvo,0
2022-10-17,13147.722885490604,19999.999727990868,-499.9999999718866,497,mvo,0
2022-10-18,-9612.134825507714,20160.243484444352,-1028.4080120451526,497,mvo,0
2022-10-19,4342.714148455273,19735.27293733135,-838.7895899484014,497,mvo,0
2022-10-20,-9728.571802915603,19952.421636394625,-1391.5722120312835,496,mvo,0
2022-10-21,13703.689311648497,19714.51551237627,-1879.298608583873,496,mvo,0
2022-10-24,16512.83353470884,19999.99996536261,-499.99999997091106,497,mvo,0
2022-10-25,986.1832722699883,19482.525671016076,-824.6153180620184,497,mvo,0
2022-10-26,-6627.33365812348,18834.47220011222,-1334.8925478930717,497,mvo,0
2022-10-27,1641.25799652242,18312.731635844684,-1278.2027621529814,497,mvo,0
2022-10-28,18255.965204990916,18160.545727983936,450.177662740156,497,mvo,0
2022-10-31,-11212.299662768446,19999.994090796587,-499.99999408948406,498,mvo,0
2022-11-01,6554.214714894799,19327.25270994699,-739.5762580286805,497,mvo,0
2022-11-02,-9405.018103443641,18875.75052796001,-576.6381822741015,497,mvo,0
2022-11-03,-16365.523249453056,18513.39793938119,24.965999154048824,497,mvo,0
2022-11-04,5414.761130165617,17788.299029039732,-598.1894800185004,497,mvo,0
2022-11-07,2636.350862490624,20000.00040355498,-135.32992145176877,497,mvo,0
2022-11-08,5096.250198904914,20207.02291057883,674.8734922058253,497,mvo,0
2022-11-09,-14861.805178983881,19764.36970409418,783.6148372421061,497,mvo,0
2022-11-10,-8118.817621530658,19170.02060316375,1081.7637501533977,497,mvo,0
2022-11-11,-8699.842813614716,19117.342712564117,865.263825674649,497,mvo,0
2022-11-14,14361.127850204724,19999.99998670011,499.9999866963704,497,mvo,0
2022-11-15,242.45568414019658,20550.255761172306,739.2265732844949,497,mvo,0
2022-11-16,-8157.207757656334,20178.12515242781,205.81272315034298,497,mvo,0
2022-11-17,-4994.756101853635,19901.72413715661,-166.648127520716,497,mvo,0
2022-11-18,-14002.185201004559,19480.315872969724,711.8939168311816,497,mvo,0
2022-11-21,28064.72766347677,20000.000014468278,499.99999941240725,497,mvo,0
2022-11-22,-15585.841659228376,18894.97874986024,-484.3221285441199,497,mvo,0
2022-11-23,21532.893437872557,18143.568647822627,534.3184050098827,497,mvo,0
2022-11-25,-6616.352215705424,19821.343848915265,-3650.16627629379,497,mvo,0
2022-11-28,-29035.152818228667,20000.000074824577,499.9999994760866,497,mvo,0
2022-11-29,14455.566358210792,19621.075140443027,408.85770959155457,497,mvo,0
2022-11-30,-7700.026784070077,19088.905717684345,617.4099579235971,497,mvo,0
2022-12-01,14993.302585407118,18163.950188409806,350.6229669514644,497,mvo,0
2022-12-02,350.46454163535066,18177.555946261575,541.0065574942491,497,mvo,0
2022-12-05,-8523.851292668935,19999.99993509374,499.9999990337258,496,mvo,0
2022-12-06,-2635.75326255813,19770.85457792931,563.590747642356,496,mvo,0
2022-12-07,-8519.738791572949,19732.847595097614,401.0786233293124,496,mvo,0
2022-12-08,-8666.216995186973,19061.821852460693,-43.61509731067085,496,mvo,0
2022-12-09,19762.70944003173,18867.99030392039,11.169250563809173,496,mvo,0
2022-12-12,2064.3604097398475,19999.999992944144,499.9999988761707,497,mvo,0
2022-12-13,10264.766151031588,19399.724191862,616.3459167423316,497,mvo,0
2022-12-14,19932.708959556483,19008.570136823728,385.29775385931583,497,mvo,0
2022-12-15,-14235.350519772777,18795.241700564122,172.3483819855662,497,mvo,0
2022-12-16,-6599.78672288986,18473.60891231153,118.02430470115169,497,mvo,0
2022-12-19,3739.4784813072893,20000.00006459243,499.99999280095517,498,mvo,0
2022-12-20,3638.3016622173536,19741.00955018533,483.3445523883343,498,mvo,0
2022-12-21,-9212.251771183115,19456.934233941996,322.1497462767508,498,mvo,0
2022-12-22,28412.277602448554,19081.836581990337,617.0043117619725,498,mvo,0
2022-12-23,-13630.203263229749,18874.134714017633,250.6471693145077,497,mvo,0
2022-12-27,15276.927554033862,19999.999887162685,499.99999504856095,497,mvo,0
2022-12-28,4454.249863185629,19690.61393671622,121.60496114361305,497,mvo,0
2022-12-29,-7809.107784913051,19274.537970210087,154.9195227774851,497,mvo,0
2022-12-30,-7822.510341756218,18744.299930129313,-326.0415601505713,497,mvo,0
2023-01-03,8637.396005158964,20000.000035358775,359.66456186435664,495,mvo,0
2023-01-04,-6337.595761855626,19671.230816128544,409.19854684756,495,mvo,0
2023-01-05,3192.1275216160066,19016.107088395474,-137.23139936286884,495,mvo,0
2023-01-06,1215.0726416665739,18579.69948352505,-57.81249375652091,495,mvo,0
2023-01-09,5053.183129056508,19999.99917542994,499.9999950966237,495,mvo,0
2023-01-10,-3161.6760882141566,19606.287760386163,321.4548668198,495,mvo,0
2023-01-11,-9945.361241862856,18913.821147240153,501.2117777975534,490,mvo,0
2023-01-12,2672.4775602183076,19279.109629147937,-108.87236791103562,490,mvo,0
2023-01-13,6786.157084508387,18481.263600613078,-445.42311466264323,490,mvo,0
2023-01-17,4365.736309278716,19999.998547102343,499.9999992654854,490,mvo,0
2023-01-18,-630.7042028045747,20531.13322537794,978.3280065560529,490,mvo,0
2023-01-19,5957.01118389638,20555.98435975965,1162.2010512422107,490,mvo,0
2023-01-20,-24946.046861195533,20445.94410517038,861.2522106664499,490,mvo,0
2023-01-23,-15460.824530666,20000.000042730197,500.00000016750244,490,mvo,0
2023-01-24,7363.138306339013,20153.43675845784,714.6590099889607,490,mvo,0
2023-01-25,44762.27942958291,20746.09154350049,1382.421839962496,490,mvo,0
2023-01-26,-28770.361164494745,19079.862692080686,494.68102529703407,490,mvo,0
2023-01-27,-478.61830318940696,20094.40527195514,51.092877120442814,490,mvo,0
2023-01-30,-15604.218988035482,20000.00011354554,499.99999968529085,490,mvo,0
2023-01-31,3634.8057181535823,19562.717979054327,418.1859395835578,490,mvo,0
2023-02-01,-3456.083617819291,19063.971494923466,498.50325775655494,490,mvo,0
2023-02-02,-11090.528494489898,18520.226094656846,100.09169031450469,490,mvo,0
2023-02-03,-8406.422205456704,18606.561805430974,-96.31676656004507,490,mvo,0
2023-02-06,-37070.224314009916,20000.000165622252,499.99999959742206,490,mvo,0
2023-02-07,10357.206890667929,20658.63822210748,808.4844215432348,490,mvo,0
2023-02-08,-4914.960355791094,20071.868369332733,1331.2131812834539,490,mvo,0
2023-02-09,-13562.185101716528,19603.47277756403,1333.226102170259,490,mvo,0
2023-02-10,-6827.246317020437,19730.47786030877,1324.8907346117533,490,mvo,0
2023-02-13,2941.9070822688586,19999.999650681533,499.9999999205375,490,mvo,0
2023-02-14,-1343.0462082119852,19672.75994322571,498.8553414939654,490,mvo,0
2023-02-15,-10426.914739494665,18968.12992748667,559.6501949980161,490,mvo,0
2023-02-16,-1369.1079550616148,18510.85774087057,577.6459598629648,490,mvo,0
2023-02-17,21040.307282074376,17950.699210563896,58.57233640380404,490,mvo,0
2023-02-21,-18659.50307377746,19999.999347695062,500.00000019131494,490,mvo,0
2023-02-22,-27838.199347471884,19851.339080248752,284.2393476115177,490,mvo,0
2023-02-23,13717.402706872319,19460.838519166442,-1.240427986748307,490,mvo,0
2023-02-24,22317.16928967737,18160.018892883698,2.3212666913075184,490,mvo,0
2023-02-27,-7730.988064007609,19999.998437336562,500.0000014750786,490,mvo,0
2023-02-28,8712.850760151006,19605.564663040554,456.3913803761365,490,mvo,0
2023-03-01,-2373.93995933502,19130.60575561749,578.5426433163174,490,mvo,0
2023-03-02,-7734.430538996897,18914.795492646997,621.9385675877845,490,mvo,0
2023-03-03,-9742.427704125834,18701.556608753657,752.1114482047853,490,mvo,0
2023-03-06,5716.961921357226,20000.000114365415,500.00000105318736,490,mvo,0
2023-03-07,-953.1487633006584,19280.02023008966,402.455845426563,490,mvo,0
2023-03-08,-6678.15262869773,19056.696608214566,39.51196954092707,490,mvo,0
2023-03-09,4150.094578463991,18246.29354047695,-111.31026203083525,490,mvo,0
2023-03-10,-17432.404441859657,17287.316432690313,-128.85934468059676,490,mvo,0
2023-03-13,10668.00058876532,20000.000416110674,-499.9999987946996,490,mvo,0
2023-03-14,2358.12505336711,21009.214970473757,-40.983871906070696,490,mvo,0
2023-03-15,12834.684537198986,20337.860456376184,59.653803096928186,490,mvo,0
2023-03-16,-21838.54753918732,20928.207826511472,-47.25311081786643,490,mvo,0
2023-03-17,2729.6801822656375,20101.985372261446,-49.05378930844214,489,mvo,0
2023-03-20,-4693.670245462528,20000.00047885705,-499.9999988144617,489,mvo,0
2023-03-21,51644.7726102973,21256.72065917527,-430.5748345922272,488,mvo,0
2023-03-22,-9022.78018109011,19755.08930722195,-511.78552735214527,488,mvo,0
2023-03-23,-47687.716160480195,18764.553299884177,-583.0618996869804,488,mvo,0
2023-03-24,-894.497759788714,18887.953579026373,-847.52097494318,488,mvo,0
2023-03-27,56790.312094638626,20000.000253404804,-499.99999888063303,489,mvo,0
2023-03-28,6301.344056396681,19512.371451650524,-698.5603710205456,489,mvo,0
2023-03-29,26953.921657670835,20118.821501971783,-89.23575172087534,489,mvo,0
2023-03-30,6532.192657097204,19637.440048547138,-91.78382680434892,489,mvo,0
2023-03-31,31352.184832972038,19871.97778287246,645.5447631371358,489,mvo,0
2023-04-03,37426.21875083634,20000.000665945932,382.9940644952522,489,mvo,0
2023-04-04,9017.932118616465,19007.703306014853,1203.1611586474376,488,mvo,0
2023-04-05,-9973.284853172167,18795.509186440497,849.5517913440578,488,mvo,0
2023-04-06,-171.4496174897774,18603.132588471322,796.2811668335853,488,mvo,0
2023-04-10,12350.013499088449,20000.000441794724,499.99999497010435,488,mvo,0
2023-04-11,26132.357945553125,20005.48013066658,186.09085596347654,488,mvo,0
2023-04-12,-6852.263219558274,19520.511313471867,157.7217712451723,488,mvo,0
2023-04-13,18312.138388601994,19114.274658870807,192.668019561526,488,mvo,0
2023-04-14,8147.115237177878,18840.747798433258,245.11770960998678,488,mvo,0
2023-04-17,24520.920014643594,20000.000284787704,499.99999949062266,489,mvo,0
2023-04-18,-62.759444825276326,19670.341714946044,591.6726271990417,489,mvo,0
2023-04-19,-19764.38523917144,19521.39366746536,517.746014135803,489,mvo,0
2023-04-20,44131.37338112432,19177.41299145965,404.2533281597989,489,mvo,0
2023-04-21,-16604.91475779469,18475.175450259696,807.7311904238529,489,mvo,0
2023-04-24,-108.56348144454033,20000.000339218965,499.99999593364225,489,mvo,0
2023-04-25,-88237.04548348408,19841.22758319136,73.6787148303126,489,mvo,0
2023-04-26,-26781.215140531123,19827.464383379316,-13.747543926383715,489,mvo,0
2023-04-27,9531.441150125695,19003.2573483609,-107.0459649513551,489,mvo,0
2023-04-28,-23384.425931837144,19858.880794197925,-1276.6618165378516,489,mvo,0
2023-05-01,18571.64936376944,19999.999707415187,500.0000000551336,489,mvo,0
2023-05-02,-88774.74542483894,19167.621855455833,1150.4286590818429,489,mvo,0
2023-05-03,-7988.391267829585,18707.40385203533,1332.9528908120742,488,mvo,0
2023-05-04,-79928.6125266828,17758.90011831462,1362.3161863166592,488,mvo,0
2023-05-05,42884.09255878747,18668.79877274241,1044.8720458324995,488,mvo,0
2023-05-08,10660.71426790767,20000.00027800479,499.999993232919,488,mvo,0
2023-05-09,21225.886004254102,19817.793959307823,-38.417144102565565,488,mvo,0
2023-05-10,27193.950368735408,19231.248016897767,-129.7511524339344,488,mvo,0
2023-05-11,8429.392338959482,19303.015220938716,509.02055862511855,488,mvo,0
2023-05-12,18834.948038755578,19054.97295524063,55.57378410929937,488,mvo,0
2023-05-15,-1.4752249463645035,20000.000195042958,499.99999759211556,488,mvo,0
2023-05-16,13013.09878597308,19608.181590838718,875.1291737912837,488,mvo,0
2023-05-17,-26039.5072347148,19458.55451647751,1018.7925785813508,488,mvo,0
2023-05-18,26915.10375049563,19633.51805362906,-62.896318473013196,488,mvo,0
2023-05-19,-21838.7498833972,19423.3775096011,-633.1954834947974,488,mvo,0
2023-05-22,16313.077011810501,20000.000404840885,499.99999937437013,488,mvo,0
2023-05-23,19423.868840773644,20563.520453999907,2463.309077024737,488,mvo,0
2023-05-24,6217.0817395243885,20994.840065378183,2388.9121557542267,488,mvo,0
2023-05-25,-14465.267442075114,20706.506512952095,2452.668603845505,488,mvo,0
2023-05-26,22352.814477976855,19164.77762836928,2445.650336028398,488,mvo,0
2023-05-30,4309.052544735829,20000.000066281515,499.9999997606923,488,mvo,0
2023-05-31,-7910.874952759555,19413.500603449378,601.9094907428619,487,mvo,0
2023-06-01,29878.60753111483,19119.617843892353,247.1456551845335,487,mvo,0
2023-06-02,-11991.633057365272,18824.037294739945,-288.32851245598334,487,mvo,0
2023-06-05,39501.03632381272,20000.00030160761,499.99999986655627,488,mvo,0
2023-06-06,-12838.34138709357,19907.904707415215,323.3083446570453,488,mvo,0
2023-06-07,-3249.545218470888,19348.581750133344,263.4194404694204,488,mvo,0
2023-06-08,18213.979401076856,19348.049552154618,562.6707690150413,488,mvo,0
2023-06-09,-19565.711730109197,19055.848416972596,272.98911790536584,488,mvo,0
2023-06-12,24055.47562789492,19999.999347687248,499.9999984459199,488,mvo,0
2023-06-13,8547.754934598372,19763.94886337259,675.0472525722595,488,mvo,0
2023-06-14,-12339.040116345503,19493.433531286344,682.2659813015288,488,mvo,0
2023-06-15,9280.487958219366,19201.662180452153,848.0339366432861,487,mvo,0
2023-06-16,-8668.900325002556,18480.08028758712,356.7626802570144,487,mvo,0
2023-06-20,38143.41671737363,19999.999828609078,499.99999931492124,487,mvo,0
2023-06-21,2797.5919750186654,20141.742067989195,1224.4993560677487,487,mvo,0
2023-06-22,-7051.416836878764,19805.533277074097,1470.6938620653925,487,mvo,0
2023-06-23,1893.7626994949749,20233.397949544367,1620.1988308596274,487,mvo,0
2023-06-26,864.7170239132796,20000.00016345637,499.99999983526044,487,mvo,0
2023-06-27,14563.70008218299,18928.31768528965,-523.6308348032076,487,mvo,0
2023-06-28,10582.46633338686,19159.164011145975,122.13984598070756,487,mvo,0
2023-06-29,15429.105385154422,17903.839030293795,-211.8835085982265,487,mvo,0
2023-06-30,-3306.1888552909304,17528.716151472563,-20.997777136849212,487,mvo,0
2023-07-03,15153.486153473537,19999.99964009314,500.00000004657363,499,mvo,0
2023-07-05,2494.4511539466994,18754.226842616838,1245.6804327853383,498,mvo,0
2023-07-06,-11450.175843706767,18556.023457286436,1132.1402440610818,498,mvo,0
2023-07-07,-1253.498152027899,19216.003143706133,688.553850982438,498,mvo,0
2023-07-10,13498.694175033188,20000.00011876328,499.99999983538913,500,mvo,0
2023-07-11,1584.8451444554264,19459.44031170862,559.5344947844534,500,mvo,0
2023-07-12,10450.992610274507,19043.997124696296,566.4803532423023,500,mvo,0
2023-07-13,-9747.971489369129,18581.208691195363,604.2144957305837,500,mvo,0
2023-07-14,4362.296285109575,18591.12308392925,701.3531720922182,500,mvo,0
2023-07-17,-1461.6223627857116,20000.000027355643,499.9999995462353,500,mvo,0
2023-07-18,-4826.38892720063,19059.64358174925,590.6813676339193,500,mvo,0
2023-07-19,-24952.84492471382,18773.545058298616,700.2114825357336,500,mvo,0
2023-07-20,10125.983050028131,18666.724834471224,32.15956123924544,500,mvo,0
2023-07-21,19221.298038427387,18553.168906648014,616.0169022597826,500,mvo,0
2023-07-24,-1967.3229422648365,20000.000068187135,500.00000005094233,500,mvo,0
2023-07-25,-43531.17143760436,20019.602446571054,-551.5593093351481,500,mvo,0
2023-07-26,26111.73121065386,20181.50813885594,-438.1275385225131,500,mvo,0
2023-07-27,3596.3297656991754,20111.842030509866,-1019.297121129789,500,mvo,0
2023-07-28,9308.834996043004,18711.02175956532,-610.2172892609066,499,mvo,0
2023-07-31,-2209.755559406828,19999.999955199783,500.00000047959577,499,mvo,0
2023-08-01,8998.065620478337,19653.184346842234,586.8459523731236,499,mvo,0
2023-08-02,1920.3347967243542,19321.87252899192,747.0573534367954,499,mvo,0
2023-08-03,2824.966818036128,19139.250034946584,453.16037625220105,499,mvo,0
2023-08-04,6068.386577887546,18522.65112199762,181.9466679532473,499,mvo,0
2023-08-07,18402.91876952002,19999.99986002133,500.0000002247658,500,mvo,0
2023-08-08,8001.813706615764,19683.4566751319,657.4207506543984,500,mvo,0
2023-08-09,9629.983364885955,19668.151112780037,754.1093148558841,500,mvo,0
2023-08-10,2199.5555889977227,18975.3534186037,265.2433132588836,500,mvo,0
2023-08-11,-8623.122299671828,19172.239838733272,614.609876074141,500,mvo,0
2023-08-14,-3358.3715085307363,20000.000211058832,500.0000000641442,500,mvo,0
2023-08-15,14479.650204820153,21880.479491481485,867.8667191178998,500,mvo,0
2023-08-16,12592.331257571137,21623.7758672395,1426.836293789074,499,mvo,0
2023-08-17,1079.562611221396,21268.973316283133,1645.8071475635677,499,mvo,0
2023-08-18,-5725.799625689727,21486.657270468248,1772.06846332029,499,mvo,0
2023-08-21,12564.21845844347,20000.000049316393,500.00000014840236,500,mvo,0
2023-08-22,17170.124540759814,20084.361466667375,137.67353720534254,500,mvo,0
2023-08-23,80670.03976787809,20708.433103640302,704.7750100214197,500,mvo,0
2023-08-24,-22343.61951020577,18535.20346787543,2.948025063169082,500,mvo,0
2023-08-25,-4326.775440697293,19645.096488882195,-1287.9333109851173,500,mvo,0
2023-08-28,271.65639688448425,19999.99935422463,500.0000016046456,500,mvo,0
2023-08-29,9312.802853332643,19534.68550689157,651.1146247544579,500,mvo,0
2023-08-30,1086.9776157570507,18957.450649258,642.9081446577732,500,mvo,0
2023-08-31,-12537.352970042739,18198.4100065922,1401.2027116252755,500,mvo,0
2023-09-01,11738.901680717847,18173.12504250568,842.7024250899797,500,mvo,0
2023-09-05,-856.0164847794991,19999.9999548941,500.00000107129165,501,mvo,0
2023-09-06,1758.2363021187039,19512.723344911363,260.56252412740815,501,mvo,0
2023-09-07,-5135.325420607146,19157.111843926352,189.52594947460608,501,mvo,0
2023-09-08,6802.527073851483,18725.739515600333,14.360527278675455,501,mvo,0
2023-09-11,-7195.620513868633,19999.99979898683,500.0000002590279,501,mvo,0
2023-09-12,-22146.6769281479,19060.12559744316,299.14343277983284,501,mvo,0
2023-09-13,-3527.862550676695,18882.80709551423,345.58182155114866,501,mvo,0
2023-09-14,12278.741786317358,18637.61792909165,471.52652994175634,501,mvo,0
2023-09-15,-20434.817612577055,18097.9900630481,405.9569629952397,501,mvo,0
2023-09-18,21046.64098919477,19999.999213772517,499.9999997437286,501,mvo,0
2023-09-19,10537.769098045323,20333.081878555822,909.6348875962395,501,mvo,0
2023-09-20,57.2611261385487,19487.07566026482,890.4441699324177,501,mvo,0
2023-09-21,-22583.773698257683,19439.63099916941,-8.429401548793846,501,mvo,0
2023-09-22,29013.11469078972,19107.239402674477,-1291.1377809189833,501,mvo,0
2023-09-25,-7102.437227431661,19999.999095336516,-93.503067976107,501,mvo,0
2023-09-26,-7993.375118216349,22970.602147078385,-2896.4209395010694,501,mvo,0
2023-09-27,10477.863669902534,23296.99693157416,-3074.7990021020105,501,mvo,0
2023-09-28,16839.626569483164,23317.79893356114,-2961.34211481619,501,mvo,0
2023-09-29,7760.175040542165,22790.08398374306,-3408.1540777584705,501,mvo,0
2023-10-02,-20924.077836664856,19999.999462045096,-499.99999874458103,501,mvo,0
2023-10-03,-8217.348588312396,19314.151416872784,-427.9023646435451,501,mvo,0
2023-10-04,6128.538998900638,18962.868503767997,-434.5839048876673,501,mvo,0
2023-10-05,-1699.0004867902096,18983.13977870402,-664.4258887952828,501,mvo,0
2023-10-06,-10336.318647600228,18559.85293376558,-456.8728994317067,501,mvo,0
2023-10-09,12305.950886674636,20000.000041299427,-499.99999894882137,500,mvo,0
2023-10-10,951.1900454930865,19986.316509044165,-772.6723139851626,500,mvo,0
2023-10-11,-14366.635545479097,19661.658202190098,-1163.6519067530235,500,mvo,0
2023-10-12,-20511.399615166545,18972.431850694844,-723.6492110839458,500,mvo,0
2023-10-13,-15237.866311058395,19017.32459091492,-1158.3630473343005,500,mvo,0
2023-10-16,18953.68393010515,20000.000068000318,-499.9999993445053,501,mvo,0
2023-10-17,-15281.42512576544,19473.883761380774,-694.147796941453,501,mvo,0
2023-10-18,-9913.784998511508,19071.72780388686,-252.95261856781886,501,mvo,0
2023-10-19,26150.732058535876,18768.837647871278,-10.55289062664641,501,mvo,0
2023-10-20,-1722.8992290235594,17596.569654974064,-790.2434898968752,501,mvo,0
2023-10-23,-9664.120451405697,20000.000470609928,-500.0000002937572,500,mvo,0
2023-10-24,7011.886952450248,20126.748336094246,-876.1920134924203,500,mvo,0
2023-10-25,-9781.742653535193,20806.322632079944,-1155.4781207227195,500,mvo,0
2023-10-26,-13758.013492333965,20362.23551420957,-1064.2914950364159,500,mvo,0
2023-10-27,31416.51962444229,20236.3719712649,-964.5542113918109,500,mvo,0
2023-10-30,12426.422709613069,20000.000313819648,-500.00000043110555,500,mvo,0
2023-10-31,10515.703510426927,19658.45333949172,-447.2622476243312,500,mvo,0
2023-11-01,6194.043718465954,18616.063382043507,-614.5321758032851,500,mvo,0
2023-11-02,-8137.420845934737,18285.61284531467,-498.2612185493177,500,mvo,0
2023-11-03,1161.5800425697455,18033.573553846592,-1376.122382293976,500,mvo,0
2023-11-06,9772.622158356036,20000.000353337302,499.9999967808799,501,mvo,0
2023-11-07,11022.746352263166,20548.7235246446,1030.2304419719076,501,mvo,0
2023-11-08,-19715.308100447368,19711.72291556055,651.3937953047549,500,mvo,0
2023-11-09,5560.7710665320255,20383.29849134862,934.4004345392777,500,mvo,0
2023-11-10,3169.7849969139274,19226.173435995606,-147.5180646335035,500,mvo,0
2023-11-13,-2568.3513529424413,19999.999866998907,499.9999991014045,501,mvo,0
2023-11-14,-4396.191506783613,19688.097283398656,1008.2731304708929,501,mvo,0
2023-11-15,12854.270225501321,20311.97965979603,1568.2285406088454,501,mvo,0
2023-11-16,14221.026898423146,20140.69338108297,1794.718475576808,501,mvo,0
2023-11-17,-34924.09853686835,18355.104610626942,480.64003794622874,501,mvo,0
2023-11-20,53667.18228427167,20000.000201770006,499.9999998598255,502,mvo,0
2023-11-21,-11874.820776664521,19528.315265528392,715.8245638994167,502,mvo,0
2023-11-22,38234.78912989394,17147.97112027167,1188.6816313619881,502,mvo,0
2023-11-24,-36066.426117217474,22001.866524664267,5300.8924343553435,501,mvo,0
2023-11-27,4552.9585123357665,19999.999873067052,499.9999998741293,501,mvo,0
2023-11-28,1199.9612863469922,19932.620489638244,499.92046507120864,501,mvo,0
2023-11-29,14752.694134084364,19515.973106151534,413.77950218240716,501,mvo,0
2023-11-30,-1951.679800515218,19076.50039639195,429.69750620962463,501,mvo,0
2023-12-01,-14155.902108624405,18009.283700595104,699.8140780689921,501,mvo,0
2023-12-04,959.3465916546378,20000.000020637457,499.9999957888678,502,mvo,0
2023-12-05,14333.591986485371,20969.937687250742,1457.9003262731273,502,mvo,0
2023-12-06,22.79108930611011,19450.885141448252,939.734436920329,502,mvo,0
2023-12-07,6524.569283836618,20902.382819718,1553.0022880447832,502,mvo,0
2023-12-08,-3499.549924083431,21083.02914251769,1268.4802327201148,502,mvo,0
2023-12-11,-134.2440560602044,19999.999698762753,499.9998936887475,502,mvo,0
2023-12-12,83.01975565087444,19229.7268234689,-189.6079717022413,502,mvo,0
2023-12-13,-26562.9378025013,18303.201206839065,-1292.008903456318,502,mvo,0
2023-12-14,4785.018135750161,19635.934232730193,-2202.3363206621834,502,mvo,0
2023-12-15,-1127.0794116004752,20143.220973559026,-1837.0851585395696,501,mvo,0
2023-12-18,11532.920330920715,20000.000073459723,499.99999028714547,501,mvo,0
2023-12-19,-9112.626481215573,20329.109311034576,-96.00357193646153,501,mvo,0
2023-12-20,37629.90217084766,22899.13405118663,1025.001143767885,501,mvo,0
2023-12-21,-3912.05086213804,21586.300895329634,1405.5334862667414,501,mvo,0
2023-12-22,-5842.970883217158,20900.413039421022,628.4434852017895,501,mvo,0
2023-12-26,9435.56848399738,19999.99956711179,-499.99999704646507,502,mvo,0
2023-12-27,45870.831259012266,19503.591668111636,370.1399856238413,501,mvo,0
2023-12-28,17065.264338402023,18410.443304075612,649.2959842016891,501,mvo,0
2023-12-29,-12716.630962775354,18778.030864659977,578.7340813171821,501,mvo,0
2024-01-02,8648.722987835328,19999.99936274833,-499.9999934263309,503,mvo,0
2024-01-03,-13594.792831169467,19626.4073610338,-708.9657064493947,503,mvo,0
2024-01-04,7824.378283918493,19094.945493429557,-366.33008083264093,503,mvo,0
2024-01-05,11324.40122758922,18787.747866702193,-332.6711008817566,503,mvo,0
2024-01-08,-9341.620121375265,19999.998405194885,-499.99990988958984,503,mvo,0
2024-01-09,6953.693171615143,17325.706302809358,1854.5291970915403,503,mvo,0
2024-01-10,2763.9524488819084,16887.580940103555,2103.993463082658,492,mvo,0
2024-01-11,-8787.29801157609,16291.254902176992,1987.3744032543048,492,mvo,0
2024-01-12,-4946.903773027577,16209.02202389486,1858.9470129335523,492,mvo,0
2024-01-16,-2597.0924729948283,19999.999702103443,499.99998493708847,492,mvo,0
2024-01-17,5421.180385466465,19450.189784881582,916.5369705917635,492,mvo,0
2024-01-18,-1137.0048637216519,18844.95055000815,483.7485638473413,492,mvo,0
2024-01-19,-9608.689565457447,18292.840327952203,94.75384066647104,492,mvo,0
2024-01-22,7113.495656780809,19999.99949930416,71.99170429497856,493,mvo,0
2024-01-23,-2109.77159637146,20764.15558928147,24.55377776478326,493,mvo,0
2024-01-24,-5658.131342203995,20058.262201076315,-471.81735159306675,493,mvo,0
2024-01-25,34876.889953132435,21132.47931578426,884.7101903897995,493,mvo,0
2024-01-26,-26671.81093933424,19362.666079281305,-329.6158806602133,493,mvo,0
2024-01-29,9317.825825686741,19999.998642553746,114.9308537684511,493,mvo,0
2024-01-30,1047.384917850225,19638.353021005456,426.4903536922129,493,mvo,0
2024-01-31,-4923.940011147672,19124.278512717658,346.8229023575721,493,mvo,0
2024-02-01,-4512.519644817953,19111.222940431257,275.32154584824326,493,mvo,0
2024-02-02,14702.86568282459,18819.27053549074,400.7125415678773,493,mvo,0
2024-02-05,-13601.815907910135,20000.000269059143,-404.71258759545475,493,mvo,0
2024-02-06,80296.57992455311,23876.96494506669,4303.646149806585,493,mvo,0
2024-02-07,135380.35664210518,26798.09071701097,7643.003881785298,493,mvo,0
2024-02-08,-7924.378365119894,24259.86405910528,4821.618734260118,493,mvo,0
2024-02-09,-91714.47390764699,23605.155802906145,4985.466394579414,492,mvo,0
2024-02-12,-28577.05628921605,20000.000227298093,-499.9999908729753,492,mvo,0
2024-02-13,42534.71200812304,19269.167278746645,-182.38137981264498,492,mvo,0
2024-02-14,7382.589875015082,18445.83822610082,-213.11493748479228,492,mvo,0
2024-02-15,-8624.930557624273,18389.6021960167,-3.321674870060084,492,mvo,0
2024-02-16,18814.129018601303,17661.025027930606,-209.00241228122167,492,mvo,0
2024-02-20,-7499.68079961109,20000.000021577787,136.93841597598228,492,mvo,0
2024-02-21,9152.606795193602,19200.26756243273,-184.10793138717833,492,mvo,0
2024-02-22,-25440.31937732504,19289.674812144058,1080.7098507977228,492,mvo,0
2024-02-23,39852.26380709794,18975.04336069118,1851.2518044270334,492,mvo,0
2024-02-26,-11430.563131005025,19999.999229914218,499.9999887516125,491,mvo,0
2024-02-27,5615.822428102784,19323.58495084611,772.2806600778657,491,mvo,0
2024-02-28,8087.501727435512,19455.471495030466,304.5404237574799,491,mvo,0
2024-02-29,-11826.388176664215,18539.718242459843,625.3804243685609,491,mvo,0
2024-03-01,12479.996275836796,18166.143136189006,782.8361675210602,491,mvo,0
2024-03-04,-16776.073265558836,20000.000087398806,207.96810818331977,492,mvo,0
2024-03-05,20621.4990246808,21699.070612368316,1132.7273740136357,492,mvo,0
2024-03-06,-8129.300274346611,20744.41793987093,374.4361906947436,492,mvo,0
2024-03-07,7517.222186217058,20109.473847711924,502.0441369523487,492,mvo,0
2024-03-08,12577.221882208874,20008.97966022784,755.4801132185946,492,mvo,0
2024-03-11,-1279.7632416968243,19999.99960677204,-499.9999961023025,492,mvo,0
2024-03-12,2450.949646346367,19780.648135641815,-22.76387130288678,491,mvo,0
2024-03-13,27638.353291052204,19317.64041421382,339.2071712170722,491,mvo,0
2024-03-14,-13864.179981875406,19548.413138571726,-239.9801298396189,491,mvo,0
2024-03-15,2836.883224375782,18198.684982621748,735.185104250887,491,mvo,0
2024-03-18,-14991.774967055415,19999.999384227245,-499.9999991388261,492,mvo,0
2024-03-19,-4248.772083455521,21493.25868726617,-1607.818245931598,492,mvo,0
2024-03-20,-31452.50773435706,20282.254963049134,-2007.0937798444488,492,mvo,0
2024-03-21,29945.07483539261,23268.53900176574,-5784.12575809749,492,mvo,0
2024-03-22,-11647.802516836467,24049.35899156893,-5871.69928558313,492,mvo,0
2024-03-25,-8202.736491044137,19999.99970044282,-499.99999763141426,492,mvo,0
2024-03-26,29534.992673056546,20548.30108109801,103.53125736928253,492,mvo,0
2024-03-27,9854.61592414473,18483.10131525636,565.4652067021786,492,mvo,0
2024-03-28,-14905.219544448715,29498.135605743282,14175.494120982152,492,mvo,0
2024-04-01,8762.921003502832,19999.999974004608,-499.99999734240583,492,mvo,0
2024-04-02,-18926.443260326956,19349.79824685627,-221.0625744405896,491,mvo,0
2024-04-03,32353.895412563426,18877.80890777815,-306.1576456867047,490,mvo,0
2024-04-04,-11561.863023463755,18491.63567332071,-425.4074754058009,490,mvo,0
2024-04-05,20357.06152953589,17906.11145185488,-182.52969237251335,490,mvo,0
2024-04-08,-17805.7624491012,19999.999201144856,-499.99999993003263,491,mvo,0
2024-04-09,5865.772516886591,19796.63328021011,-710.067165024575,491,mvo,0
2024-04-10,-14892.988024316262,18562.54066071937,-476.12109787236835,491,mvo,0
2024-04-11,81516.19416596796,18155.47627385811,-486.54212985708745,491,mvo,0
2024-04-12,-3690.1599813898997,16951.26473801585,-398.52265952118086,491,mvo,0
2024-04-15,-4841.43411611948,19999.999305284764,-500.00000037638324,491,mvo,0
2024-04-16,-15451.08917552746,20466.50209448318,-1236.5810177249257,491,mvo,0
2024-04-17,-28695.328670552022,22087.34568616447,-985.0487257440568,491,mvo,0
2024-04-18,7787.60719466053,22318.1360714883,-1059.3712425355347,491,mvo,0
2024-04-19,-1811.589603752726,21911.83454122752,-1225.3191588071365,491,mvo,0
2024-04-22,24954.370497143296,20000.000371959115,-499.9999870628607,492,mvo,0
2024-04-23,-14047.214719438893,18997.953700861424,-1300.3750263550912,492,mvo,0
2024-04-24,33166.371613974254,19184.747465838387,-821.9571483028734,492,mvo,0
2024-04-25,1003.7461451368453,18673.478435957382,-1554.586057543332,492,mvo,0
2024-04-26,-32904.98484710106,17348.699623645127,-804.9363025175606,492,mvo,0
2024-04-29,-43205.07122782736,19999.99993718721,499.99998889245813,492,mvo,0
2024-04-30,56874.414143552036,19993.74418568062,1017.7921353876557,492,mvo,0
2024-05-01,464.6548336012594,19568.47876167422,903.7129489327585,492,mvo,0
2024-05-02,-5265.332036064582,19417.478633828676,980.5470030817039,492,mvo,0
2024-05-03,32810.8493093954,18878.53308077424,928.4962761634439,492,mvo,0
2024-05-06,-4773.385359900841,20000.000216009263,499.99999887904835,492,mvo,0
2024-05-07,-974.5293794347018,19825.04479910174,-471.8808123632264,492,mvo,0
2024-05-08,7861.524732103284,18663.95235584357,51.756197644315115,492,mvo,0
2024-05-09,6994.3747574987365,18321.970978655336,113.6368762268741,492,mvo,0
2024-05-10,-25372.51558036383,17839.767359146448,-657.5267423307486,492,mvo,0
2024-05-13,2671.310468977174,19999.99997244077,499.9999994706111,491,mvo,0
2024-05-14,-46536.29917328129,19723.822620684845,481.5219018269982,491,mvo,0
2024-05-15,101926.82290757164,21379.678978357606,2951.9949231099636,491,mvo,0
2024-05-16,-49901.889678322674,19193.637616765907,2077.547761413888,491,mvo,0
2024-05-17,46835.74676109289,18854.339214597123,3078.9019234910834,491,mvo,0
2024-05-20,6944.6676668458285,20000.000227071167,499.9999998262216,491,mvo,0
2024-05-21,-2120.4552996980724,20775.382295842584,1726.147657037086,491,mvo,0
2024-05-22,48405.01914476224,20331.96638769586,2316.840791716365,491,mvo,0
2024-05-23,25650.94600749319,22242.866563786443,3791.0930574317886,491,mvo,0
2024-05-24,-46821.401270875635,22677.76742830677,-1424.4846784006327,491,mvo,0
2024-05-28,35435.286668223234,19999.99973283154,499.9999982621333,491,mvo,0
2024-05-29,9829.062443111097,21493.84342823455,2365.1797816980093,491,mvo,0
2024-05-30,-25238.4757628942,20152.507640960866,777.0388164735973,491,mvo,0
2024-05-31,31875.276441231443,19099.048952675184,983.3237433504455,491,mvo,0
2024-06-03,25123.0783509646,19999.99995826844,499.9999985077012,491,mvo,0
2024-06-04,16122.534187575096,19413.750336134406,849.7417227884746,489,mvo,0
2024-06-05,-733.9885564998851,19118.529388213505,689.9843408939746,489,mvo,0
2024-06-06,14073.529951784732,18580.501270102755,757.8320044746031,489,mvo,0
2024-06-07,-23586.904436333538,18357.90719299709,186.84496944963337,489,mvo,0
2024-06-10,3214.7861945157943,19999.999022350323,499.9999959995349,491,mvo,0
2024-06-11,-5215.689931781279,19082.242404715424,58.42901349874986,491,mvo,0
2024-06-12,28459.06208540438,19069.5645989596,699.7143343752864,491,mvo,0
2024-06-13,-22217.63268962469,19449.70448407273,-1047.4984497200787,491,mvo,0
2024-06-14,6066.576086581801,19696.370879617596,-655.5161819703983,491,mvo,0
2024-06-17,-280.8037023008419,20000.000165080455,-499.99995262498436,491,mvo,0
2024-06-18,28507.059798002178,19472.6452509294,168.62099946138758,491,mvo,0
2024-06-20,-34666.60797168907,18913.2121311035,-324.6260703309054,491,mvo,0
2024-06-21,27001.72942189828,18927.63508864251,393.276442865046,491,mvo,0
2024-06-24,27194.22839206589,19999.999335330074,499.9999854280065,491,mvo,0
2024-06-25,-1286.7495593574454,19812.596164603518,569.2472342730255,491,mvo,0
2024-06-26,1840.8651074767438,19044.97480696775,758.2975031556647,491,mvo,0
2024-06-27,-16935.471486676233,18818.62546128981,691.22600018546,491,mvo,0
2024-06-28,-33.92791640046869,17934.264188601363,334.5313896482023,491,mvo,0
2024-07-01,37234.30828667961,20000.000174496294,-499.9999994486105,503,mvo,0
2024-07-02,-5842.26183945047,21266.854009612674,-3215.5862026678783,501,mvo,0
2024-07-03,11634.819126173335,20987.978830050535,-2782.822235009965,501,mvo,0
2024-07-05,11174.259743580507,20019.824947710094,-2954.1504676988625,501,mvo,0
2024-07-08,-15058.06367639068,19999.99945993466,-499.9999978780758,502,mvo,0
2024-07-09,-3733.5814819859684,22348.44841551864,-2903.9486556588427,502,mvo,0
2024-07-10,4743.061979668658,22683.323670227386,-2109.1306553984064,502,mvo,0
2024-07-11,19514.140229606168,21734.89756801234,-2600.894124667262,502,mvo,0
2024-07-12,-5859.7028712004585,20831.07162418714,-3208.4088952312018,502,mvo,0
2024-07-15,8963.00904224564,19999.99980512257,-499.99999870506383,502,mvo,0
2024-07-16,39051.32357865097,24735.19232096185,4080.066192174062,502,mvo,0
2024-07-17,-14846.942598570227,23802.550105537877,4567.464871891318,502,mvo,0
2024-07-18,-1263.7180009868262,23906.629289081022,4293.946467211799,502,mvo,0
2024-07-19,-3435.6081316666255,22808.147443289752,3371.7796352768532,502,mvo,0
2024-07-22,-11403.598713442185,20000.000232311013,-499.99999821513836,502,mvo,0
2024-07-23,492.96233621393515,18780.84658176505,-1502.6201945777261,502,mvo,0
2024-07-24,15993.565895920858,18131.644099232013,-554.3210248608254,502,mvo,0
2024-07-25,35005.15282427582,17951.079829810515,42.70424135179809,502,mvo,0
2024-07-26,-45753.8860947263,16844.23809071278,-2239.165272563274,502,mvo,0
2024-07-29,29389.974949440395,19999.999933966927,-499.9999947444375,503,mvo,0
2024-07-30,-25128.825832611332,18859.49359362064,23.793281840697624,502,mvo,0
2024-07-31,-4111.148731123476,18671.45478000848,257.5308876663782,502,mvo,0
2024-08-01,18812.269738213537,18013.1204347154,-115.66718804473751,502,mvo,0
2024-08-02,-8383.0708979474,17857.952870823476,-1056.4116809392033,502,mvo,0
2024-08-05,34.237154481587595,19999.99971078443,-500.0000007413046,504,mvo,0
2024-08-06,22584.20274526633,19153.55149334216,-134.8501014435827,503,mvo,0
2024-08-07,-6009.7162063996075,18449.53942842479,76.28085102559196,503,mvo,0
2024-08-08,23284.25138425612,18453.70629145314,79.10434028304454,503,mvo,0
2024-08-09,-12201.435024005772,17998.086123607784,289.99475353820634,503,mvo,0
2024-08-12,1750.08585651607,20000.000524491534,-499.99999868584473,504,mvo,0
2024-08-13,-50125.3842463311,20823.689878650715,-2173.830311341094,504,mvo,0
2024-08-14,-82011.35112509005,20335.590155641537,-2083.151916088697,504,mvo,0
2024-08-15,105550.37101179837,19588.387867619822,-712.820578103608,504,mvo,0
2024-08-16,-101921.14397530351,20869.53642530111,-2975.699791940712,504,mvo,0
2024-08-19,60950.584095153936,20000.00011426349,499.9999997560222,504,mvo,0
2024-08-20,-23012.147648175465,21462.86682573097,1269.7138677710113,504,mvo,0
2024-08-21,47630.435405163014,21765.975207686264,3077.5839044035597,504,mvo,0
2024-08-22,3283.3486122164823,21971.328833443313,3318.864291006599,504,mvo,0
2024-08-23,-8278.046871568626,21213.787727553598,351.0925495231846,504,mvo,0
2024-08-26,-8804.90055211556,20000.0001111428,499.9999986382108,504,mvo,0
2024-08-27,17540.885221110326,20370.49260434502,1010.5477518392192,504,mvo,0
2024-08-28,4222.119081740325,19299.486902381897,368.88023926204437,504,mvo,0
2024-08-29,-19581.92824970479,18901.799789060835,-401.9040302169591,504,mvo,0
2024-08-30,65005.554137582985,17428.021169372398,1095.805614887312,504,mvo,0
2024-09-03,-50962.33057794379,19999.99992728082,-499.9999986922062,504,mvo,0
2024-09-04,3544.8513964197073,23610.715769371447,-4316.958895158564,503,mvo,0
2024-09-05,-2555.6818899127015,22676.55956472461,-3712.7395142209525,502,mvo,0
2024-09-06,-35564.748841288274,22671.37231766955,-3633.2696707248883,502,mvo,0
2024-09-09,72506.1326617863,19999.999964640054,-499.99999896560183,503,mvo,0
2024-09-10,11601.48134917236,18935.53577693637,-711.5433521911895,503,mvo,0
2024-09-11,3897.343209382643,18860.54399945232,-740.8869295746676,503,mvo,0
2024-09-12,-12133.948843127719,19202.044157060845,-168.0506145167767,503,mvo,0
2024-09-13,3295.200328332044,18860.0406097409,-496.026610644207,503,mvo,0
2024-09-16,-1049.7516943165483,20000.000213561518,-499.9999975652286,505,mvo,0
2024-09-17,11591.232669684201,20074.46643575521,-316.960264451728,505,mvo,0
2024-09-18,-14826.967399351995,19621.023364560726,-380.17291306281703,505,mvo,0
2024-09-19,11187.775869032168,18433.007849424393,-254.00378408599164,505,mvo,0
2024-09-20,-28978.84972884392,18214.768356093202,-920.6273652309811,505,mvo,0
2024-09-23,23485.36769095778,20000.00013143108,-499.99999850909194,505,mvo,0
2024-09-24,-7393.832080201513,19825.604831497712,-55.09684565344854,505,mvo,0
2024-09-25,875.5048298045663,19880.82128413134,-1254.883305001545,505,mvo,0
2024-09-26,-1404.6892623649774,19337.99413873879,-1363.7581040267848,505,mvo,0
2024-09-27,640.7067401150908,19143.2853854528,-1424.4013589299716,505,mvo,0
2024-09-30,-785.8325967280742,20000.000012647215,-499.9999998649947,507,mvo,0
2024-10-01,17347.345349113,19153.08650916199,347.011669038491,505,mvo,0
2024-10-02,2920.7791580613853,18807.99455331226,381.97211480285563,505,mvo,0
2024-10-03,7703.3760470986945,18049.77067407731,466.59120133857385,505,mvo,0
2024-10-04,-10685.789403492348,18056.927728347473,369.7135912276104,505,mvo,0
2024-10-07,15671.625884538902,19999.999998643616,-499.99999975344207,505,mvo,0
2024-10-08,-6085.880902562164,19969.455400535753,-434.2875861035674,505,mvo,0
2024-10-09,27145.48753446821,19116.842761254495,-149.79440293845553,505,mvo,0
2024-10-10,-35457.492518236046,19025.754193765722,-1085.3240067469435,505,mvo,0
2024-10-11,24760.89231816257,18820.69229066045,-928.4104169669394,505,mvo,0
2024-10-14,4722.511871713789,19999.99966188104,-499.9999966436359,506,mvo,0
2024-10-15,805.2720641410484,20762.741876684766,-1249.5583051404242,506,mvo,0
2024-10-16,2805.6363812861955,19922.10549681732,-502.92760026926635,506,mvo,0
2024-10-17,-5447.136783558967,19573.499154929534,-1169.0093400430949,506,mvo,0
2024-10-18,-23839.42171331035,20621.912784959,-1996.4299672666104,506,mvo,0
2024-10-21,-3115.4435009118574,19999.999681101515,-499.99999602089537,506,mvo,0
2024-10-22,24910.732015866175,21125.27947342842,122.34582426622678,506,mvo,0
2024-10-23,8740.377850385488,21003.543459540982,964.3650973750366,506,mvo,0
2024-10-24,-9437.368568913418,19161.50075250635,63.65846666132449,506,mvo,0
2024-10-25,15294.758321050314,19300.049060252823,-70.81862235312559,506,mvo,0
2024-10-28,316.7252954959452,19999.999679208333,-499.9999989802744,506,mvo,0
2024-10-29,1551.4719014076013,19526.4649046871,-524.6759982564822,505,mvo,0
2024-10-30,5244.982234392633,19306.874937517758,-535.188040762196,505,mvo,0
2024-10-31,-224.46392166627157,19061.618574194777,-530.0992530687529,505,mvo,0
2024-11-01,13984.679714211285,18561.406514707367,-511.1005685574807,505,mvo,0
2024-11-04,-6635.769597402761,20000.000171973432,-499.9999996520817,506,mvo,0
2024-11-05,4557.125388474419,19462.283021163974,-1091.832910551101,506,mvo,0
2024-11-06,11538.672788636966,17918.732048707763,-553.9006878937397,506,mvo,0
2024-11-07,-21656.541825898086,18032.335670746423,-343.9876283356971,506,mvo,0
2024-11-08,-7596.960238632932,17070.753672201623,-715.053796911178,506,mvo,0
2024-11-11,-7877.546317273272,19999.99998211707,499.99999895386605,506,mvo,0
2024-11-12,13447.154059879054,19080.524639605133,-440.3735696218542,506,mvo,0
2024-11-13,12629.087815751674,18045.400537430567,-698.7932770147623,506,mvo,0
2024-11-14,-17084.2561034258,17963.943626520686,-367.2819405049919,506,mvo,0
2024-11-15,-12037.201407629474,18421.66494391058,-246.923285258973,506,mvo,0
2024-11-18,2184.760878830116,20000.000045608755,499.9999953355409,507,mvo,0
2024-11-19,17412.141274155776,19380.410154511814,1306.4075538114362,507,mvo,0
2024-11-20,-33951.87119909687,21770.52184515145,3357.4740407059353,507,mvo,0
2024-11-21,34192.14587043995,20980.60748421387,1996.776051726365,507,mvo,0
2024-11-22,9592.964521658552,21096.755900499014,2484.747505060514,507,mvo,0
2024-11-25,-14833.177388360318,19999.99965556301,499.999993888378,507,mvo,0
2024-11-26,66392.06439936641,20833.938855091605,1719.5161028219825,507,mvo,0
2024-11-27,-40974.02933017556,20406.278023489267,1650.6401709322665,507,mvo,0
2024-11-29,40416.26081588759,19627.92774862929,1769.7781674065527,507,mvo,0
2024-12-02,-44670.88440668026,20000.000211072478,499.99998851974254,507,mvo,0
2024-12-03,-9591.542427118104,20351.002251042308,-59.499882578822685,505,mvo,0
2024-12-04,13999.858620714795,19845.75853194133,151.96347966307405,505,mvo,0
2024-12-05,-1834.7355556907248,19343.407986442926,-112.29240025366795,505,mvo,0
2024-12-06,-42739.890710597596,19497.298129977276,-806.9466787239626,505,mvo,0
2024-12-09,60661.70811213249,19999.999935020645,-499.99999132422056,505,mvo,0
2024-12-10,-6030.252395243069,19132.475113383913,-231.4808413288786,505,mvo,0
2024-12-11,-17119.09736404608,18528.91173255536,-538.3971703251564,505,mvo,0
2024-12-12,20565.515879200077,18120.386752101218,-184.8262502813577,505,mvo,0
2024-12-13,-16616.487581199846,17477.766996183836,-467.07660827403794,505,mvo,0
2024-12-16,9561.25620233504,20000.00002071148,-499.99999910078975,506,mvo,0
2024-12-17,197.773559985268,19376.908655009614,-820.0268037557499,506,mvo,0
2024-12-18,21456.237379008686,19821.849451797807,-3879.515069017764,506,mvo,0
2024-12-19,-17352.24414955239,19821.487233952666,-3674.571690294112,506,mvo,0
2024-12-20,72403.66773767202,20639.4848101013,-3204.1191473912477,506,mvo,0
2024-12-23,-31951.83938255199,20000.000031428386,-499.99999821283126,506,mvo,0
2024-12-24,31781.344813110733,20033.588161692205,969.2088818748124,506,mvo,0
2024-12-26,-22603.936573945935,18246.478493556326,100.44519333207674,506,mvo,0
2024-12-27,2138.814861488527,17669.87252251589,-618.655218858061,505,mvo,0
2024-12-30,25636.405986879257,20000.000043266908,-499.9999993551448,505,mvo,0
2024-12-31,20815.021372009232,20019.949930163664,-265.4811513585443,505,mvo,0
2025-01-02,-2612.4142763412874,19660.95640092407,-213.71145787820208,505,mvo,0
2025-01-03,22722.766676046456,19221.072752383916,-257.6628876895378,505,mvo,0
2025-01-06,2622.201732990191,20000.000048835827,-499.9999989324641,505,mvo,0
2025-01-07,-5281.154703016741,19766.348834476103,-460.1951263472873,505,mvo,0
2025-01-08,10222.533978297552,19720.988980081387,-396.0923583508088,505,mvo,0
2025-01-10,-4579.0289099111405,18448.649624761216,-1417.4577703362074,505,mvo,0
2025-01-13,21196.86099332605,20000.00010081847,-500.0000000905432,493,mvo,0
2025-01-14,11029.17506007043,20168.984927946396,-416.19765817052587,493,mvo,0
2025-01-15,23260.23332578511,19129.98623525514,-141.04766581136903,493,mvo,0
2025-01-16,14743.853573638591,18453.59169012784,-435.18134695909026,493,mvo,0
2025-01-17,-6266.3242895814565,17878.781668501422,-710.4490072386212,493,mvo,0
2025-01-21,-736.799723373967,20000.000102996117,-499.99999539249075,494,mvo,0
2025-01-22,-16778.007387864152,20332.221307704534,-495.5652479842856,494,mvo,0
2025-01-23,34527.07081878121,22049.947043776243,1863.7082732252445,494,mvo,0
2025-01-24,-16268.067185366062,21056.979094200407,1190.3594329189577,494,mvo,0
2025-01-27,24662.22635617043,19999.999589294708,-499.9999984428318,494,mvo,0
2025-01-28,-5549.495411667606,20040.490164491286,-1147.1145080513509,494,mvo,0
2025-01-29,4840.298088463616,19449.421616367315,-1411.132605476741,494,mvo,0
2025-01-30,5558.061126613573,19068.12715137457,-291.3686791350896,494,mvo,0
2025-01-31,-5420.611416631389,19082.144318118095,63.933947248793665,494,mvo,0
2025-02-03,-411.8651446328218,20000.000117252453,-499.99999940168203,494,mvo,0
2025-02-04,18342.748116759336,19926.198359769518,-522.1659188476899,494,mvo,0
2025-02-05,13996.800235489956,19591.50063393281,-451.7719595426701,494,mvo,0
2025-02-06,-16602.254566818083,19146.205462610495,-285.27515846020935,494,mvo,0
2025-02-07,-8337.874800185049,19249.16264818561,-448.4909042036661,494,mvo,0
2025-02-10,-6099.398417294161,19999.99985216964,-499.9999968611919,494,mvo,0
2025-02-11,15179.125067319592,19417.81594619166,-338.42765455838867,494,mvo,0
2025-02-12,-1767.4604353769985,19158.281508951208,-468.2015272726603,494,mvo,0
2025-02-13,9709.396220913875,18908.089795212018,-242.86662485797694,494,mvo,0
2025-02-14,5875.260118290127,18533.612990540838,-100.37509373193365,494,mvo,0
2025-02-18,-24819.119357303414,19999.99976251999,-499.9999916216235,494,mvo,0
2025-02-19,-46473.17847760808,19128.052952675338,211.29413126569617,494,mvo,0
2025-02-20,-3985.523721747972,19233.142234449508,629.9507428187303,494,mvo,0
2025-02-21,14829.460395083654,19374.778017211844,180.75790751793255,494,mvo,0
2025-02-24,-2850.547520846006,20000.00009875908,-499.9999991499812,494,mvo,0
2025-02-25,6574.359332696652,19116.39346834542,-892.8728663538374,494,mvo,0
2025-02-26,10125.375361367345,19201.75905127165,-994.8904406847779,494,mvo,0
2025-02-27,-13221.943643624028,18325.62660548399,-444.5218806205445,494,mvo,0
2025-02-28,5273.023089943728,17370.53691080605,-434.94543875427445,494,mvo,0
2025-03-03,-5926.250710051325,19999.999767946523,-500.0000000018302,494,mvo,0
2025-03-04,9664.4882720786,20928.132834258224,454.34389140180525,494,mvo,0
2025-03-05,-5201.977562064171,20561.581778246895,74.71074164118193,494,mvo,0
2025-03-06,-22068.461726598744,19878.394133441147,-155.83626775987946,494,mvo,0
2025-03-07,15779.548918555143,19502.11684463096,-197.35613002538966,494,mvo,0
2025-03-10,2135.0568211087593,20000.000228393477,-499.9999999582673,494,mvo,0
2025-03-11,33866.475057099684,21050.772450651068,735.8992354894584,494,mvo,0
2025-03-12,-26707.379456193343,20266.58232813131,155.0838360933116,494,mvo,0
2025-03-13,-7417.514394551153,18121.619734645414,-1532.5455946641905,494,mvo,0
2025-03-14,20607.23848518164,19394.05100082564,121.01722727443659,494,mvo,0
2025-03-17,-2218.8284218259464,19999.999053036332,-499.99999907012875,494,mvo,0
2025-03-18,12959.121615893504,20579.94748322824,508.86031806210696,494,mvo,0
2025-03-19,7069.82242715638,19252.844646158166,-357.203871022233,494,mvo,0
2025-03-20,-8720.366862656812,18977.94425777646,-672.2329816233724,494,mvo,0
2025-03-21,15540.972078460822,18871.831007357563,-128.39436169073306,494,mvo,0
2025-03-24,-12234.446130624732,20000.000189155824,-499.9999612032478,495,mvo,0
2025-03-25,16591.15302869141,21333.882478151183,54.67280816234392,495,mvo,0
2025-03-26,10031.780733484837,19828.384010392852,-70.74536284514714,495,mvo,0
2025-03-27,11523.58696653854,20038.473669468818,-366.789532639897,495,mvo,0
2025-03-28,-21843.42334219664,40668.887641180874,4812.894532950453,495,mvo,0
2025-03-31,-26332.845619824526,19999.99980529641,-499.99999997447463,495,mvo,0
2025-04-01,24837.977950426684,19700.02429200502,-555.8076117625392,495,mvo,0
2025-04-02,2499.01292893558,19554.673959215503,-540.2205514548984,495,mvo,0
2025-04-03,-21123.566516316234,17796.13782577019,-514.9811746590206,495,mvo,0
2025-04-04,2394.7729722614285,17839.34739412548,-253.77512291362802,495,mvo,0
2025-04-07,-8249.55421939645,20000.0000150441,-500.0000003075431,495,mvo,0
2025-04-08,-23077.89520004878,19379.983594475143,-629.5533535190561,495,mvo,0
2025-04-09,14299.13793186874,21596.28469662677,-663.1712100879273,495,mvo,0
2025-04-10,-47221.3236687697,20758.411380105124,-999.6331909981155,495,mvo,0
2025-04-11,5765.319434093319,20995.64563290886,-716.9346512710887,495,mvo,0
2025-04-14,12504.434618192849,20000.000715717426,-499.999999847022,495,mvo,0
2025-04-15,-4030.688562427992,19562.160115399634,-146.9496854795636,495,mvo,0
2025-04-16,-2833.551597979679,19431.14870218854,-2.1741257982369437,495,mvo,0
2025-04-17,18305.60539026242,18997.418649475927,-160.5732523765735,495,mvo,0
2025-04-21,-8356.862440525238,20000.0003689555,-499.99999964096713,495,mvo,0
2025-04-22,30970.0870972791,20353.492335030463,-335.8525296770615,495,mvo,0
2025-04-23,14224.045900716024,19856.122092019712,-224.4645210768539,495,mvo,0
2025-04-24,-16143.490591692054,19282.390792303166,534.8326862741808,495,mvo,0
2025-04-25,-911.5903667106157,19513.927932751456,1167.4591363699833,495,mvo,0
2025-04-28,-1006.2858918764738,20000.00006147788,-499.99999891383607,495,mvo,0
2025-04-29,3729.6292139967004,19663.49490414714,-536.9668401364193,495,mvo,0
2025-04-30,4849.350632226157,18576.580544567532,-1083.7838395706426,495,mvo,0
2025-05-01,16920.12634397214,18653.848858458627,-732.0423386314749,495,mvo,0
2025-05-02,-4716.101584634478,17722.467791539802,-1287.5093246879003,495,mvo,0
2025-05-05,1815.7744459419473,19999.998732840326,-499.99998667006685,495,mvo,0
2025-05-06,730.1071334560652,20025.75447172181,-412.88529200498255,495,mvo,0
2025-05-07,-1775.9367395987176,19380.473898065164,-566.0021814500568,495,mvo,0
2025-05-08,12576.565915168008,18596.247155107452,-354.9142065499822,495,mvo,0
2025-05-09,9445.962333839225,18450.520910969248,-351.1660063302974,495,mvo,0
2025-05-12,-5962.933597485241,20000.000014566576,499.9999993496702,495,mvo,0
2025-05-13,66173.07290990467,21316.376734341156,1825.4578238849513,495,mvo,0
2025-05-14,-16645.161624872446,21653.036189180726,1467.878711638488,495,mvo,0
2025-05-15,36395.665206041864,21012.521150938268,1174.144482030095,495,mvo,0
2025-05-16,-17129.24007291198,21576.959649968972,492.8832740655482,495,mvo,0
2025-05-19,-4674.537960643342,19999.999994645612,499.99999955341747,495,mvo,0
2025-05-20,-3721.626882690264,20355.952292050137,318.59039180675416,495,mvo,0
2025-05-21,-1656.489822627221,22348.118568752325,2409.011705306586,495,mvo,0
2025-05-22,9953.369268054466,21386.461440842497,2107.3265095911424,495,mvo,0
2025-05-23,-8854.273908954594,21391.67510805232,2574.2999905978536,495,mvo,0
2025-05-27,7238.260823923679,19999.999305146033,-499.9999698848937,495,mvo,0
2025-05-28,14066.951312591964,19650.571922337014,244.67655856393208,494,mvo,0
2025-05-29,-184.12145515923902,18143.255110711805,-636.6988811337516,494,mvo,0
2025-05-30,3353.7472108821667,18191.893563187925,-733.8449059987898,494,mvo,0
2025-06-02,30679.566814912472,20000.000177630398,-413.6997595286534,494,mvo,0
2025-06-03,20967.909845883816,19746.143529463636,-296.38130095553186,493,mvo,0
2025-06-04,-10626.74815186846,19324.3882849271,-355.93041832412274,493,mvo,0
2025-06-05,6925.004609080998,20069.587813093407,-1516.9638060668694,493,mvo,0
2025-06-06,-4689.572035262886,19708.529729404356,-1655.5178895952617,493,mvo,0
2025-06-09,14988.840865758846,20000.000148010415,-499.9999967702472,494,mvo,0
2025-06-10,-11853.318804025397,19563.957195088522,-532.3633197721695,494,mvo,0
2025-06-11,10333.74396143401,20188.47898189507,109.93161959747886,494,mvo,0
2025-06-12,-640.2618773037321,20198.3389660349,292.3000321881308,494,mvo,0
2025-06-13,5158.847889956864,19917.011310698384,454.43106032265086,494,mvo,0
2025-06-16,5564.735302313579,20000.000101973532,-499.99999946963356,494,mvo,0
2025-06-17,-11081.885120970217,19530.49002125223,-625.2670874048547,494,mvo,0
2025-06-18,16626.499551967703,19442.348001030725,-656.87983606617,494,mvo,0
2025-06-20,5973.5477678318675,18343.054336442212,-490.2442581287269,494,mvo,0
2025-06-23,1168.939942326762,19999.999773202893,-499.9999989466699,494,mvo,0
2025-06-24,-1011.3407366051773,20353.596754591417,93.0002359621488,494,mvo,0
2025-06-25,-8964.685151903142,21684.95698373892,879.8749685083077,494,mvo,0
2025-06-26,-26855.156040670718,21149.1403995765,443.5547392132215,494,mvo,0
2025-06-27,25268.19028964546,21149.337837132836,1428.6163761987787,494,mvo,0
2025-06-30,-12936.276349471444,19999.99972458856,-412.7391355327456,509,mvo,0
2018-07-02,0.0,10152.398015150718,-500.00000000429884,481,mvo_factor_neutral,0
2018-07-03,13481.48538354451,9955.145900612584,-456.1757354180075,481,mvo_factor_neutral,0
2018-07-05,2967.4252521564717,9838.148592966596,-374.0356731619239,481,mvo_factor_neutral,0
2018-07-06,-6504.850080714271,9526.33795509116,-453.83689960776786,481,mvo_factor_neutral,0
2018-07-09,16313.81395978362,14648.980873531478,-499.9999966445487,483,mvo_factor_neutral,0
2018-07-10,-8130.501382560754,13577.178256175088,-1151.557126299831,483,mvo_factor_neutral,0
2018-07-11,3616.1059037758246,13653.524835671296,-904.825054999194,483,mvo_factor_neutral,0
2018-07-12,7895.014822903285,13955.550011674324,-282.04018535440963,483,mvo_factor_neutral,0
2018-07-13,-6244.254206795603,13583.846179571437,-347.9940407344358,483,mvo_factor_neutral,0
2018-07-16,-12920.497665365081,17229.301866414004,-499.99999947619506,483,mvo_factor_neutral,0
2018-07-17,8238.50891213449,16811.93823759548,-506.365749064381,483,mvo_factor_neutral,0
2018-07-18,705.7788307596737,16814.210974047583,213.82729402216583,482,mvo_factor_neutral,0
2018-07-19,5899.7694168368125,15157.260992863898,-1197.5334463179936,482,mvo_factor_neutral,0
2018-07-20,11876.191486826245,15023.951955162705,-688.0441957951848,482,mvo_factor_neutral,0
2018-07-23,1856.674863143961,19999.99971152178,-499.99999188099605,483,mvo_factor_neutral,0
2018-07-24,7222.527859338943,19425.217064682576,-346.84692872054126,483,mvo_factor_neutral,0
2018-07-25,-16881.0275999109,17816.07791553943,-1169.395507510877,483,mvo_factor_neutral,0
2018-07-26,16283.062317912883,18049.374599041505,-1814.5745088287779,483,mvo_factor_neutral,0
2018-07-27,-22389.516984205962,17181.643898262584,-2591.120868286425,483,mvo_factor_neutral,0
2018-07-30,-15114.851393813471,19999.99965422254,-129.903534403025,483,mvo_factor_neutral,0
2018-07-31,51109.68411994036,19116.26354378343,42.94415246556906,482,mvo_factor_neutral,0
2018-08-01,-39748.61280900668,19082.110087647885,25.592724827393823,482,mvo_factor_neutral,0
2018-08-02,14286.465979910461,18368.61313610707,201.01703927097614,482,mvo_factor_neutral,0
2018-08-03,-24961.88706110667,17420.246147210277,-145.72944270320525,482,mvo_factor_neutral,0
2018-08-06,59846.56961746772,19999.999965488587,499.99999963062913,484,mvo_factor_neutral,0
2018-08-07,-22888.975212664456,19732.59918099979,659.2784430445907,484,mvo_factor_neutral,0
2018-08-08,18584.42591256431,19390.39541835917,823.6828628968859,484,mvo_factor_neutral,0
2018-08-09,-325.1910476708546,19610.361276332173,2063.2906471126375,484,mvo_factor_neutral,0
2018-08-10,-5199.280406436988,19916.347162377944,2606.8800930905445,484,mvo_factor_neutral,0
2018-08-13,-24992.281493849343,19999.999988320968,-199.28111954490612,486,mvo_factor_neutral,0
2018-08-14,21287.57862592576,18806.80133569752,-398.0586209100408,486,mvo_factor_neutral,0
2018-08-15,13286.771808786158,17907.57031300179,596.394286528027,486,mvo_factor_neutral,0
2018-08-16,-9628.883698641243,18013.36357561183,64.31814957285658,486,mvo_factor_neutral,0
2018-08-17,-3542.915265769599,17797.636542569035,-467.1669293674802,486,mvo_factor_neutral,0
2018-08-20,18114.071872957556,19999.99993038122,500.00000001646805,488,mvo_factor_neutral,0
2018-08-21,32206.393348188314,20059.663647087356,834.3411105914042,488,mvo_factor_neutral,0
2018-08-22,-21738.130739521104,18261.07149757934,107.15394647218483,488,mvo_factor_neutral,0
2018-08-23,9956.57394410711,18943.039406350494,1786.366538805431,488,mvo_factor_neutral,0
2018-08-24,-6923.757685170764,18928.941010444873,-333.2695701954234,488,mvo_factor_neutral,0
2018-08-27,14884.774168365971,19999.996409957403,499.9999985040468,489,mvo_factor_neutral,0
2018-08-28,16475.79447601519,18995.960204707375,583.440893500065,489,mvo_factor_neutral,0
2018-08-29,-28867.956192642105,18691.34634258369,403.9408158101009,489,mvo_factor_neutral,0
2018-08-30,-2272.345295474018,18014.374752582342,599.6301155752076,489,mvo_factor_neutral,0
2018-08-31,20137.40388366795,17980.372700872715,420.1340297068198,489,mvo_factor_neutral,0
2018-09-04,-13690.14310731031,19999.997959818393,499.99999919966655,489,mvo_factor_neutral,0
2018-09-05,72.7697177661723,20350.702607774052,-259.79393737648417,489,mvo_factor_neutral,0
2018-09-06,1724.1441908246838,20009.983605911548,-448.8721005252166,488,mvo_factor_neutral,0
2018-09-07,4309.838157578132,19723.849242745633,-388.69267583535975,488,mvo_factor_neutral,0
2018-09-10,-13726.964696911638,19999.999278951578,-499.99997926615083,488,mvo_factor_neutral,0
2018-09-11,3941.063601079395,19639.753113315226,-512.55367491573,488,mvo_factor_neutral,0
2018-09-12,-2067.442512516468,19283.482571681114,-526.6229578473676,488,mvo_factor_neutral,0
2018-09-13,7265.146226666652,18805.133317079435,-685.348681589553,488,mvo_factor_neutral,0
2018-09-14,419.88906787725756,18275.61985722111,-427.41477199613377,488,mvo_factor_neutral,0
2018-09-17,2939.604552409328,20000.00018034197,499.99941036346314,489,mvo_factor_neutral,0
2018-09-18,-7018.43936288819,19738.835239104308,1145.4107997007386,489,mvo_factor_neutral,0
2018-09-19,4818.417798863986,18814.660430516637,1232.416229109613,489,mvo_factor_neutral,0
2018-09-20,15583.361191042775,18175.7476151502,2106.645239538916,489,mvo_factor_neutral,0
2018-09-21,14211.386290852184,18231.03026138618,2421.8914007886187,489,mvo_factor_neutral,0
2018-09-24,-14033.502262947215,20000.000334553468,-499.99651994343196,489,mvo_factor_neutral,0
2018-09-25,-12084.703977976666,20011.820929542086,-1161.5417680466126,489,mvo_factor_neutral,0
2018-09-26,-8376.736999044784,19954.920720739425,-1555.9418896667153,489,mvo_factor_neutral,0
2018-09-27,4187.448431051237,18786.079181110064,-1150.4841960191134,489,mvo_factor_neutral,0
2018-09-28,11361.947595915768,17284.431120573165,-1114.8470085583651,489,mvo_factor_neutral,0
2018-10-01,-1776.7046041942435,19999.999070462265,-234.60240480530769,489,mvo_factor_neutral,0
2018-10-02,10790.638015784712,19643.048108635732,-217.46937439376512,489,mvo_factor_neutral,0
2018-10-03,8516.493644988186,19466.46929341142,-64.55419322238734,489,mvo_factor_neutral,0
2018-10-04,-1466.0453934978568,18583.71155243236,-878.6584301954539,489,mvo_factor_neutral,0
2018-10-05,-10268.67166344273,18602.942892638308,-442.03916066536095,489,mvo_factor_neutral,0
2018-10-08,7404.236944262507,19876.5591710104,-623.4396149203592,489,mvo_factor_neutral,0
2018-10-09,-6210.786661959391,19430.947774726203,-841.1926734519981,488,mvo_factor_neutral,0
2018-10-10,25358.753018813688,20128.905163127187,44.843444464236796,488,mvo_factor_neutral,0
2018-10-11,-20829.7955137495,19314.765926388358,-40.18839042201927,488,mvo_factor_neutral,0
2018-10-12,23988.97701171483,19390.71578218421,-137.3561198355892,488,mvo_factor_neutral,0
2018-10-15,-5893.463656383013,20000.000301280128,-500.0000000810623,488,mvo_factor_neutral,0
2018-10-16,-1512.6142457414162,20213.369087440515,-693.6629030330137,488,mvo_factor_neutral,0
2018-10-17,-5284.927870460615,18800.135720169317,-826.6123783873552,488,mvo_factor_neutral,0
2018-10-18,-6988.858846447515,18636.752406840114,-746.2510631901281,488,mvo_factor_neutral,0
2018-10-19,-11742.319738806425,20356.927142166875,-1959.3529824200684,487,mvo_factor_neutral,0
2018-10-22,10637.70653289715,20000.000041758332,-500.00000104485287,487,mvo_factor_neutral,0
2018-10-23,-46436.056597383955,19958.31986397443,-1508.110351129129,487,mvo_factor_neutral,0
2018-10-24,-10741.938173967774,20162.265390071254,-1079.4962930579886,487,mvo_factor_neutral,0
2018-10-25,69591.00466175661,20249.030023931617,-963.5915660702507,487,mvo_factor_neutral,0
2018-10-26,-58526.24182856426,20834.199052434946,-2599.917168394057,487,mvo_factor_neutral,0
2018-10-29,-7913.920156716742,20000.000554916554,-500.000000181013,487,mvo_factor_neutral,0
2018-10-30,-776.0316633776768,19712.261858414782,-804.9444641038074,487,mvo_factor_neutral,0
2018-10-31,-33132.153057112075,19231.798557655766,-1773.1234825450276,487,mvo_factor_neutral,0
2018-11-01,-5719.67046813517,18249.25711904824,-1626.3473554188927,487,mvo_factor_neutral,0
2018-11-02,7847.648493454315,17806.567912647348,-1659.031721708108,487,mvo_factor_neutral,0
2018-11-05,-339.172178520543,19999.999227169865,-499.99999970571923,487,mvo_factor_neutral,0
2018-11-06,31984.853838284016,19213.225975332494,-434.3016513386033,487,mvo_factor_neutral,0
2018-11-07,-7672.28941132324,17980.09435710289,-270.81705945954616,487,mvo_factor_neutral,0
2018-11-08,-2880.5918694695442,18010.05783079571,-368.3247998579563,487,mvo_factor_neutral,0
2018-11-09,20179.502095628202,19063.01332747694,-233.46788315831853,487,mvo_factor_neutral,0
2018-11-12,-17520.38823300257,19617.8253333898,-882.1747184375096,487,mvo_factor_neutral,0
2018-11-13,-53907.88971359544,20314.3946419076,-1884.609692716269,486,mvo_factor_neutral,0
2018-11-14,-39335.15953070557,20400.30728767723,-1698.7210539673395,486,mvo_factor_neutral,0
2018-11-15,-19309.174961342807,19392.019905730944,-1915.477480853583,486,mvo_factor_neutral,0
2018-11-16,-1818.5143381769988,18724.651643191846,-1864.3248248334382,486,mvo_factor_neutral,0
2018-11-19,1511.0861946504422,20000.000450339925,-499.9999714183759,487,mvo_factor_neutral,0
2018-11-20,-6063.780015362212,20086.62810024214,-501.0369770295491,487,mvo_factor_neutral,0
2018-11-21,30133.209781188867,19722.746011367228,-460.92417855721993,487,mvo_factor_neutral,0
2018-11-23,-2152.7229890330514,18928.482447673097,-392.754297997235,487,mvo_factor_neutral,0
2018-11-26,13890.182056011801,20000.000021016265,-499.99999196124827,487,mvo_factor_neutral,0
2018-11-27,-5787.798689923269,19056.344463262998,-957.2948810583304,487,mvo_factor_neutral,0
2018-11-28,-3838.9158401461514,17304.964837885014,-1166.7670958563085,487,mvo_factor_neutral,0
2018-11-29,-19721.43447434276,17532.844466241702,-1585.5155914303548,487,mvo_factor_neutral,0
2018-11-30,15081.772083894819,16453.35681836887,-1322.1892528917629,487,mvo_factor_neutral,0
2018-12-03,3316.276626828692,19999.99997222765,499.9999818708348,487,mvo_factor_neutral,0
2018-12-04,-21585.593404615036,19854.29126528473,1585.2272533059759,487,mvo_factor_neutral,0
2018-12-06,-3064.99864203784,19018.26271695792,1365.0157105336818,486,mvo_factor_neutral,0
2018-12-07,-11972.18725199728,18100.45254652891,1358.7732697391232,486,mvo_factor_neutral,0
2018-12-10,44714.89019301822,20000.000024259785,-499.9999998674545,485,mvo_factor_neutral,0
2018-12-11,-9990.838031743786,19652.651656753616,-387.8418161761034,485,mvo_factor_neutral,0
2018-12-12,18997.14296250486,19756.71043048354,-672.3628613250539,485,mvo_factor_neutral,0
2018-12-13,2069.0933088798674,18909.889673563892,-219.35654741498112,485,mvo_factor_neutral,0
2018-12-14,6909.485532143462,18113.190328325072,38.05807813476329,485,mvo_factor_neutral,0
2018-12-17,6422.832057383966,20000.000243690913,-500.0000002637202,485,mvo_factor_neutral,0
2018-12-18,-103.99917211719136,20059.46167655512,-337.8061391655588,485,mvo_factor_neutral,0
2018-12-19,-6800.999271695187,21211.474610319096,1045.1187818015298,485,mvo_factor_neutral,0
2018-12-20,-738.4491573210402,23362.998577411094,1320.1770001507075,484,mvo_factor_neutral,0
2018-12-21,39531.501298054834,23386.803307343365,1224.9097341690942,484,mvo_factor_neutral,0
2018-12-24,-38332.43402660512,20000.00027153543,-500.0000013949525,484,mvo_factor_neutral,0
2018-12-26,-36806.994860158986,22298.906239878146,-984.0026376407629,484,mvo_factor_neutral,0
2018-12-27,-7395.397553892917,22124.039977324934,-1364.0571806291432,484,mvo_factor_neutral,0
2018-12-28,39848.70077067096,21732.0826634194,-1031.8816429078822,484,mvo_factor_neutral,0
2018-12-31,11966.026867726,18595.803792098453,-1904.1961304578288,484,mvo_factor_neutral,0
2019-01-02,15386.255383768874,18155.522337118728,-1700.2288457110953,483,mvo_factor_neutral,0
2019-01-03,-7653.008741081989,17916.681986450905,-1666.8864228063285,483,mvo_factor_neutral,0
2019-01-04,2579.291922088715,18143.61287671233,-1773.5391538680476,483,mvo_factor_neutral,0
2019-01-07,-13.28415954540659,19999.99885128343,-500.0000005270184,483,mvo_factor_neutral,0
2019-01-08,-680.2233635951183,19587.086514410883,-570.2692484176347,483,mvo_factor_neutral,0
2019-01-09,-5225.057556034767,18898.052723972138,-656.5120414679117,483,mvo_factor_neutral,0
2019-01-10,3691.1136845787078,18374.87680723436,-375.36054824115206,475,mvo_factor_neutral,0
2019-01-11,-2324.8003306732576,17819.214573226425,-239.12627796738306,475,mvo_factor_neutral,0
2019-01-14,-7008.036763473808,19999.998137450464,-499.9999998138865,475,mvo_factor_neutral,0
2019-01-15,17287.913052941574,19479.324150677578,-493.1156319403321,475,mvo_factor_neutral,0
2019-01-16,6218.075593007789,19302.001494054177,-193.95691932657755,475,mvo_factor_neutral,0
2019-01-17,-4843.829536618003,18699.53745646555,-76.76491633026107,475,mvo_factor_neutral,0
2019-01-18,-39135.795341569705,19024.76099292305,-908.0738999700919,475,mvo_factor_neutral,0
2019-01-22,10374.22625795558,20000.00079189956,-499.999999780136,475,mvo_factor_neutral,0
2019-01-23,3758.6011454816994,19939.91743185414,-985.0576578038496,475,mvo_factor_neutral,0
2019-01-24,-119221.78855163926,19260.592284269456,-893.4213282038369,475,mvo_factor_neutral,0
2019-01-25,87691.04323970556,18907.468086645305,-403.33371668399764,475,mvo_factor_neutral,0
2019-01-28,11068.515461458108,20000.00012214058,-499.999988771526,475,mvo_factor_neutral,0
2019-01-29,-1293.8038808082981,19555.28294132691,-339.13101063276457,475,mvo_factor_neutral,0
2019-01-30,10350.417363590599,18920.66567023061,-449.8010838934463,475,mvo_factor_neutral,0
2019-01-31,9653.109250800668,18017.404162005765,-650.3716726340363,475,mvo_factor_neutral,0
2019-02-01,-4561.482803667153,17842.682281885962,-1862.387913552437,475,mvo_factor_neutral,0
2019-02-04,-5769.823076180026,19999.99661171273,-211.91243555838423,475,mvo_factor_neutral,0
2019-02-05,6909.136497725556,20044.773757808798,310.18708999020606,475,mvo_factor_neutral,0
2019-02-06,681.4144627615269,20506.222378699815,-211.13971507273905,475,mvo_factor_neutral,0
2019-02-07,-12297.627365904087,19913.100818602776,-641.9728533082705,475,mvo_factor_neutral,0
2019-02-08,-10378.95123057527,19321.852171169314,-1246.8710325222821,475,mvo_factor_neutral,0
2019-02-11,4157.277293026039,19999.999149099713,85.20273776389091,475,mvo_factor_neutral,0
2019-02-12,-10609.207247272427,18791.825910911924,158.73419836169765,475,mvo_factor_neutral,0
2019-02-13,8557.755965817003,17641.173783060727,51.61765630654047,475,mvo_factor_neutral,0
2019-02-14,-1018.9242823852242,17737.852302570307,426.4883330838773,475,mvo_factor_neutral,0
2019-02-15,-10029.717142490346,15886.896125843503,-700.5809418600243,475,mvo_factor_neutral,0
2019-02-19,2193.23133638686,20000.000189356295,499.99999963018166,476,mvo_factor_neutral,0
2019-02-20,-7298.374895087398,19874.074135335195,838.1589290112405,476,mvo_factor_neutral,0
2019-02-21,23706.15508217195,20160.451556934215,727.4031029485672,476,mvo_factor_neutral,0
2019-02-22,-266.7987002856066,18872.64801527828,889.460978156172,476,mvo_factor_neutral,0
2019-02-25,2080.3325976125498,19999.999416920316,499.9999982882349,475,mvo_factor_neutral,0
2019-02-26,3348.773551374945,19621.869292379593,393.82910801681714,475,mvo_factor_neutral,0
2019-02-27,-2719.834400718416,19249.967901342934,441.60987834767366,475,mvo_factor_neutral,0
2019-02-28,13363.472796352864,19034.96244858859,237.72866623424937,475,mvo_factor_neutral,0
2019-03-01,-1611.0928545638324,18675.189963876808,358.3910046685154,475,mvo_factor_neutral,0
2019-03-04,2289.169182082782,20000.000145785136,499.99999752860134,475,mvo_factor_neutral,0
2019-03-05,-9350.34428649794,20215.945679062927,1025.857661268469,475,mvo_factor_neutral,0
2019-03-06,-4705.817375754545,19481.400622938774,890.1827061775199,475,mvo_factor_neutral,0
2019-03-07,3926.519892448674,18693.02759689637,557.9338999785489,475,mvo_factor_neutral,0
2019-03-08,8431.248218435689,18808.392406481726,1153.7978643410731,475,mvo_factor_neutral,0
2019-03-11,7106.767737436352,19999.999950412166,499.9999905029763,475,mvo_factor_neutral,0
2019-03-12,2048.9329008950035,19527.718387131124,223.90398321052137,475,mvo_factor_neutral,0
2019-03-13,-1609.6276747996328,19424.362212620712,345.9365047755663,475,mvo_factor_neutral,0
2019-03-14,9063.430777863929,18776.023099074497,464.0096146065645,475,mvo_factor_neutral,0
2019-03-15,7502.8209266625545,18300.059221774784,473.75549558577694,475,mvo_factor_neutral,0
2019-03-18,13623.946531070513,19999.99873045184,499.9999990742054,475,mvo_factor_neutral,0
2019-03-19,-5928.759033865152,20012.945602371758,145.65049682309655,475,mvo_factor_neutral,0
2019-03-20,27739.91970284288,18702.391658162676,-127.6112250536124,475,mvo_factor_neutral,0
2019-03-21,-29879.15262167393,19900.720072026303,-1159.2816956692418,475,mvo_factor_neutral,0
2019-03-22,29306.08091648497,19261.756215594432,-2081.02132340681,475,mvo_factor_neutral,0
2019-03-25,11937.411644793023,19999.985025255184,499.9999892385444,475,mvo_factor_neutral,0
2019-03-26,-3581.9340745311706,19911.650690691906,770.2107104945915,475,mvo_factor_neutral,0
2019-03-27,-3642.8144290856158,19623.719638741306,-58.42350020593631,474,mvo_factor_neutral,0
2019-03-28,-35764.7904515371,18854.231122932266,-52.76039575791834,474,mvo_factor_neutral,0
2019-03-29,14238.47890701597,33081.151563197905,3339.146457370872,474,mvo_factor_neutral,0
2019-04-01,20926.51627855926,19999.998437339247,500.00000059545255,474,mvo_factor_neutral,0
2019-04-02,-18860.50757886461,19468.447165454993,570.4943088761047,474,mvo_factor_neutral,0
2019-04-03,2640.542650144361,19101.49386722899,759.9697120846666,474,mvo_factor_neutral,0
2019-04-04,-2630.9004962094486,18609.092604153568,498.9351363706195,474,mvo_factor_neutral,0
2019-04-05,-3622.8082927352734,18078.897587522104,484.4466083066214,474,mvo_factor_neutral,0
2019-04-08,3085.5423213649196,19999.997789552748,499.99999968003334,474,mvo_factor_neutral,0
2019-04-09,7961.816999423045,19904.67437394714,498.21992356735205,474,mvo_factor_neutral,0
2019-04-10,-734.3858228314367,19147.92218110413,730.7992260646347,474,mvo_factor_neutral,0
2019-04-11,-1891.6905659214174,18538.583373595608,779.6586414128416,474,mvo_factor_neutral,0
2019-04-12,-4928.326758600258,17793.16813134076,536.9070928191286,474,mvo_factor_neutral,0
2019-04-15,906.8933831570675,19999.999903152242,499.99999124373477,474,mvo_factor_neutral,0
2019-04-16,-5741.193851834362,20016.91333316372,-238.71455212569745,474,mvo_factor_neutral,0
2019-04-17,9836.923182475633,19152.821992909165,-572.5641063743969,474,mvo_factor_neutral,0
2019-04-18,1421.2137086027171,18382.722605509127,-590.3069542623837,474,mvo_factor_neutral,0
2019-04-22,10370.899498988061,19999.999792596154,499.9999977594238,474,mvo_factor_neutral,0
2019-04-23,11299.901955142754,20139.517902983403,741.5269194479336,474,mvo_factor_neutral,0
2019-04-24,7405.8407027143,18779.491812034965,-7.68772803303003,474,mvo_factor_neutral,0
2019-04-25,12576.15638986646,18870.567913907107,-478.4574038805571,474,mvo_factor_neutral,0
2019-04-26,-9430.398210804997,17805.35284498913,-219.59230840454205,474,mvo_factor_neutral,0
2019-04-29,4441.835957210509,19999.999877519203,-162.90347681709414,475,mvo_factor_neutral,0
2019-04-30,33.30168857351095,19421.340250047913,-730.0845012081508,475,mvo_factor_neutral,0
2019-05-01,4775.845124549738,19104.156376146195,-670.249861288028,475,mvo_factor_neutral,0
2019-05-02,-9236.60872793939,18751.25417576183,-654.2479932631478,475,mvo_factor_neutral,0
2019-05-03,468.2259378264061,18311.640209688227,-821.7771287380073,475,mvo_factor_neutral,0
2019-05-06,-6506.36859780659,20000.000438733245,499.9999966788714,475,mvo_factor_neutral,0
2019-05-07,3289.437439137214,20380.85000495268,392.87488695989396,475,mvo_factor_neutral,0
2019-05-08,17475.6705781624,19658.59419680698,63.512200339933266,475,mvo_factor_neutral,0
2019-05-09,-3883.465030490648,19222.318338206987,21.594453298517184,475,mvo_factor_neutral,0
2019-05-10,6887.044568667503,18659.37518615558,-66.23416365675429,475,mvo_factor_neutral,0
2019-05-13,555.666220211644,19999.999474129774,499.9999808310387,475,mvo_factor_neutral,0
2019-05-14,6666.741166376004,21888.18616354612,1846.4500408512963,475,mvo_factor_neutral,0
2019-05-15,-1890.5326574552178,20820.03307442551,782.6715977515739,475,mvo_factor_neutral,0
2019-05-16,13628.921114782823,20326.787624275046,763.1249536429387,475,mvo_factor_neutral,0
2019-05-17,-661.872448123409,20657.03059188379,1829.9045296140566,475,mvo_factor_neutral,0
2019-05-20,-10672.259478658574,19999.999206576966,499.9999981117188,475,mvo_factor_neutral,0
2019-05-21,10743.36275124512,19996.064008244342,161.37585736349334,475,mvo_factor_neutral,0
2019-05-22,-2351.2348735031223,19344.451803496417,801.8208053264815,475,mvo_factor_neutral,0
2019-05-23,3455.667539360638,18907.936958060003,1495.9718929334963,475,mvo_factor_neutral,0
2019-05-24,-7632.3562797102595,17876.41331673918,1110.326896903001,475,mvo_factor_neutral,0
2019-05-28,-11316.908805490653,20000.00053081908,499.9999971407459,475,mvo_factor_neutral,0
2019-05-29,7005.502843156875,19733.504318310734,1309.5866065102493,475,mvo_factor_neutral,0
2019-05-30,-9438.41365745996,22241.526808589282,2229.5862300075305,475,mvo_factor_neutral,0
2019-05-31,-14096.597750695242,22585.660051173192,4030.818988578065,475,mvo_factor_neutral,0
2019-06-03,-257.64486845097366,20000.000285157428,-148.86359994761398,475,mvo_factor_neutral,0
2019-06-04,-238.81764680510273,19393.138707842074,-148.29336613455465,475,mvo_factor_neutral,0
2019-06-05,-3090.963784790754,18598.20769453922,-37.52353828214147,475,mvo_factor_neutral,0
2019-06-06,3503.4751625211074,17999.642073874045,4.828131420076148,475,mvo_factor_neutral,0
2019-06-07,-2059.1025381655622,17747.718384231022,-16.10457777702853,475,mvo_factor_neutral,0
2019-06-10,6438.167645525895,19666.766738956496,409.46948305944267,475,mvo_factor_neutral,0
2019-06-11,3652.42425904085,18891.172090864857,244.46479313060024,474,mvo_factor_neutral,0
2019-06-12,3888.28325131213,18281.028542213233,514.8401057524958,474,mvo_factor_neutral,0
2019-06-13,128.48620161568465,17805.90258968187,-67.96995256192871,474,mvo_factor_neutral,0
2019-06-14,-1237.0021587308133,17959.220009286593,210.8164845598259,474,mvo_factor_neutral,0
2019-06-17,6016.478561320261,19999.999994277918,499.99999811243407,474,mvo_factor_neutral,0
2019-06-18,-19775.986734110113,19428.65917805749,209.54301792558283,474,mvo_factor_neutral,0
2019-06-19,4209.8003711421625,18170.791454005437,294.6594655683529,474,mvo_factor_neutral,0
2019-06-20,-7318.329655975074,18245.52250978644,-360.96450337107734,474,mvo_factor_neutral,0
2019-06-21,-9445.19576923885,17822.431777293157,112.83300459619538,474,mvo_factor_neutral,0
2019-06-24,25364.420130416802,19999.999878625993,-499.9999869167179,474,mvo_factor_neutral,0
2019-06-25,-4132.002559047508,20326.414654581884,-1057.8462081437922,474,mvo_factor_neutral,0
2019-06-26,8035.197399398872,20573.157483055144,-864.256495683329,474,mvo_factor_neutral,0
2019-06-27,-1677.7629525389978,19170.214380451358,-1100.6120535892403,474,mvo_factor_neutral,0
2019-06-28,-14698.87543586538,18813.38408566954,-2016.1383165479454,474,mvo_factor_neutral,0
2019-07-01,10027.112368598519,19999.999717367416,499.99999842299906,490,mvo_factor_neutral,0
2019-07-02,-2897.3020962493415,19781.825061903724,516.0637902105108,490,mvo_factor_neutral,0
2019-07-03,-1552.0082968887264,19410.828184520546,451.3996502956491,490,mvo_factor_neutral,0
2019-07-05,4037.9905462479906,19131.84556686074,739.9122428981202,490,mvo_factor_neutral,0
2019-07-08,336.10556235909223,19999.99843964441,499.9999939613027,491,mvo_factor_neutral,0
2019-07-09,-4251.478323507714,19256.87118556559,53.88576569377627,491,mvo_factor_neutral,0
2019-07-10,-5535.585884760079,18567.189421260606,110.99813668794819,490,mvo_factor_neutral,0
2019-07-11,7508.6904965098,18667.05264087916,313.8456898445977,490,mvo_factor_neutral,0
2019-07-12,-3338.489243741042,18080.999903881257,422.60910186225163,490,mvo_factor_neutral,0
2019-07-15,1676.6961872299412,19999.99824197842,499.9999966891206,490,mvo_factor_neutral,0
2019-07-16,2101.454439635769,19526.338666042295,123.70685852417435,490,mvo_factor_neutral,0
2019-07-17,-11649.257681392277,18902.81947693996,-404.75112690179446,489,mvo_factor_neutral,0
2019-07-18,1536.9646499755886,18554.532657067823,-235.60308965027966,489,mvo_factor_neutral,0
2019-07-19,7621.265426063298,17865.52207271081,-347.366881951387,489,mvo_factor_neutral,0
2019-07-22,-2325.965036710773,19999.99499094837,333.9930185903768,489,mvo_factor_neutral,0
2019-07-23,-4048.9414844377266,19416.392813192415,-528.7367141471167,489,mvo_factor_neutral,0
2019-07-24,-1628.0545409405506,19364.703001288886,241.58952380966954,489,mvo_factor_neutral,0
2019-07-25,-8753.729118504127,18836.62377898614,-79.03753243415686,489,mvo_factor_neutral,0
2019-07-26,4013.768000504953,17886.958327494238,100.0661557306206,489,mvo_factor_neutral,0
2019-07-29,4201.4482474147235,19999.999848281408,499.99999950330016,491,mvo_factor_neutral,0
2019-07-30,15564.173022637668,19493.61427582457,327.79255298759676,491,mvo_factor_neutral,0
2019-07-31,782.716328577656,19314.767403916085,281.81284940882813,491,mvo_factor_neutral,0
2019-08-01,-7022.007328310031,18162.233025057754,-63.82602584374615,491,mvo_factor_neutral,0
2019-08-02,-1933.8923242406381,17863.981800722708,110.93094608974388,491,mvo_factor_neutral,0
2019-08-05,-5644.069901358246,20000.000337153175,-499.99999885187344,491,mvo_factor_neutral,0
2019-08-06,9315.922473829414,20085.482826477684,-736.066167202361,491,mvo_factor_neutral,0
2019-08-07,-4583.803412600805,20090.95791527457,-666.2159993936209,491,mvo_factor_neutral,0
2019-08-08,-157.08165775505302,20453.390109579155,-1054.0004600954023,491,mvo_factor_neutral,0
2019-08-09,-6341.051346192859,19611.619194863913,-1062.7138551841406,491,mvo_factor_neutral,0
2019-08-12,-143.46863451981676,19999.999582449713,-340.6406855734947,491,mvo_factor_neutral,0
2019-08-13,-5803.560121045525,20889.3349051213,-372.514419505429,491,mvo_factor_neutral,0
2019-08-14,1945.9122200282902,20205.249704801274,296.9853377037891,491,mvo_factor_neutral,0
2019-08-15,-50298.255352132684,20552.600945667866,959.4565531753002,491,mvo_factor_neutral,0
2019-08-16,17806.378210291863,20661.577916142967,423.62889928560764,491,mvo_factor_neutral,0
2019-08-19,-8903.658524600147,19999.99974651791,-72.85572753852117,490,mvo_factor_neutral,0
2019-08-20,2921.5320774291263,19339.91727583142,3.7440246430374207,490,mvo_factor_neutral,0
2019-08-21,5031.7540960052875,19747.57184965125,1010.3410796400622,490,mvo_factor_neutral,0
2019-08-22,-32631.60791774492,19193.67061170772,709.3081801532892,490,mvo_factor_neutral,0
2019-08-23,-16841.178560265605,18927.72333070638,1190.2750465035235,490,mvo_factor_neutral,0
2019-08-26,15071.653268211281,19999.999200281472,-499.9999398317352,490,mvo_factor_neutral,0
2019-08-27,7160.555970187831,19899.16810493549,-830.3090216083328,490,mvo_factor_neutral,0
2019-08-28,-18125.657963158028,19474.85102201851,-1793.2943026897644,490,mvo_factor_neutral,0
2019-08-29,55321.73183540678,19962.314493585156,-1615.8816211683434,490,mvo_factor_neutral,0
2019-08-30,-19833.9736697266,18804.733056326437,-1923.1568071037052,490,mvo_factor_neutral,0
2019-09-03,-21665.435963082007,19238.064417989193,253.5737677390194,490,mvo_factor_neutral,0
2019-09-04,-8254.361612337367,19018.5203347067,301.26005675760945,462,mvo_factor_neutral,0
2019-09-05,-7673.788685799865,18370.747208652672,366.1913275612929,462,mvo_factor_neutral,0
2019-09-06,-2334.353020161804,17888.42479402865,23.800904529487287,462,mvo_factor_neutral,0
2019-09-09,-4145.159434745496,19999.99988518081,-499.99999621114995,463,mvo_factor_neutral,0
2019-09-10,-16575.06887964158,19524.563784608017,-1431.891045231543,463,mvo_factor_neutral,0
2019-09-11,4996.933539851997,18652.182236685352,-1584.0275089469437,463,mvo_factor_neutral,0
2019-09-12,24154.771312921406,19040.39700513097,-1245.8420561206476,463,mvo_factor_neutral,0
2019-09-13,-14986.484611076312,18191.235487503818,-1460.7942597728363,463,mvo_factor_neutral,0
2019-09-16,-67837.80465884105,20000.000055291555,-499.9999859216003,463,mvo_factor_neutral,0
2019-09-17,65094.16599063595,21472.700206216294,996.9909408000846,463,mvo_factor_neutral,0
2019-09-18,72377.18964272368,22778.57459376652,2018.7086883169634,463,mvo_factor_neutral,0
2019-09-19,-6294.716523492087,22722.539515504865,2420.9320800985415,463,mvo_factor_neutral,0
2019-09-20,-100244.56724423158,20245.117383541812,191.5968151495212,463,mvo_factor_neutral,0
2019-09-23,6643.446402346048,19999.999891415115,-499.99999944273077,463,mvo_factor_neutral,0
2019-09-24,-7321.971578522812,19737.341005180322,-65.81557888950728,463,mvo_factor_neutral,0
2019-09-25,25419.44300476414,18974.809425203774,393.56211933104817,463,mvo_factor_neutral,0
2019-09-26,-15526.666304364358,21007.60313543897,882.6781493378255,462,mvo_factor_neutral,0
2019-09-27,-4929.110339298964,20855.833081998986,751.4720885161198,462,mvo_factor_neutral,0
2019-09-30,13623.785876957543,19999.99697811077,-499.9999914717356,462,mvo_factor_neutral,0
2019-10-01,-10877.682606112006,19758.458523617213,-182.89330373439537,462,mvo_factor_neutral,0
2019-10-02,-980.8753030721878,19271.400376082303,-240.95233747942524,462,mvo_factor_neutral,0
2019-10-03,6706.732858313805,19062.412337634207,-371.2076549357703,462,mvo_factor_neutral,0
2019-10-04,-128.78195881593223,18843.02743308102,-362.31736542894055,462,mvo_factor_neutral,0
2019-10-07,2511.261992591966,20000.00000957136,-499.9999999627813,462,mvo_factor_neutral,0
2019-10-08,-18378.667363171528,19282.263408389164,-366.5629143893997,462,mvo_factor_neutral,0
2019-10-09,19195.34721171531,19588.118424164666,-596.7215343392269,462,mvo_factor_neutral,0
2019-10-10,-12531.155034722895,19379.50493408874,-823.1534379403829,462,mvo_factor_neutral,0
2019-10-11,-6637.5123204554475,19357.17159828614,-1148.3648169405615,462,mvo_factor_neutral,0
2019-10-14,19427.952684905595,19999.998694554433,-173.46913637828135,462,mvo_factor_neutral,0
2019-10-15,10584.51115268867,19064.247168643567,-78.15446884792127,462,mvo_factor_neutral,0
2019-10-16,-11309.374506769775,19015.870579682796,-690.9589025697888,462,mvo_factor_neutral,0
2019-10-17,-3129.230011880266,18336.38111462401,-832.1470709527925,462,mvo_factor_neutral,0
2019-10-18,4346.356888668448,17641.157675961527,-843.5971756902998,462,mvo_factor_neutral,0
2019-10-21,7992.549279381226,19999.99988480611,326.28817058112764,462,mvo_factor_neutral,0
2019-10-22,-4066.545377263892,19848.614984328357,-35.16637193417964,462,mvo_factor_neutral,0
2019-10-23,-8274.841667938195,18932.082875125187,-302.66873532777123,462,mvo_factor_neutral,0
2019-10-24,-2878.997142116453,19091.97889678761,-122.81594338813721,462,mvo_factor_neutral,0
2019-10-25,-6622.833518475357,18571.60960145612,-1577.6291287644042,462,mvo_factor_neutral,0
2019-10-28,10727.927293854056,20000.000355934848,498.424456561201,462,mvo_factor_neutral,0
2019-10-29,29981.060961823678,19569.823022778375,331.5524541310995,462,mvo_factor_neutral,0
2019-10-30,-22178.065600857568,18908.142190532933,220.27140719439248,462,mvo_factor_neutral,0
2019-10-31,-107.56962625043427,18081.670085925503,1016.1849459010202,462,mvo_factor_neutral,0
2019-11-01,-5774.437004427494,18522.334194773182,238.22230971095024,462,mvo_factor_neutral,0
2019-11-04,-7832.5947712290235,19999.999953397706,499.99999936177,462,mvo_factor_neutral,0
2019-11-05,11280.3811352438,19311.655949090968,927.9954355102342,462,mvo_factor_neutral,0
2019-11-06,-22975.245588239417,19743.89197796061,799.6521375231575,462,mvo_factor_neutral,0
2019-11-07,17779.710926267697,18894.43930634343,1234.150683521011,462,mvo_factor_neutral,0
2019-11-08,-8374.327196762299,18229.189950813292,1044.1145083230247,462,mvo_factor_neutral,0
2019-11-11,2849.092972337676,19999.9999428879,500.0000000230832,462,mvo_factor_neutral,0
2019-11-12,-2833.6411555391433,20303.048120581407,-579.7975368452961,462,mvo_factor_neutral,0
2019-11-13,11841.33377400434,20231.441095948067,-635.2291677378092,462,mvo_factor_neutral,0
2019-11-14,7614.274271654352,19710.294165338248,-399.67592746660506,462,mvo_factor_neutral,0
2019-11-15,-18416.554580684762,19135.387926138224,-987.1132145836488,462,mvo_factor_neutral,0
2019-11-18,8297.305452584831,19999.999958834294,500.000000037445,462,mvo_factor_neutral,0
2019-11-19,-23918.852370876615,21329.027127797624,395.0005246151932,462,mvo_factor_neutral,0
2019-11-20,-7768.62823668686,20861.985351459214,402.81405082476556,462,mvo_factor_neutral,0
2019-11-21,2393.17876201577,20773.058645172423,-183.39684885345048,462,mvo_factor_neutral,0
2019-11-22,3980.8473811248605,20006.804413441943,-717.1041507528118,462,mvo_factor_neutral,0
2019-11-25,2279.0991933323185,19999.999939757403,500.00000058065007,463,mvo_factor_neutral,0
2019-11-26,2437.7410209579307,19694.391217148983,551.5673387563531,463,mvo_factor_neutral,0
2019-11-27,22861.22230687014,23191.91314124175,4959.065323326426,463,mvo_factor_neutral,0
2019-11-29,-1869.1525681848343,22396.435366087713,4747.979031061565,463,mvo_factor_neutral,0
2019-12-02,8992.822560477414,19999.999588691102,499.9999986682951,462,mvo_factor_neutral,0
2019-12-03,-1304.005845045008,19366.967744339443,568.126733044868,462,mvo_factor_neutral,0
2019-12-04,-7924.619312905806,19296.280400951797,375.588641921543,462,mvo_factor_neutral,0
2019-12-05,4642.37266462199,18745.752060220377,486.4648221624838,462,mvo_factor_neutral,0
2019-12-06,1863.8574266687199,18510.78168158614,437.52298826030835,462,mvo_factor_neutral,0
2019-12-09,-8116.423292633365,19999.998645193056,500.00000044383864,462,mvo_factor_neutral,0
2019-12-10,1886.3646161094152,19253.133027817956,-72.46847150888804,462,mvo_factor_neutral,0
2019-12-11,7365.748152241616,19238.651531779742,-97.27683730646129,462,mvo_factor_neutral,0
2019-12-12,-3272.0511574298484,17993.425279275685,-585.83592302562,462,mvo_factor_neutral,0
2019-12-13,1286.6316873511198,18108.641332255957,-219.09224738783908,461,mvo_factor_neutral,0
2019-12-16,-2460.455199456981,19999.99992018553,500.0000020536277,461,mvo_factor_neutral,0
2019-12-17,8086.546446279752,19751.76439108433,681.5096543205592,460,mvo_factor_neutral,0
2019-12-18,19365.677792743627,18487.8849210839,102.60452042554532,460,mvo_factor_neutral,0
2019-12-19,-6870.143790786024,17744.010625555147,111.71728506450133,460,mvo_factor_neutral,0
2019-12-20,-3040.6424908602307,16697.634004388765,-737.4864665664139,460,mvo_factor_neutral,0
2019-12-23,9076.956371083801,19999.999151751304,499.99999869783227,460,mvo_factor_neutral,0
2019-12-24,4631.623280157103,20146.488596578747,498.0826249443773,460,mvo_factor_neutral,0
2019-12-26,-24257.700370253548,18736.43927389268,-54.711101871297366,460,mvo_factor_neutral,0
2019-12-27,19802.289494368204,18672.38157048966,168.6638962386452,460,mvo_factor_neutral,0
2019-12-30,7053.575916242213,19999.999479727965,499.9999935944811,460,mvo_factor_neutral,0
2019-12-31,11158.67498071344,19718.62516967899,456.2076318062332,460,mvo_factor_neutral,0
2020-01-02,4933.965208070964,19366.032792704904,462.56900592637345,460,mvo_factor_neutral,0
2020-01-03,7078.3130456900235,19015.19069530215,390.83471090094827,460,mvo_factor_neutral,0
2020-01-06,-10299.997054970923,19999.999237590746,499.99999558292063,460,mvo_factor_neutral,0
2020-01-07,-18859.89904528659,20212.685558501707,763.6554441302992,460,mvo_factor_neutral,0
2020-01-08,-259.3935915658888,19844.55070721114,538.4291450436037,460,mvo_factor_neutral,0
2020-01-09,-52.843193594121004,18107.399726633234,1939.0234025864213,460,mvo_factor_neutral,0
2020-01-10,-9913.598667904684,17508.768848511878,1764.6881464042947,451,mvo_factor_neutral,0
2020-01-13,9574.022045024998,19999.996552028228,499.9999989448659,451,mvo_factor_neutral,0
2020-01-14,20461.052537914933,19726.038564648155,427.72459106591293,451,mvo_factor_neutral,0
2020-01-15,8957.429303002147,18941.574434850045,303.49281158636336,451,mvo_factor_neutral,0
2020-01-16,15901.725625036894,18673.28051354052,707.9655138129193,451,mvo_factor_neutral,0
2020-01-17,-12136.33996300626,18098.218969496356,620.4691097631293,451,mvo_factor_neutral,0
2020-01-21,8386.390787208999,19999.998677730222,499.9999973927345,451,mvo_factor_neutral,0
2020-01-22,-27655.858053951815,20152.404663086905,-878.4870797474274,451,mvo_factor_neutral,0
2020-01-23,-15898.08111445566,19901.22241705397,-1190.7554468729304,451,mvo_factor_neutral,0
2020-01-24,-12104.036146662887,19937.756824641016,-977.2027313593677,451,mvo_factor_neutral,0
2020-01-27,24327.428658455017,19999.98377371713,-499.9999820549627,451,mvo_factor_neutral,0
2020-01-28,-10519.353605011469,19041.532746301313,-641.2298025729306,451,mvo_factor_neutral,0
2020-01-29,-153.65445066911695,18569.15432786774,-415.32988542395253,451,mvo_factor_neutral,0
2020-01-30,11931.612355793066,17875.7291000279,227.95175975520397,451,mvo_factor_neutral,0
2020-01-31,-9521.798024586391,19115.982245374846,-916.4895886358973,451,mvo_factor_neutral,0
2020-02-03,7608.225793839536,19999.99967553262,-499.9999872825699,451,mvo_factor_neutral,0
2020-02-04,-404.1735877725458,20379.69208323208,315.7777621505346,451,mvo_factor_neutral,0
2020-02-05,-18875.564875551154,19016.99611448323,-618.6181914725628,451,mvo_factor_neutral,0
2020-02-06,7432.718543258361,18630.307762768833,-692.3907252314445,451,mvo_factor_neutral,0
2020-02-07,38852.98904589521,18995.811463146434,-175.02735813226963,451,mvo_factor_neutral,0
2020-02-10,-3549.3120931676704,19999.99674804655,-10.743114814871072,451,mvo_factor_neutral,0
2020-02-11,1319.184588004638,19841.064044311734,-338.1494467094254,451,mvo_factor_neutral,0
2020-02-12,1103.5752515270601,19025.210670681794,-301.6711136708257,451,mvo_factor_neutral,0
2020-02-13,11988.98677394535,19554.37558190393,686.0305500572402,451,mvo_factor_neutral,0
2020-02-14,-2744.6710639698526,18286.877819540347,325.16610598912786,451,mvo_factor_neutral,0
2020-02-18,884.4932642941094,19999.99869741003,499.9999952876586,451,mvo_factor_neutral,0
2020-02-19,9208.728931543268,19180.904290303504,362.06335064519976,451,mvo_factor_neutral,0
2020-02-20,-1044.328475562427,19803.553444022025,1095.051353410145,451,mvo_factor_neutral,0
2020-02-21,-2291.787511336905,19877.965014633344,1303.1260250204807,451,mvo_factor_neutral,0
2020-02-24,-3476.0281576098278,20000.000111475092,-500.00000036043747,451,mvo_factor_neutral,0
2020-02-25,-16056.32920144512,21536.65399372526,-1090.9817062764819,451,mvo_factor_neutral,0
2020-02-26,-26282.041880121935,20909.47872760826,-1618.5472681520296,451,mvo_factor_neutral,0
2020-02-27,4232.522391131844,21102.113576596545,-951.7366861123005,451,mvo_factor_neutral,0
2020-02-28,-28474.532982853292,21670.054834494196,-688.8062090111923,450,mvo_factor_neutral,0
2020-03-02,46370.25134779222,20000.00001756236,-500.0000021161481,451,mvo_factor_neutral,0
2020-03-03,558.5090480740348,20595.673493648606,202.65133125572558,451,mvo_factor_neutral,0
2020-03-04,28795.703748524702,19616.83290583513,-253.52078274465748,451,mvo_factor_neutral,0
2020-03-05,-48339.36647236314,19828.266864847763,658.2251645416774,451,mvo_factor_neutral,0
2020-03-06,-86911.41423246225,19931.182435686133,996.907671471985,450,mvo_factor_neutral,0
2020-03-09,26405.336400296495,20000.00035501711,-500.00000008616274,476,mvo_factor_neutral,0
2020-03-10,-478.85211293006523,20305.993138354326,-790.7204488233145,476,mvo_factor_neutral,0
2020-03-11,-33529.629118788216,19039.467907424496,-895.1070867909655,476,mvo_factor_neutral,0
2020-03-12,-22150.053947406584,17720.141040065566,-1009.2560999292551,476,mvo_factor_neutral,0
2020-03-13,-24094.16609873062,18247.460624164352,-703.8908355974363,476,mvo_factor_neutral,0
2020-03-16,-13295.370624478694,19633.450620753963,-133.45042488747114,476,mvo_factor_neutral,0
2020-03-17,19728.82952141303,19844.9984685035,182.38225042889422,475,mvo_factor_neutral,0
2020-03-18,-8606.46545029646,18851.577258562254,298.885502075461,473,mvo_factor_neutral,0
2020-03-19,-66353.87104985598,18450.334106805432,311.0352086323897,472,mvo_factor_neutral,0
2020-03-20,28928.263781962825,17756.203406340057,35.29589846594619,472,mvo_factor_neutral,0
2020-03-23,25746.689918910077,20000.00039098367,-499.9999999721508,475,mvo_factor_neutral,0
2020-03-24,-1956.0737689214113,21346.534055232198,-1656.9573835622036,474,mvo_factor_neutral,0
2020-03-25,-112116.25264672596,22337.116322863698,-2507.2548959820406,473,mvo_factor_neutral,0
2020-03-26,86682.47359344857,23519.73174057125,-2201.582471168486,473,mvo_factor_neutral,0
2020-03-27,-29064.47711434431,23294.29265123038,-1790.9627502279423,473,mvo_factor_neutral,0
2020-03-30,108864.69270491115,20000.000371330898,-499.9999999387194,475,mvo_factor_neutral,0
2020-03-31,25200.7341350638,19492.96561572926,212.41292306173682,474,mvo_factor_neutral,0
2020-04-01,-20692.564588328445,18695.974645058894,627.5784825404072,473,mvo_factor_neutral,0
2020-04-02,-20346.80529409228,18533.916746728213,798.9892778395971,473,mvo_factor_neutral,0
2020-04-03,-7322.276294225633,18578.927194654683,867.3261482866081,472,mvo_factor_neutral,0
2020-04-06,35958.10775594296,20000.000390661426,-499.9999998806732,475,mvo_factor_neutral,0
2020-04-07,23923.3929150054,20868.99228082535,-78.01227666980711,474,mvo_factor_neutral,0
2020-04-08,-21584.96554867903,22655.045612845097,-1516.084657626492,474,mvo_factor_neutral,0
2020-04-09,-33246.39209544119,23219.0941728665,-2292.6230524875655,474,mvo_factor_neutral,0
2020-04-13,16902.247269084557,19552.35965960874,-947.6405858987447,477,mvo_factor_neutral,0
2020-04-14,57193.07745826868,20137.658674275142,-818.3206956475785,476,mvo_factor_neutral,0
2020-04-15,3430.109322101618,19662.972532220025,-96.7676507940147,476,mvo_factor_neutral,0
2020-04-16,-18564.478292468397,20757.051266052793,2160.9259657063826,475,mvo_factor_neutral,0
2020-04-17,-13817.228505767074,20604.156925624495,1475.2784893744554,474,mvo_factor_neutral,0
2020-04-20,22082.222406353212,20000.000130353976,-499.9999999446855,475,mvo_factor_neutral,0
2020-04-21,26626.537307645285,19609.792625347312,-266.3836302209445,475,mvo_factor_neutral,0
2020-04-22,24037.400649138162,18894.481476740093,-1034.3503189727853,474,mvo_factor_neutral,0
2020-04-23,-13074.446073896162,19337.57067150181,-1255.9742034517662,474,mvo_factor_neutral,0
2020-04-24,31499.130575063173,18663.36328718726,-1573.7681517696851,474,mvo_factor_neutral,0
2020-04-27,-4246.427084014047,20000.00032619218,-499.99999989935907,476,mvo_factor_neutral,0
2020-04-28,-9594.439706653056,19780.71523578946,-935.1986919214185,476,mvo_factor_neutral,0
2020-04-29,-38296.65864894812,19905.63808252368,-1419.1178122462698,476,mvo_factor_neutral,0
2020-04-30,-13375.548421791975,19778.51866853517,-1580.5145696706682,476,mvo_factor_neutral,0
2020-05-01,-1549.5730605236122,19015.95866762203,-1176.6045956746752,476,mvo_factor_neutral,0
2020-05-04,-59.99324910339292,19999.99967518036,-499.9999990166823,476,mvo_factor_neutral,0
2020-05-05,23771.67750135379,19629.77852096308,-339.1047592625182,476,mvo_factor_neutral,0
2020-05-06,-5763.8508860554475,18657.18912927467,-448.98523325379557,476,mvo_factor_neutral,0
2020-05-07,4173.624919943291,19076.457441762286,-683.3464753869579,476,mvo_factor_neutral,0
2020-05-08,25869.83309738886,19092.487557157492,-970.4745280104581,476,mvo_factor_neutral,0
2020-05-11,9445.754372211362,20000.00013397226,-499.9999967562483,477,mvo_factor_neutral,0
2020-05-12,21105.966188990667,19077.867711930987,143.18196664521471,477,mvo_factor_neutral,0
2020-05-13,-18703.881843191233,19577.904915329967,-144.47202851191048,477,mvo_factor_neutral,0
2020-05-14,-15728.180290647317,19628.364764399856,-449.601394357148,476,mvo_factor_neutral,0
2020-05-15,19385.419495034428,18936.949081538336,-733.1890781363472,476,mvo_factor_neutral,0
2020-05-18,-56194.63128858172,19854.285993284375,-645.7141676950853,478,mvo_factor_neutral,0
2020-05-19,29521.277120253457,18799.368586724686,-543.9077408939391,476,mvo_factor_neutral,0
2020-05-20,992.1019681318523,18304.363409404592,-823.8670352964715,476,mvo_factor_neutral,0
2020-05-21,-698.5609277012798,18482.606686800314,-1663.980710963739,476,mvo_factor_neutral,0
2020-05-22,-3059.7351560507273,18222.33045665961,-1825.6225524337183,476,mvo_factor_neutral,0
2020-05-26,-33512.989611093006,19999.996516618194,-499.99999838576457,476,mvo_factor_neutral,0
2020-05-27,-21866.327954055043,23326.544719541915,-1042.7091872536355,476,mvo_factor_neutral,0
2020-05-28,-3710.761258726924,23031.543089802373,-1118.9699283097314,476,mvo_factor_neutral,0
2020-05-29,-6294.811530522122,22138.141080989408,-1455.9837601649408,476,mvo_factor_neutral,0
2020-06-01,3404.940850833037,19999.99651953029,-499.99999471336906,476,mvo_factor_neutral,0
2020-06-02,-2439.4504208385233,20404.509459937857,-1250.7444219419542,476,mvo_factor_neutral,0
2020-06-03,-25053.20920469367,20119.216594774025,-1872.9941428406598,476,mvo_factor_neutral,0
2020-06-04,-57362.67797873224,20070.433516125693,-2470.1123927554063,476,mvo_factor_neutral,0
2020-06-05,-103185.95360753976,21106.39293776889,-4474.744925404565,476,mvo_factor_neutral,0
2020-06-08,-59562.92361408609,19999.99943278373,-499.9999981141845,478,mvo_factor_neutral,0
2020-06-09,-12070.633938308758,20458.688669363313,88.03059786340701,478,mvo_factor_neutral,0
2020-06-10,-4560.0687997558025,19908.136477103024,817.5175759321659,478,mvo_factor_neutral,0
2020-06-11,8177.941982482919,19368.932071244595,1884.1655141654257,478,mvo_factor_neutral,0
2020-06-12,-31073.231583522727,19259.11161743146,1673.1601532492148,477,mvo_factor_neutral,0
2020-06-15,8818.274523166867,20000.000015127804,-499.99999989061376,477,mvo_factor_neutral,0
2020-06-16,807.7618233008652,19702.40456466157,-558.2005703385861,477,mvo_factor_neutral,0
2020-06-17,7633.554270292267,19251.81898058674,-566.5411042388723,477,mvo_factor_neutral,0
2020-06-18,20414.661257508018,18724.847609122942,-793.9902300090159,477,mvo_factor_neutral,0
2020-06-19,9466.345689412625,18139.544329573877,-767.5578088089142,477,mvo_factor_neutral,0
2020-06-22,25862.712496870074,20000.000598747014,-499.99999973121754,479,mvo_factor_neutral,0
2020-06-23,36538.25181770473,19275.522181856606,-768.8265986462904,479,mvo_factor_neutral,0
2020-06-24,-31864.54916954604,18820.526232557586,-551.5120251466627,479,mvo_factor_neutral,0
2020-06-25,7500.91271035185,18377.03797412018,-896.7604642443063,479,mvo_factor_neutral,0
2020-06-26,-31442.412628314145,17771.202641333137,-1414.817335993461,479,mvo_factor_neutral,0
2020-06-29,16159.220217599895,19999.999408974738,-499.9999993867623,491,mvo_factor_neutral,0
2020-06-30,19306.02133870236,19676.319592947868,-349.0892733137867,489,mvo_factor_neutral,0
2020-07-01,7782.398840904035,19305.156667583582,-309.0912077514271,489,mvo_factor_neutral,0
2020-07-02,12218.414727609763,18979.590782991345,-342.9963410125951,489,mvo_factor_neutral,0
2020-07-06,10939.99970662457,20000.000039180988,-499.99999605741743,491,mvo_factor_neutral,0
2020-07-07,24206.156184886077,19624.03037556605,-308.45867810661844,491,mvo_factor_neutral,0
2020-07-08,2976.8462416639277,19197.117006243552,-533.5278161093381,491,mvo_factor_neutral,0
2020-07-09,-9104.86298397461,18546.300747099696,-522.478162748478,491,mvo_factor_neutral,0
2020-07-10,-6392.938590512261,18484.976962425844,-824.4144169197474,490,mvo_factor_neutral,0
2020-07-13,7100.565389582964,19999.998678840024,-499.9999966664468,492,mvo_factor_neutral,0
2020-07-14,39369.18767851552,19369.95320398393,-827.1365673905754,492,mvo_factor_neutral,0
2020-07-15,-33830.88399484986,19269.413539830737,-1139.0631435530252,492,mvo_factor_neutral,0
2020-07-16,22874.856145275153,18978.996546166825,-1209.864702550184,492,mvo_factor_neutral,0
2020-07-17,13655.964082626087,18271.61788613948,-1583.5217386835623,492,mvo_factor_neutral,0
2020-07-20,30557.624041433857,19999.996994080782,-499.99996235385623,493,mvo_factor_neutral,0
2020-07-21,-1693.072611276079,19766.079089152754,-592.6933796092326,493,mvo_factor_neutral,0
2020-07-22,7114.330009266667,19234.089979622884,-1091.0274126556292,493,mvo_factor_neutral,0
2020-07-23,12529.071610459283,19233.134692986816,-634.4090890362424,493,mvo_factor_neutral,0
2020-07-24,18988.827403777585,18973.187297904555,-587.7090849640502,493,mvo_factor_neutral,0
2020-07-27,2152.7001418611944,19999.99727193596,-499.9987067676676,493,mvo_factor_neutral,0
2020-07-28,7897.169660542796,20000.98092880034,-50.24496297858561,493,mvo_factor_neutral,0
2020-07-29,14021.61983537546,19236.040563815437,-628.9841700319531,493,mvo_factor_neutral,0
2020-07-30,-5027.878144876017,18444.683722057514,-1196.2886093624952,493,mvo_factor_neutral,0
2020-07-31,10444.33210367737,17660.232047938804,-1563.4773509786228,493,mvo_factor_neutral,0
2020-08-03,8529.56471465016,20000.000667319764,389.89932874880895,493,mvo_factor_neutral,0
2020-08-04,3204.274734239505,19650.426619389524,222.57545716231888,492,mvo_factor_neutral,0
2020-08-05,856.3444255491564,19418.286502628107,86.07983679565275,492,mvo_factor_neutral,0
2020-08-06,1812.0163913487083,18636.158260991426,-619.3649845869857,492,mvo_factor_neutral,0
2020-08-07,14094.044822456346,18917.10801201328,-120.00118816441292,492,mvo_factor_neutral,0
2020-08-10,-20009.043164400322,19823.00233013163,33.48738116877792,494,mvo_factor_neutral,0
2020-08-11,16137.53907131059,19384.539009515393,-251.5794217009851,494,mvo_factor_neutral,0
2020-08-12,-21816.445742749806,19108.45851067355,-59.436310592270225,494,mvo_factor_neutral,0
2020-08-13,13961.563936596473,19469.477399409923,146.05807940093337,494,mvo_factor_neutral,0
2020-08-14,-6928.033543357111,18889.757932459983,-170.20432572709498,494,mvo_factor_neutral,0
2020-08-17,38287.074516864246,19915.518582793942,403.69047683573626,494,mvo_factor_neutral,0
2020-08-18,3016.384055354136,19524.96908818006,173.2757587397657,494,mvo_factor_neutral,0
2020-08-19,17858.428265452032,19216.83715864348,249.85265173332394,494,mvo_factor_neutral,0
2020-08-20,-15986.896287287493,18677.8914498135,208.84914405449396,494,mvo_factor_neutral,0
2020-08-21,19341.993910939887,18192.839656917913,361.8825341095806,494,mvo_factor_neutral,0
2020-08-24,-15966.24107376367,20000.000131207165,499.99999937794655,495,mvo_factor_neutral,0
2020-08-25,6560.44153361365,19383.7078847656,441.69284353919267,495,mvo_factor_neutral,0
2020-08-26,-1294.3914159072037,19140.315079596163,66.82738905795718,494,mvo_factor_neutral,0
2020-08-27,4384.59235869151,18874.079455429,-89.0541464010026,494,mvo_factor_neutral,0
2020-08-28,12407.271783498512,18749.57023331631,-344.16940205860334,494,mvo_factor_neutral,0
2020-08-31,9606.83856055474,19999.994040824622,261.31708579855103,494,mvo_factor_neutral,0
2020-09-01,699.3197501680063,19441.259771271983,244.32354011037285,493,mvo_factor_neutral,0
2020-09-02,9275.016440270258,19307.256103105596,-15.963483361640074,493,mvo_factor_neutral,0
2020-09-03,28293.689090039978,19138.817475854397,257.24057771869485,493,mvo_factor_neutral,0
2020-09-04,-8892.739702333723,18865.60457115635,391.9518784360661,493,mvo_factor_neutral,0
2020-09-08,7534.166590756227,19999.996143908982,-499.9999987905361,494,mvo_factor_neutral,0
2020-09-09,12277.1262043185,19878.834218253247,-240.19374175157122,494,mvo_factor_neutral,0
2020-09-10,14103.437657551107,18872.04433519803,-660.3303914170709,494,mvo_factor_neutral,0
2020-09-11,7462.654429530262,18387.907795527695,-484.1904772331823,494,mvo_factor_neutral,0
2020-09-14,-2956.627301290844,19913.229214276886,-499.99999940665185,495,mvo_factor_neutral,0
2020-09-15,12983.237608607671,19598.47361738113,-451.77745138672213,495,mvo_factor_neutral,0
2020-09-16,-10214.947618994083,19534.533699201504,-649.3802227198207,495,mvo_factor_neutral,0
2020-09-17,-701.5748778508472,19079.752898537234,-806.4255556777621,494,mvo_factor_neutral,0
2020-09-18,13904.94592123516,18196.26632168169,-1182.1750641551969,494,mvo_factor_neutral,0
2020-09-21,-25892.297896603075,19999.999435515616,-499.99997924714927,495,mvo_factor_neutral,0
2020-09-22,-1875.3655373603558,20338.116586837354,-1132.1131011032946,495,mvo_factor_neutral,0
2020-09-23,12800.996980829164,17910.03608980086,-1859.0289609080346,495,mvo_factor_neutral,0
2020-09-24,5186.3119389572885,17542.347092275533,-1869.1145948727335,494,mvo_factor_neutral,0
2020-09-25,-1369.6643956247874,18769.086258646526,-1276.815740358595,494,mvo_factor_neutral,0
2020-09-28,9115.556578455116,19999.99793586748,-499.999997819073,496,mvo_factor_neutral,0
2020-09-29,-2986.885600706732,19672.12133397146,-369.61764489938327,496,mvo_factor_neutral,0
2020-09-30,4390.562732997788,19535.842706181793,-399.26212709742487,496,mvo_factor_neutral,0
2020-10-01,-1484.2902214035619,19332.89747025309,-387.57782841940366,496,mvo_factor_neutral,0
2020-10-02,-5810.608159690129,19248.541543134368,-441.5965501968997,496,mvo_factor_neutral,0
2020-10-05,11751.801489820646,19999.999087008735,-499.9999968151638,498,mvo_factor_neutral,0
2020-10-06,1826.8222390302897,19669.231726750317,-458.6350607155428,498,mvo_factor_neutral,0
2020-10-07,-7861.89908109103,19239.69609784957,-618.278551274596,498,mvo_factor_neutral,0
2020-10-08,-4984.860169336262,18778.544388919574,-859.3920805874302,498,mvo_factor_neutral,0
2020-10-09,-1092.9581105005104,18268.28065008851,-979.1181860411062,498,mvo_factor_neutral,0
2020-10-12,12746.00259560465,19999.979069999597,-464.8880720463866,497,mvo_factor_neutral,0
2020-10-13,-3719.765481823893,19906.701774870577,-529.51728092809,497,mvo_factor_neutral,0
2020-10-14,12050.069447042268,19736.411020173124,-547.1322454300523,497,mvo_factor_neutral,0
2020-10-15,4291.5431052907215,19288.147159114433,-385.64908983659814,497,mvo_factor_neutral,0
2020-10-16,12025.237537972213,18677.24101933311,-664.2207589701972,497,mvo_factor_neutral,0
2020-10-19,5388.0974157306455,19999.995068566936,-499.99995557238356,497,mvo_factor_neutral,0
2020-10-20,-8069.685254606901,19777.750839718847,-1140.152571043898,497,mvo_factor_neutral,0
2020-10-21,2651.0768675567824,19598.150163619575,-1040.3304417176705,497,mvo_factor_neutral,0
2020-10-22,-4223.448368648628,19615.403382314238,-1623.7774838382713,497,mvo_factor_neutral,0
2020-10-23,10379.95593030272,18316.719700090052,-2722.4872801534984,497,mvo_factor_neutral,0
2020-10-26,-26723.495924308474,19999.958003790634,-499.99999922522863,497,mvo_factor_neutral,0
2020-10-27,302142.02287587384,19635.969122010927,-974.4604818141638,497,mvo_factor_neutral,0
2020-10-28,-7548.028002272434,19600.38829695468,-1126.564967221697,497,mvo_factor_neutral,0
2020-10-29,2612.0104619186664,18973.261082891546,-1350.270345522062,497,mvo_factor_neutral,0
2020-10-30,-4161.7586753899595,17757.324170116128,-2194.161969232808,497,mvo_factor_neutral,0
2020-11-02,1409.5566604474639,19999.99529681589,-499.99999914424063,496,mvo_factor_neutral,0
2020-11-03,16497.635123962467,19768.59253312308,-503.07251248094735,495,mvo_factor_neutral,0
2020-11-04,-64263.94873914497,19760.15265279428,-1000.970140711322,495,mvo_factor_neutral,0
2020-11-05,-9263.076096644976,18911.102571004853,-1258.6541971514766,495,mvo_factor_neutral,0
2020-11-06,140.1644168057129,19320.682825269727,-815.8584200607385,495,mvo_factor_neutral,0
2020-11-09,-85883.9416107862,19999.98436250063,499.99998517766136,496,mvo_factor_neutral,0
2020-11-10,-17296.525580056063,20380.463128371855,143.05932202002344,496,mvo_factor_neutral,0
2020-11-11,19738.58844238953,19575.226337420412,-271.22017234286466,496,mvo_factor_neutral,0
2020-11-12,-1101.6893411194987,19595.671161497205,305.67941977952415,496,mvo_factor_neutral,0
2020-11-13,-9457.537393714405,19007.72267547688,-81.11466546399565,496,mvo_factor_neutral,0
2020-11-16,-3781.449983156015,19999.98660746825,499.99999897262956,497,mvo_factor_neutral,0
2020-11-17,-1115.0896534640538,20662.813091980366,1193.43720378092,497,mvo_factor_neutral,0
2020-11-18,-2649.7204369428264,20831.01468340121,1415.400622843554,497,mvo_factor_neutral,0
2020-11-19,6985.545320262727,20284.11429883168,1304.2549513996998,497,mvo_factor_neutral,0
2020-11-20,3147.758158439551,20519.59498328759,1744.6050667321063,497,mvo_factor_neutral,0
2020-11-23,-15188.859274532539,19821.759171783913,499.99999961735756,497,mvo_factor_neutral,0
2020-11-24,-1458.2565789934897,19778.17121342013,-46.92120514948815,497,mvo_factor_neutral,0
2020-11-25,724.8366282312104,19664.61564755732,-138.58077098319117,497,mvo_factor_neutral,0
2020-11-27,7088.633700453132,19383.25673883767,105.93797981017941,497,mvo_factor_neutral,0
2020-11-30,-9180.919517772287,19999.985588265128,499.99999801399645,497,mvo_factor_neutral,0
2020-12-01,10309.807899485786,19702.756825248278,417.8253946737104,497,mvo_factor_neutral,0
2020-12-02,-18809.491581751816,20251.48302728612,1215.4096935925086,497,mvo_factor_neutral,0
2020-12-03,-7125.941103595446,20265.973312354552,1209.2450440086627,497,mvo_factor_neutral,0
2020-12-04,2364.3657734525545,19531.10698229419,722.3751394568549,497,mvo_factor_neutral,0
2020-12-07,511.81388505376543,19999.996988551473,499.9999968747263,497,mvo_factor_neutral,0
2020-12-08,983.7505012141851,19720.64788245112,-336.4725101566036,497,mvo_factor_neutral,0
2020-12-09,-3850.6930158910513,19837.523259624842,10.086284478725014,497,mvo_factor_neutral,0
2020-12-10,3078.5377765430394,20122.903222718007,539.8178037275652,497,mvo_factor_neutral,0
2020-12-11,3628.669645886744,19838.862746105882,514.5914571118836,497,mvo_factor_neutral,0
2020-12-14,9108.965432509325,19999.999412317313,499.9999996127244,497,mvo_factor_neutral,0
2020-12-15,2533.1880164410027,19510.91293182277,1096.3495756373836,497,mvo_factor_neutral,0
2020-12-16,2760.808490715146,19603.820340482667,1553.4221559046725,497,mvo_factor_neutral,0
2020-12-17,13327.652481697462,19124.78814833236,1689.762445396436,497,mvo_factor_neutral,0
2020-12-18,9705.21275412405,19468.711114256745,1164.9797575070634,497,mvo_factor_neutral,0
2020-12-21,-4773.37493914401,19999.994755407184,499.99999898358885,497,mvo_factor_neutral,0
2020-12-22,6304.887332004162,21083.053734970017,685.8308879566613,497,mvo_factor_neutral,0
2020-12-23,-1578.3755068243295,20465.030248706527,330.60909137055086,497,mvo_factor_neutral,0
2020-12-24,3752.6415175379866,19343.94314018002,-302.69924338881,497,mvo_factor_neutral,0
2020-12-28,16285.46536244916,18862.23803256247,499.9999997540236,497,mvo_factor_neutral,0
2020-12-29,11089.978619079287,18626.597372060565,536.4053710980927,497,mvo_factor_neutral,0
2020-12-30,545.1796710974156,18452.53154846845,429.8740256169998,497,mvo_factor_neutral,0
2020-12-31,6518.6276478081845,18214.64066227526,365.3148254258088,497,mvo_factor_neutral,0
2021-01-04,-2920.7477995814406,19244.65989861915,499.9999997354342,497,mvo_factor_neutral,0
2021-01-05,1714.420331166036,19762.26522228615,1160.7309276629505,497,mvo_factor_neutral,0
2021-01-06,-6843.992090680215,18999.496838604984,886.0664549545272,497,mvo_factor_neutral,0
2021-01-07,9008.197664682162,18638.373930360645,845.8555736514706,497,mvo_factor_neutral,0
2021-01-08,-3500.4090631179556,18426.948110916714,784.9926496616739,497,mvo_factor_neutral,0
2021-01-11,-4573.816781325519,19276.204221874785,1088.5384844787216,497,mvo_factor_neutral,0
2021-01-12,-4726.694960927453,19079.19573831968,411.99505983261196,485,mvo_factor_neutral,0
2021-01-13,597.1042971349667,19073.893191288505,236.84410836260787,485,mvo_factor_neutral,0
2021-01-14,-4528.461245549789,19147.590494541382,467.6099477845695,485,mvo_factor_neutral,0
2021-01-15,2251.0731778624927,18986.407500110217,391.6007555063122,484,mvo_factor_neutral,0
2021-01-19,13094.294440855921,19999.995630655303,499.9999997788314,484,mvo_factor_neutral,0
2021-01-20,-5225.94373469948,19524.249981425954,738.5280265856233,484,mvo_factor_neutral,0
2021-01-21,-1213.4949207353884,19160.017655922096,593.2055769508571,484,mvo_factor_neutral,0
2021-01-22,5739.1838272480645,18831.63944805161,751.168368985249,484,mvo_factor_neutral,0
2021-01-25,825.3861674704609,19999.995537962495,499.9999976537576,484,mvo_factor_neutral,0
2021-01-26,-5182.862110843534,19729.53052259024,393.83455240263413,484,mvo_factor_neutral,0
2021-01-27,-14155.951070655896,20141.6927787643,271.2888475832673,483,mvo_factor_neutral,0
2021-01-28,32572.277568687936,19772.285801050788,112.24210416533954,483,mvo_factor_neutral,0
2021-01-29,-15145.113974606484,18263.810086700887,-187.26432417990458,483,mvo_factor_neutral,0
2021-02-01,18308.203144985207,19999.997080443536,462.0051700718684,483,mvo_factor_neutral,0
2021-02-02,28024.47032857863,19861.82941081886,569.8897243692531,482,mvo_factor_neutral,0
2021-02-03,7895.330815905771,19499.328969495717,556.7818850626113,482,mvo_factor_neutral,0
2021-02-04,1056.7167166820238,19406.941036975135,17.81621661330091,482,mvo_factor_neutral,0
2021-02-05,6530.955260860226,19249.853099995857,45.85903219485449,482,mvo_factor_neutral,0
2021-02-08,7070.282757713453,19999.999614532957,499.99999916533216,482,mvo_factor_neutral,0
2021-02-09,166.46787608439473,19919.83573457756,458.8244413927961,482,mvo_factor_neutral,0
2021-02-10,-5090.992181603177,19904.942849984796,733.2972551248339,482,mvo_factor_neutral,0
2021-02-11,6897.744761532907,19719.284697899955,438.07375333196217,482,mvo_factor_neutral,0
2021-02-12,-7187.367167697008,19364.25378308054,695.997266074835,482,mvo_factor_neutral,0
2021-02-16,1693.452136292339,19999.989813161934,499.99999468381765,482,mvo_factor_neutral,0
2021-02-17,7745.218593548177,20099.79526310172,179.71493281728993,482,mvo_factor_neutral,0
2021-02-18,-6194.296129091257,19700.933807088106,252.6518211231275,482,mvo_factor_neutral,0
2021-02-19,9725.961224533305,19512.984601160388,466.65566589930063,482,mvo_factor_neutral,0
2021-02-22,-265.7063463178561,19999.998922559655,499.999999193093,482,mvo_factor_neutral,0
2021-02-23,9100.94962059741,19471.457530565265,358.42159675151913,482,mvo_factor_neutral,0
2021-02-24,-7376.733991180429,19117.800030917708,87.71039437434463,482,mvo_factor_neutral,0
2021-02-25,-13547.390575620215,19360.512623964896,1017.2492758662909,482,mvo_factor_neutral,0
2021-02-26,6095.621755689687,18885.61422760763,928.3508660001992,482,mvo_factor_neutral,0
2021-03-01,4433.701355186171,20000.00009178887,499.9999981949711,482,mvo_factor_neutral,0
2021-03-02,15474.070174551176,19675.51290912495,519.1727469076062,482,mvo_factor_neutral,0
2021-03-03,-8601.745043035846,18768.881758904852,765.6405875773759,482,mvo_factor_neutral,0
2021-03-04,-16270.04832298034,18181.33274077564,928.8802509920939,482,mvo_factor_neutral,0
2021-03-05,469.1233530206437,18074.80312049229,738.7745626373254,482,mvo_factor_neutral,0
2021-03-08,-5815.788664166513,19999.99996908444,499.99996171049474,482,mvo_factor_neutral,0
2021-03-09,100.17092840589144,20361.282652824608,209.01705847163413,482,mvo_factor_neutral,0
2021-03-10,-6297.829138146981,20003.55090402545,-133.7720246267004,482,mvo_factor_neutral,0
2021-03-11,-6943.748466029961,19921.069098569787,66.43718670998344,482,mvo_factor_neutral,0
2021-03-12,-24928.757911952627,19383.256667881044,164.0235129462083,482,mvo_factor_neutral,0
2021-03-15,-2758.233052241515,20000.000182779106,499.9999971943157,483,mvo_factor_neutral,0
2021-03-16,-26982.915058693616,19725.345189434054,265.49139440857294,483,mvo_factor_neutral,0
2021-03-17,26293.62116003502,18860.204071852288,781.0055644212958,483,mvo_factor_neutral,0
2021-03-18,18977.919810503838,18708.777568639747,1119.9341103169027,483,mvo_factor_neutral,0
2021-03-19,5105.866844457495,19529.692109184194,177.12996489183664,483,mvo_factor_neutral,0
2021-03-22,23204.94421554615,19999.999138798936,499.9999659063167,483,mvo_factor_neutral,0
2021-03-23,41379.44701363017,20261.873875708232,498.2522963530443,483,mvo_factor_neutral,0
2021-03-24,-42821.10331403105,19991.420818222643,643.7911328435631,483,mvo_factor_neutral,0
2021-03-25,-16799.62305163568,19354.101263798293,-91.8522806410215,483,mvo_factor_neutral,0
2021-03-26,-969.323870422669,17928.22586393713,419.5657761010264,483,mvo_factor_neutral,0
2021-03-29,-4087.8945979533983,20000.000491508312,499.9999962340233,483,mvo_factor_neutral,0
2021-03-30,30818.40569527873,19739.274128244557,491.21465106805294,483,mvo_factor_neutral,0
2021-03-31,904.8819275334481,19505.33665262698,388.0597708042189,483,mvo_factor_neutral,0
2021-04-01,-7568.699435403163,19143.04249021758,419.06699374841907,483,mvo_factor_neutral,0
2021-04-05,-958.484321365898,19999.999781711434,500.0000001687752,483,mvo_factor_neutral,0
2021-04-06,2979.0735220228157,19943.05983036557,646.8265776698541,483,mvo_factor_neutral,0
2021-04-07,5407.8524592253725,19636.233618472652,643.6181328482804,483,mvo_factor_neutral,0
2021-04-08,-7096.444217192838,18978.723238542923,562.0888891223559,483,mvo_factor_neutral,0
2021-04-09,8198.107352394327,18453.144706835352,369.0658263309544,483,mvo_factor_neutral,0
2021-04-12,13996.012823481753,20000.00014918391,500.00000052257434,483,mvo_factor_neutral,0
2021-04-13,-1756.6819854302623,19834.205741964674,587.8588780596032,483,mvo_factor_neutral,0
2021-04-14,-11416.23466152982,19412.443556978546,574.1183211541628,483,mvo_factor_neutral,0
2021-04-15,13830.823993097902,18921.615366942424,962.2000642156075,483,mvo_factor_neutral,0
2021-04-16,-2628.8602589417965,18190.414605788603,655.8892139399634,483,mvo_factor_neutral,0
2021-04-19,-15216.650541920206,20000.000151386208,500.00000022176687,484,mvo_factor_neutral,0
2021-04-20,41494.19532328062,19837.047833206798,368.2348921217406,484,mvo_factor_neutral,0
2021-04-21,12632.73744924221,19099.01069389149,352.12746813008374,484,mvo_factor_neutral,0
2021-04-22,2459.6127621055084,19253.1339176339,1144.6622330650391,484,mvo_factor_neutral,0
2021-04-23,-15636.08754426111,17964.731680531262,1278.1558745100072,483,mvo_factor_neutral,0
2021-04-26,-2023.0286687299104,20000.000355948327,500.000000335404,483,mvo_factor_neutral,0
2021-04-27,-11890.323111866213,21363.30412255657,2083.6336380743633,483,mvo_factor_neutral,0
2021-04-28,24452.078696029577,19817.441785714476,2082.4638752107244,483,mvo_factor_neutral,0
2021-04-29,14119.650861576798,20016.48506382828,1686.9469264439338,483,mvo_factor_neutral,0
2021-04-30,-3424.46663466441,20486.63941980068,971.4144076722996,483,mvo_factor_neutral,0
2021-05-03,-818.8399081434593,20000.00022491288,500.00000026372174,483,mvo_factor_neutral,0
2021-05-04,13274.941242159119,19472.085347048855,443.97235086798827,483,mvo_factor_neutral,0
2021-05-05,-1609.7158544343756,19048.129362801803,319.58275774383594,483,mvo_factor_neutral,0
2021-05-06,-1020.3721556746862,18733.9033094901,410.0793622891174,483,mvo_factor_neutral,0
2021-05-07,-1869.8201544542349,18568.416852802122,423.59055164874263,483,mvo_factor_neutral,0
2021-05-10,-8309.306297077708,19999.999964846786,500.0000003215362,483,mvo_factor_neutral,0
2021-05-11,22734.414859414464,19682.644796492277,588.2953978511824,483,mvo_factor_neutral,0
2021-05-12,-6472.291668483129,18907.816093388945,608.8674692640203,483,mvo_factor_neutral,0
2021-05-13,-8448.277555303546,18806.413547154956,484.7469803851218,483,mvo_factor_neutral,0
2021-05-14,16892.0025892653,18720.720249009515,663.0003421616831,483,mvo_factor_neutral,0
2021-05-17,-7063.771668017021,19999.999943204948,500.0000008653934,484,mvo_factor_neutral,0
2021-05-18,4613.187940415842,19920.596620707645,522.4344706303555,484,mvo_factor_neutral,0
2021-05-19,5265.794866120698,20037.39817360308,398.02085032254763,484,mvo_factor_neutral,0
2021-05-20,1326.7784997213198,20081.529593892632,-11.069959431753206,484,mvo_factor_neutral,0
2021-05-21,5715.226337124435,19738.263768800978,62.76770128526976,484,mvo_factor_neutral,0
2021-05-24,-9078.724617402106,20000.00068628382,500.0000002001035,483,mvo_factor_neutral,0
2021-05-25,31310.061316030533,19900.9276068701,930.2693096335825,483,mvo_factor_neutral,0
2021-05-26,-17170.79039408081,19133.89042566473,217.33377552330413,483,mvo_factor_neutral,0
2021-05-27,264.6200389343817,18679.23809922891,124.28919915883812,483,mvo_factor_neutral,0
2021-05-28,-777.6692462469703,18425.43421661995,199.4769110441649,483,mvo_factor_neutral,0
2021-06-01,10439.963340442575,19999.999819972738,500.00000068355604,483,mvo_factor_neutral,0
2021-06-02,17477.986686408876,19972.93692099345,62.00914014403596,483,mvo_factor_neutral,0
2021-06-03,-6445.564149000542,19684.663737117215,494.19379956264856,483,mvo_factor_neutral,0
2021-06-04,-5592.067148320351,19345.58119989972,537.3027189305968,483,mvo_factor_neutral,0
2021-06-07,35427.3753932861,19999.999616552454,500.00000028355856,483,mvo_factor_neutral,0
2021-06-08,-10577.209153168305,19472.26380163127,760.6364951451861,483,mvo_factor_neutral,0
2021-06-09,11162.336487128925,19427.544560524842,542.1475167033885,483,mvo_factor_neutral,0
2021-06-10,1192.0106428947693,18508.979987007944,297.78420093478843,483,mvo_factor_neutral,0
2021-06-11,-5666.866652861426,17820.830456315507,846.726594727114,483,mvo_factor_neutral,0
2021-06-14,-6474.458827136276,19999.999385036503,500.00000095561114,483,mvo_factor_neutral,0
2021-06-15,32413.123037693786,20576.271150839133,1485.80773480421,483,mvo_factor_neutral,0
2021-06-16,-396.00474749149294,20574.91655335734,1493.4603696930587,483,mvo_factor_neutral,0
2021-06-17,-7395.2991714755235,19120.723717520745,1533.3251840262064,483,mvo_factor_neutral,0
2021-06-18,-1617.169953061875,18304.331093644803,1576.741464405314,483,mvo_factor_neutral,0
2021-06-21,-11147.681743270425,20000.000244084316,500.0000003159352,483,mvo_factor_neutral,0
2021-06-22,10392.392332638838,22162.07818075616,-2744.6407897005006,483,mvo_factor_neutral,0
2021-06-23,6116.00589456075,21416.256322021287,-2968.630743692329,483,mvo_factor_neutral,0
2021-06-24,7978.069191604326,22372.796863832977,-3013.724405028131,483,mvo_factor_neutral,0
2021-06-25,1139.311391038054,21159.340612988613,-3381.721199963351,483,mvo_factor_neutral,0
2021-06-28,-1566.2571255380615,20000.00061043614,500.00000034572616,500,mvo_factor_neutral,0
2021-06-29,8781.977506606638,19722.10816165493,549.5646529479009,500,mvo_factor_neutral,0
2021-06-30,2105.334925934571,19510.00139139343,462.9819366486019,500,mvo_factor_neutral,0
2021-07-01,11242.389067593458,21307.25541873435,2487.255435879883,500,mvo_factor_neutral,0
2021-07-02,4203.713317451619,21027.392456237176,2498.141548627184,500,mvo_factor_neutral,0
2021-07-06,-10887.884122824327,20000.000329961324,500.0000003393665,500,mvo_factor_neutral,0
2021-07-07,-539.7942511601536,19593.648571184513,442.27867546596667,500,mvo_factor_neutral,0
2021-07-08,-1008.7768129167152,19040.627486803787,335.6253969183422,500,mvo_factor_neutral,0
2021-07-09,4326.763071469953,19255.564942098907,483.5950619454756,500,mvo_factor_neutral,0
2021-07-12,-5477.5448712672505,20000.000382959235,500.00000018399066,500,mvo_factor_neutral,0
2021-07-13,2958.0042713239754,19408.89472439751,257.7776291782911,500,mvo_factor_neutral,0
2021-07-14,-3200.799615968888,18873.79306847487,540.1979263647443,500,mvo_factor_neutral,0
2021-07-15,3160.5567266518324,18602.93264996259,283.2295866015772,500,mvo_factor_neutral,0
2021-07-16,1362.9356730840598,17869.531339782,248.97533839706318,500,mvo_factor_neutral,0
2021-07-19,7474.513222886326,20000.00001489523,499.99999977446487,500,mvo_factor_neutral,0
2021-07-20,14724.281930635183,21043.775126800636,1244.3928187841875,500,mvo_factor_neutral,0
2021-07-21,17357.38154843206,21588.934322967933,1309.8493316155793,500,mvo_factor_neutral,0
2021-07-22,13575.285588588056,20655.741330757606,1105.4573123124867,500,mvo_factor_neutral,0
2021-07-23,8360.874841104054,20091.981879915074,1333.9624301885342,500,mvo_factor_neutral,0
2021-07-26,-37252.31676287144,19999.96484410593,499.99999973536615,500,mvo_factor_neutral,0
2021-07-27,-724.559254043437,19644.6655044576,635.0452872971589,500,mvo_factor_neutral,0
2021-07-28,14257.768317908276,18312.44947437496,1382.6223522773012,500,mvo_factor_neutral,0
2021-07-29,-12858.123546434874,17387.858843439182,1813.4249666654907,499,mvo_factor_neutral,0
2021-07-30,-1361.924262458953,16540.13327901518,1201.1613047587186,499,mvo_factor_neutral,0
2021-08-02,10932.237934103436,19999.99969371683,500.0000004207427,500,mvo_factor_neutral,0
2021-08-03,-417.3642680637227,19687.5426673756,564.6437878950717,500,mvo_factor_neutral,0
2021-08-04,-2112.6697460892738,19421.097605461477,359.51871672684234,500,mvo_factor_neutral,0
2021-08-05,4584.280781853347,19254.67857312281,387.033962959472,500,mvo_factor_neutral,0
2021-08-06,-8989.356126389697,18923.239267887362,338.928563970135,500,mvo_factor_neutral,0
2021-08-09,-4611.034094991439,19999.999981883233,499.99999995928437,500,mvo_factor_neutral,0
2021-08-10,-16934.97524236752,20172.279471268743,222.12566472830636,500,mvo_factor_neutral,0
2021-08-11,6326.459124490573,19422.894779233124,265.3575315391834,500,mvo_factor_neutral,0
2021-08-12,568.2864425902301,19040.27250383482,239.2892683539532,500,mvo_factor_neutral,0
2021-08-13,-3426.086003042059,18845.47653346795,64.81332206642324,500,mvo_factor_neutral,0
2021-08-16,3230.4424420109767,19999.999511271995,500.000000796347,500,mvo_factor_neutral,0
2021-08-17,9242.012006619827,20057.055704365608,412.9038186736438,500,mvo_factor_neutral,0
2021-08-18,2031.7126009312344,19889.163815021308,190.43297834148512,500,mvo_factor_neutral,0
2021-08-19,-1661.848017543435,19155.493074125337,-123.76647916526117,500,mvo_factor_neutral,0
2021-08-20,8232.725919856393,18945.096994937412,343.48861451756613,500,mvo_factor_neutral,0
2021-08-23,-19655.61944799176,19999.99806496161,500.0000006288771,500,mvo_factor_neutral,0
2021-08-24,18128.785354969285,20470.937289827998,999.4526991638149,500,mvo_factor_neutral,0
2021-08-25,3730.4630055467583,20570.993821537235,1410.0339566714765,500,mvo_factor_neutral,0
2021-08-26,-977.4810853663115,19979.124453583292,961.788507051804,500,mvo_factor_neutral,0
2021-08-27,-1461.9029327036187,18923.583942302594,1213.8906098398952,500,mvo_factor_neutral,0
2021-08-30,1300.7321814389338,19999.99905364972,500.0000006059184,500,mvo_factor_neutral,0
2021-08-31,835.0974147065532,19742.816435357134,676.0517537267198,500,mvo_factor_neutral,0
2021-09-01,10225.119167217295,19222.0292321621,732.1759001656809,500,mvo_factor_neutral,0
2021-09-02,-6218.692815599307,18174.158187891353,1396.3111091632838,500,mvo_factor_neutral,0
2021-09-03,2191.108701747166,17814.910023968718,1353.9327706925224,499,mvo_factor_neutral,0
2021-09-07,-13309.360560262054,19245.860022705107,500.0000000177511,499,mvo_factor_neutral,0
2021-09-08,-9989.052614398803,19238.345105083044,295.0824237375656,499,mvo_factor_neutral,0
2021-09-09,1360.479178540816,19891.876152228666,-599.7479694354106,499,mvo_factor_neutral,0
2021-09-10,3750.8890092136244,20047.352040163067,-958.5423815580004,499,mvo_factor_neutral,0
2021-09-13,9219.992158233255,19999.990765594768,499.9999993137675,499,mvo_factor_neutral,0
2021-09-14,-5590.469595837141,18804.898189003194,446.06460593610893,499,mvo_factor_neutral,0
2021-09-15,5416.705051396164,18761.13314863345,488.6856180741941,499,mvo_factor_neutral,0
2021-09-16,8206.080855680284,18640.594665798337,884.6971329021605,499,mvo_factor_neutral,0
2021-09-17,-15697.556337142647,17885.703064319772,1244.993466846876,499,mvo_factor_neutral,0
2021-09-20,1144.2001678440824,19999.99469445895,-499.9997982321306,499,mvo_factor_neutral,0
2021-09-21,-7015.550519221345,19387.164951634753,-222.59584993552195,499,mvo_factor_neutral,0
2021-09-22,11775.967972628498,18968.72915359069,59.05857414311621,499,mvo_factor_neutral,0
2021-09-23,10619.480076129452,17884.937365689417,-256.49037598063904,499,mvo_factor_neutral,0
2021-09-24,-4585.396829832685,16825.457654113343,-435.6671832601514,499,mvo_factor_neutral,0
2021-09-27,8398.921251918713,20000.000290963788,-200.3126211935799,499,mvo_factor_neutral,0
2021-09-28,-6109.054499232248,19483.898536531047,-93.2968356651283,499,mvo_factor_neutral,0
2021-09-29,1055.1581112769104,19271.728756456912,-166.72317865156353,499,mvo_factor_neutral,0
2021-09-30,1268.322839732623,18601.96018266579,-352.72239059834124,499,mvo_factor_neutral,0
2021-10-01,5286.510313593152,18733.170569422662,-156.92869011592217,499,mvo_factor_neutral,0
2021-10-04,-5088.48392348479,19999.992688002043,-370.3003041930106,500,mvo_factor_neutral,0
2021-10-05,5939.794407400256,20021.472903679358,-271.0591198393924,500,mvo_factor_neutral,0
2021-10-06,-10699.964613385708,19801.374041560048,-490.7462149580206,500,mvo_factor_neutral,0
2021-10-07,9174.809237618154,19750.259949018717,-562.5224807198397,500,mvo_factor_neutral,0
2021-10-08,183.994649818335,19275.66781810627,-430.5758568385265,500,mvo_factor_neutral,0
2021-10-11,-2767.887336247838,19999.99499451323,-208.86902811737104,500,mvo_factor_neutral,0
2021-10-12,8108.696584261913,19839.656373414284,146.14212930118777,500,mvo_factor_neutral,0
2021-10-13,-915.5878696951836,19336.50761130306,-55.20248002318979,500,mvo_factor_neutral,0
2021-10-14,-3072.7308966564156,19187.117297403835,-134.7664061430085,500,mvo_factor_neutral,0
2021-10-15,-10274.801734030005,19005.94862234219,-114.31200859198731,500,mvo_factor_neutral,0
2021-10-18,14620.770732022027,20000.000405634193,499.9999958355756,500,mvo_factor_neutral,0
2021-10-19,981.3988252776285,19474.34489560007,367.0121321964253,500,mvo_factor_neutral,0
2021-10-20,-15793.935665481597,18853.243696207843,314.5197353696225,500,mvo_factor_neutral,0
2021-10-21,13341.651920362625,18645.640716075286,345.65930254289935,500,mvo_factor_neutral,0
2021-10-22,-14875.768964942929,17660.54063576499,-61.47998264626182,500,mvo_factor_neutral,0
2021-10-25,-5459.61932475073,20000.000308344253,499.9999992201794,500,mvo_factor_neutral,0
2021-10-26,-6588.511883954572,19668.614598686603,1126.3001845085994,500,mvo_factor_neutral,0
2021-10-27,16719.837878606002,19195.670204899332,1317.5882765762374,500,mvo_factor_neutral,0
2021-10-28,-10268.647227115627,17942.58155786448,1620.1256510850428,500,mvo_factor_neutral,0
2021-10-29,-4209.853829684919,17312.490725925036,1673.6864561244386,500,mvo_factor_neutral,0
2021-11-01,5081.1463621013245,20000.000174126704,495.96090475153534,500,mvo_factor_neutral,0
2021-11-02,1495.1580589625082,19403.082790038367,605.317835826543,500,mvo_factor_neutral,0
2021-11-03,-2877.0658934624576,19163.253122011276,646.7935340728167,500,mvo_factor_neutral,0
2021-11-04,5492.311251112718,18210.575724799215,432.07840642754053,500,mvo_factor_neutral,0
2021-11-05,2838.000649498121,17703.044880853333,565.3266452843341,500,mvo_factor_neutral,0
2021-11-08,824.555267745005,20000.00009151701,499.9999834361287,500,mvo_factor_neutral,0
2021-11-09,-2203.7654782629593,19996.65865991523,801.8740820427166,500,mvo_factor_neutral,0
2021-11-10,6285.661528637943,19509.82489294943,795.6236940464606,500,mvo_factor_neutral,0
2021-11-11,-7146.879221210301,19249.61378294281,1178.765357734098,500,mvo_factor_neutral,0
2021-11-12,7633.626902397903,18962.39141686646,1146.4913037309645,500,mvo_factor_neutral,0
2021-11-15,-3605.3094362140178,20000.0000835064,392.73710138677006,500,mvo_factor_neutral,0
2021-11-16,13567.972485562235,21692.75959538945,-949.2519278184885,500,mvo_factor_neutral,0
2021-11-17,-2518.8598793277965,21070.091702576272,-961.5032865592364,500,mvo_factor_neutral,0
2021-11-18,-6203.551532507604,20207.344561101752,-946.6715210817565,500,mvo_factor_neutral,0
2021-11-19,2703.007807828397,20832.62866530068,-807.8920873281187,500,mvo_factor_neutral,0
2021-11-22,-17666.631069673716,19999.999981433168,499.99999642326435,500,mvo_factor_neutral,0
2021-11-23,1977.324175178685,20124.95699856509,832.5633877905725,500,mvo_factor_neutral,0
2021-11-24,3405.558822492882,19987.94135632405,346.1373978253266,500,mvo_factor_neutral,0
2021-11-26,33739.6478284828,22755.363453467584,-3857.043600647121,500,mvo_factor_neutral,0
2021-11-29,-10441.475031432103,19999.999890253996,-499.9999987417,500,mvo_factor_neutral,0
2021-11-30,1834.4030723663307,19266.525190810487,-673.058300744559,500,mvo_factor_neutral,0
2021-12-01,4598.389395053211,18349.239932536024,-906.2198812470665,500,mvo_factor_neutral,0
2021-12-02,18455.810721441572,18911.56715923203,-679.1126807400542,500,mvo_factor_neutral,0
2021-12-03,75.07813486350415,18435.47205082589,-838.3206984973008,500,mvo_factor_neutral,0
2021-12-06,11571.309491294905,19999.99905809474,-500.0000005222294,500,mvo_factor_neutral,0
2021-12-07,685.0391965312009,19946.533989819127,-526.0680838646908,500,mvo_factor_neutral,0
2021-12-08,4494.760325679073,19703.46877774473,-551.1040182504635,500,mvo_factor_neutral,0
2021-12-09,9124.126613132285,19256.88848025313,-560.539147203695,500,mvo_factor_neutral,0
2021-12-10,4113.729385160247,18782.619122070944,-491.3947205663816,500,mvo_factor_neutral,0
2021-12-13,-5347.568079502134,20000.000119764514,-499.99999718347874,501,mvo_factor_neutral,0
2021-12-14,140.79406338101026,19645.12463114512,-471.06554235237087,501,mvo_factor_neutral,0
2021-12-15,-40379.65292582138,19743.529027483604,-607.4497306624997,501,mvo_factor_neutral,0
2021-12-16,-20960.368778531414,19064.987370271905,-380.5104793285107,501,mvo_factor_neutral,0
2021-12-17,10438.432266396163,18814.269441303415,-377.9094147299361,501,mvo_factor_neutral,0
2021-12-20,-5390.8902465162,19999.99999594954,-500.00000050995595,501,mvo_factor_neutral,0
2021-12-21,1175.76796492327,20307.053945839518,-1481.7497548323388,501,mvo_factor_neutral,0
2021-12-22,10591.435056976534,19603.157423107677,-1726.221205757944,500,mvo_factor_neutral,0
2021-12-23,1206.1628939677976,19221.64161108441,-1573.3278467207417,500,mvo_factor_neutral,0
2021-12-27,4949.894516008761,19999.999389353492,-75.88872120193412,500,mvo_factor_neutral,0
2021-12-28,-28624.661546545703,20135.682937713795,-1330.8647366737475,500,mvo_factor_neutral,0
2021-12-29,4960.835614281375,19302.606625141136,-1526.4035990514337,500,mvo_factor_neutral,0
2021-12-30,-84105.90360330063,19403.355448173148,-1832.4725858679185,500,mvo_factor_neutral,0
2021-12-31,136163.14120111434,17788.926973927406,-372.18390770780945,500,mvo_factor_neutral,0
2022-01-03,-78324.70599739972,19999.999313582473,-499.9999682175255,503,mvo_factor_neutral,0
2022-01-04,1523.4354691658584,19606.732594598954,-424.6441194714093,503,mvo_factor_neutral,0
2022-01-05,-6460.640025208579,18891.848682129454,50.458007709953506,503,mvo_factor_neutral,0
2022-01-06,-894.5653011540863,18649.358713533697,46.78310573726774,503,mvo_factor_neutral,0
2022-01-07,2672.9740874589756,18350.365537624428,-175.68317947247368,503,mvo_factor_neutral,0
2022-01-10,4373.556071469807,19026.97484372291,-1284.1472228539224,503,mvo_factor_neutral,0
2022-01-11,-5256.295371968755,18658.82009763246,-1695.64179376443,491,mvo_factor_neutral,0
2022-01-12,-903.8375888773784,18318.125133235713,-1864.9009764064513,491,mvo_factor_neutral,0
2022-01-13,-10044.223918923191,17800.978715320904,-1429.8327369209103,491,mvo_factor_neutral,0
2022-01-14,-2622.077513330491,17487.097848782592,-1373.2289172274052,491,mvo_factor_neutral,0
2022-01-18,-16318.22240289778,20000.000148345815,-500.0000009234738,491,mvo_factor_neutral,0
2022-01-19,8584.083503569556,19427.271613785764,-102.86722857314179,490,mvo_factor_neutral,0
2022-01-20,8287.028301756185,18574.351661166158,238.5062059245515,490,mvo_factor_neutral,0
2022-01-21,7789.477512056195,18757.932076375146,-180.16296646316485,490,mvo_factor_neutral,0
2022-01-24,-21747.284208848352,20000.00017035993,-500.00000035247166,490,mvo_factor_neutral,0
2022-01-25,12369.04322173601,19646.16668018071,404.90309546202405,490,mvo_factor_neutral,0
2022-01-26,-9013.828430282132,20115.44341892877,-486.9147579547644,490,mvo_factor_neutral,0
2022-01-27,-9339.383012672835,19634.373732775275,-1027.477225360235,490,mvo_factor_neutral,0
2022-01-28,-7322.986812420647,19767.3411470327,-1460.3070290131272,490,mvo_factor_neutral,0
2022-01-31,38010.67845066208,19999.999993450405,-499.99997489252996,491,mvo_factor_neutral,0
2022-02-01,621.7285601999415,19403.64969922938,-177.124135598336,491,mvo_factor_neutral,0
2022-02-02,-7264.486309004167,19352.336224470084,-401.6796842641703,491,mvo_factor_neutral,0
2022-02-03,-8387.045882299575,19008.0975899162,-660.003873411269,491,mvo_factor_neutral,0
2022-02-04,2781.381552660273,18925.543708602654,-495.5762906729379,491,mvo_factor_neutral,0
2022-02-07,-4912.772153922053,19999.999722063993,-499.99999914901656,491,mvo_factor_neutral,0
2022-02-08,19896.056287748946,19058.65310848901,-543.1718975726869,491,mvo_factor_neutral,0
2022-02-09,-4722.741250725392,18937.668840312763,-1582.0000536534405,491,mvo_factor_neutral,0
2022-02-10,14527.99188254003,18546.25597515259,-1449.5568253351043,491,mvo_factor_neutral,0
2022-02-11,-26537.312229545478,18211.217025839713,-1363.6314929936404,491,mvo_factor_neutral,0
2022-02-14,3280.988300525381,19999.999392618232,-500.0000000153494,491,mvo_factor_neutral,0
2022-02-15,6260.695796001042,19187.020726321116,-622.6265620055957,491,mvo_factor_neutral,0
2022-02-16,4497.711688573441,19280.52676349151,289.54612999774605,491,mvo_factor_neutral,0
2022-02-17,5930.411989004841,18879.57965626732,652.2194702924008,491,mvo_factor_neutral,0
2022-02-18,-5746.531138745393,18472.009145514785,633.1785115694913,491,mvo_factor_neutral,0
2022-02-22,8712.399328303105,20000.000215612916,-499.9999865745808,491,mvo_factor_neutral,0
2022-02-23,11765.487852778046,18766.4546110222,-727.0490115154395,490,mvo_factor_neutral,0
2022-02-24,-39944.02229744693,19351.63067293228,-2917.8409964023062,488,mvo_factor_neutral,0
2022-02-25,3635.4694000379427,20303.231956488322,-5139.215462841387,487,mvo_factor_neutral,0
2022-02-28,-14447.552221114323,19999.996822426518,-499.9999975475678,487,mvo_factor_neutral,0
2022-03-01,-8556.423940275876,15557.01383022547,-231.07197785508507,385,mvo_factor_neutral,0
2022-03-02,2798.967455967188,15538.157971898609,-353.8017767369224,385,mvo_factor_neutral,0
2022-03-03,-2218.7104161195675,15273.924783711693,-372.31304430603694,385,mvo_factor_neutral,0
2022-03-04,-2634.446271484912,15204.550259585198,-84.83036682897837,385,mvo_factor_neutral,0
2022-03-07,-1517.8523697275537,19357.340091789563,-454.78785931701714,385,mvo_factor_neutral,0
2022-03-08,1502.500671134527,19430.867311406793,15.148062441673499,383,mvo_factor_neutral,0
2022-03-09,7884.6700169265005,19993.621537151754,-34.542575947209045,383,mvo_factor_neutral,0
2022-03-10,-2605.590714171003,19817.39709614582,98.26644670773726,383,mvo_factor_neutral,0
2022-03-11,354.93468876235494,19719.098364139736,335.9048744863286,383,mvo_factor_neutral,0
2022-03-14,-10653.792241638424,19999.999105462604,-500.0000005452286,389,mvo_factor_neutral,0
2022-03-15,14191.602954376038,19891.193733498232,-843.9360261758994,389,mvo_factor_neutral,0
2022-03-16,11088.562468522434,19988.08687970468,-722.839041524088,389,mvo_factor_neutral,0
2022-03-17,4991.9430444419495,19807.79129944672,-700.6691513187271,389,mvo_factor_neutral,0
2022-03-18,372.93891561810165,19462.60421732986,-760.4556878269397,389,mvo_factor_neutral,0
2022-03-21,5339.953857158164,19999.999822105106,-499.99995837035897,489,mvo_factor_neutral,0
2022-03-22,39882.345649215524,19882.694068692526,-594.0639260272119,489,mvo_factor_neutral,0
2022-03-23,-19325.633370542877,19677.591485649722,-565.8096347948659,489,mvo_factor_neutral,0
2022-03-24,17666.28411688864,19556.992629531338,-723.1056227282813,489,mvo_factor_neutral,0
2022-03-25,-12257.568180149678,19054.11411401925,-1161.3072152031375,489,mvo_factor_neutral,0
2022-03-28,4749.542102823617,19999.996360194906,499.9999860065531,489,mvo_factor_neutral,0
2022-03-29,-19859.079202604335,20370.89492593589,560.9803442225353,489,mvo_factor_neutral,0
2022-03-30,1039.8610669402374,20051.359323579105,393.0474999576834,489,mvo_factor_neutral,0
2022-03-31,15181.68505443944,20522.805783425985,685.5188255985129,489,mvo_factor_neutral,0
2022-04-01,-3625.0770080809634,19695.518188083108,468.63182109204996,489,mvo_factor_neutral,0
2022-04-04,18279.315407406884,19999.997286168353,254.98122429895457,489,mvo_factor_neutral,0
2022-04-05,-614.2102983978667,19740.420400456856,145.92902558200976,489,mvo_factor_neutral,0
2022-04-06,-4358.325465121276,19746.681480999214,713.1451853304823,489,mvo_factor_neutral,0
2022-04-07,-4763.724764476589,19537.65162618838,663.1741600582998,489,mvo_factor_neutral,0
2022-04-08,-5648.445208540042,18837.979560705127,417.0002374013308,489,mvo_factor_neutral,0
2022-04-11,2033.954627044257,20000.000594306766,-499.9999873180299,489,mvo_factor_neutral,0
2022-04-12,21573.05629801332,20762.59814713247,-433.6183611235781,488,mvo_factor_neutral,0
2022-04-13,3381.4079410840527,19469.905034998865,-1659.1233896694562,488,mvo_factor_neutral,0
2022-04-14,7941.95032901692,19449.375483526386,-1209.663474667832,488,mvo_factor_neutral,0
2022-04-18,-14099.013457542638,19999.999863521134,-499.9999405877632,488,mvo_factor_neutral,0
2022-04-19,7059.972219577229,19913.19375579638,-89.47966968163853,488,mvo_factor_neutral,0
2022-04-20,-15622.532367508824,19028.605481645867,-958.0599288541214,486,mvo_factor_neutral,0
2022-04-21,-9301.692424636112,19067.25969814096,-874.6021546193422,486,mvo_factor_neutral,0
2022-04-22,-2742.2275103714082,19205.671527762286,-604.014103396504,486,mvo_factor_neutral,0
2022-04-25,22504.016470454033,20000.000253362952,-499.99999844631924,486,mvo_factor_neutral,0
2022-04-26,-7391.7644559828705,19045.012937563366,-862.2188731266169,486,mvo_factor_neutral,0
2022-04-27,10246.999904012748,18947.327060491778,-85.80171857734119,486,mvo_factor_neutral,0
2022-04-28,13998.191589831345,19800.956963834804,1037.6202146019443,486,mvo_factor_neutral,0
2022-04-29,-20385.59258686757,19874.26761728089,348.3258069686578,486,mvo_factor_neutral,0
2022-05-02,-9211.27536373422,19999.999918820347,-500.0000005363949,486,mvo_factor_neutral,0
2022-05-03,15495.30857837915,19842.220121075883,-591.8713738032673,486,mvo_factor_neutral,0
2022-05-04,5730.897790602496,19242.37190199019,-9.064016862620834,486,mvo_factor_neutral,0
2022-05-05,-12630.423790619998,19496.734029889958,-44.403045985224345,486,mvo_factor_neutral,0
2022-05-06,-1902.7390281145051,19087.826940867013,-27.036332863149504,486,mvo_factor_neutral,0
2022-05-09,3654.901234446438,19999.99937939031,-500.0000007130785,486,mvo_factor_neutral,0
2022-05-10,15632.024327959058,19989.136510617038,-422.7255552090531,486,mvo_factor_neutral,0
2022-05-11,-18970.768530517857,19340.95264356704,-362.3829393086559,486,mvo_factor_neutral,0
2022-05-12,27082.764904495525,19300.66724804579,-702.6119981484366,486,mvo_factor_neutral,0
2022-05-13,-13134.289529647192,19874.128684892057,-161.75832960063826,486,mvo_factor_neutral,0
2022-05-16,15375.910734089199,20000.00017729889,-500.0000006873785,486,mvo_factor_neutral,0
2022-05-17,-628.8337253396006,19588.088241216035,-133.83246915949374,486,mvo_factor_neutral,0
2022-05-18,-28926.789859406985,19547.54016343537,-330.07653320058523,486,mvo_factor_neutral,0
2022-05-19,32991.66356711309,19089.1444475064,-246.80465420699608,486,mvo_factor_neutral,0
2022-05-20,-19853.458192107,18612.226651208515,-410.5368090191744,486,mvo_factor_neutral,0
2022-05-23,22338.791406102453,19999.999950238303,-499.9999997696106,486,mvo_factor_neutral,0
2022-05-24,-22068.826591363995,19773.28981763635,-881.8188115567965,486,mvo_factor_neutral,0
2022-05-25,11318.05629363939,19380.32862625556,-770.4264756650483,486,mvo_factor_neutral,0
2022-05-26,10299.605115769795,18969.146559348934,-687.664422234685,486,mvo_factor_neutral,0
2022-05-27,-8088.935438362724,19043.397520400817,-20.167710440025814,486,mvo_factor_neutral,0
2022-05-31,13783.854212609054,19999.99972724713,-500.00000026662696,486,mvo_factor_neutral,0
2022-06-01,-1323.165620742532,20439.824289605684,105.91473049442902,486,mvo_factor_neutral,0
2022-06-02,-15998.103626985052,18882.147671208837,-1263.9536322892698,486,mvo_factor_neutral,0
2022-06-03,8517.938187707241,19134.057862801936,-739.0901155037798,486,mvo_factor_neutral,0
2022-06-06,16854.40060568593,19999.999828656226,-499.9999994607556,486,mvo_factor_neutral,0
2022-06-07,-1423.3644787792434,19182.097540693936,-1081.0233437739134,486,mvo_factor_neutral,0
2022-06-08,6177.43358309746,18573.98852713501,-401.75432514741146,486,mvo_factor_neutral,0
2022-06-09,-19470.575321256605,18295.599723857747,-273.7989058332703,486,mvo_factor_neutral,0
2022-06-10,-1831.5958466632783,16929.505024960145,230.09662369839702,486,mvo_factor_neutral,0
2022-06-13,-3452.16686574918,19999.9990704276,-500.00000076773904,486,mvo_factor_neutral,0
2022-06-14,-23123.204658668514,21099.779552759093,-2535.594553913223,486,mvo_factor_neutral,0
2022-06-15,10864.89279507377,20007.65576001268,-2468.2251996756186,485,mvo_factor_neutral,0
2022-06-16,13970.611530394675,20381.060735290586,-2887.8317016667133,484,mvo_factor_neutral,0
2022-06-17,-18648.385289890513,22654.04706628237,-3252.5606151726292,484,mvo_factor_neutral,0
2022-06-21,48654.423549089835,19999.99959573367,-500.00000083751644,486,mvo_factor_neutral,0
2022-06-22,-34778.661931413044,20313.430202036772,-1358.5080490579194,486,mvo_factor_neutral,0
2022-06-23,-29057.518783792497,20713.744646860545,-1941.9672572429279,486,mvo_factor_neutral,0
2022-06-24,25312.079159891528,19836.848131185303,-1744.1354135961085,486,mvo_factor_neutral,0
2022-06-27,-18180.977033197454,20000.000385301904,-500.0000006273021,490,mvo_factor_neutral,0
2022-06-28,9641.628608151683,19653.077737897187,-631.6049300302888,490,mvo_factor_neutral,0
2022-06-29,7816.935289244416,19321.29821538017,-477.27619163540646,490,mvo_factor_neutral,0
2022-06-30,-2211.8368758672827,18852.602106158956,-593.1541501962489,490,mvo_factor_neutral,0
2022-07-01,-3563.9027556130704,18722.51373499698,-651.0591579789902,489,mvo_factor_neutral,0
2022-07-05,-16656.159730664458,19999.99872666453,-499.9999998394663,490,mvo_factor_neutral,0
2022-07-06,24280.22997595744,19821.974987029986,-576.0256628097237,490,mvo_factor_neutral,0
2022-07-07,-8400.033955106583,19694.83667854934,-675.2872969344745,490,mvo_factor_neutral,0
2022-07-08,-3184.3907875203217,19510.792792364387,-720.6333744662115,490,mvo_factor_neutral,0
2022-07-11,1523.1626907482544,20000.00022580584,-500.0000003470937,490,mvo_factor_neutral,0
2022-07-12,12180.205114711287,19652.18085192709,-694.8334517557798,490,mvo_factor_neutral,0
2022-07-13,10379.074273938713,19137.11687174946,-760.0936920339408,490,mvo_factor_neutral,0
2022-07-14,-20866.246288428803,18240.497768364217,-663.4807756772403,490,mvo_factor_neutral,0
2022-07-15,24248.396518053916,18434.11674394401,-475.42891918855247,490,mvo_factor_neutral,0
2022-07-18,-84686.76470582302,19999.99995345027,-500.0000002571762,495,mvo_factor_neutral,0
2022-07-19,-37469.119682056276,20099.519325481306,-1305.3124113054598,495,mvo_factor_neutral,0
2022-07-20,10624.235191906193,19767.37522813286,-1615.9545781583236,495,mvo_factor_neutral,0
2022-07-21,2128.462153583297,19332.40239677746,-1437.6075208982438,495,mvo_factor_neutral,0
2022-07-22,-3421.1866209615764,19056.491133313448,-1518.3407912113464,495,mvo_factor_neutral,0
2022-07-25,1702.0820239578302,19999.989368884133,-499.9999975519276,497,mvo_factor_neutral,0
2022-07-26,3172.018090238165,19539.32132390987,-156.8467156891986,497,mvo_factor_neutral,0
2022-07-27,-6670.59197659785,18505.954406981862,-103.44598363788329,496,mvo_factor_neutral,0
2022-07-28,-18118.67930471624,17575.35279883294,-174.5239501398842,496,mvo_factor_neutral,0
2022-07-29,-2219.0405484042667,16443.349439465863,-143.34617323579823,496,mvo_factor_neutral,0
2022-08-01,4768.486789730711,19999.999769595164,-499.9999912107551,497,mvo_factor_neutral,0
2022-08-02,6099.871490471875,19872.985297500578,-862.5268909808933,497,mvo_factor_neutral,0
2022-08-03,13434.686390569359,19380.46036463243,-1118.0428296383977,497,mvo_factor_neutral,0
2022-08-04,952.1889296714933,18851.462120383218,-1281.1240000712487,497,mvo_factor_neutral,0
2022-08-05,8057.644198414914,18089.595232973956,-1097.6213890559825,497,mvo_factor_neutral,0
2022-08-08,-7229.564263641812,20000.000270113323,-499.9999909474157,498,mvo_factor_neutral,0
2022-08-09,34335.70623296162,19508.10895418947,-567.2152535776936,498,mvo_factor_neutral,0
2022-08-10,-9101.367175130792,19291.14481920626,-1633.9642375455742,498,mvo_factor_neutral,0
2022-08-11,5236.844087520536,19078.067758931473,-1241.6030819653977,498,mvo_factor_neutral,0
2022-08-12,9178.214141329425,17812.65706263836,-1192.9526743043764,497,mvo_factor_neutral,0
2022-08-15,15214.110854413499,19999.998604695644,499.9999988548575,497,mvo_factor_neutral,0
2022-08-16,-19581.170036963784,19384.28173030492,-102.40161295501896,497,mvo_factor_neutral,0
2022-08-17,-13108.305940261118,20173.60062431374,-778.2306095921742,497,mvo_factor_neutral,0
2022-08-18,33519.28687929181,19423.7830017221,-233.30985978029278,497,mvo_factor_neutral,0
2022-08-19,-10313.059208784556,19485.430056819325,-316.9561918897261,497,mvo_factor_neutral,0
2022-08-22,-8880.345059149142,19999.99973659367,499.9999983434694,498,mvo_factor_neutral,0
2022-08-23,16190.162984383294,19810.786251783327,665.3003123626676,498,mvo_factor_neutral,0
2022-08-24,-3230.2890970954813,19389.729866635294,257.2575001007703,498,mvo_factor_neutral,0
2022-08-25,921.2941941697621,17851.21332306382,334.62496135191464,498,mvo_factor_neutral,0
2022-08-26,-735.7160903489029,18535.28987825584,313.9437112213255,498,mvo_factor_neutral,0
2022-08-29,-5421.99987570655,19999.999037679234,-499.99993834452334,498,mvo_factor_neutral,0
2022-08-30,4778.81374735034,19513.127252858758,-353.8452158295408,496,mvo_factor_neutral,0
2022-08-31,1999.4579606365214,19136.953062029985,-380.4722687070642,496,mvo_factor_neutral,0
2022-09-01,7240.331807305394,18758.311360759017,-578.7817576629091,496,mvo_factor_neutral,0
2022-09-02,-2606.108873169104,18357.080537108126,-611.0930230807305,496,mvo_factor_neutral,0
2022-09-06,17325.895373815132,19999.99628517679,-500.00000009129377,499,mvo_factor_neutral,0
2022-09-07,12390.747602911651,20439.682573638376,-103.70241819122953,499,mvo_factor_neutral,0
2022-09-08,1031.7396773875812,20297.601776549498,-202.86202087805978,499,mvo_factor_neutral,0
2022-09-09,5335.161850587571,20358.265765367512,-671.0315332962613,499,mvo_factor_neutral,0
2022-09-12,-19894.27512020923,19999.995903640767,-348.0639213782147,499,mvo_factor_neutral,0
2022-09-13,16954.145816915337,20853.065214119677,781.4066493107748,499,mvo_factor_neutral,0
2022-09-14,12784.725035068981,20448.91847503522,861.768710672144,498,mvo_factor_neutral,0
2022-09-15,-23668.24024769222,19817.00699706388,717.7900439649183,498,mvo_factor_neutral,0
2022-09-16,-9069.043122622305,19012.407242927595,546.4143248544966,498,mvo_factor_neutral,0
2022-09-19,17002.555054173565,19999.999790885242,-499.9999993013148,499,mvo_factor_neutral,0
2022-09-20,-9831.202179728387,19841.409286190003,-558.3642708667787,499,mvo_factor_neutral,0
2022-09-21,-13729.38014828618,19354.117372245924,-878.0607985379534,499,mvo_factor_neutral,0
2022-09-22,6359.184165222986,19442.192720969048,-1532.8454035300622,499,mvo_factor_neutral,0
2022-09-23,28988.99475659467,20737.407726732872,-283.8477671856492,499,mvo_factor_neutral,0
2022-09-26,-35663.927483790714,19999.99728279057,-500.00000013464535,499,mvo_factor_neutral,0
2022-09-27,30192.557349929513,19895.341312563683,-108.1774461635944,499,mvo_factor_neutral,0
2022-09-28,-146684.87946353573,23238.11895450199,-1472.1024547389086,499,mvo_factor_neutral,0
2022-09-29,-30820.352651196532,22518.727981227363,-3196.3286893662707,499,mvo_factor_neutral,0
2022-09-30,-10152.23164980097,22300.489719347985,-3370.5597958874773,498,mvo_factor_neutral,0
2022-10-03,24235.257862105293,19999.988599783526,-499.99999948820243,499,mvo_factor_neutral,0
2022-10-04,1766.4180804990906,19420.069903059877,-645.948152550055,498,mvo_factor_neutral,0
2022-10-05,-12907.177042962718,19316.543316756604,-754.3548827685803,498,mvo_factor_neutral,0
2022-10-06,5989.953063152788,19178.230553402638,-752.0918589158034,498,mvo_factor_neutral,0
2022-10-07,3421.787832046983,18673.83394312178,-841.3988775818602,498,mvo_factor_neutral,0
2022-10-10,757.7915973493402,20000.00032472606,-500.00002675543413,498,mvo_factor_neutral,0
2022-10-11,2159.261624540955,19711.462010227933,-379.425946135397,497,mvo_factor_neutral,0
2022-10-12,-3439.284685699128,19173.123966233386,-354.2422748905434,497,mvo_factor_neutral,0
2022-10-13,3759.2153784386674,18991.266770490885,-610.3206643558332,497,mvo_factor_neutral,0
2022-10-14,1321.0972096129315,18732.089102069353,-706.9578045585108,497,mvo_factor_neutral,0
2022-10-17,12705.148837379127,19999.99840719124,-499.99999937522796,497,mvo_factor_neutral,0
2022-10-18,-10164.84445157479,20087.135741534254,-938.6906809915607,497,mvo_factor_neutral,0
2022-10-19,5092.458060932081,19671.192598348636,-814.1490290801003,497,mvo_factor_neutral,0
2022-10-20,-6586.5835321554205,20014.730419231088,-1508.1674881207382,496,mvo_factor_neutral,0
2022-10-21,15474.71909082566,19691.81055148238,-1933.707886200325,496,mvo_factor_neutral,0
2022-10-24,13136.501627186319,20000.000048976945,-499.999999853922,497,mvo_factor_neutral,0
2022-10-25,-2274.4577166970253,19696.530025177,-682.7484286451318,497,mvo_factor_neutral,0
2022-10-26,-4628.914108274311,19028.998719146603,-1156.050797829117,497,mvo_factor_neutral,0
2022-10-27,-1153.3831864530541,18559.22179322096,-1133.133999549312,497,mvo_factor_neutral,0
2022-10-28,18399.48318797544,18392.331341694204,669.941639236681,497,mvo_factor_neutral,0
2022-10-31,-13965.175280268417,19999.992682532597,-499.9999907368251,498,mvo_factor_neutral,0
2022-11-01,6066.890413745284,19303.552539943048,-714.1225454407482,497,mvo_factor_neutral,0
2022-11-02,-9535.112755727747,18850.086106583127,-551.4939763532318,497,mvo_factor_neutral,0
2022-11-03,-18688.616351996472,18520.524458369586,-65.57010395754153,497,mvo_factor_neutral,0
2022-11-04,532.8773707492649,17866.820879421433,-649.5175845705783,497,mvo_factor_neutral,0
2022-11-07,1641.4579693211795,20000.000425569287,-207.0361993606843,497,mvo_factor_neutral,0
2022-11-08,5630.355036427525,20087.081137413392,491.70666883462934,497,mvo_factor_neutral,0
2022-11-09,-15265.028174685707,19746.04047120487,621.3395048817531,497,mvo_factor_neutral,0
2022-11-10,-7732.586048310217,19210.005743977796,936.0722062210348,497,mvo_factor_neutral,0
2022-11-11,-9958.28026509455,19135.44912907845,717.1539845483098,497,mvo_factor_neutral,0
2022-11-14,14711.579043383723,20000.000193434662,499.99998720981733,497,mvo_factor_neutral,0
2022-11-15,418.60610794416993,20495.071627745703,441.64545641364646,497,mvo_factor_neutral,0
2022-11-16,-1400.0515578492,20587.653974325327,-380.60387063663774,497,mvo_factor_neutral,0
2022-11-17,-5142.008717407115,20315.670674693192,-719.4764918671139,497,mvo_factor_neutral,0
2022-11-18,-8741.86843341556,19921.332015512628,10.014364697481055,497,mvo_factor_neutral,0
2022-11-21,34512.156142653854,19999.999213792682,499.99999846482336,497,mvo_factor_neutral,0
2022-11-22,-6905.808125571734,18726.01726885983,-339.53284817599206,497,mvo_factor_neutral,0
2022-11-23,14270.520368936304,18388.753636887413,687.1714083210338,497,mvo_factor_neutral,0
2022-11-25,-13698.350627023816,18537.68204252869,-2107.59347167415,497,mvo_factor_neutral,0
2022-11-28,-26770.00455706776,20000.000318930714,499.9999990734225,497,mvo_factor_neutral,0
2022-11-29,13210.79756208686,19637.768262852605,423.0979340934274,497,mvo_factor_neutral,0
2022-11-30,-7513.528964384308,19132.38042938212,631.5291177715148,497,mvo_factor_neutral,0
2022-12-01,13656.57603743764,18262.48090028758,256.38202386823093,497,mvo_factor_neutral,0
2022-12-02,1936.901500585351,18237.184206750768,514.8569096562265,497,mvo_factor_neutral,0
2022-12-05,-8501.620863425496,19999.999983237434,499.999999156813,496,mvo_factor_neutral,0
2022-12-06,-4349.327062749944,19800.768550812696,507.7534654253455,496,mvo_factor_neutral,0
2022-12-07,-6813.998852110609,19689.290881473516,424.66363440931366,496,mvo_factor_neutral,0
2022-12-08,-9822.08467249504,18971.471636185444,-127.34251645974149,496,mvo_factor_neutral,0
2022-12-09,19994.778494841274,18893.138758575686,111.31622240083729,496,mvo_factor_neutral,0
2022-12-12,2493.8654984871623,19999.99997086477,499.9999982353935,497,mvo_factor_neutral,0
2022-12-13,8992.657837272396,19441.938574399326,577.6841209359568,497,mvo_factor_neutral,0
2022-12-14,20476.684341569213,19065.678440426513,385.84260313612293,497,mvo_factor_neutral,0
2022-12-15,-14576.432585025465,18826.26298374172,191.61230443865836,497,mvo_factor_neutral,0
2022-12-16,-7141.80372965486,18447.008033198366,155.580740731536,497,mvo_factor_neutral,0
2022-12-19,2991.542951749466,19999.99975247609,499.999948981071,498,mvo_factor_neutral,0
2022-12-20,4399.247802605172,19757.958353898048,499.4606104105715,498,mvo_factor_neutral,0
2022-12-21,-9895.719743180749,19485.927920373353,392.12680451060896,498,mvo_factor_neutral,0
2022-12-22,28073.29688301247,19109.55719419985,706.2903521523442,498,mvo_factor_neutral,0
2022-12-23,-12972.834278596558,18858.685021028654,340.86460119379507,497,mvo_factor_neutral,0
2022-12-27,14860.158476747249,20000.000062649335,499.9999955737474,497,mvo_factor_neutral,0
2022-12-28,4489.043276520406,19772.04530274391,133.44577002390562,497,mvo_factor_neutral,0
2022-12-29,-7073.402006349514,19321.853651054495,174.7839456233411,497,mvo_factor_neutral,0
2022-12-30,-6423.21495204519,18809.56506858706,-273.35170502436625,497,mvo_factor_neutral,0
2023-01-03,10684.052032100173,19999.99999061191,200.3289462919571,495,mvo_factor_neutral,0
2023-01-04,-5998.6797885903525,19641.162551489575,253.26172959820084,495,mvo_factor_neutral,0
2023-01-05,1450.5557964145064,19065.115537282058,-268.6693884292492,495,mvo_factor_neutral,0
2023-01-06,1787.803243292622,18574.31354232527,-188.528190421258,495,mvo_factor_neutral,0
2023-01-09,4062.714692001223,19999.998922306153,499.9999881381445,495,mvo_factor_neutral,0
2023-01-10,-5183.15144209162,19548.49577540852,204.63190785870398,495,mvo_factor_neutral,0
2023-01-11,-10708.64391046738,18846.21501321898,334.9119914950544,490,mvo_factor_neutral,0
2023-01-12,2471.87689229776,19158.9099544431,-294.8875236077803,490,mvo_factor_neutral,0
2023-01-13,7013.594331352847,18362.591655902972,-606.9977861362332,490,mvo_factor_neutral,0
2023-01-17,4862.777004712815,20000.00009863289,499.9999999237175,490,mvo_factor_neutral,0
2023-01-18,-778.4083871936905,20542.719103306325,963.122565947309,490,mvo_factor_neutral,0
2023-01-19,6577.254963791405,20489.901563502073,1078.9892550678924,490,mvo_factor_neutral,0
2023-01-20,-26551.972738068856,20488.201550050664,858.8078617598271,490,mvo_factor_neutral,0
2023-01-23,-15141.552044503362,19999.999378413166,500.0000001636004,490,mvo_factor_neutral,0
2023-01-24,6612.8302118522915,20224.025310545177,702.0297092290211,490,mvo_factor_neutral,0
2023-01-25,41938.94615734643,20621.256402299456,1320.289274528069,490,mvo_factor_neutral,0
2023-01-26,-27029.274921320095,18931.76565173418,349.7588928534347,490,mvo_factor_neutral,0
2023-01-27,2371.303820324017,19867.753793391323,-91.91536181703897,490,mvo_factor_neutral,0
2023-01-30,-13067.61814126854,19999.999538987515,499.99999916061506,490,mvo_factor_neutral,0
2023-01-31,3462.2374371880874,19505.2516678915,398.7468621239935,490,mvo_factor_neutral,0
2023-02-01,-3513.7481741755914,19059.38171893601,428.0747112899188,490,mvo_factor_neutral,0
2023-02-02,-11001.1420540657,18458.54692905831,-31.853892503026177,490,mvo_factor_neutral,0
2023-02-03,-6416.038731347592,18657.85815631613,-179.2039932544863,490,mvo_factor_neutral,0
2023-02-06,-37113.867885801425,19999.999548923915,499.99998407930593,490,mvo_factor_neutral,0
2023-02-07,9829.025428363862,20646.355000322368,795.0569307038354,490,mvo_factor_neutral,0
2023-02-08,-3477.522520965552,20126.410662651535,1318.5687974732825,490,mvo_factor_neutral,0
2023-02-09,-13127.967876834733,19701.757321972753,1307.9334186199935,490,mvo_factor_neutral,0
2023-02-10,-4108.641495213364,19704.781679763415,1313.2047661336157,490,mvo_factor_neutral,0
2023-02-13,1338.3738506646264,19999.999526095922,499.99999916437116,490,mvo_factor_neutral,0
2023-02-14,579.3550178633396,19743.43439196542,470.77133877719143,490,mvo_factor_neutral,0
2023-02-15,-13135.156129708084,19034.193874874723,602.798543951073,490,mvo_factor_neutral,0
2023-02-16,-5125.661940961009,18595.79904348638,538.7452774741083,490,mvo_factor_neutral,0
2023-02-17,22012.465183157914,18016.03035829844,-43.32690688013275,490,mvo_factor_neutral,0
2023-02-21,-20344.38835302663,19999.99925255701,500.0000006268028,490,mvo_factor_neutral,0
2023-02-22,-28522.178426390765,19884.723744002386,299.58823651661106,490,mvo_factor_neutral,0
2023-02-23,12631.048716328989,19603.221778375537,62.78133774200535,490,mvo_factor_neutral,0
2023-02-24,20305.668351754266,18374.139676924253,148.43197268203315,490,mvo_factor_neutral,0
2023-02-27,-8361.612097942912,19999.99985021439,500.00000071877946,490,mvo_factor_neutral,0
2023-02-28,8889.63905142535,19593.541247784073,417.5628814009156,490,mvo_factor_neutral,0
2023-03-01,-3964.1653162387456,19152.634826645088,509.4804614922214,490,mvo_factor_neutral,0
2023-03-02,-7604.360902541019,18950.812333539372,596.2337817643647,490,mvo_factor_neutral,0
2023-03-03,-10208.89861928854,18738.902379344843,743.2242911569268,490,mvo_factor_neutral,0
2023-03-06,6238.4085007350905,20000.00043827144,500.00000030116246,490,mvo_factor_neutral,0
2023-03-07,-3658.224655808863,19305.001104105926,358.86323562489395,490,mvo_factor_neutral,0
2023-03-08,-6792.440525681275,19040.410583556288,-15.677693211724575,490,mvo_factor_neutral,0
2023-03-09,5321.421130874682,18302.246726859445,-161.49519714469807,490,mvo_factor_neutral,0
2023-03-10,-19355.1493953469,17379.070547834122,-192.309868867114,490,mvo_factor_neutral,0
2023-03-13,8280.207139937947,20000.000341106468,-499.9999991178255,490,mvo_factor_neutral,0
2023-03-14,-17277.54907284182,20920.31530453289,-21.306673480751485,490,mvo_factor_neutral,0
2023-03-15,16929.423948986434,20565.96232348414,236.0794448113782,490,mvo_factor_neutral,0
2023-03-16,-21132.41874074118,21076.053537582753,178.3985133970929,490,mvo_factor_neutral,0
2023-03-17,12095.806977501554,20318.407596312776,114.60845348223081,489,mvo_factor_neutral,0
2023-03-20,-11092.44661086388,20000.00005154026,-500.0000012237066,489,mvo_factor_neutral,0
2023-03-21,53833.52768093301,21151.773110798942,-466.74971940814305,488,mvo_factor_neutral,0
2023-03-22,-7192.336025679384,19815.852555030135,-756.6714834101399,488,mvo_factor_neutral,0
2023-03-23,-50970.894000283326,18874.613063293215,-747.4887063845729,488,mvo_factor_neutral,0
2023-03-24,-1903.8109470942686,18941.377286153285,-915.6459064272597,488,mvo_factor_neutral,0
2023-03-27,50281.95690170978,20000.000382612896,-499.9999991634896,489,mvo_factor_neutral,0
2023-03-28,7991.279700728682,19607.9461587773,-627.1623014875644,489,mvo_factor_neutral,0
2023-03-29,29431.1429808671,19657.18252565091,-594.4773027003105,489,mvo_factor_neutral,0
2023-03-30,4463.194394615119,19219.151708591,-631.1162357233646,489,mvo_factor_neutral,0
2023-03-31,30623.860684422267,19448.41995165,139.45249856677114,489,mvo_factor_neutral,0
2023-04-03,40105.18069495796,20000.0009148577,-1.7716239316762832,489,mvo_factor_neutral,0
2023-04-04,9303.140649443883,19038.506893570637,856.5601609125526,488,mvo_factor_neutral,0
2023-04-05,-10222.11480507251,18692.267623625783,575.4881493486217,488,mvo_factor_neutral,0
2023-04-06,-53.258678250862886,18535.117589855847,562.3051610805152,488,mvo_factor_neutral,0
2023-04-10,13194.549526892213,20000.00089831677,499.99999077488326,488,mvo_factor_neutral,0
2023-04-11,25973.6281783461,19950.62054834203,186.42127513711156,488,mvo_factor_neutral,0
2023-04-12,-7270.4460150795585,19473.736173728594,129.61671422217543,488,mvo_factor_neutral,0
2023-04-13,17961.066003023458,19036.708001140247,160.24660316994093,488,mvo_factor_neutral,0
2023-04-14,6877.948496343244,18729.36345635969,197.35237850957424,488,mvo_factor_neutral,0
2023-04-17,23452.38902904623,19999.999924060485,499.99999457086506,489,mvo_factor_neutral,0
2023-04-18,-1784.4369624600756,19645.018285327442,545.5113989638104,489,mvo_factor_neutral,0
2023-04-19,-19272.8432583936,19489.238892026104,484.3290688685508,489,mvo_factor_neutral,0
2023-04-20,45205.72301399609,19181.171651136898,419.75168210370555,489,mvo_factor_neutral,0
2023-04-21,-17491.390304971643,18484.364547450343,877.2624010001083,489,mvo_factor_neutral,0
2023-04-24,-382.74937433108084,20000.000572195873,499.9999956095589,489,mvo_factor_neutral,0
2023-04-25,-91041.89735665209,19894.30578962389,126.31156957898504,489,mvo_factor_neutral,0
2023-04-26,-24806.805256935782,19994.544982925927,232.69688764250762,489,mvo_factor_neutral,0
2023-04-27,17273.590547115444,19302.072491840772,330.90005834205164,489,mvo_factor_neutral,0
2023-04-28,-21108.084473694147,20260.895947220914,-1317.2978988526654,489,mvo_factor_neutral,0
2023-05-01,15507.930183105298,20000.000080835875,500.0000002036246,489,mvo_factor_neutral,0
2023-05-02,-84805.19306902934,19214.31624134094,1164.6563193552643,489,mvo_factor_neutral,0
2023-05-03,-7053.769618114371,18828.986449357686,1324.4256826953824,488,mvo_factor_neutral,0
2023-05-04,-73219.07636912113,17860.064284346317,1415.8895799129675,488,mvo_factor_neutral,0
2023-05-05,37878.81649252096,18751.497615551365,1053.0297043602977,488,mvo_factor_neutral,0
2023-05-08,8350.12356135619,20000.000258750144,499.99999892652374,488,mvo_factor_neutral,0
2023-05-09,19918.212870182404,19743.46556130344,-8.844284785516125,488,mvo_factor_neutral,0
2023-05-10,24224.200085521592,19168.492710590046,-97.30351047530993,488,mvo_factor_neutral,0
2023-05-11,10691.255071292962,19201.925781055554,615.5090080009998,488,mvo_factor_neutral,0
2023-05-12,15372.034711802035,18935.389430861487,175.26072818141202,488,mvo_factor_neutral,0
2023-05-15,2730.121635042619,20000.000384719893,499.9999985116232,488,mvo_factor_neutral,0
2023-05-16,7512.364773523513,19697.180318231603,516.1874452933456,488,mvo_factor_neutral,0
2023-05-17,-23133.121345409127,19544.00306073968,968.0592260719488,488,mvo_factor_neutral,0
2023-05-18,30937.345190514447,19854.217749399228,-94.08906810734597,488,mvo_factor_neutral,0
2023-05-19,-29197.995855267796,19548.25911972227,-871.2696657788582,488,mvo_factor_neutral,0
2023-05-22,16497.914023779507,20000.00032680963,500.00000004545734,488,mvo_factor_neutral,0
2023-05-23,11635.106762799896,19970.3282300212,1952.2899679475902,488,mvo_factor_neutral,0
2023-05-24,7614.613842826485,20253.206501782384,1805.9379414504801,488,mvo_factor_neutral,0
2023-05-25,-17122.095910550663,20003.36988355543,1781.6385767650415,488,mvo_factor_neutral,0
2023-05-26,21518.592218811515,18648.511936071918,1288.4918774500045,488,mvo_factor_neutral,0
2023-05-30,860.3054005813611,20000.000109353958,499.9999999469663,488,mvo_factor_neutral,0
2023-05-31,-9150.851713076807,19438.297305889184,523.9873873854152,487,mvo_factor_neutral,0
2023-06-01,29486.96706751904,19143.66783631399,207.34681284816506,487,mvo_factor_neutral,0
2023-06-02,-10908.366798366178,18840.107714287355,-163.023549605434,487,mvo_factor_neutral,0
2023-06-05,40348.000979111566,20000.00013165148,499.9999995348129,488,mvo_factor_neutral,0
2023-06-06,-16139.325595130998,19825.369134606277,193.63399490257802,488,mvo_factor_neutral,0
2023-06-07,-1598.3946136815523,19403.114432970444,-71.59212304996367,488,mvo_factor_neutral,0
2023-06-08,16234.265824807624,19177.632725616753,57.40104397670576,488,mvo_factor_neutral,0
2023-06-09,-14464.578272943932,18974.695898861053,-143.07368804006322,488,mvo_factor_neutral,0
2023-06-12,13201.38765998429,20000.000114107952,499.9999997875614,488,mvo_factor_neutral,0
2023-06-13,6934.534037984562,20087.897812379677,1043.726420944781,488,mvo_factor_neutral,0
2023-06-14,-11883.533082428869,20030.577699283116,1353.8631989450546,488,mvo_factor_neutral,0
2023-06-15,10741.404556638185,19431.99442037485,1097.979129434897,487,mvo_factor_neutral,0
2023-06-16,-5952.294633501372,18806.211714433623,733.2610560763486,487,mvo_factor_neutral,0
2023-06-20,35185.911082713326,19999.999391345424,499.99999857767625,487,mvo_factor_neutral,0
2023-06-21,700.2986592740618,20191.180437757306,1170.206595036288,487,mvo_factor_neutral,0
2023-06-22,-9414.990634828031,19759.05804246285,1422.6123663432963,487,mvo_factor_neutral,0
2023-06-23,1041.8508226657896,20034.149324649625,1341.504436687283,487,mvo_factor_neutral,0
2023-06-26,-9072.000035386114,19999.999999179974,499.99999930033243,487,mvo_factor_neutral,0
2023-06-27,11981.20133797782,18961.090988424796,-355.4786373311234,487,mvo_factor_neutral,0
2023-06-28,13601.387959074718,19230.951995581556,276.8856603041315,487,mvo_factor_neutral,0
2023-06-29,10026.298064654331,17927.35747991805,-19.13165834256392,487,mvo_factor_neutral,0
2023-06-30,-4034.826184642652,16884.92550393157,-374.3066720835421,487,mvo_factor_neutral,0
2023-07-03,14394.119548156974,19999.999901509975,500.0000007230247,499,mvo_factor_neutral,0
2023-07-05,1573.6137813827238,18693.26348628824,1298.6626089896668,498,mvo_factor_neutral,0
2023-07-06,-12032.418640040913,18480.954926201342,1211.0899527564736,498,mvo_factor_neutral,0
2023-07-07,-680.5180191718122,19170.041348421546,762.5767123223919,498,mvo_factor_neutral,0
2023-07-10,13060.810367915068,19999.999929354944,499.9999988994964,500,mvo_factor_neutral,0
2023-07-11,2703.1155869705062,19476.569069640114,580.9939876473059,500,mvo_factor_neutral,0
2023-07-12,8727.520297339004,19092.4858687018,546.6239255301904,500,mvo_factor_neutral,0
2023-07-13,-9759.586920615937,18573.990409106504,485.7363496576753,500,mvo_factor_neutral,0
2023-07-14,5946.596780233154,18573.405054974606,651.8498361112771,500,mvo_factor_neutral,0
2023-07-17,-3261.0069740935865,20000.000250334266,499.99999948123644,500,mvo_factor_neutral,0
2023-07-18,-5438.727923387659,19123.199244918367,609.4026241264096,500,mvo_factor_neutral,0
2023-07-19,-23485.445264229475,18667.93300404446,875.967690335291,500,mvo_factor_neutral,0
2023-07-20,11417.583986558844,18590.958995394773,163.77147052520655,500,mvo_factor_neutral,0
2023-07-21,18292.96079466369,18370.60543362585,594.7413946512019,500,mvo_factor_neutral,0
2023-07-24,-3061.2353357030033,19999.999967811462,499.9999998765357,500,mvo_factor_neutral,0
2023-07-25,-37257.332095442616,19788.514591441242,-183.7178732260605,500,mvo_factor_neutral,0
2023-07-26,21085.627719012246,19663.14844026368,305.69514567090425,500,mvo_factor_neutral,0
2023-07-27,1927.3823620456888,19818.51850029228,-122.35185890092836,500,mvo_factor_neutral,0
2023-07-28,14324.952566930408,18077.29456750732,216.4175213537158,499,mvo_factor_neutral,0
2023-07-31,-3425.2925263496336,19999.999856400478,500.0000004787783,499,mvo_factor_neutral,0
2023-08-01,10357.949759827025,19669.760904024246,558.6710938944141,499,mvo_factor_neutral,0
2023-08-02,1403.9615616019237,19247.41776938115,665.0811207084189,499,mvo_factor_neutral,0
2023-08-03,7327.754899122363,18827.769253639963,197.38542265998566,499,mvo_factor_neutral,0
2023-08-04,7400.687786424001,18078.893279811382,-212.49477814990104,499,mvo_factor_neutral,0
2023-08-07,20993.18277531735,19999.99995662178,500.000000379238,500,mvo_factor_neutral,0
2023-08-08,7791.39876580642,19715.95903549953,641.3035063653186,500,mvo_factor_neutral,0
2023-08-09,9526.896527970299,19597.44485403035,635.8291946755791,500,mvo_factor_neutral,0
2023-08-10,1133.8540060350736,18737.800449544935,-15.435308578265026,500,mvo_factor_neutral,0
2023-08-11,-7516.564977728203,19550.15516413584,1030.437424720815,500,mvo_factor_neutral,0
2023-08-14,-3838.9054666486886,20000.00026318564,500.0000003641499,500,mvo_factor_neutral,0
2023-08-15,17330.634729871137,21776.665672083607,925.3095886421239,500,mvo_factor_neutral,0
2023-08-16,10439.509178439252,21230.91978824057,1683.1404156778099,499,mvo_factor_neutral,0
2023-08-17,1812.9819407787165,21778.43349553031,2445.328624193935,499,mvo_factor_neutral,0
2023-08-18,-1670.3677711063058,21929.46413295369,2621.9263542991553,499,mvo_factor_neutral,0
2023-08-21,6662.486836106319,20000.00009334914,500.0000000520918,500,mvo_factor_neutral,0
2023-08-22,20671.727970117896,20365.454199564527,-125.97864126787395,500,mvo_factor_neutral,0
2023-08-23,78092.58637011373,20942.50922518503,353.2379781664248,500,mvo_factor_neutral,0
2023-08-24,-22253.44986911099,18946.44030246233,-193.50421026544223,500,mvo_factor_neutral,0
2023-08-25,-3554.080659101532,19962.196463764805,-1649.209849150311,500,mvo_factor_neutral,0
2023-08-28,-405.4933257002318,19999.999827690484,500.0000004932728,500,mvo_factor_neutral,0
2023-08-29,8418.829569158259,19550.079182286318,651.0877128774861,500,mvo_factor_neutral,0
2023-08-30,1728.6620198124006,18983.42946708724,693.1939481007103,500,mvo_factor_neutral,0
2023-08-31,-12531.060987292118,18239.393859680862,1397.3009689455412,500,mvo_factor_neutral,0
2023-09-01,13056.19196511261,18197.85785500723,811.0038620228235,500,mvo_factor_neutral,0
2023-09-05,-1802.9243876596222,19999.999740375115,500.0000010802244,501,mvo_factor_neutral,0
2023-09-06,2103.326725157518,19548.126383094062,298.4044023588086,501,mvo_factor_neutral,0
2023-09-07,-6141.377439666627,19181.510435330532,208.49307852027476,501,mvo_factor_neutral,0
2023-09-08,6616.231497109434,18728.31955414379,44.24658114633293,501,mvo_factor_neutral,0
2023-09-11,-8380.929899848785,19999.999540103054,500.0000000411963,501,mvo_factor_neutral,0
2023-09-12,-20696.7453633005,19200.178640560494,324.99007988472925,501,mvo_factor_neutral,0
2023-09-13,-3126.994352019005,18970.611490853524,440.57702013272217,501,mvo_factor_neutral,0
2023-09-14,13998.173632185784,18689.288001045843,419.3931408449914,501,mvo_factor_neutral,0
2023-09-15,-21593.567436562364,18198.607829427005,413.68123400535785,501,mvo_factor_neutral,0
2023-09-18,21518.199709389202,19999.999824490948,500.0000001889526,501,mvo_factor_neutral,0
2023-09-19,9476.270720117087,20392.134264319127,832.8207779595793,501,mvo_factor_neutral,0
2023-09-20,747.9715819626115,19594.215846699502,882.8235459878695,501,mvo_factor_neutral,0
2023-09-21,-27318.64633969009,19615.70546934799,-32.83409764225538,501,mvo_factor_neutral,0
2023-09-22,28902.96447897718,19156.64430853604,-1227.1556718005024,501,mvo_factor_neutral,0
2023-09-25,-8221.267158440856,19999.999664011397,-71.34449821105032,501,mvo_factor_neutral,0
2023-09-26,-7693.941676466929,23022.792442327875,-2775.8809729468817,501,mvo_factor_neutral,0
2023-09-27,13565.693565402069,23230.344521112693,-3163.2134459091603,501,mvo_factor_neutral,0
2023-09-28,12234.245740954055,23240.532583068503,-3146.54464193826,501,mvo_factor_neutral,0
2023-09-29,10387.512673368517,22723.462740487503,-3465.776561801366,501,mvo_factor_neutral,0
2023-10-02,-15939.971121335482,19999.999787094337,-499.9999984498505,501,mvo_factor_neutral,0
2023-10-03,-7838.830208022039,19300.977295116114,-423.5462480732281,501,mvo_factor_neutral,0
2023-10-04,5809.185294464365,18962.31384359246,-450.3068818909927,501,mvo_factor_neutral,0
2023-10-05,-214.89230270219167,18977.3831403048,-680.0591872166174,501,mvo_factor_neutral,0
2023-10-06,-10743.497036906288,18590.504295526018,-453.6044944769204,501,mvo_factor_neutral,0
2023-10-09,11936.782910579974,20000.000359346042,-499.99999797549407,500,mvo_factor_neutral,0
2023-10-10,1022.6003173125474,19976.30202485553,-767.5886588574401,500,mvo_factor_neutral,0
2023-10-11,-10673.371949795503,19629.353028721347,-1102.2897638979707,500,mvo_factor_neutral,0
2023-10-12,-20348.35840486205,18933.14117260962,-691.348859425581,500,mvo_factor_neutral,0
2023-10-13,-13486.220724328126,18999.55052902524,-1104.2061651411318,500,mvo_factor_neutral,0
2023-10-16,16266.560756560484,20000.000446695136,-499.99999924376567,501,mvo_factor_neutral,0
2023-10-17,-15433.188295516748,19457.993191635396,-683.6374230038774,501,mvo_factor_neutral,0
2023-10-18,-10465.298293760527,19045.817684035264,-236.68793089033,501,mvo_factor_neutral,0
2023-10-19,22689.645897438175,18767.454504355595,85.73216906103842,501,mvo_factor_neutral,0
2023-10-20,-1120.4953895588042,17770.748967361993,-508.10779527346915,501,mvo_factor_neutral,0
2023-10-23,-9330.102276206593,19999.99916675528,-500.00000234830276,500,mvo_factor_neutral,0
2023-10-24,4709.136159401567,20149.376346149136,-1061.1800035562321,500,mvo_factor_neutral,0
2023-10-25,-6897.670212508563,20817.75230008892,-1532.5021466043147,500,mvo_factor_neutral,0
2023-10-26,-17860.988476815608,20356.047816951483,-1510.9855958606843,500,mvo_factor_neutral,0
2023-10-27,26841.19199796474,20548.95552944173,-1240.3298987990702,500,mvo_factor_neutral,0
2023-10-30,14544.955122398176,20000.000832874677,-500.0000005872167,500,mvo_factor_neutral,0
2023-10-31,9938.215507726489,19612.352266976195,-473.33306037823905,500,mvo_factor_neutral,0
2023-11-01,6139.637012264247,18611.261259866715,-591.4087680624473,500,mvo_factor_neutral,0
2023-11-02,-9550.351632108473,18272.991258327555,-579.5624384605592,500,mvo_factor_neutral,0
2023-11-03,4327.273545010635,17845.643490609524,-1241.0919923215508,500,mvo_factor_neutral,0
2023-11-06,7789.760624529424,20000.000665167947,499.99999687015037,501,mvo_factor_neutral,0
2023-11-07,12786.782239897302,20360.62209221871,1054.5860424763111,501,mvo_factor_neutral,0
2023-11-08,-17902.88689671453,19722.48931566831,805.1611975105872,500,mvo_factor_neutral,0
2023-11-09,5276.916159805163,20269.297253637607,1072.367088330101,500,mvo_factor_neutral,0
2023-11-10,2067.481669419498,18948.938690513067,-122.88823389887233,500,mvo_factor_neutral,0
2023-11-13,-4775.127918243905,20000.00019619366,499.9999991370228,501,mvo_factor_neutral,0
2023-11-14,-8219.038913403703,19816.467229078233,1090.9114159388598,501,mvo_factor_neutral,0
2023-11-15,14056.466769379273,20332.579550415747,1503.730158425478,501,mvo_factor_neutral,0
2023-11-16,14216.531101352048,20034.243711260613,1467.7609413412051,501,mvo_factor_neutral,0
2023-11-17,-33854.98326815772,18431.103691432898,455.8093350886666,501,mvo_factor_neutral,0
2023-11-20,51211.57437440664,20000.00024430642,499.9999997647149,502,mvo_factor_neutral,0
2023-11-21,-6766.418077733717,19467.43206831709,654.2211447969121,502,mvo_factor_neutral,0
2023-11-22,34319.8408212811,17162.749211458326,1043.9505699340616,502,mvo_factor_neutral,0
2023-11-24,-31209.99775685013,19694.11819386216,2917.5437297458793,501,mvo_factor_neutral,0
2023-11-27,4259.373465795522,20000.00002623441,500.00000014725623,501,mvo_factor_neutral,0
2023-11-28,501.80502696772237,19925.04580904328,530.9338355231398,501,mvo_factor_neutral,0
2023-11-29,18856.66755027518,19513.10545227341,441.31699599797605,501,mvo_factor_neutral,0
2023-11-30,-577.4049721256673,19043.923615134732,455.43764564792366,501,mvo_factor_neutral,0
2023-12-01,-18144.29596034861,17966.08445086056,700.714959423859,501,mvo_factor_neutral,0
2023-12-04,183.07061931071274,19999.999868353865,499.9999963014107,502,mvo_factor_neutral,0
2023-12-05,12712.986880536317,20904.028872681156,1391.4463917899986,502,mvo_factor_neutral,0
2023-12-06,596.8842637474309,19288.065051954723,901.7000001798976,502,mvo_factor_neutral,0
2023-12-07,11234.27863496876,20249.84956185577,1786.1351250752596,502,mvo_factor_neutral,0
2023-12-08,-4171.083526931364,20569.565722222702,1384.4788594490813,502,mvo_factor_neutral,0
2023-12-11,-2601.920478039649,19999.999634184973,420.4482056540456,502,mvo_factor_neutral,0
2023-12-12,692.9023587912585,19227.91255845008,-377.7324783849365,502,mvo_factor_neutral,0
2023-12-13,-26614.104365952975,18558.672400261312,-1559.9182128784414,502,mvo_factor_neutral,0
2023-12-14,4217.710336660537,19973.501091062793,-2379.3077256414817,502,mvo_factor_neutral,0
2023-12-15,-4829.954349062844,20571.990833188796,-2042.1738196376862,501,mvo_factor_neutral,0
2023-12-18,13575.910359041996,20000.000178248487,499.9999978343364,501,mvo_factor_neutral,0
2023-12-19,-9005.656362767995,20615.063478669126,-203.0438726793861,501,mvo_factor_neutral,0
2023-12-20,35191.36488491234,23316.528981125015,574.5588092196335,501,mvo_factor_neutral,0
2023-12-21,6023.144956175576,22322.183962740863,1700.5851097099,501,mvo_factor_neutral,0
2023-12-22,-3607.0083569063354,21265.44626229482,1488.5102081039731,501,mvo_factor_neutral,0
2023-12-26,6055.398798427109,20000.00002060935,-499.99846541858665,502,mvo_factor_neutral,0
2023-12-27,46827.3167068292,19605.886926447085,330.10065246195734,501,mvo_factor_neutral,0
2023-12-28,20526.4832458288,18475.99353357486,827.3911890120295,501,mvo_factor_neutral,0
2023-12-29,-11034.819284689862,18689.972115849716,758.1747928009498,501,mvo_factor_neutral,0
2024-01-02,7314.626782651538,19999.99927671012,-499.99999685393755,503,mvo_factor_neutral,0
2024-01-03,-12887.934213449158,19659.819609588478,-742.4787191602597,503,mvo_factor_neutral,0
2024-01-04,7982.927539682021,19091.422745523425,-379.68722154323416,503,mvo_factor_neutral,0
2024-01-05,11476.863431207343,18810.066124484503,-363.42108347440785,503,mvo_factor_neutral,0
2024-01-08,-8552.482586304843,19999.999162788954,-361.27235045635786,503,mvo_factor_neutral,0
2024-01-09,6387.7968242471325,16860.18371083893,1911.5866518333262,503,mvo_factor_neutral,0
2024-01-10,372.74654000348346,16436.88672270984,2127.1809545146425,492,mvo_factor_neutral,0
2024-01-11,-8318.346217413511,15820.500901778616,2086.8077453704814,492,mvo_factor_neutral,0
2024-01-12,-5395.995025652846,15795.760738985337,1924.4841314766854,492,mvo_factor_neutral,0
2024-01-16,-3100.6703217830177,19999.99986965934,499.9999996172273,492,mvo_factor_neutral,0
2024-01-17,5627.637525946644,19444.273944456334,905.7793375155172,492,mvo_factor_neutral,0
2024-01-18,-4708.504798150412,18955.695624350894,593.8820287416946,492,mvo_factor_neutral,0
2024-01-19,-11606.319550156037,18418.266685603274,240.00583324357018,492,mvo_factor_neutral,0
2024-01-22,9222.69422495693,19999.999624493303,499.99998800417654,493,mvo_factor_neutral,0
2024-01-23,-5011.827022185933,20821.114019903896,340.54829046153293,493,mvo_factor_neutral,0
2024-01-24,-5289.357295752047,20230.504075268975,-144.07317530485776,493,mvo_factor_neutral,0
2024-01-25,35219.933808678325,21552.417192605702,992.2053604535324,493,mvo_factor_neutral,0
2024-01-26,-23935.49675567215,19892.802456681908,-173.3330825678399,493,mvo_factor_neutral,0
2024-01-29,10883.865377435364,20000.000017326947,24.50357445573131,493,mvo_factor_neutral,0
2024-01-30,-513.3836583796132,19539.635551862873,345.0879342468836,493,mvo_factor_neutral,0
2024-01-31,-2682.877498585968,19038.99886477514,227.86403435047703,493,mvo_factor_neutral,0
2024-02-01,-14466.648332138993,19048.351562127154,132.46391160994574,493,mvo_factor_neutral,0
2024-02-02,15381.34915407943,18690.889157538244,209.06789090409808,493,mvo_factor_neutral,0
2024-02-05,-8269.263667390633,19999.999758814047,-28.367605073266905,493,mvo_factor_neutral,0
2024-02-06,78021.59695101863,23960.751965943935,4682.42690169399,493,mvo_factor_neutral,0
2024-02-07,131930.11806565005,26721.807799750044,7982.427862950502,493,mvo_factor_neutral,0
2024-02-08,-6387.806578452626,24707.752124822986,5296.46988012364,493,mvo_factor_neutral,0
2024-02-09,-92325.06664045465,24028.209727773705,5407.796934661815,492,mvo_factor_neutral,0
2024-02-12,-30344.0216229572,20000.000046748963,499.9999921697553,492,mvo_factor_neutral,0
2024-02-13,31761.347550476225,19162.244853204298,694.110506168947,492,mvo_factor_neutral,0
2024-02-14,9293.382322386473,18375.80778229513,669.1390742490609,492,mvo_factor_neutral,0
2024-02-15,-9067.236610661706,18347.055364491538,942.2597369180835,492,mvo_factor_neutral,0
2024-02-16,17393.582047063515,17787.050333999432,798.4072653710998,492,mvo_factor_neutral,0
2024-02-20,-8876.08219595225,19999.99942186937,499.9999812869464,492,mvo_factor_neutral,0
2024-02-21,7637.694524325343,19215.830155543088,471.9840915212506,492,mvo_factor_neutral,0
2024-02-22,-21428.399455495997,19084.774101483283,1450.4429764746378,492,mvo_factor_neutral,0
2024-02-23,36296.974643441106,18768.42664535973,2079.135388288847,492,mvo_factor_neutral,0
2024-02-26,-13018.490021332538,19999.998999657255,499.9999938978364,491,mvo_factor_neutral,0
2024-02-27,7159.764303155805,19320.911738910658,790.5560505931388,491,mvo_factor_neutral,0
2024-02-28,9556.245719906792,19468.53154933989,319.35087433115274,491,mvo_factor_neutral,0
2024-02-29,-13632.60344576111,18579.32788825118,640.3754771758367,491,mvo_factor_neutral,0
2024-03-01,12994.074256296843,18199.670499604716,824.1398632815649,491,mvo_factor_neutral,0
2024-03-04,-17900.76663657955,20000.000287618648,499.99992818913745,492,mvo_factor_neutral,0
2024-03-05,23322.804964729654,21795.643276953455,1365.8824386836336,492,mvo_factor_neutral,0
2024-03-06,-11008.782288564564,20769.830046572424,542.1638675648742,492,mvo_factor_neutral,0
2024-03-07,7749.840364550193,20149.50511462983,732.0337347578501,492,mvo_factor_neutral,0
2024-03-08,13425.83701547812,20001.94778507022,926.3926218245671,492,mvo_factor_neutral,0
2024-03-11,-1423.083524144451,20000.000146869053,-499.9999992459711,492,mvo_factor_neutral,0
2024-03-12,2336.338365815807,19991.214155044414,-49.448371631571256,491,mvo_factor_neutral,0
2024-03-13,25557.70326907961,19540.940476319018,94.5719174375608,491,mvo_factor_neutral,0
2024-03-14,-11485.42083264627,19943.33159214862,-338.47805559729363,491,mvo_factor_neutral,0
2024-03-15,-496.21386573322116,18433.860266948577,366.36988681095096,491,mvo_factor_neutral,0
2024-03-18,-13622.797974393528,19999.99904783961,-499.9999997112644,492,mvo_factor_neutral,0
2024-03-19,-14545.311131982511,22136.72866447486,-1903.795197308152,492,mvo_factor_neutral,0
2024-03-20,-18825.539672240375,20801.915512252504,-1857.0857755379047,492,mvo_factor_neutral,0
2024-03-21,32380.290606491213,21040.012504257535,-2750.3636117808924,492,mvo_factor_neutral,0
2024-03-22,-15223.906544326897,21719.735298695883,-3117.4287715745095,492,mvo_factor_neutral,0
2024-03-25,-9684.132326579993,19999.999789634072,-499.99999740137423,492,mvo_factor_neutral,0
2024-03-26,30768.376233794017,20742.481153259687,195.40722921151834,492,mvo_factor_neutral,0
2024-03-27,6747.472756578858,18529.66146405787,760.0728746496403,492,mvo_factor_neutral,0
2024-03-28,-17615.78109661978,28199.912941110582,13145.284239038185,492,mvo_factor_neutral,0
2024-04-01,6769.086952508662,19999.99812919566,-499.9999946641369,492,mvo_factor_neutral,0
2024-04-02,-20602.36457620592,19294.592633998785,-248.64829613173947,491,mvo_factor_neutral,0
2024-04-03,37619.47178819006,18789.538791945088,-315.3883207311565,490,mvo_factor_neutral,0
2024-04-04,-12573.484410137695,18374.85591456724,-463.77393560423826,490,mvo_factor_neutral,0
2024-04-05,20412.92569452703,17765.945805139138,-218.13571931822725,490,mvo_factor_neutral,0
2024-04-08,-17735.43426296016,20000.00057298371,-500.000000166321,491,mvo_factor_neutral,0
2024-04-09,7514.430381568385,19745.361697827117,-782.9474027472484,491,mvo_factor_neutral,0
2024-04-10,-14921.989971488829,18491.707691706782,-431.64416749942905,491,mvo_factor_neutral,0
2024-04-11,88306.75137831712,18064.667957097703,-448.088395539106,491,mvo_factor_neutral,0
2024-04-12,-3959.916961029426,16979.435815955385,-310.7513001055437,491,mvo_factor_neutral,0
2024-04-15,-6439.767707036165,19999.99910259332,-500.00000148041937,491,mvo_factor_neutral,0
2024-04-16,-16031.060377738906,20025.466944928226,-1460.891715634958,491,mvo_factor_neutral,0
2024-04-17,-28477.607602986318,21865.957163056915,-1229.8379198376288,491,mvo_factor_neutral,0
2024-04-18,4555.901897555654,22091.605048382124,-1345.6306500803057,491,mvo_factor_neutral,0
2024-04-19,-3073.561091105942,21600.826957727902,-1639.7755495550161,491,mvo_factor_neutral,0
2024-04-22,27222.362248875095,20000.00050601822,-499.9999890492231,492,mvo_factor_neutral,0
2024-04-23,-13217.229535706705,19157.12266810556,-1101.2945759246595,492,mvo_factor_neutral,0
2024-04-24,18192.89526418379,19406.19276873703,-784.7581471345671,492,mvo_factor_neutral,0
2024-04-25,3419.8480932072134,18904.11202653166,-1450.809591961072,492,mvo_factor_neutral,0
2024-04-26,-21804.75826597857,18099.763820831144,-637.7046173563159,492,mvo_factor_neutral,0
2024-04-29,-35579.96258028602,20000.00012961333,499.9999696431516,492,mvo_factor_neutral,0
2024-04-30,52701.147869471104,19730.556095136533,757.2771188539514,492,mvo_factor_neutral,0
2024-05-01,633.3838406877776,19280.842057113325,612.1686775679453,492,mvo_factor_neutral,0
2024-05-02,-3929.604991605902,19137.056868394437,733.2084592559471,492,mvo_factor_neutral,0
2024-05-03,25341.504520358973,18616.366633611426,662.5086505366835,492,mvo_factor_neutral,0
2024-05-06,-2382.313069969325,20000.000203310752,499.999997469301,492,mvo_factor_neutral,0
2024-05-07,-2325.675220891135,19826.113720269004,-452.5453375610314,492,mvo_factor_neutral,0
2024-05-08,9946.30112770722,18832.410654752748,200.16094976169046,492,mvo_factor_neutral,0
2024-05-09,6078.568636405286,18452.77787407168,206.3236241627926,492,mvo_factor_neutral,0
2024-05-10,-25713.164554803698,18063.526039949564,-465.0868556628278,492,mvo_factor_neutral,0
2024-05-13,1738.8973024148158,20000.00006429643,499.99999944651336,491,mvo_factor_neutral,0
2024-05-14,-49004.46165478566,19660.32274849927,405.6626103350393,491,mvo_factor_neutral,0
2024-05-15,107342.52264897805,21418.013043334395,3131.473431238091,491,mvo_factor_neutral,0
2024-05-16,-50123.81495580551,19402.43640147048,2281.9833745336337,491,mvo_factor_neutral,0
2024-05-17,44254.70725908462,18998.71842648826,3060.04711681552,491,mvo_factor_neutral,0
2024-05-20,9069.22150564405,20000.000395786818,499.9999998561649,491,mvo_factor_neutral,0
2024-05-21,-1605.7591263006098,20602.36007210381,1720.5976623827212,491,mvo_factor_neutral,0
2024-05-22,51769.313606039665,20363.45213475351,2319.781394955163,491,mvo_factor_neutral,0
2024-05-23,28225.602480046604,21946.986025568283,3681.949948191118,491,mvo_factor_neutral,0
2024-05-24,-47802.34939332328,22479.215085609478,-1689.5090026431042,491,mvo_factor_neutral,0
2024-05-28,37830.06925068259,20000.00000031151,499.9999991413137,491,mvo_factor_neutral,0
2024-05-29,9948.30118744145,21498.84606953493,2353.1005704056474,491,mvo_factor_neutral,0
2024-05-30,-24491.29467807027,20242.775357025534,907.2280543525361,491,mvo_factor_neutral,0
2024-05-31,29025.72398869509,19346.118150742725,1063.097129823622,491,mvo_factor_neutral,0
2024-06-03,23825.532843639234,19999.99988379224,499.9999990069914,491,mvo_factor_neutral,0
2024-06-04,16016.08609349961,19436.287754922447,798.9256803525441,489,mvo_factor_neutral,0
2024-06-05,-488.3106475614016,19143.53940762833,604.0094748153896,489,mvo_factor_neutral,0
2024-06-06,14308.233165391981,18626.155257494327,708.5555111488197,489,mvo_factor_neutral,0
2024-06-07,-22990.952293587045,18440.14989070104,154.47065190569205,489,mvo_factor_neutral,0
2024-06-10,2981.119144313304,20000.00000504053,499.99999934804214,491,mvo_factor_neutral,0
2024-06-11,-4923.767032983108,19115.18136940934,94.87103801208195,491,mvo_factor_neutral,0
2024-06-12,27009.46297338831,19086.33735519294,755.2072278798419,491,mvo_factor_neutral,0
2024-06-13,-20327.817014515782,19535.383974530094,-983.6604995816942,491,mvo_factor_neutral,0
2024-06-14,4241.263525990911,19714.785040056453,-699.6755243598935,491,mvo_factor_neutral,0
2024-06-17,-1071.347781372575,19999.999803191247,-41.80996227703759,491,mvo_factor_neutral,0
2024-06-18,24024.603100234934,19688.106595313995,784.4868366453818,491,mvo_factor_neutral,0
2024-06-20,-34692.23015501202,19242.843900957974,286.0202667411252,491,mvo_factor_neutral,0
2024-06-21,24765.19338590468,19334.324173382905,1013.5899064001765,491,mvo_factor_neutral,0
2024-06-24,30008.1226797398,20000.000025336587,499.9999962774885,491,mvo_factor_neutral,0
2024-06-25,-3783.732861839699,19681.44927937742,393.89221686996143,491,mvo_factor_neutral,0
2024-06-26,-2627.2841759792423,19003.295272629963,466.1294145755776,491,mvo_factor_neutral,0
2024-06-27,-13755.703497662087,18730.032264309,544.4931942370961,491,mvo_factor_neutral,0
2024-06-28,-1023.2143172462132,17733.901812554923,111.91096879231551,491,mvo_factor_neutral,0
2024-07-01,36201.9249956932,19999.999895487963,-499.99999875707,503,mvo_factor_neutral,0
2024-07-02,-5442.287506891632,21365.712827298237,-3337.522394113178,501,mvo_factor_neutral,0
2024-07-03,8412.459379072669,21083.336598819085,-2943.338358595004,501,mvo_factor_neutral,0
2024-07-05,13805.674989031693,20154.66913007788,-3124.992181454839,501,mvo_factor_neutral,0
2024-07-08,-15579.776194521572,19999.999700746746,-499.99999889558813,502,mvo_factor_neutral,0
2024-07-09,-1090.5737318408553,22276.68717108956,-2521.0937097540855,502,mvo_factor_neutral,0
2024-07-10,5460.339845866034,22576.539920523464,-1771.1853030830293,502,mvo_factor_neutral,0
2024-07-11,14775.652408566226,21639.02475450389,-2218.467102641085,502,mvo_factor_neutral,0
2024-07-12,-4821.5448161241975,20766.706240111096,-2751.7120397668627,502,mvo_factor_neutral,0
2024-07-15,726.7282802770987,19999.999616785917,-499.9999986060443,502,mvo_factor_neutral,0
2024-07-16,39054.910641614675,24548.745203841878,4018.738356802238,502,mvo_factor_neutral,0
2024-07-17,-14594.948559907845,23761.93999403053,4678.750905781969,502,mvo_factor_neutral,0
2024-07-18,-2214.8708777740453,23770.356467163685,4349.442396072304,502,mvo_factor_neutral,0
2024-07-19,-2699.07571157026,22723.802490783648,3478.0040001662856,502,mvo_factor_neutral,0
2024-07-22,-11499.922721604942,20000.00024096285,-499.9999994545131,502,mvo_factor_neutral,0
2024-07-23,-1559.4475613619206,19222.644110300473,-1318.1639757333226,502,mvo_factor_neutral,0
2024-07-24,21395.48013856368,18415.657994658468,-447.2560392566636,502,mvo_factor_neutral,0
2024-07-25,33705.0074954158,17941.55607064181,-15.789900027532791,502,mvo_factor_neutral,0
2024-07-26,-37499.715391607075,17314.01953971481,-1850.0044912678063,502,mvo_factor_neutral,0
2024-07-29,17949.94173751778,20000.00001958097,-499.9999984206039,503,mvo_factor_neutral,0
2024-07-30,-23741.543814403274,18833.965255253133,-35.524634177931944,502,mvo_factor_neutral,0
2024-07-31,-3572.4967563608598,18622.160526137577,101.89557324094233,502,mvo_factor_neutral,0
2024-08-01,15815.694211297408,17933.125091886683,-355.796817332558,502,mvo_factor_neutral,0
2024-08-02,-7741.349963429888,17834.05025711181,-1085.4548111062966,502,mvo_factor_neutral,0
2024-08-05,-3430.641697018444,20000.00010079023,-500.0000001501549,504,mvo_factor_neutral,0
2024-08-06,27808.419373205732,19166.270766950445,-67.04475150188478,503,mvo_factor_neutral,0
2024-08-07,-8975.915100918479,18504.142490621558,52.66968868913364,503,mvo_factor_neutral,0
2024-08-08,25845.22548453508,18528.6279696788,149.50592272019335,503,mvo_factor_neutral,0
2024-08-09,-12057.066665502898,18054.028632857946,347.6525315996322,503,mvo_factor_neutral,0
2024-08-12,2288.085610774475,20000.00013859921,-499.9999935591716,504,mvo_factor_neutral,0
2024-08-13,-49474.61435040436,21122.170112577558,-1877.0190047853066,504,mvo_factor_neutral,0
2024-08-14,-90634.42449614998,20271.301184042168,-2081.4679255720503,504,mvo_factor_neutral,0
2024-08-15,109354.50848604437,19680.92855351142,-623.7639917823418,504,mvo_factor_neutral,0
2024-08-16,-102890.67885778836,21039.84814843411,-2859.0856980632466,504,mvo_factor_neutral,0
2024-08-19,65603.59186052268,20000.00000235467,499.9999998668332,504,mvo_factor_neutral,0
2024-08-20,-41417.29791476853,21633.442045910408,737.8661159255141,504,mvo_factor_neutral,0
2024-08-21,61874.123425595484,22070.101757956098,3115.458171555767,504,mvo_factor_neutral,0
2024-08-22,752.1820726174446,22237.510710218172,2964.7757194181195,504,mvo_factor_neutral,0
2024-08-23,-3151.6219685693914,21703.93106831202,564.0430055670231,504,mvo_factor_neutral,0
2024-08-26,-13157.370918690262,20000.000062716827,499.99999954966535,504,mvo_factor_neutral,0
2024-08-27,10306.892012807903,20071.16671686681,772.726177030441,504,mvo_factor_neutral,0
2024-08-28,7806.378379452826,19130.361595679897,211.48389832000228,504,mvo_factor_neutral,0
2024-08-29,-14615.711723059587,18822.644929090373,-309.35314710883176,504,mvo_factor_neutral,0
2024-08-30,55370.16655104481,17228.589521968548,934.0009912657116,504,mvo_factor_neutral,0
2024-09-03,-43786.430144346734,20000.000034330216,-499.99999975527055,504,mvo_factor_neutral,0
2024-09-04,2803.6140773019333,23663.919209139163,-4306.933068138675,503,mvo_factor_neutral,0
2024-09-05,-1788.381449858973,22745.000570598324,-3706.6445286258368,502,mvo_factor_neutral,0
2024-09-06,-37474.86016281651,22796.878257743938,-3640.3813106893886,502,mvo_factor_neutral,0
2024-09-09,74036.74212999351,19999.999940972328,-499.9999993338846,503,mvo_factor_neutral,0
2024-09-10,11997.959360710305,18912.84160983992,-734.2510797680118,503,mvo_factor_neutral,0
2024-09-11,2659.5816029688863,18845.904950270964,-755.5244356450941,503,mvo_factor_neutral,0
2024-09-12,-11546.811624805146,19205.217065654957,-136.26563343778326,503,mvo_factor_neutral,0
2024-09-13,4045.3379932172443,18858.081471459544,-452.3762493419071,503,mvo_factor_neutral,0
2024-09-16,-1636.6639780172766,19999.999740277704,-499.99999777706194,505,mvo_factor_neutral,0
2024-09-17,11006.811851955243,20111.323250253234,-334.51071926496195,505,mvo_factor_neutral,0
2024-09-18,-15057.771556704954,19591.88609767283,-385.6746981395947,505,mvo_factor_neutral,0
2024-09-19,11476.542966778445,18511.671016247576,-468.6111980914923,505,mvo_factor_neutral,0
2024-09-20,-26915.78632277006,18261.557394322568,-1086.1410270606793,505,mvo_factor_neutral,0
2024-09-23,22156.823212263902,20000.00008810917,-499.9999961967965,505,mvo_factor_neutral,0
2024-09-24,-9787.848782870562,19725.498925584063,-193.5867355131392,505,mvo_factor_neutral,0
2024-09-25,-1240.1923697009954,19835.67605598941,-1315.7151113067473,505,mvo_factor_neutral,0
2024-09-26,-2673.0436706975715,19253.68625993989,-1392.066096406719,505,mvo_factor_neutral,0
2024-09-27,1317.9738415215686,19128.338670489367,-1389.5745405651212,505,mvo_factor_neutral,0
2024-09-30,-1959.5901807627974,19999.99998444465,-499.9999998012992,507,mvo_factor_neutral,0
2024-10-01,15660.579590432622,19214.6573732177,321.4962605207012,505,mvo_factor_neutral,0
2024-10-02,3250.248111276345,18861.64205930383,385.6885184531167,505,mvo_factor_neutral,0
2024-10-03,8401.173037243792,18123.632488896976,509.59057433824154,505,mvo_factor_neutral,0
2024-10-04,-9595.056021560333,18112.51034106284,427.092390688984,505,mvo_factor_neutral,0
2024-10-07,11677.982792478213,19999.999821859717,-499.99999952629565,505,mvo_factor_neutral,0
2024-10-08,-2384.352855596628,19972.395264751172,-411.4065353150798,505,mvo_factor_neutral,0
2024-10-09,27370.7969680184,19090.809134277108,-170.29409626314316,505,mvo_factor_neutral,0
2024-10-10,-28189.048721719486,18862.93088823096,-954.1623282808813,505,mvo_factor_neutral,0
2024-10-11,18903.121112209177,18548.29483737385,-867.7807546377152,505,mvo_factor_neutral,0
2024-10-14,2154.8720365463123,19999.99992457713,-499.9999993682222,506,mvo_factor_neutral,0
2024-10-15,-386.36564064780333,20610.492967639806,-1088.078657000334,506,mvo_factor_neutral,0
2024-10-16,2251.082010677997,19884.766279248972,-256.4935970846128,506,mvo_factor_neutral,0
2024-10-17,-6901.2720307409745,19499.050215970357,-959.7395584973528,506,mvo_factor_neutral,0
2024-10-18,-20962.763897408367,20612.80686657751,-1339.5295486721423,506,mvo_factor_neutral,0
2024-10-21,-386.65514931258895,19999.99963312148,-499.9999591200309,506,mvo_factor_neutral,0
2024-10-22,24625.45139218478,21085.86641700357,86.3318938623357,506,mvo_factor_neutral,0
2024-10-23,6083.327297569579,21053.593213892545,989.681461191573,506,mvo_factor_neutral,0
2024-10-24,-5456.720150044468,19302.568280118972,353.8057248094399,506,mvo_factor_neutral,0
2024-10-25,3199.7377595200155,19387.721322696383,148.3229962861679,506,mvo_factor_neutral,0
2024-10-28,6035.210417962573,19999.99957441072,-499.9999985925793,506,mvo_factor_neutral,0
2024-10-29,1607.8884204068954,19538.050269400563,-531.9141037724269,505,mvo_factor_neutral,0
2024-10-30,8398.370854259745,19285.85736676617,-507.5471329701239,505,mvo_factor_neutral,0
2024-10-31,-2648.8616913311753,19019.957622469447,-499.0428288439873,505,mvo_factor_neutral,0
2024-11-01,13765.180740268437,18486.67608081745,-411.2396007126425,505,mvo_factor_neutral,0
2024-11-04,-8328.720982179602,20000.000197340483,-499.99999908840306,506,mvo_factor_neutral,0
2024-11-05,2698.343540766919,19388.109917283276,-1076.2250634234774,506,mvo_factor_neutral,0
2024-11-06,11074.263227894331,18057.694161793836,-745.3554412164999,506,mvo_factor_neutral,0
2024-11-07,-21229.991130590843,18015.979647981312,-414.63764595013106,506,mvo_factor_neutral,0
2024-11-08,-7911.8898110887285,17161.5757879621,-969.994567747142,506,mvo_factor_neutral,0
2024-11-11,-6864.922397086639,20000.000122651883,499.9999990179075,506,mvo_factor_neutral,0
2024-11-12,12668.501550317413,18952.38888107957,-231.98769292662078,506,mvo_factor_neutral,0
2024-11-13,15820.884231188324,17990.146316343154,-649.1662157900579,506,mvo_factor_neutral,0
2024-11-14,-13682.735773640841,17915.817178501806,-256.8924944084803,506,mvo_factor_neutral,0
2024-11-15,-12022.868982798671,18621.341312182914,-10.39566747372908,506,mvo_factor_neutral,0
2024-11-18,-220.95088750654978,19999.999904082342,499.99999473929086,507,mvo_factor_neutral,0
2024-11-19,11208.560227858196,19281.615939273273,1207.4494600704809,507,mvo_factor_neutral,0
2024-11-20,-32724.89427091279,21368.632042192192,2765.728006990659,507,mvo_factor_neutral,0
2024-11-21,31344.802801436585,21671.913842152222,192.60991680999732,507,mvo_factor_neutral,0
2024-11-22,12052.935480733973,21698.125560158456,637.8744621049191,507,mvo_factor_neutral,0
2024-11-25,-17198.172670922937,20000.000164334655,499.9999975723781,507,mvo_factor_neutral,0
2024-11-26,71823.99857577836,20647.34421798675,1804.6797995149761,507,mvo_factor_neutral,0
2024-11-27,-52588.734624314355,19959.627376267417,1451.4756376069631,507,mvo_factor_neutral,0
2024-11-29,40271.8946909344,19360.203636037575,1604.1064332739213,507,mvo_factor_neutral,0
2024-12-02,-44309.94327561394,19999.999936871638,-417.62105153546037,507,mvo_factor_neutral,0
2024-12-03,-8496.625621429028,20310.231477810146,-937.9665426266007,505,mvo_factor_neutral,0
2024-12-04,8603.273412100873,19825.88614047358,-663.0866026249663,505,mvo_factor_neutral,0
2024-12-05,2880.2879315192486,19411.629503888107,-895.7766432655045,505,mvo_factor_neutral,0
2024-12-06,-42078.18030095822,19569.583176155204,-1541.0534720049532,505,mvo_factor_neutral,0
2024-12-09,55460.906631447724,20000.00008718686,-450.60492993182646,505,mvo_factor_neutral,0
2024-12-10,-5730.029129892107,19165.966947849298,-259.35081268984817,505,mvo_factor_neutral,0
2024-12-11,-11767.211762371739,18759.156836310194,-397.53374221895666,505,mvo_factor_neutral,0
2024-12-12,17628.50042780747,18390.50881112709,-7.770919134894179,505,mvo_factor_neutral,0
2024-12-13,-13287.066593628351,17561.36662750489,-143.11091916851922,505,mvo_factor_neutral,0
2024-12-16,10047.357210693533,20000.000012287124,-499.9999991255709,506,mvo_factor_neutral,0
2024-12-17,4609.195924186759,19119.261890594964,-655.0977767642094,506,mvo_factor_neutral,0
2024-12-18,24382.896842327023,19898.898771100732,-3406.6599141761917,506,mvo_factor_neutral,0
2024-12-19,-20152.22852352002,19754.11821701676,-3222.9888021030333,506,mvo_factor_neutral,0
2024-12-20,64506.07900142622,20469.887439329395,-2929.6063505761567,506,mvo_factor_neutral,0
2024-12-23,-28047.884150595655,20000.0000897342,-499.9999985409391,506,mvo_factor_neutral,0
2024-12-24,36200.94662021048,20115.83515823797,1023.7537583227241,506,mvo_factor_neutral,0
2024-12-26,-21976.955568884827,18349.04037408613,86.59394498167337,506,mvo_factor_neutral,0
2024-12-27,1493.4806963613994,17890.192238156353,-426.1655107189851,505,mvo_factor_neutral,0
2024-12-30,20155.386861818726,20000.0000781702,-499.99999920842646,505,mvo_factor_neutral,0
2024-12-31,19802.100925383747,20045.21362888778,-226.0630690398235,505,mvo_factor_neutral,0
2025-01-02,-923.8081277997022,19668.530223571277,-164.56792535143808,505,mvo_factor_neutral,0
2025-01-03,22008.979850481526,19245.487953967913,-257.0091644043674,505,mvo_factor_neutral,0
2025-01-06,1452.1159508304538,20000.00018837346,-499.99999967943614,505,mvo_factor_neutral,0
2025-01-07,-4664.463422523024,19866.88086989105,-507.8686590953422,505,mvo_factor_neutral,0
2025-01-08,13855.16578955667,19735.451070135878,-409.0868972170676,505,mvo_factor_neutral,0
2025-01-10,-4191.57532073886,18569.03213937164,-1308.18836816002,505,mvo_factor_neutral,0
2025-01-13,16874.32148795629,19999.99992133912,-500.00000021266857,493,mvo_factor_neutral,0
2025-01-14,8561.94775033903,20137.720684358723,-424.4336995917536,493,mvo_factor_neutral,0
2025-01-15,29555.881533965065,18889.536388568034,-481.4021202725411,493,mvo_factor_neutral,0
2025-01-16,11203.540051006665,18675.905165163855,-1299.5185883394552,493,mvo_factor_neutral,0
2025-01-17,-5614.109121941424,18111.32919918601,-1620.7330622335066,493,mvo_factor_neutral,0
2025-01-21,1970.1971450825413,19999.999770792856,-499.9999930320528,494,mvo_factor_neutral,0
2025-01-22,-7247.6615304978695,20230.075587233678,-581.2037877603858,494,mvo_factor_neutral,0
2025-01-23,12838.081237986888,21842.015116357394,1820.8647181839292,494,mvo_factor_neutral,0
2025-01-24,-14232.98771925899,21324.383261614752,1505.826240708576,494,mvo_factor_neutral,0
2025-01-27,18905.889088324326,20000.0002278043,-499.999999701738,494,mvo_factor_neutral,0
2025-01-28,1048.2141037868705,19940.459242415232,-1071.425016686483,494,mvo_factor_neutral,0
2025-01-29,6464.360324112963,19346.135759461184,-1331.0764059187095,494,mvo_factor_neutral,0
2025-01-30,4161.8038733677995,19276.298203171893,44.16487494978611,494,mvo_factor_neutral,0
2025-01-31,-2928.6779607786707,19147.23965468061,374.91434310692483,494,mvo_factor_neutral,0
2025-02-03,-7030.417778256452,20000.000084392355,-499.9999988800674,494,mvo_factor_neutral,0
2025-02-04,13045.86461311664,20022.459234520353,-514.5923197465803,494,mvo_factor_neutral,0
2025-02-05,13149.615505653699,19670.079508480856,-472.17171539573036,494,mvo_factor_neutral,0
2025-02-06,-19654.78262874185,19275.851486943928,-265.34611982303477,494,mvo_factor_neutral,0
2025-02-07,-4995.691517244519,19281.895405114832,-411.63978688538623,494,mvo_factor_neutral,0
2025-02-10,-5242.3497550515995,19999.99982893811,-499.99999808380613,494,mvo_factor_neutral,0
2025-02-11,13763.412114361336,19382.234708285272,-288.3140255515762,494,mvo_factor_neutral,0
2025-02-12,-3666.9377302122243,19154.42115241508,-261.7398945207974,494,mvo_factor_neutral,0
2025-02-13,5033.320419826786,18905.973991262163,-170.11973512806267,494,mvo_factor_neutral,0
2025-02-14,9767.201080697036,18498.672249196294,-25.813155838303626,494,mvo_factor_neutral,0
2025-02-18,-24432.215225504915,19999.999486327844,-499.9999931082398,494,mvo_factor_neutral,0
2025-02-19,-50352.10376341808,19085.847409872957,66.42715358170479,494,mvo_factor_neutral,0
2025-02-20,-2802.1769944090292,19317.74168095524,595.5949046549365,494,mvo_factor_neutral,0
2025-02-21,14825.70973898161,19552.843183430272,296.1510088032314,494,mvo_factor_neutral,0
2025-02-24,2107.3318249261883,20000.00022189874,-499.99999876508343,494,mvo_factor_neutral,0
2025-02-25,-3570.4631927045443,19190.895515831246,-988.3315580674313,494,mvo_factor_neutral,0
2025-02-26,10854.17045399019,19295.849587926437,-1093.9982592425235,494,mvo_factor_neutral,0
2025-02-27,-3700.664798027509,18391.335089538192,-421.5932918956936,494,mvo_factor_neutral,0
2025-02-28,-768.8918153417246,17408.69749290418,-619.6101320370377,494,mvo_factor_neutral,0
2025-03-03,-1624.2809463785295,19999.99878886766,-499.99999950221155,494,mvo_factor_neutral,0
2025-03-04,7281.252988546639,20986.76630509194,541.4957382065396,494,mvo_factor_neutral,0
2025-03-05,-5801.487010513662,20774.324656770816,243.380827618151,494,mvo_factor_neutral,0
2025-03-06,-19884.298634528837,19872.8430828815,-285.6408194116081,494,mvo_factor_neutral,0
2025-03-07,24713.606027268124,19418.775767323303,-416.9779044444406,494,mvo_factor_neutral,0
2025-03-10,1328.347168058944,20000.000096848602,-499.99999997148814,494,mvo_factor_neutral,0
2025-03-11,32406.198139656815,21343.84509144586,958.2425426762458,494,mvo_factor_neutral,0
2025-03-12,-30714.791769335818,20239.106768179892,128.72206521863583,494,mvo_factor_neutral,0
2025-03-13,1210.1770219693915,18574.162856104736,-1098.6361026558714,494,mvo_factor_neutral,0
2025-03-14,11085.14799271081,19530.283221686692,-8.894267653729333,494,mvo_factor_neutral,0
2025-03-17,-1571.6293875652138,19999.999847894094,-499.9999994454543,494,mvo_factor_neutral,0
2025-03-18,18126.885139374008,20678.09039696515,630.3675757584444,494,mvo_factor_neutral,0
2025-03-19,8930.881863022276,19395.93211338748,-117.48826978760307,494,mvo_factor_neutral,0
2025-03-20,-11111.520554965384,18901.069174983473,-541.6641161538018,494,mvo_factor_neutral,0
2025-03-21,13334.370953940655,18955.726066574112,-179.2059632296277,494,mvo_factor_neutral,0
2025-03-24,-10751.601774387898,20000.000157308885,-499.9999973540823,495,mvo_factor_neutral,0
2025-03-25,23645.6881312259,22063.77858704278,-84.3959820410697,495,mvo_factor_neutral,0
2025-03-26,3466.9103290710405,20271.77220655888,-461.16955854080544,495,mvo_factor_neutral,0
2025-03-27,20960.038337785074,20530.05494002461,-366.95939738365155,495,mvo_factor_neutral,0
2025-03-28,-22711.781511641915,41163.563776553834,5387.644350653306,495,mvo_factor_neutral,0
2025-03-31,-35598.271133945615,20000.00008081699,-499.99999983232783,495,mvo_factor_neutral,0
2025-04-01,24740.24062525873,19671.065362000743,-559.3420487325719,495,mvo_factor_neutral,0
2025-04-02,3394.3401807588884,19509.972905143786,-577.8901751506525,495,mvo_factor_neutral,0
2025-04-03,-35754.381330658696,17846.617999504087,-426.4603072119104,495,mvo_factor_neutral,0
2025-04-04,-935.9192105930138,17752.73849613603,-396.02129948910715,495,mvo_factor_neutral,0
2025-04-07,-12498.847456659825,20000.000207415353,-500.0000000319431,495,mvo_factor_neutral,0
2025-04-08,-17525.317450247592,19220.95884905859,-415.2256763648209,495,mvo_factor_neutral,0
2025-04-09,21212.38816155244,21090.95829600427,-624.7120329992919,495,mvo_factor_neutral,0
2025-04-10,-35044.77722141507,20422.74884111033,-857.4725442112721,495,mvo_factor_neutral,0
2025-04-11,3038.511146591997,20641.42510816669,-670.5953555751768,495,mvo_factor_neutral,0
2025-04-14,8110.571174919108,20000.000204168577,-499.99999968299164,495,mvo_factor_neutral,0
2025-04-15,-2147.4345495358602,19476.01053937587,-154.25080410794172,495,mvo_factor_neutral,0
2025-04-16,-5659.961514369712,19537.09125802936,191.13688423906302,495,mvo_factor_neutral,0
2025-04-17,16815.36290653206,19163.829978541635,1.0172557206021107,495,mvo_factor_neutral,0
2025-04-21,-4291.651732229448,20000.000124729402,-499.9999996271614,495,mvo_factor_neutral,0
2025-04-22,22136.03622753077,20380.170586749715,-646.9483833952802,495,mvo_factor_neutral,0
2025-04-23,16043.531078512957,19974.205280661667,-539.2422065179687,495,mvo_factor_neutral,0
2025-04-24,-13663.356870850614,19289.306235070013,110.4475065638211,495,mvo_factor_neutral,0
2025-04-25,-102.80344925057231,19417.36112555826,866.4836295571889,495,mvo_factor_neutral,0
2025-04-28,-3077.9863645566666,19999.999789276855,-499.9999972783222,495,mvo_factor_neutral,0
2025-04-29,3424.9525176012166,19611.676254995768,-519.3174651315052,495,mvo_factor_neutral,0
2025-04-30,4673.937675672816,18662.837562525638,-1040.2871613691748,495,mvo_factor_neutral,0
2025-05-01,15213.746729457553,18732.985657135578,-805.3811486310855,495,mvo_factor_neutral,0
2025-05-02,-4878.760612493571,17739.873134717625,-1162.415010646534,495,mvo_factor_neutral,0
2025-05-05,2780.764853603653,19999.99849462357,-499.99998992525406,495,mvo_factor_neutral,0
2025-05-06,-3788.2358411802666,19930.093768046907,-360.8252880993875,495,mvo_factor_neutral,0
2025-05-07,1022.2162167333014,19289.42067431655,-559.4226035835518,495,mvo_factor_neutral,0
2025-05-08,11641.031034338273,18362.31842441856,-427.3715117880745,495,mvo_factor_neutral,0
2025-05-09,8257.279737603565,18222.935071224998,-384.53438355752496,495,mvo_factor_neutral,0
2025-05-12,-4798.419555934357,19999.999853798272,499.9999984042004,495,mvo_factor_neutral,0
2025-05-13,59967.66513735836,21107.036621838164,1925.597998880964,495,mvo_factor_neutral,0
2025-05-14,-16992.90998842345,24093.783487583787,4232.963330743684,495,mvo_factor_neutral,0
2025-05-15,26899.058230620514,23692.59974687134,4182.747957520283,495,mvo_factor_neutral,0
2025-05-16,-10894.889678125874,23818.453084790282,3674.4022716040745,495,mvo_factor_neutral,0
2025-05-19,-5176.912249410282,19999.999702247,499.99999875674484,495,mvo_factor_neutral,0
2025-05-20,-310.69440451243906,20262.339411978726,445.9514317246515,495,mvo_factor_neutral,0
2025-05-21,-7584.92104133261,22136.9613352094,2152.5010114549736,495,mvo_factor_neutral,0
2025-05-22,14102.514823549522,21316.512691386684,2037.6542032249622,495,mvo_factor_neutral,0
2025-05-23,-12069.170445907506,21137.543214914258,2433.9774335077323,495,mvo_factor_neutral,0
2025-05-27,8613.624847929295,20000.000278313582,-499.9999924669827,495,mvo_factor_neutral,0
2025-05-28,13451.081986458703,19767.14770408483,154.85290083013012,494,mvo_factor_neutral,0
2025-05-29,-5917.351765637363,18385.81063616011,-851.1190044443043,494,mvo_factor_neutral,0
2025-05-30,13162.371138643653,19235.267299609975,132.24527980994097,494,mvo_factor_neutral,0
2025-06-02,24066.764225635456,19999.999731900272,-433.68360972422545,494,mvo_factor_neutral,0
2025-06-03,20349.03044295408,19785.280045667532,-336.87867781755,493,mvo_factor_neutral,0
2025-06-04,-11433.925069137978,19374.853319555146,-378.6294335497146,493,mvo_factor_neutral,0
2025-06-05,9280.149338309746,20060.49646442584,-1451.763772978181,493,mvo_factor_neutral,0
2025-06-06,-5655.561585387202,19743.07464805511,-1603.945004478601,493,mvo_factor_neutral,0
2025-06-09,12436.291129057518,19999.99923198682,-499.9999842049616,494,mvo_factor_neutral,0
2025-06-10,-11877.936431887132,19544.56161881425,-476.4793745808685,494,mvo_factor_neutral,0
2025-06-11,11611.102607174009,20097.40950081996,193.86805256025778,494,mvo_factor_neutral,0
2025-06-12,-2211.1630897578084,20200.76866680083,310.04007728432003,494,mvo_factor_neutral,0
2025-06-13,4260.2215539643585,19890.83549788276,535.3576017506979,494,mvo_factor_neutral,0
2025-06-16,4106.985467598755,19999.999863665696,-499.99999796611644,494,mvo_factor_neutral,0
2025-06-17,-11265.886080796343,19476.653059024506,-576.729196371659,494,mvo_factor_neutral,0
2025-06-18,11796.288506608344,19500.905715805242,-542.6510914124789,494,mvo_factor_neutral,0
2025-06-20,6605.56036103099,18461.090134783553,-358.15836320111964,494,mvo_factor_neutral,0
2025-06-23,1235.9545493824676,20000.000133094796,-499.99999912127083,494,mvo_factor_neutral,0
2025-06-24,-271.40827748139793,20344.103426684687,34.92065332699242,494,mvo_factor_neutral,0
2025-06-25,-9683.450392863811,21341.237106387067,619.3515979515706,494,mvo_factor_neutral,0
2025-06-26,-27935.192713913922,20631.372540274362,82.13087495540515,494,mvo_factor_neutral,0
2025-06-27,25317.85037537026,20636.045550657796,984.0226622527824,494,mvo_factor_neutral,0
2025-06-30,-10696.46944794185,20000.000011911707,-241.61066217228577,509,mvo_factor_neutral,0
2018-07-09,0.0,20000.0,0.0,92,quantile,1
2018-07-10,-1051.0772526276908,19379.549294651333,-196.19953755420184,92,quantile,1
2018-07-11,-4397.498422568349,19265.091831620804,-191.3443378127646,92,quantile,1
2018-07-12,12838.763626028967,18858.088639590227,-252.9896363786949,92,quantile,1
2018-07-13,-945.077683525622,18449.88911801174,-123.9907397272811,92,quantile,1
2018-07-16,-3750.0647160437943,20000.0,-1.7053025658242404e-13,92,quantile,1
2018-07-17,2508.435962261304,19187.15572710143,94.31266466044721,92,quantile,1
2018-07-18,-3815.8449596331375,18497.977062863065,42.92719659395257,92,quantile,1
2018-07-19,4019.8463893187,17873.884938845134,-281.93635033870476,92,quantile,1
2018-07-20,6493.149866099214,17453.509932655656,-428.7710189193459,92,quantile,1
2018-07-23,-4647.358857687264,20000.0,2.842170943040401e-14,92,quantile,1
2018-07-24,1828.6016679514216,19096.513194407158,-214.92837703730882,92,quantile,1
2018-07-25,-12807.330250967947,17043.345654219574,-1030.13759225152,92,quantile,1
2018-07-26,-1373.5663799628628,16519.223827819023,-1068.1297044559055,92,quantile,1
2018-07-27,7574.032058239627,16192.959334266103,-702.2562824814194,92,quantile,1
2018-07-30,-27216.662259216922,20000.0,2.842170943040401e-14,92,quantile,1
2018-07-31,4293.989232740929,19549.761293133404,-57.71289052048337,92,quantile,1
2018-08-01,-6748.44513995263,19227.188953239187,135.51798817586948,92,quantile,1
2018-08-02,-775.9830806009428,18720.076369423732,191.84491405068178,92,quantile,1
2018-08-03,-3812.0474810056403,18011.85802224026,496.7550637387776,92,quantile,1
2018-08-06,5117.037712697884,20000.0,2.842170943040401e-14,94,quantile,1
2018-08-07,-17291.299005313824,19471.98305801571,-92.70880869347295,94,quantile,1
2018-08-08,14328.769854475835,19086.835026929715,214.6991365640931,94,quantile,1
2018-08-09,-3601.280323402705,18090.858627374866,-85.14655082251193,94,quantile,1
2018-08-10,-12015.170345080893,18770.353333554845,922.7562217236485,94,quantile,1
2018-08-13,-15438.857003175382,20000.0,-1.4210854715202004e-13,92,quantile,1
2018-08-14,22716.497078889606,19241.2371039909,362.0214371187682,92,quantile,1
2018-08-15,-16660.976131315427,19063.39141875223,354.4197798343604,92,quantile,1
2018-08-16,3995.5433346470936,18355.726069178527,287.3341965937939,92,quantile,1
2018-08-17,-3249.480690725486,17494.14642147942,-85.96083055117387,92,quantile,1
2018-08-20,28701.971946643716,20000.0,-2.2737367544323206e-13,92,quantile,1
2018-08-21,6447.615657434974,19777.34969447113,196.49375937064633,92,quantile,1
2018-08-22,-459.4290517060963,18851.355466586087,241.40457776666977,92,quantile,1
2018-08-23,-3243.9217984040934,19641.476636300467,2636.6405345051917,92,quantile,1
2018-08-24,5261.171900230577,19043.233593438657,1942.0605693795187,92,quantile,1
2018-08-27,-1356.0619532693981,20000.0,2.2737367544323206e-13,94,quantile,1
2018-08-28,3472.6236645766303,18697.435822272382,-164.03808148070829,94,quantile,1
2018-08-29,-773.4293627294321,17835.949760701966,190.88089226464197,94,quantile,1
2018-08-30,-13049.00776344668,17298.08637365149,361.3174975617425,94,quantile,1
2018-08-31,8894.805597453313,16447.905051290807,676.1742374801316,94,quantile,1
2018-09-04,-5369.220600851927,20000.0,5.684341886080802e-14,92,quantile,1
2018-09-05,-3324.6422697632997,19920.49801421053,-324.72860175990456,92,quantile,1
2018-09-06,-4890.058761744506,19433.71689065765,-100.90970477340423,92,quantile,1
2018-09-07,-1885.5948580939616,19047.421202047386,-176.69315523456874,92,quantile,1
2018-09-10,-11.492239334107083,20000.0,2.5579538487363607e-13,94,quantile,1
2018-09-11,-841.2894245296397,19697.09630253499,-126.1086879439053,94,quantile,1
2018-09-12,2531.6001004849686,19262.926489581805,-298.05026766470826,94,quantile,1
2018-09-13,922.7126779328388,18696.05653758529,-581.4828796510468,94,quantile,1
2018-09-14,3089.0786348508864,18185.002633208238,-446.8144044514778,94,quantile,1
2018-09-17,-2768.437861258464,20000.0,1.1368683772161603e-13,94,quantile,1
2018-09-18,-12852.820315295612,19501.783404876976,136.00554249421862,94,quantile,1
2018-09-19,15032.225788089685,19489.12052319752,-261.4446925445194,94,quantile,1
2018-09-20,-9465.38681129005,18734.902747301912,-301.70055407394597,94,quantile,1
2018-09-21,28767.9504571929,18317.914383920346,60.857637795632655,94,quantile,1
2018-09-24,-8662.958736625988,20000.0,-5.684341886080802e-14,92,quantile,1
2018-09-25,-12620.338381983454,20024.734091828857,-190.85658763098323,92,quantile,1
2018-09-26,6284.05026910533,19645.91079701633,31.117545227399546,92,quantile,1
2018-09-27,6681.126277853001,18322.45539162634,-106.63509828857369,92,quantile,1
2018-09-28,-2424.379564075819,17626.54939677028,376.2191014611344,92,quantile,1
2018-10-01,4498.857293262647,20000.0,-8.526512829121202e-14,94,quantile,1
2018-10-02,4770.795953767946,19667.72689594372,185.47788014596168,94,quantile,1
2018-10-03,1192.163681301927,19374.05318150461,389.0754391316689,94,quantile,1
2018-10-04,2346.593222229081,18898.617937843424,174.92662497545624,94,quantile,1
2018-10-05,-10093.500329655919,18405.869412827225,353.30793833033897,94,quantile,1
2018-10-08,-515.5053786778712,20000.0,1.1368683772161603e-13,94,quantile,1
2018-10-09,-3252.176639893448,19701.90377546393,738.0163038462902,94,quantile,1
2018-10-10,3988.161022146153,18819.56189580904,612.2382481996761,94,quantile,1
2018-10-11,19615.637796244337,18179.437345112485,-217.1174281510938,94,quantile,1
2018-10-12,-1927.478848152852,18665.233686861255,-439.5140467314273,94,quantile,1
2018-10-15,-3191.294518286221,20000.0,-5.684341886080802e-14,94,quantile,1
2018-10-16,11174.477971410222,21237.491233223966,-238.5327068571577,94,quantile,1
2018-10-17,-9217.251193083152,21139.80674812938,-961.3938069792616,94,quantile,1
2018-10-18,-15921.189214069986,20069.028291548246,-474.06068450660604,94,quantile,1
2018-10-19,11897.984461791675,20153.67293666068,-663.6679458465634,94,quantile,1
2018-10-22,-3300.801763203307,20000.0,-1.7053025658242404e-13,94,quantile,1
2018-10-23,2014.197121413191,22720.841623204367,-722.3219614380318,94,quantile,1
2018-10-24,413.9575683158703,22347.96306933234,-2081.450803104862,94,quantile,1
2018-10-25,-308.32294798087025,24281.99761362943,-2201.2697500210684,94,quantile,1
2018-10-26,7470.722211427914,24842.6377782911,-3602.981146878883,94,quantile,1
2018-10-29,-27087.470718035984,20000.0,-5.684341886080802e-14,96,quantile,1
2018-10-30,2030.567056721264,19551.167363208595,-435.89310473558515,96,quantile,1
2018-10-31,4974.001184855443,18979.513335398497,-319.36743289516136,96,quantile,1
2018-11-01,-2947.2387309023716,18096.035568716525,-116.55284445162275,96,quantile,1
2018-11-02,-2977.453165670412,17737.617638481006,-112.06853790298453,96,quantile,1
2018-11-05,944.3545990395908,20000.0,-8.526512829121202e-14,94,quantile,1
2018-11-06,8750.896509449918,19226.02199438409,115.78729697001353,94,quantile,1
2018-11-07,2787.788227297524,17592.494066425654,-122.14644637891163,94,quantile,1
2018-11-08,3628.11462622766,17652.362723291426,-35.54524926996925,94,quantile,1
2018-11-09,11031.192230436676,18286.23123288546,327.4553234880221,94,quantile,1
2018-11-12,-3377.101960362047,20000.0,-1.4210854715202004e-13,94,quantile,1
2018-11-13,-33837.74436396304,20290.106118083906,-55.55724276445068,94,quantile,1
2018-11-14,-9927.339684740586,20432.29235322413,186.53461008697934,94,quantile,1
2018-11-15,-8814.857795962755,19512.18170320725,-355.82278069080667,94,quantile,1
2018-11-16,-1733.546721424629,19074.615822065465,-946.6342037145782,94,quantile,1
2018-11-19,-15073.648542113315,20000.0,-2.842170943040401e-14,94,quantile,1
2018-11-20,3268.4424959647454,20755.156697310376,920.1004158919095,94,quantile,1
2018-11-21,24532.6012862848,20469.834149989372,995.9730549444959,94,quantile,1
2018-11-23,-1018.3314044370229,19717.61144120356,854.5916187771443,94,quantile,1
2018-11-26,3721.7981230556393,20000.0,5.684341886080802e-14,94,quantile,1
2018-11-27,-5346.503367200189,19005.713644001826,-77.45545213065418,94,quantile,1
2018-11-28,-1202.3628645451054,19629.450204410627,365.81147637425295,94,quantile,1
2018-11-29,8972.174167789111,19387.68554113443,821.8619080895078,94,quantile,1
2018-11-30,-4425.804511859853,18905.48709674634,190.30430295952053,94,quantile,1
2018-12-03,7895.513348304253,20000.0,0.0,94,quantile,1
2018-12-04,-17552.420004701973,19138.497672221794,275.03202800694885,94,quantile,1
2018-12-06,181.03771308388613,18381.986268043012,250.17763213824585,94,quantile,1
2018-12-07,-354.7180765397394,17539.67395703597,440.5523548912753,94,quantile,1
2018-12-10,9356.314569679977,20000.0,-8.526512829121202e-14,94,quantile,1
2018-12-11,-16141.651633526062,19780.74535749204,-114.19026145043944,94,quantile,1
2018-12-12,31144.646333399756,19781.240433953077,-373.84109242138663,94,quantile,1
2018-12-13,-6039.542508449511,19026.383591266775,-537.3109930657683,94,quantile,1
2018-12-14,-2292.268111753614,18835.572327348185,-654.8173901698882,94,quantile,1
2018-12-17,18292.711340789858,20000.0,-2.842170943040401e-14,94,quantile,1
2018-12-18,-10493.440343606511,20054.706624378545,-252.7339939858586,94,quantile,1
2018-12-19,-5858.789323170485,19714.353474271393,-212.32449381213289,94,quantile,1
2018-12-20,21498.64587346706,19376.62678035421,-327.4945302569088,94,quantile,1
2018-12-21,16120.37090775416,19632.103016037614,-1644.1833126358251,94,quantile,1
2018-12-24,-6833.875057995093,20000.0,-2.842170943040401e-14,94,quantile,1
2018-12-26,22256.267484714812,24620.674314433618,1588.141034262689,94,quantile,1
2018-12-27,8295.033026178551,24755.60104409536,1364.693619141535,94,quantile,1
2018-12-28,-24013.098457059903,23480.619184977382,1034.7255194065574,94,quantile,1
2018-12-31,10995.633248464099,20000.0,-5.684341886080802e-14,96,quantile,1
2019-01-02,7605.1722817002965,19376.6323662756,102.63319355474553,96,quantile,1
2019-01-03,8731.300406258277,19132.95156979367,-5.838778330042743,96,quantile,1
2019-01-04,-6671.830450204856,19069.027152653252,-77.21923402737852,96,quantile,1
2019-01-07,9415.249259826855,20000.0,-2.842170943040401e-14,96,quantile,1
2019-01-08,6790.728880594029,19363.38802165574,-167.07203266383578,96,quantile,1
2019-01-09,-2534.518145330008,18946.964743676006,219.9319363044721,96,quantile,1
2019-01-10,4197.007739190432,18235.00967028689,140.93712126689977,96,quantile,1
2019-01-11,-6483.617782711129,17701.295802450957,-1.9262984576138251,96,quantile,1
2019-01-14,3251.6549762399663,20000.0,-5.684341886080802e-14,94,quantile,1
2019-01-15,-1138.5786682739588,19086.12992202568,-624.8423616159178,94,quantile,1
2019-01-16,2187.913104016655,18927.287411567733,-397.70828371665175,94,quantile,1
2019-01-17,21187.100969290866,19894.28353062413,2110.723625604969,94,quantile,1
2019-01-18,-24916.0123766406,19230.371446600606,558.2545156353223,94,quantile,1
2019-01-22,4531.961324624515,20000.0,2.2737367544323206e-13,92,quantile,1
2019-01-23,-28893.064285227192,18982.56805471389,-523.3221168373792,92,quantile,1
2019-01-24,13852.637361894876,18300.574930752016,58.0670539866411,92,quantile,1
2019-01-25,-11763.769614526685,18180.487522514293,-980.1810187347794,92,quantile,1
2019-01-28,11046.121134374986,20000.0,5.684341886080802e-14,94,quantile,1
2019-01-29,-4860.7873988570755,20122.181947363115,880.4265329082009,94,quantile,1
2019-01-30,4926.80680016195,19353.815808661744,979.6995046764835,94,quantile,1
2019-01-31,4523.032933462359,19175.90778228635,796.4025908351049,94,quantile,1
2019-02-01,266.7262612725777,18871.855717876708,521.2191198353657,94,quantile,1
2019-02-04,-5344.059462105403,20000.0,1.4210854715202004e-13,94,quantile,1
2019-02-05,-3505.3165758972227,18886.418958214592,227.03433811722462,94,quantile,1
2019-02-06,-6942.884391002357,19004.448156795966,715.0932771563822,94,quantile,1
2019-02-07,-12516.173487132082,18275.824884466336,825.8418915029927,94,quantile,1
2019-02-08,-9702.209910014917,18120.43445198977,57.03334117525745,94,quantile,1
2019-02-11,901.4575088812613,20000.0,1.4210854715202004e-13,94,quantile,1
2019-02-12,-5509.0958037847895,18934.858588410458,-1171.3526625161137,94,quantile,1
2019-02-13,15127.683875416973,19020.38660409097,-867.435988087836,94,quantile,1
2019-02-14,1237.9616375379276,18830.314625326107,-93.51035691369403,94,quantile,1
2019-02-15,-13256.832939502865,17899.2360097051,-1733.0282169127631,94,quantile,1
2019-02-19,7346.5248689842965,20000.0,0.0,92,quantile,1
2019-02-20,-9520.726262607215,19480.992574692496,-874.0408090616104,92,quantile,1
2019-02-21,10019.486754744252,19916.587568383875,-305.1054654159288,92,quantile,1
2019-02-22,1569.9864641554173,18495.867211421595,-747.9620156970718,92,quantile,1
2019-02-25,321.6549999996206,20000.0,5.684341886080802e-14,94,quantile,1
2019-02-26,3712.360434977234,19618.504079228016,-50.26829222452568,94,quantile,1
2019-02-27,342.27617184365573,19157.280906835684,167.11016001511695,94,quantile,1
2019-02-28,1428.215612132235,18763.527285863176,277.34747888076953,94,quantile,1
2019-03-01,6632.365195483771,18334.317723447923,265.53279922982153,94,quantile,1
2019-03-04,667.4632022991466,20000.0,-2.842170943040401e-14,94,quantile,1
2019-03-05,-1063.1367987184942,19677.525550316514,138.6818514791689,94,quantile,1
2019-03-06,6659.470286140143,20059.947589290212,-111.70676842210486,94,quantile,1
2019-03-07,-8287.666528400665,19539.17528652411,-318.71426824172835,94,quantile,1
2019-03-08,9691.564673135268,19963.645839352448,-77.66750929871489,94,quantile,1
2019-03-11,6111.01363866574,20000.0,5.684341886080802e-14,94,quantile,1
2019-03-12,5717.426946506416,19689.250362538885,-251.7099802942922,94,quantile,1
2019-03-13,582.089998242632,19455.567607822064,-819.3639556726433,94,quantile,1
2019-03-14,4891.803472394106,18937.80513640312,-547.526511331602,94,quantile,1
2019-03-15,3426.7270021003033,18222.61249292232,-728.084989149979,94,quantile,1
2019-03-18,4485.331963794149,20000.0,0.0,92,quantile,1
2019-03-19,6362.943786174861,20893.13481130011,1517.6907612660916,92,quantile,1
2019-03-20,8527.004347725962,20429.574171407174,1443.7831379045915,92,quantile,1
2019-03-21,-2200.7877337578343,18811.741734339503,-340.24596070615394,92,quantile,1
2019-03-22,16457.042588126125,20108.32231117747,93.9097283999468,92,quantile,1
2019-03-25,494.60897643162343,20000.0,1.1368683772161603e-13,94,quantile,1
2019-03-26,-2803.531343247064,19805.381847468,-772.0759550303426,94,quantile,1
2019-03-27,-1787.7323957080573,19337.53494866354,-547.4310700209326,94,quantile,1
2019-03-28,-7662.567214132054,19042.655896221993,-584.6125380512967,94,quantile,1
2019-03-29,5320.876989865512,48056.996811106255,4175.034552750557,94,quantile,1
2019-04-01,2719.0208425834303,20000.0,8.526512829121202e-14,94,quantile,1
2019-04-02,-7348.319271534991,19637.020094779517,85.44963141885736,94,quantile,1
2019-04-03,3772.2064279508495,19103.280923609265,-30.0695222554088,94,quantile,1
2019-04-04,-888.2210136157944,18640.088685441315,32.26534232689713,94,quantile,1
2019-04-05,-7297.811493784545,18097.09729995972,-65.08261819021394,94,quantile,1
2019-04-08,2385.140558547686,20000.0,-1.7053025658242404e-13,94,quantile,1
2019-04-09,634.9223468841635,20049.675789754307,73.18653574282862,94,quantile,1
2019-04-10,2717.2883763460563,19455.883612502792,-76.97466801033377,94,quantile,1
2019-04-11,84.83625475516607,19133.01596949618,-48.06655154297843,94,quantile,1
2019-04-12,-23107.436211418935,18313.37789677873,-117.357573941114,94,quantile,1
2019-04-15,3339.9576879319625,20000.0,-8.526512829121202e-14,94,quantile,1
2019-04-16,-23644.513950972312,19222.866069801337,-250.47818472255906,94,quantile,1
2019-04-17,-6909.153218764753,18727.567349639627,-780.199704301489,94,quantile,1
2019-04-18,4081.712965284774,18131.458985040856,-703.1139977364164,94,quantile,1
2019-04-22,10543.141107093485,20000.0,2.842170943040401e-14,94,quantile,1
2019-04-23,-9802.773198618303,19849.513975077916,-1334.270314183918,94,quantile,1
2019-04-24,19077.31012960203,19486.342252787737,-1034.1889890455918,94,quantile,1
2019-04-25,4025.805530864421,19399.36323131993,-1021.2608487558426,94,quantile,1
2019-04-26,-6181.156088484911,17810.256248226273,-1951.0772935526302,94,quantile,1
2019-04-29,14597.623130769049,20000.0,-5.684341886080802e-14,94,quantile,1
2019-04-30,5192.855071072489,19648.78617187705,-46.3344909767504,94,quantile,1
2019-05-01,4123.969002782678,19239.699634723118,73.3043866450331,94,quantile,1
2019-05-02,-4069.7778146539526,18665.01802301208,343.16551491458335,94,quantile,1
2019-05-03,2942.799116391779,18486.15456994668,212.08720535567653,94,quantile,1
2019-05-06,-117.28378294355097,20000.0,1.1368683772161603e-13,94,quantile,1
2019-05-07,270.5249602350514,20193.337464971224,-78.7874849360478,94,quantile,1
2019-05-08,5082.339354324507,19741.050400641627,-277.63200235877355,94,quantile,1
2019-05-09,1043.935455783588,19199.9590993125,-435.4394107654216,94,quantile,1
2019-05-10,6521.294972628642,18523.917908121875,-171.91283164871368,94,quantile,1
2019-05-13,740.3761131311181,20000.0,0.0,94,quantile,1
2019-05-14,10478.521432226758,21687.81952956656,1715.1124966601942,94,quantile,1
2019-05-15,4048.300869165141,21049.855478068515,1526.0321394130594,94,quantile,1
2019-05-16,10520.289460177319,20318.251181662356,1270.2602137501774,94,quantile,1
2019-05-17,-1657.3894203891402,20527.034302145756,1628.2645549223823,94,quantile,1
2019-05-20,-911.2673361435769,20000.0,8.526512829121202e-14,92,quantile,1
2019-05-21,8569.430827675404,19502.88532613118,-437.9814887607961,92,quantile,1
2019-05-22,207.51242673219076,19174.793861773633,-309.5200169436954,92,quantile,1
2019-05-23,836.399064028144,19644.45804989031,-649.6481462201693,92,quantile,1
2019-05-24,10611.912571671903,18676.229406687828,-751.5194541314338,92,quantile,1
2019-05-28,2027.829331715677,20000.0,-5.684341886080802e-14,94,quantile,1
2019-05-29,-15751.058195796322,20096.794578092933,-975.9952406240252,94,quantile,1
2019-05-30,-7982.313996171487,21554.111268809793,-1287.9521273073528,94,quantile,1
2019-05-31,7859.0534364500145,21879.953162638933,-2409.735958321131,94,quantile,1
2019-06-03,12273.084501799374,19787.23404255319,212.7659574468085,93,quantile,1
2019-06-04,1815.9842239109955,19290.37960261535,-54.60903046487306,93,quantile,1
2019-06-05,1697.1376273046703,18565.339613313896,-222.8382453320895,93,quantile,1
2019-06-06,3980.1653560568984,18093.071242722817,-521.7950960300905,93,quantile,1
2019-06-07,4247.19228254917,17443.463755929166,-628.7386422163514,93,quantile,1
2019-06-10,553.5263026988889,20000.0,-2.2737367544323206e-13,92,quantile,1
2019-06-11,2071.032518240877,19633.829200741864,39.82530750404317,92,quantile,1
2019-06-12,-2660.7778051837427,19245.018768513197,88.79050287629215,92,quantile,1
2019-06-13,-724.9992141396136,18831.76644730686,-87.31986179472744,92,quantile,1
2019-06-14,196.72763720372848,18712.803489121216,213.41930254253353,92,quantile,1
2019-06-17,1725.0005690825087,19787.23404255319,212.76595744680864,93,quantile,1
2019-06-18,-4336.612947077458,18824.809340152027,-427.93150226636936,93,quantile,1
2019-06-19,7423.748937997599,17943.518856282026,-646.0445711833911,93,quantile,1
2019-06-20,2816.2410883721986,17168.606551337438,-686.1801908950976,93,quantile,1
2019-06-21,-4932.415480906285,17628.24680291659,105.11633031806039,93,quantile,1
2019-06-24,4490.814302841696,20000.0,-5.684341886080802e-14,92,quantile,1
2019-06-25,-15950.689267666861,20629.720742417358,222.92642141344382,92,quantile,1
2019-06-26,891.4170107376634,21665.75729096908,135.08022625223825,92,quantile,1
2019-06-27,-4553.419639037797,19965.85502068007,-795.1806226123402,92,quantile,1
2019-06-28,10829.011576933213,18411.78735370007,-1261.4561529995458,92,quantile,1
2019-07-01,-1776.2777611819406,20000.0,2.842170943040401e-14,94,quantile,1
2019-07-02,-778.0640737402923,19256.690733454325,98.3690984056054,94,quantile,1
2019-07-03,-2173.435378121202,18167.96315060323,155.80917042759802,94,quantile,1
2019-07-05,432.4219668247646,18301.997738231497,-123.00287020632175,94,quantile,1
2019-07-08,-2572.034739321123,20000.0,2.842170943040401e-14,94,quantile,1
2019-07-09,1579.8434484136912,20437.105114331353,552.4127457356615,94,quantile,1
2019-07-10,773.7835400573307,19663.63933813755,626.4213222084389,94,quantile,1
2019-07-11,3459.384017011223,19244.241031211986,421.33029688335915,94,quantile,1
2019-07-12,-4483.771501511573,18364.300275884903,8.098985058046765,94,quantile,1
2019-07-15,2016.21254658741,20000.0,-1.4210854715202004e-13,94,quantile,1
2019-07-16,2397.8134789830874,19721.32697561167,146.94875049677938,94,quantile,1
2019-07-17,1569.844024239594,19575.78082393699,390.03803098875176,94,quantile,1
2019-07-18,994.1235933290138,18549.75625874027,145.91853188202288,94,quantile,1
2019-07-19,5763.2339236786875,19146.188809822685,476.47227071847783,94,quantile,1
2019-07-22,17.716164166672684,20000.0,2.8421709430404007e-13,94,quantile,1
2019-07-23,-8013.744269869853,20869.460444961245,628.329884427771,94,quantile,1
2019-07-24,3115.3083722425026,21260.952957715574,100.77301624013253,94,quantile,1
2019-07-25,-4348.498650640599,20890.291377838694,831.0483380359442,94,quantile,1
2019-07-26,-2209.1265390351214,23644.589866620365,4527.704118347997,94,quantile,1
2019-07-29,555.427476368071,20000.0,0.0,94,quantile,1
2019-07-30,7532.298118029966,19514.56303835677,-23.617380960129054,94,quantile,1
2019-07-31,-740.6272353113977,19097.93747192564,-262.55766631955953,94,quantile,1
2019-08-01,3148.521605534278,18102.20379443318,-367.76299323140205,94,quantile,1
2019-08-02,170.12034508176527,17437.30854947648,-443.6039997665331,94,quantile,1
2019-08-05,-2514.752013034927,20000.0,-2.2737367544323206e-13,96,quantile,1
2019-08-06,4517.869192869367,20103.1450984494,136.50321173289035,96,quantile,1
2019-08-07,-11116.149930310388,19772.009789776548,48.74872975459644,96,quantile,1
2019-08-08,8817.750102550981,20405.428397470918,-349.8730106919587,96,quantile,1
2019-08-09,-8469.12881245597,19398.792249935814,-526.6467440365965,96,quantile,1
2019-08-12,2203.245799018714,20000.0,8.526512829121202e-14,94,quantile,1
2019-08-13,-6285.7807933558215,20308.833798696513,-476.97911436485106,94,quantile,1
2019-08-14,-7300.928876206957,20359.293170008743,368.4273468265478,94,quantile,1
2019-08-15,-33023.127109394576,19771.28821303522,195.21134762841396,94,quantile,1
2019-08-16,7668.050352551828,19545.97488739774,-86.9558059927873,94,quantile,1
2019-08-19,-11108.892147832592,20000.0,2.842170943040401e-14,94,quantile,1
2019-08-20,-3794.1134207764526,20016.87901431141,358.65160561494577,94,quantile,1
2019-08-21,-11447.568631156579,20021.17489678734,438.09254832790566,94,quantile,1
2019-08-22,-7818.497019542457,19701.76895592948,714.333080394491,94,quantile,1
2019-08-23,-3386.3007881138706,20558.513202282953,386.6091865421654,94,quantile,1
2019-08-26,3319.60961321373,20000.0,-1.4210854715202004e-13,94,quantile,1
2019-08-27,-385.19604030251367,20195.294520317384,-525.1552653775432,94,quantile,1
2019-08-28,-5148.133069762737,19638.202737694497,-660.9555812717672,94,quantile,1
2019-08-29,17377.211138673345,19003.278941998604,-1265.845226217909,94,quantile,1
2019-08-30,-6160.91282809245,18732.43115866201,-1566.11927895727,94,quantile,1
2019-09-03,-8223.420507137333,20000.0,2.842170943040401e-14,92,quantile,1
2019-09-04,4527.315034020811,19738.57414822316,7.075576024102588,90,quantile,1
2019-09-05,-5581.767779404692,19061.928830779998,302.6995713051115,90,quantile,1
2019-09-06,-3975.4775434826247,18630.18195743866,294.17324168963216,90,quantile,1
2019-09-09,-14107.880165932658,20000.0,-8.526512829121202e-14,90,quantile,1
2019-09-10,-15847.288589745565,18892.070826522282,-335.2039744039283,90,quantile,1
2019-09-11,7700.581639252259,18454.858180533498,-305.1176305234718,90,quantile,1
2019-09-12,11030.852141669735,18289.52293041392,-66.87272784668201,90,quantile,1
2019-09-13,-6766.626854409392,18683.724825507103,-414.9567689398249,90,quantile,1
2019-09-16,-35171.58801829691,20000.0,0.0,88,quantile,1
2019-09-17,8447.642867648878,21545.793364693967,-1408.7848978768916,88,quantile,1
2019-09-18,19189.96643885379,21703.508845988756,-808.3274712490762,88,quantile,1
2019-09-19,-7840.829896622986,21418.23913780084,-927.1677504079731,88,quantile,1
2019-09-20,-1983.8140399495314,21103.194238313376,-965.0670216281349,88,quantile,1
2019-09-23,11039.778709688066,20000.0,0.0,88,quantile,1
2019-09-24,-6788.4878918259565,20040.034846640854,-278.6335326062177,88,quantile,1
2019-09-25,-533.976003754901,19210.81739089903,-222.56892177432013,88,quantile,1
2019-09-26,-1700.2767359123907,19387.497439732975,280.7594978973681,88,quantile,1
2019-09-27,1497.3914722240595,18888.83428764136,731.9984445057643,88,quantile,1
2019-09-30,12820.870663020361,20000.0,2.2737367544323206e-13,90,quantile,1
2019-10-01,-5782.861828850162,19518.924340763657,355.9568224648809,90,quantile,1
2019-10-02,1752.5212277619275,19165.35070723651,273.2010323092459,90,quantile,1
2019-10-03,-875.9534834529356,19043.623772645893,89.77774535989218,90,quantile,1
2019-10-04,1164.331810566954,18815.912418869237,-172.68695407160976,90,quantile,1
2019-10-07,1989.7076831812876,20000.0,-2.5579538487363607e-13,90,quantile,1
2019-10-08,-7850.957976818253,19422.783879369483,113.18745233740009,90,quantile,1
2019-10-09,6826.180042304771,19317.77287005035,25.89535862028569,90,quantile,1
2019-10-10,-5875.127780628037,19160.789583642098,-336.740552106994,90,quantile,1
2019-10-11,1056.8095845040602,19258.889567347313,-759.4976349746926,90,quantile,1
2019-10-14,2915.981085861831,20000.0,-2.842170943040401e-14,88,quantile,1
2019-10-15,15059.922085936187,19236.515884035653,5.022432184613763,88,quantile,1
2019-10-16,-7351.580880449706,18778.23100015066,-156.6072598933316,88,quantile,1
2019-10-17,327.8107438576586,18119.75903397044,-393.1768041228472,88,quantile,1
2019-10-18,1299.3257482576626,17399.97856727902,-321.0637183085054,88,quantile,1
2019-10-21,1991.612913849849,20000.0,-1.7053025658242404e-13,90,quantile,1
2019-10-22,-5129.4782689497015,18995.075531935276,366.7835595500225,90,quantile,1
2019-10-23,-4835.066228848131,18218.812871327853,114.53944517546654,90,quantile,1
2019-10-24,-737.3249081405047,18079.36509920287,-932.5908129855577,90,quantile,1
2019-10-25,-3849.8817118702455,17898.23995344668,-1575.922409028014,90,quantile,1
2019-10-28,9340.183294635506,20000.0,-1.1368683772161603e-13,90,quantile,1
2019-10-29,4852.60319431646,19787.733420295997,-153.44153026337918,90,quantile,1
2019-10-30,3264.50148191766,19212.08522054527,-93.61361222156518,90,quantile,1
2019-10-31,321.6847138918594,18735.12046241112,213.92328549782184,90,quantile,1
2019-11-01,-908.9418935672983,18737.48734090079,-212.88432832567074,90,quantile,1
2019-11-04,-8377.643585747199,20000.0,1.1368683772161603e-13,90,quantile,1
2019-11-05,5306.417235740134,19730.68691593276,273.3082816038934,90,quantile,1
2019-11-06,-8423.512435836165,19344.9496397753,42.109512168268424,90,quantile,1
2019-11-07,2387.210935436968,18708.956695358742,1181.859282599827,90,quantile,1
2019-11-08,-5474.4819945519785,18090.817795791576,882.8487077166807,90,quantile,1
2019-11-11,-3151.6921522028647,20000.0,5.684341886080802e-14,90,quantile,1
2019-11-12,-9441.00050290166,19150.970285975898,-390.33842311161953,90,quantile,1
2019-11-13,6090.924697909934,19217.974384417994,-848.1532270305294,90,quantile,1
2019-11-14,11115.269884558447,19180.912750226897,-598.2752079892604,90,quantile,1
2019-11-15,-3084.938365837263,18021.395867675983,-762.9330538208008,90,quantile,1
2019-11-18,4731.315133634356,20000.0,8.526512829121202e-14,88,quantile,1
2019-11-19,-16239.959583044296,19841.70022227256,-683.4367448194774,88,quantile,1
2019-11-20,-9108.563753227274,20359.926670111818,-115.54650868631151,88,quantile,1
2019-11-21,6311.8539335242,20148.524984381518,134.57354125607847,88,quantile,1
2019-11-22,5700.947613316182,19196.214130175093,358.646192451623,88,quantile,1
2019-11-25,4518.314490169672,20000.0,-5.684341886080802e-14,90,quantile,1
2019-11-26,-5087.784629187753,20071.951942078802,-492.7819898824802,90,quantile,1
2019-11-27,12855.217583027965,20311.527161918915,560.8370415174134,90,quantile,1
2019-11-29,-8735.460512867307,19371.43717752965,74.54623250768338,90,quantile,1
2019-12-02,6195.389739685103,20000.0,0.0,90,quantile,1
2019-12-03,500.4047325761572,19545.7867294639,80.92580176935235,90,quantile,1
2019-12-04,-794.6914833531382,19270.703122512918,90.69684514764506,90,quantile,1
2019-12-05,9263.571823646922,18823.44193304139,25.96326229252739,90,quantile,1
2019-12-06,2663.30664943015,18362.188013097475,4.481123446893747,90,quantile,1
2019-12-09,1098.1671123490937,20000.0,1.7053025658242404e-13,90,quantile,1
2019-12-10,195.175393750787,19451.07455811682,19.0050092131483,90,quantile,1
2019-12-11,4797.696424563293,19137.165283943876,-159.7740572230692,90,quantile,1
2019-12-12,-2497.3353708885884,18263.35024377021,-461.65081644825887,90,quantile,1
2019-12-13,-487.1632447598412,17870.165684292224,-179.3576750326668,90,quantile,1
2019-12-16,-4389.680399578721,20000.0,0.0,88,quantile,1
2019-12-17,5544.959148816557,19259.037431620764,5.225232081856802,88,quantile,1
2019-12-18,-1636.9341208295084,18753.954439318706,26.89615959857565,88,quantile,1
2019-12-19,634.8026437907092,17840.255939018127,101.08500604855206,88,quantile,1
2019-12-20,-10418.953342266084,16784.165697406697,-357.67530127825444,88,quantile,1
2019-12-23,3150.1466516743058,20000.0,-3.410605131648481e-13,88,quantile,1
2019-12-24,3954.3818581587184,19736.43112439773,-69.41840550002209,88,quantile,1
2019-12-26,-4368.01691803209,18570.37398878275,-431.4941041250154,88,quantile,1
2019-12-27,13006.255481490656,18400.763385933646,-322.6186389563552,88,quantile,1
2019-12-30,1650.796133263761,20000.0,-8.526512829121202e-14,90,quantile,1
2019-12-31,2864.1478999616543,19786.376560395493,-56.32271341937826,90,quantile,1
2020-01-02,966.8359294808356,19196.82269205614,-105.08945400986045,90,quantile,1
2020-01-03,3890.7369207956262,19028.86299258269,-101.05525783776073,90,quantile,1
2020-01-06,-1191.7331008594313,20000.0,-5.684341886080802e-14,90,quantile,1
2020-01-07,76.98130573637265,19579.133553953863,-88.67563029355938,90,quantile,1
2020-01-08,638.8786859734631,19328.14338412115,-149.77456957321394,90,quantile,1
2020-01-09,-1403.295244499881,18772.507304095052,-179.44928643454622,90,quantile,1
2020-01-10,1014.6092301454925,18338.990164170864,-107.95302699254376,90,quantile,1
2020-01-13,3313.0720221442016,20000.0,1.1368683772161603e-13,90,quantile,1
2020-01-14,240.65593629240257,19835.440313594943,-101.67511782193927,90,quantile,1
2020-01-15,-1369.855470113503,19106.24568689695,-231.92708845643267,90,quantile,1
2020-01-16,8771.033583263246,17869.80867284232,-645.8525423117509,90,quantile,1
2020-01-17,-534.2978324300377,17116.568179076705,-845.8125485664696,90,quantile,1
2020-01-21,4849.542589934687,20000.0,5.684341886080802e-14,88,quantile,1
2020-01-22,-7847.157642220135,19496.186732107995,-521.7924286184686,88,quantile,1
2020-01-23,4639.212118446692,18536.07802135004,-953.6642297213141,88,quantile,1
2020-01-24,716.0196524948501,18133.22831755358,-887.5976860809453,88,quantile,1
2020-01-27,7650.1703068165825,20000.0,0.0,90,quantile,1
2020-01-28,-11651.725265019684,18559.20576188255,-864.3771431906819,90,quantile,1
2020-01-29,17340.98085177206,17548.704081907727,-124.25215363497111,90,quantile,1
2020-01-30,16182.877498489923,16310.259385911884,-156.28636469298914,90,quantile,1
2020-01-31,-7009.729081975449,16332.10620198406,-265.7204216542328,90,quantile,1
2020-02-03,9135.26492649021,20000.0,1.4210854715202004e-13,90,quantile,1
2020-02-04,7642.601553046123,19402.763462489642,19.1779436840406,90,quantile,1
2020-02-05,-1217.3379955119324,18796.242500328306,221.8667035396825,90,quantile,1
2020-02-06,2118.9356571411413,18675.941776760883,78.84657160669954,90,quantile,1
2020-02-07,663.2074110254933,18511.879904353977,45.354184018835724,90,quantile,1
2020-02-10,-4513.156394088923,20000.0,-8.526512829121202e-14,90,quantile,1
2020-02-11,-211.63183545085855,19649.44557866012,28.967810407801863,90,quantile,1
2020-02-12,2513.287510010409,19433.150613492497,-103.11102533994432,90,quantile,1
2020-02-13,8189.574390200925,19427.92725612188,297.42975662151423,90,quantile,1
2020-02-14,202.37350976052142,18579.794361704622,48.425002872046946,90,quantile,1
2020-02-18,1266.6649098749267,20000.0,8.526512829121202e-14,90,quantile,1
2020-02-19,9596.63714928041,19463.35054607605,-481.9830953152984,90,quantile,1
2020-02-20,-56.176239466848884,19742.5699298917,195.70681106307728,90,quantile,1
2020-02-21,-3088.5686568729498,20277.4213656591,522.1064761265409,90,quantile,1
2020-02-24,-8207.529871644265,20000.0,2.842170943040401e-14,90,quantile,1
2020-02-25,5475.645191659038,20400.897875969848,255.4880945845033,90,quantile,1
2020-02-26,-24474.500626011897,19438.098275625205,26.629687360363988,90,quantile,1
2020-02-27,-5220.907241234567,19425.67850616492,-1058.410157729806,90,quantile,1
2020-02-28,-6372.343401843743,21052.771261547285,198.39454147466202,90,quantile,1
2020-03-02,35304.719460717984,20000.0,5.684341886080802e-14,90,quantile,1
2020-03-03,-2446.967932712521,19011.92444897686,192.98369582920796,90,quantile,1
2020-03-04,422.9121485373186,19118.534794931307,-167.2648738577049,90,quantile,1
2020-03-05,-24645.292742268382,18807.841800059145,62.81230565102149,90,quantile,1
2020-03-06,-3897.1403805121126,18736.513923976494,-61.555576702696925,90,quantile,1
2020-03-09,-26906.99942247375,20000.0,-2.2737367544323206e-13,90,quantile,1
2020-03-10,9713.352601388035,20703.313313510727,14.841499105623285,90,quantile,1
2020-03-11,-14018.42172112133,19391.31938416859,-166.49399571040377,90,quantile,1
2020-03-12,-19675.678816469597,17901.772595894392,-61.386442118948935,90,quantile,1
2020-03-13,27751.46442985125,18356.199922271848,-72.34849095903746,90,quantile,1
2020-03-16,-23942.68377618606,19791.666666666664,-208.33333333333346,95,quantile,1
2020-03-17,-2867.2545758355673,20251.844688746318,-168.5114461399045,95,quantile,1
2020-03-18,-2878.2010618260147,19197.70872842502,-22.234959830787517,95,quantile,1
2020-03-19,-19183.746979403444,18508.63424935988,-253.92031767056045,95,quantile,1
2020-03-20,14651.138816238281,18855.89639351184,216.23892783251085,95,quantile,1
2020-03-23,11725.925628948595,20000.0,5.684341886080802e-14,94,quantile,1
2020-03-24,-54817.001509767404,21803.871486758202,-1313.7351582866881,94,quantile,1
2020-03-25,-67498.4237722555,22132.363579103458,-1876.775021266998,93,quantile,1
2020-03-26,34756.606026068876,22147.24381172186,-2196.329536094721,93,quantile,1
2020-03-27,5631.9977084229495,22232.764481467013,-1975.257260353807,93,quantile,1
2020-03-30,12918.863360123043,20000.0,-1.9895196601282805e-13,96,quantile,1
2020-03-31,16394.530257524042,20003.932139378623,44.49732195997049,96,quantile,1
2020-04-01,-18296.943920398953,18898.215326577323,348.23316174619146,96,quantile,1
2020-04-02,17078.911225466563,18663.099098819683,337.60345434115817,96,quantile,1
2020-04-03,-7728.265170601678,18298.33225385444,523.2587083773559,96,quantile,1
2020-04-06,-3253.992364718461,20000.0,1.4210854715202004e-13,94,quantile,1
2020-04-07,-2847.627079605147,20439.430926432997,100.2695533168299,93,quantile,1
2020-04-08,-38771.42176888924,21667.41414641161,-371.18270224242815,93,quantile,1
2020-04-09,-35028.04762823776,22720.904228019535,-1171.8584889986826,93,quantile,1
2020-04-13,8314.094440682644,20000.0,-8.526512829121202e-14,94,quantile,1
2020-04-14,36049.390938804965,20206.79453440127,220.0082098180084,94,quantile,1
2020-04-15,22375.971381892283,20217.84245792729,914.7909595824673,94,quantile,1
2020-04-16,3001.3153715978606,19715.281713414068,1580.4702335611746,93,quantile,1
2020-04-17,-14220.96139975937,19391.464669629095,1216.706876877458,92,quantile,1
2020-04-20,12118.78314041406,19787.23404255319,212.76595744680853,93,quantile,1
2020-04-21,8056.783567809707,19882.677621285042,1033.3221352958367,93,quantile,1
2020-04-22,40762.64462751544,18605.92499906595,410.2015132960511,93,quantile,1
2020-04-23,9584.201558420686,18847.218575690036,705.6125257747238,93,quantile,1
2020-04-24,15749.233230314056,19998.252219670685,1042.2218231676395,93,quantile,1
2020-04-27,-3968.558716893649,20000.0,-5.684341886080802e-14,94,quantile,1
2020-04-28,1066.1082720867405,20017.983535681575,-83.69422906224463,94,quantile,1
2020-04-29,-10967.427065616645,19965.186340299893,-401.20085432404517,94,quantile,1
2020-04-30,-18977.54538078534,19679.733503892265,-432.50424333068656,94,quantile,1
2020-05-01,-11211.126821941069,18982.445330507737,-225.39491586135662,94,quantile,1
2020-05-04,16409.219938451268,20000.0,-5.684341886080802e-14,94,quantile,1
2020-05-05,29714.642123596735,19699.948920686755,164.31351325789882,94,quantile,1
2020-05-06,-7466.590455671773,19181.414441021356,247.3141641373401,94,quantile,1
2020-05-07,-11604.962423235762,19261.858027182883,-179.67594213118437,94,quantile,1
2020-05-08,19406.17991693802,19118.48840161687,-318.6797331503815,94,quantile,1
2020-05-11,2954.5649300559253,20000.0,-1.1368683772161603e-13,94,quantile,1
2020-05-12,7916.826227202166,19364.83324961379,379.92452022879866,94,quantile,1
2020-05-13,-32809.05579273841,19381.711278655002,306.33253882441556,94,quantile,1
2020-05-14,-5609.1046321551985,19059.79354707386,248.51694905677806,93,quantile,1
2020-05-15,18494.633934082758,18907.921789315842,536.5227701190731,93,quantile,1
2020-05-18,-41259.22397282976,20000.0,-8.526512829121202e-14,95,quantile,1
2020-05-19,14362.525743814074,19407.067768353572,23.895581062123938,94,quantile,1
2020-05-20,10330.137427741856,19099.443660272747,-265.20407891947417,94,quantile,1
2020-05-21,-6266.233259920528,19060.46319606468,-366.38681677656336,94,quantile,1
2020-05-22,9772.7059808197,18397.459753948802,-372.1668694073252,94,quantile,1
2020-05-26,-46129.74677755131,20000.0,2.842170943040401e-14,94,quantile,1
2020-05-27,-15762.614270897942,21653.69289052405,-234.17506296350317,94,quantile,1
2020-05-28,10260.608031550317,21481.079135843665,-644.4782647338886,94,quantile,1
2020-05-29,4053.472182563527,21061.348214358775,-575.1256774603221,94,quantile,1
2020-06-01,-8317.781737033461,20000.0,8.526512829121202e-14,94,quantile,1
2020-06-02,6711.257111162257,19703.448327721744,-230.05178425471428,94,quantile,1
2020-06-03,-35900.602629963665,19620.613159059416,-804.5115492116704,94,quantile,1
2020-06-04,-47884.7574218505,19742.782047228215,-1465.529581949549,94,quantile,1
2020-06-05,-60248.77783089436,20335.952841514656,-2795.9143660923146,94,quantile,1
2020-06-08,-50819.86195784627,20000.0,8.526512829121202e-14,94,quantile,1
2020-06-09,-15341.642910916036,20274.78344510204,91.45260418763078,94,quantile,1
2020-06-10,-216.6515291151867,19788.414878115163,419.7265973250601,94,quantile,1
2020-06-11,-16461.68700925714,19099.264655164512,1019.9223206033214,94,quantile,1
2020-06-12,-36155.38577537621,18868.431844260416,886.8321747826467,93,quantile,1
2020-06-15,11888.729175667453,19787.23404255319,212.7659574468086,93,quantile,1
2020-06-16,-1503.4953942920113,19779.41993350292,292.7579916274203,93,quantile,1
2020-06-17,20897.00021896959,19301.82425469676,166.67792524272883,93,quantile,1
2020-06-18,15462.913301036931,18856.520020825108,-119.31253921608396,93,quantile,1
2020-06-19,-2642.336581073335,18207.9618038654,-104.05130053951154,93,quantile,1
2020-06-22,36894.104906151624,20000.0,2.842170943040401e-14,94,quantile,1
2020-06-23,28802.20847061887,19340.687785723043,-151.18585067411436,94,quantile,1
2020-06-24,-32452.87381833482,19057.713876689362,-525.2970011955426,94,quantile,1
2020-06-25,-1145.8706380112694,19076.27669047175,-418.12414459085664,94,quantile,1
2020-06-26,-26867.44979998694,17578.523291488684,-414.3902713304994,94,quantile,1
2020-06-29,14461.303294210904,19999.999999999996,-5.684341886080802e-14,96,quantile,1
2020-06-30,28166.986868426196,19774.794004355583,28.13980033071789,96,quantile,1
2020-07-01,-11249.687752210593,19416.344004684135,62.27874750448356,96,quantile,1
2020-07-02,-2614.057977139976,19042.147374346943,128.49330575841046,96,quantile,1
2020-07-06,5032.314387666343,19999.999999999996,-1.1368683772161603e-13,96,quantile,1
2020-07-07,3841.4578873539012,19600.34199574936,142.54733852280663,96,quantile,1
2020-07-08,-8239.240573520872,19236.540371188617,80.1139200874031,96,quantile,1
2020-07-09,-18623.84106260427,18774.20816425161,55.25307480543492,96,quantile,1
2020-07-10,5370.635775737296,18785.507088491257,-308.8019505183179,96,quantile,1
2020-07-13,-18425.76167692156,20000.0,1.4210854715202004e-13,96,quantile,1
2020-07-14,35210.41388385164,19306.81490656414,-181.55257633974875,96,quantile,1
2020-07-15,-22921.89950054245,19200.042543886528,-151.51730200083696,96,quantile,1
2020-07-16,11976.984145224247,18785.784797848373,-232.53737278720428,96,quantile,1
2020-07-17,11369.64409109909,18875.52855161281,-191.35315968193999,96,quantile,1
2020-07-20,12210.619071326104,19791.666666666664,208.33333333333346,95,quantile,1
2020-07-21,4127.875675561486,18924.920928578274,-191.77846738681254,95,quantile,1
2020-07-22,14753.67343383676,18189.350962704542,-148.91207624188533,95,quantile,1
2020-07-23,30163.400996235876,18499.286851724708,253.84287347262898,95,quantile,1
2020-07-24,4311.073828210339,18285.732132947633,343.258161607885,95,quantile,1
2020-07-27,8451.986439182829,19791.666666666664,208.33333333333343,95,quantile,1
2020-07-28,8098.0440581820985,20448.563840064682,-269.4345190370731,95,quantile,1
2020-07-29,14575.484560349454,19335.904628367127,-1150.4083609071827,95,quantile,1
2020-07-30,3702.5787638324377,18921.590337949234,-925.5496316299641,95,quantile,1
2020-07-31,3570.2189772244665,18361.79901990792,-923.1868290470884,95,quantile,1
2020-08-03,4272.583817385709,19791.666666666664,208.33333333333331,95,quantile,1
2020-08-04,2160.5969930460424,19454.16770232129,-30.95186327813957,95,quantile,1
2020-08-05,5688.314141936326,19249.46388546027,-114.57557645563574,95,quantile,1
2020-08-06,2383.3115434680008,18840.1741107369,-27.03515531154875,95,quantile,1
2020-08-07,8852.865968155293,19273.506192557586,452.3035446892527,95,quantile,1
2020-08-10,-13354.96307443983,19999.999999999996,-2.842170943040401e-14,96,quantile,1
2020-08-11,18565.8953259334,19792.306021839257,185.78074920294432,96,quantile,1
2020-08-12,-55777.93890357437,19572.97618303739,279.1604768432061,96,quantile,1
2020-08-13,12160.24444332912,19693.27000150519,384.7368116246076,96,quantile,1
2020-08-14,88.90604054214222,19365.421776489296,137.41138543120297,96,quantile,1
2020-08-17,73382.63620569391,20000.0,2.5579538487363607e-13,96,quantile,1
2020-08-18,2853.472385626112,19825.376795603268,12.27878369787598,96,quantile,1
2020-08-19,5308.167864785304,19371.003689760557,-258.5118865595855,96,quantile,1
2020-08-20,-4062.5195388552966,18953.165000298064,25.615901874861038,96,quantile,1
2020-08-21,8541.671666034656,18159.118837860442,-70.41687948656761,96,quantile,1
2020-08-24,-23412.77772354133,20000.0,-5.684341886080802e-14,96,quantile,1
2020-08-25,12398.585836276616,19533.816332435905,-64.11365346007844,96,quantile,1
2020-08-26,-12963.820915502482,18935.609873562225,-157.54937766255605,95,quantile,1
2020-08-27,-3786.0288193163524,18675.76599763028,26.53107846950627,95,quantile,1
2020-08-28,-2695.503385812971,18137.52521955434,-318.83987538899544,95,quantile,1
2020-08-31,12635.210064664216,19791.666666666664,208.33333333333343,95,quantile,1
2020-09-01,-4352.174291128393,19100.035848062744,507.8282791182719,94,quantile,1
2020-09-02,12096.364150905169,18854.12060732349,335.9089110586029,94,quantile,1
2020-09-03,-58.446720017454595,18760.930436052487,269.82625899789525,94,quantile,1
2020-09-04,1405.1568469448086,18305.374896680434,191.98491574944606,94,quantile,1
2020-09-08,16089.697823101587,19791.666666666664,208.3333333333334,95,quantile,1
2020-09-09,16288.974741765804,19757.458026872402,183.6879791702789,95,quantile,1
2020-09-10,1863.7245638816946,19095.54844882919,203.7094520141922,95,quantile,1
2020-09-11,12947.203911423116,18372.988116133398,264.4244857700013,95,quantile,1
2020-09-14,1589.2058571441016,20000.0,5.684341886080802e-14,96,quantile,1
2020-09-15,-21268.363971581104,19655.284087163822,-243.42077416627401,96,quantile,1
2020-09-16,-2715.4199366088424,18779.37859402579,-186.3443785500001,96,quantile,1
2020-09-17,3142.1058041785254,18430.33020781221,753.6572813583331,95,quantile,1
2020-09-18,-961.6632528463808,18039.00603050952,125.52598113586141,95,quantile,1
2020-09-21,12104.966482907079,19999.999999999996,-1.4210854715202004e-13,96,quantile,1
2020-09-22,7138.584688791542,20545.320319536135,240.65067402935793,96,quantile,1
2020-09-23,2660.534283305582,19029.064488474778,296.737940412373,96,quantile,1
2020-09-24,-4928.26031119057,19563.5471798957,890.7490140667524,95,quantile,1
2020-09-25,20553.601698228897,19992.447565127135,1039.70633692493,95,quantile,1
2020-09-28,-7197.913610775089,20000.0,1.1368683772161603e-13,96,quantile,1
2020-09-29,3122.414305381207,19689.17812540463,-9.02171736975265,96,quantile,1
2020-09-30,10325.232548797761,19523.85869523046,-8.945731955060353,96,quantile,1
2020-10-01,-295.1248591697855,19230.661155362646,55.475080570434415,96,quantile,1
2020-10-02,-9256.805294289637,18984.98614941156,-11.897629425469177,96,quantile,1
2020-10-05,6920.014617714831,19999.999999999996,-2.842170943040401e-14,96,quantile,1
2020-10-06,6991.370764360754,19700.9011989162,89.50995895716704,96,quantile,1
2020-10-07,-3721.5077801568705,19229.63023131497,65.66677122003188,96,quantile,1
2020-10-08,9323.57318730618,18829.59444093036,-177.3688283912895,96,quantile,1
2020-10-09,-9216.02017178493,18192.277630539036,-180.00753166710842,96,quantile,1
2020-10-12,-134.49084934293023,20000.0,5.684341886080802e-14,96,quantile,1
2020-10-13,524.0391729182682,20183.967045301186,279.7548558045985,96,quantile,1
2020-10-14,1024.7418941520498,20118.809434599887,168.64322904592228,96,quantile,1
2020-10-15,3541.1723384095303,19591.466804623098,12.070831446219188,96,quantile,1
2020-10-16,7326.122825884561,18931.437255711047,-69.89386745480303,96,quantile,1
2020-10-19,583.8093366846799,20000.0,-1.7053025658242404e-13,96,quantile,1
2020-10-20,12105.126162509656,19800.592686229327,278.31330138220665,96,quantile,1
2020-10-21,-773.8225457400964,19405.38696583691,139.27261177344994,96,quantile,1
2020-10-22,4945.778635319899,19300.63393451301,533.7552480172353,96,quantile,1
2020-10-23,-4965.0822388013885,18461.4061907706,131.7551541230825,96,quantile,1
2020-10-26,6506.821889256985,20000.0,2.842170943040401e-14,96,quantile,1
2020-10-27,9977.79006217746,20792.18801205019,-696.2495520191512,96,quantile,1
2020-10-28,-6425.874451309352,20717.345793463057,-1439.4759836548933,96,quantile,1
2020-10-29,-2319.1452154281624,20077.466221995248,-1581.1474605825892,96,quantile,1
2020-10-30,-17547.154371134195,19649.56949517512,-1456.711052554587,96,quantile,1
2020-11-02,17430.332304805186,20000.0,1.1368683772161603e-13,96,quantile,1
2020-11-03,7962.97864674568,19812.358293860943,2.0815111693737265,96,quantile,1
2020-11-04,-24308.94184848193,19101.14018194632,116.89859372320564,96,quantile,1
2020-11-05,654.2550175878998,18517.554385739255,151.26108330697764,96,quantile,1
2020-11-06,124.97541715699884,18229.152468123946,-32.44102418002399,96,quantile,1
2020-11-09,-5415.062567583549,19999.999999999996,-2.842170943040401e-14,96,quantile,1
2020-11-10,-23677.91524163553,21344.847124965647,-240.31225717746725,96,quantile,1
2020-11-11,96749.52790985766,20823.523515714252,-595.9826150210599,96,quantile,1
2020-11-12,-3661.4628932421256,20772.665973359817,-264.20854697674,96,quantile,1
2020-11-13,-9109.110013489948,20097.816919552653,-470.8532603371929,96,quantile,1
2020-11-16,-6020.1523609429805,19999.999999999996,-1.1368683772161603e-13,96,quantile,1
2020-11-17,264.4455896092379,20608.520881752444,-256.98826015702923,96,quantile,1
2020-11-18,-8769.894266313084,20655.573016722814,8.916741477296625,96,quantile,1
2020-11-19,10974.662464477691,20229.77933874756,-3.9400191424509217,96,quantile,1
2020-11-20,2297.685290731039,20274.184399558446,357.90217181346475,96,quantile,1
2020-11-23,-14573.303846266148,19999.999999999996,-5.684341886080802e-14,96,quantile,1
2020-11-24,-3128.143373889484,19973.957527408136,545.6137257004189,96,quantile,1
2020-11-25,-1219.3118688796512,19760.191458380992,96.81383527149714,96,quantile,1
2020-11-27,1855.0007986933092,19176.015176229754,464.2119522252252,96,quantile,1
2020-11-30,-3592.669189995913,20000.0,-2.5579538487363607e-13,96,quantile,1
2020-12-01,9134.923987067445,19695.55663262568,-248.20190269740564,96,quantile,1
2020-12-02,-4331.633143377303,19557.180324109584,-136.1175977787017,96,quantile,1
2020-12-03,471.1221764708145,19333.90343891949,-33.40031677737181,96,quantile,1
2020-12-04,-8065.443564791089,19461.23948518551,13.545713231065605,96,quantile,1
2020-12-07,2699.062076685411,20000.0,5.684341886080802e-14,96,quantile,1
2020-12-08,6090.752717471464,19688.389273972898,-485.2367618173148,96,quantile,1
2020-12-09,4292.571798738322,20057.389139061343,-873.8674224233787,96,quantile,1
2020-12-10,-3931.2242094161197,20535.934506124595,-233.0405971101826,96,quantile,1
2020-12-11,-1597.9812790838612,20235.99626226323,-296.9055118767922,96,quantile,1
2020-12-14,21030.767525185736,19999.999999999996,2.2737367544323206e-13,96,quantile,1
2020-12-15,3935.5997469572944,19078.931274225248,32.406179313801005,96,quantile,1
2020-12-16,-3013.018543374484,18772.40218535668,-222.0024311195209,96,quantile,1
2020-12-17,9042.412441160977,17964.142032232645,-609.3722314826068,96,quantile,1
2020-12-18,1706.1857028075858,18969.0705572977,-186.18348700094316,96,quantile,1
2020-12-21,-3794.8492359278907,19999.999999999996,-5.684341886080802e-14,96,quantile,1
2020-12-22,6445.342111229595,20325.22894388491,-488.8455005056734,96,quantile,1
2020-12-23,7430.633757121993,19813.501689362238,-681.7700132796629,96,quantile,1
2020-12-24,3710.9873770679346,18676.947708594522,-958.1937800315638,96,quantile,1
2020-12-28,5439.250518616751,20000.0,-1.7053025658242404e-13,96,quantile,1
2020-12-29,290.0840374090759,19769.35993898654,98.6754041028492,96,quantile,1
2020-12-30,4999.393244644924,19573.863894889764,-13.441059714796268,96,quantile,1
2020-12-31,7368.608066467999,19280.63635393039,-80.31361941197727,96,quantile,1
2021-01-04,766.1805115619054,20000.0,1.1368683772161603e-13,96,quantile,1
2021-01-05,2093.9794591685863,19682.04494485063,-4.935435166408638,96,quantile,1
2021-01-06,10622.696776857241,19035.661521931666,26.328398308905776,96,quantile,1
2021-01-07,-87.98619344410605,18598.08972436713,9.86304981636846,96,quantile,1
2021-01-08,-1977.6673652813136,18333.04950740212,-23.77404659213761,96,quantile,1
2021-01-11,-3351.843257411326,20000.0,1.1368683772161603e-13,96,quantile,1
2021-01-12,1905.327084386171,19942.275818812017,-344.7866411841454,96,quantile,1
2021-01-13,-1011.6400034919498,19931.328655652735,-350.1928410026395,96,quantile,1
2021-01-14,-2323.9459618871615,19732.37553368622,-511.39137754485455,96,quantile,1
2021-01-15,1915.047647274105,19925.242107972485,-1087.1982252046014,96,quantile,1
2021-01-19,10913.78094854126,19999.999999999996,2.842170943040401e-14,96,quantile,1
2021-01-20,1253.403300793239,19484.877723212496,-82.749763518447,96,quantile,1
2021-01-21,-4101.872221245149,19205.504462842884,33.19500002537228,96,quantile,1
2021-01-22,-5618.353329189062,19074.856671005986,238.24689651201203,96,quantile,1
2021-01-25,-5656.677124860246,20000.0,-1.4210854715202004e-13,96,quantile,1
2021-01-26,-4692.170931102318,20398.499635349926,-470.0768938040072,96,quantile,1
2021-01-27,-13868.100968714698,20416.857536870808,-542.6833655869472,96,quantile,1
2021-01-28,9528.659242106456,20270.92165061578,-1016.2342898686493,96,quantile,1
2021-01-29,-691.2826497574232,19178.633132016595,-1217.996412995031,96,quantile,1
2021-02-01,-17031.563029019788,20000.0,-1.1368683772161603e-13,96,quantile,1
2021-02-02,5246.522968531854,19645.30168043464,117.78063864399141,95,quantile,1
2021-02-03,4061.670770126954,19383.965159423493,-34.18551109617525,95,quantile,1
2021-02-04,-3132.6740432100087,18832.995466227,-147.05672836995058,95,quantile,1
2021-02-05,2397.815189274999,18470.161704245616,-93.85483641192317,95,quantile,1
2021-02-08,2849.348321449449,19999.999999999996,8.526512829121202e-14,96,quantile,1
2021-02-09,1657.0802873887565,19654.760090381067,88.37941638272628,96,quantile,1
2021-02-10,-329.5716761739832,19537.298838250557,82.69342702878197,96,quantile,1
2021-02-11,4500.109588958947,18997.188982256543,93.15416137091108,96,quantile,1
2021-02-12,-9537.926656496837,18596.449029888045,64.75753280119682,96,quantile,1
2021-02-16,10693.592229914304,20000.0,-2.842170943040401e-14,96,quantile,1
2021-02-17,176.04179731622645,20069.645513495023,-104.51118166620529,96,quantile,1
2021-02-18,-4112.882484662765,19839.265585404333,-89.15680877036252,96,quantile,1
2021-02-19,16614.02229957243,19838.314583738542,242.0322549435317,96,quantile,1
2021-02-22,4770.30022268024,19999.999999999996,-2.5579538487363607e-13,96,quantile,1
2021-02-23,3254.2936011259617,19349.69652298874,-275.1989379630925,96,quantile,1
2021-02-24,279.02482857009034,20488.44351137231,1276.9743431848392,96,quantile,1
2021-02-25,2030.9796217455546,20748.662107105603,1409.4062938165207,96,quantile,1
2021-02-26,-27.900806183035684,19886.227743590145,1114.843785481247,96,quantile,1
2021-03-01,-3643.506807668848,19999.999999999996,2.842170943040401e-14,96,quantile,1
2021-03-02,-1815.7385096722735,19538.182317134062,-210.51178414195343,96,quantile,1
2021-03-03,4035.206547773688,18983.78504886561,108.09794321560537,96,quantile,1
2021-03-04,-19865.13537714839,18448.86215075296,306.0627869034158,96,quantile,1
2021-03-05,1088.5704227781443,18518.571214457425,74.2352607519743,96,quantile,1
2021-03-08,-3851.98531240907,20000.0,8.526512829121202e-14,96,quantile,1
2021-03-09,-10864.076227412661,20567.779501106113,-560.1796573609745,96,quantile,1
2021-03-10,272.1481906570443,20169.188327576052,-478.75283523758605,96,quantile,1
2021-03-11,-2571.871852258947,20050.611724931317,-704.5876366261714,96,quantile,1
2021-03-12,-1794.1152588815166,19572.562905294326,-381.66869162154205,96,quantile,1
2021-03-15,789.5234644936671,19999.999999999996,-2.5579538487363607e-13,96,quantile,1
2021-03-16,-17081.575759257248,20030.486941278916,-292.6644898420029,96,quantile,1
2021-03-17,6891.247485880254,19274.9448748781,71.04675034966286,96,quantile,1
2021-03-18,1892.444648388378,19831.53934394749,224.42545824681795,96,quantile,1
2021-03-19,11600.341669170963,19505.206818651524,186.11745954923805,96,quantile,1
2021-03-22,-5735.407194049026,20000.0,8.526512829121202e-14,96,quantile,1
2021-03-23,18344.317303796186,20007.474652891153,37.4763164947239,96,quantile,1
2021-03-24,4368.724932581391,20328.973679387702,962.2997641011868,96,quantile,1
2021-03-25,-293.0907696588903,19196.01739667988,424.656017820448,96,quantile,1
2021-03-26,-27133.254067826678,17853.796173975337,-578.0320979388015,96,quantile,1
2021-03-29,30386.63387624077,19999.999999999996,-8.526512829121202e-14,96,quantile,1
2021-03-30,1109.875568025625,19684.344244913682,-2.185323098267361,96,quantile,1
2021-03-31,5131.239562082677,19382.75774464113,-67.00763004946879,96,quantile,1
2021-04-01,-1078.8796224726207,18995.499890551313,82.42178756606211,96,quantile,1
2021-04-05,-3504.1573281482715,20000.0,8.526512829121202e-14,96,quantile,1
2021-04-06,-228.69217405914839,19838.340930732797,-82.51386252184653,96,quantile,1
2021-04-07,5198.910655672933,19544.028837345068,-153.38250913603338,96,quantile,1
2021-04-08,-844.8630452864357,18790.555371166927,-176.75870615895906,96,quantile,1
2021-04-09,1159.6126592604453,18381.845824066226,-438.7064348206489,96,quantile,1
2021-04-12,1332.3464956454764,19999.999999999996,5.684341886080802e-14,96,quantile,1
2021-04-13,8358.986371041794,19439.685075327274,-20.51236057287906,96,quantile,1
2021-04-14,-6772.792322650688,19458.872728240945,45.25872136550291,96,quantile,1
2021-04-15,5673.619571053158,18813.006416338096,-334.0199952092161,96,quantile,1
2021-04-16,1914.6313478082427,18336.864002372702,-413.43861135872675,96,quantile,1
2021-04-19,4519.695674231887,20000.0,2.5579538487363607e-13,96,quantile,1
2021-04-20,25698.030186322663,19931.26972720416,288.28125297179037,96,quantile,1
2021-04-21,-6219.503061787234,19742.181835557556,822.9368394251926,96,quantile,1
2021-04-22,-3557.275499222451,20388.5784477365,1436.8460594588703,96,quantile,1
2021-04-23,-5615.979244456837,20143.433577152402,1927.146881635794,96,quantile,1
2021-04-26,198.88818533923785,19999.999999999996,1.7053025658242404e-13,96,quantile,1
2021-04-27,4457.636485214019,20580.970135625852,811.4933798154397,96,quantile,1
2021-04-28,28589.191109927007,19631.02116727349,1079.931132765709,96,quantile,1
2021-04-29,-2764.8286040212406,18471.087369921723,1047.621089782892,96,quantile,1
2021-04-30,-3362.4248825809414,18943.286279212272,868.2089834276849,96,quantile,1
2021-05-03,-737.8885274822493,20000.0,2.842170943040401e-14,96,quantile,1
2021-05-04,1735.9685821235196,19418.560626774866,-1.5846995450748977,96,quantile,1
2021-05-05,3516.511602337755,19000.917698132296,-153.8996991136284,96,quantile,1
2021-05-06,-2672.9543009022464,18546.984735340626,112.6424418372417,96,quantile,1
2021-05-07,-1133.2339314059284,18159.5266754798,292.09227120992193,96,quantile,1
2021-05-10,3696.572408125723,19999.999999999996,-1.7053025658242404e-13,96,quantile,1
2021-05-11,8285.200384032702,20190.28134152306,93.20510885751676,96,quantile,1
2021-05-12,752.2146793373879,19721.222268863934,334.653720206003,96,quantile,1
2021-05-13,-4956.505117163715,19522.886908024164,229.25211750978914,96,quantile,1
2021-05-14,1019.6402102129202,19289.588382614234,123.37135958366062,96,quantile,1
2021-05-17,-10322.009508433326,19999.999999999996,8.526512829121202e-14,96,quantile,1
2021-05-18,1268.1245840860524,19752.204558629648,67.04627381851779,96,quantile,1
2021-05-19,3310.562980532051,19597.126229204998,468.83693202527127,96,quantile,1
2021-05-20,2775.2925392980833,19096.430434795555,290.7125064469701,96,quantile,1
2021-05-21,-1324.2842783934175,18964.48774613508,213.88739628254498,96,quantile,1
2021-05-24,-8752.624145184951,19999.999999999996,1.4210854715202004e-13,96,quantile,1
2021-05-25,6464.69771057609,19153.74176140281,42.402764042149386,96,quantile,1
2021-05-26,-10191.751103868359,18701.247495694828,-463.42397143021054,96,quantile,1
2021-05-27,-349.6100323067701,18122.85977511781,-675.7378291032437,96,quantile,1
2021-05-28,5545.528146425303,17750.563416766745,-830.3017932181201,96,quantile,1
2021-06-01,7425.505644221491,19999.999999999996,-1.4210854715202004e-13,96,quantile,1
2021-06-02,4789.765885400752,19594.3416363608,-289.9204276616541,96,quantile,1
2021-06-03,-11273.699906790605,19436.39699492036,-280.9139898521777,96,quantile,1
2021-06-04,3266.56078905202,19086.173654659342,-288.7556874039426,96,quantile,1
2021-06-07,8935.312541878417,20000.0,-5.684341886080802e-14,96,quantile,1
2021-06-08,-7772.327093792668,19448.612895747872,88.10382879395044,96,quantile,1
2021-06-09,6645.316327264645,19026.22976418858,158.86308048562245,96,quantile,1
2021-06-10,6774.850727023606,18061.65333975109,-70.31339496879224,96,quantile,1
2021-06-11,-13367.916776008502,17415.048100576154,-499.1332040411534,96,quantile,1
2021-06-14,1468.3933162966393,20000.0,1.4210854715202004e-13,96,quantile,1
2021-06-15,-18261.122632068866,20122.349346796276,152.78762762037368,96,quantile,1
2021-06-16,-2945.397441189866,19926.618141293773,225.7432488964977,96,quantile,1
2021-06-17,8526.438252870314,19539.02094644376,201.82274772621355,96,quantile,1
2021-06-18,9771.342390502075,21060.29373620615,8.326035880037466,96,quantile,1
2021-06-21,9883.96605949405,20000.0,-1.7053025658242404e-13,94,quantile,1
2021-06-22,5704.479022201269,20018.507977920228,48.76320095787324,94,quantile,1
2021-06-23,-10988.990521906338,18986.95141859198,-99.09981398872553,94,quantile,1
2021-06-24,20759.866887740947,21315.975104309993,1379.9926521675966,94,quantile,1
2021-06-25,-10742.139340598478,20490.760383411012,997.1537598609889,94,quantile,1
2021-06-28,857.7852698320371,19999.999999999996,-1.4210854715202004e-13,96,quantile,1
2021-06-29,462.01389729920527,19706.95364403721,-15.773718342429362,96,quantile,1
2021-06-30,4642.559117107979,19848.247456713412,357.2270135137732,96,quantile,1
2021-07-01,-4795.619536676152,19643.34690910869,283.3637477988357,96,quantile,1
2021-07-02,1854.8875701951665,19232.0834080189,200.17729336529078,96,quantile,1
2021-07-06,-1632.5484333180157,20000.0,5.684341886080802e-14,98,quantile,1
2021-07-07,1618.3666786996985,19399.572039424238,-226.2812577016647,98,quantile,1
2021-07-08,-2020.4339562341174,19141.920362566256,-177.79139054835642,98,quantile,1
2021-07-09,-9926.4467807175,18890.535761195606,-344.1776943863123,98,quantile,1
2021-07-12,11327.325938943277,20000.0,5.684341886080802e-14,96,quantile,1
2021-07-13,-919.3874117852645,19663.387903162453,389.4064628728552,96,quantile,1
2021-07-14,652.7684757483129,19063.850468623223,60.044598726452506,96,quantile,1
2021-07-15,-628.6278093853848,18671.62052929263,-32.65454413735432,96,quantile,1
2021-07-16,2704.761971248601,17954.570607758535,485.40741380641987,96,quantile,1
2021-07-19,10719.754343990935,19999.999999999996,2.842170943040401e-14,96,quantile,1
2021-07-20,13812.584615045957,19477.290276981435,-332.1079607112283,96,quantile,1
2021-07-21,4549.847646441924,19378.886188754594,-888.7609666075908,96,quantile,1
2021-07-22,2392.360348116501,18264.85820708837,-942.5330834244362,96,quantile,1
2021-07-23,6396.3611609069385,17349.26860162744,-1126.2369844699351,96,quantile,1
2021-07-26,-12767.533768677844,20000.0,-2.842170943040401e-14,96,quantile,1
2021-07-27,1754.3605067023898,19128.648970720402,37.179640445801596,96,quantile,1
2021-07-28,7523.4129458106845,18405.535759509774,403.7676326573178,96,quantile,1
2021-07-29,-11350.34149360493,16821.434379085887,184.3657179537102,96,quantile,1
2021-07-30,854.0228268729471,16322.400903960484,87.98185744370534,96,quantile,1
2021-08-02,5663.168209563802,19999.999999999996,-1.4210854715202004e-13,96,quantile,1
2021-08-03,-653.4462519037714,19508.358037937138,276.55812454733154,96,quantile,1
2021-08-04,-6036.01962998437,19304.131441719608,184.72387871247503,96,quantile,1
2021-08-05,-6377.741293083205,19072.720289228124,228.72737296797303,96,quantile,1
2021-08-06,1487.709153676159,18745.752967533066,381.9845712800054,96,quantile,1
2021-08-09,-7125.629577036022,19999.999999999996,5.684341886080802e-14,98,quantile,1
2021-08-10,-8111.118294729164,19795.0118605658,39.303410862508656,98,quantile,1
2021-08-11,9922.609371641502,19298.815942661433,-65.52356016392991,98,quantile,1
2021-08-12,7017.5589116596,19106.870051523114,577.5220538097338,98,quantile,1
2021-08-13,-1041.6509196678803,18862.647479884534,420.4591703157565,98,quantile,1
2021-08-16,-3232.938624907819,19999.999999999996,2.842170943040401e-14,96,quantile,1
2021-08-17,-3073.7657402089003,19802.81442245523,13.061186417339513,96,quantile,1
2021-08-18,-4212.96472309071,19735.28297171957,214.13885852527403,96,quantile,1
2021-08-19,17710.703441173,19430.715734155256,444.08643225627713,96,quantile,1
2021-08-20,-940.7230841727467,19122.60187715802,327.0682032193188,96,quantile,1
2021-08-23,-2432.7329249744566,20000.0,1.1368683772161603e-13,96,quantile,1
2021-08-24,-6257.123596691316,19188.034252759186,-333.18425653612917,96,quantile,1
2021-08-25,-841.6649284745483,18960.680929933133,-678.0666199808185,96,quantile,1
2021-08-26,4621.701589694543,18326.004849041034,-437.6050739408878,96,quantile,1
2021-08-27,4883.055364571873,17605.528764447652,-487.6840007951371,96,quantile,1
2021-08-30,-862.0131460142092,19999.999999999996,-1.1368683772161603e-13,96,quantile,1
2021-08-31,4000.6011822566065,19928.161385338175,-14.643737100704982,96,quantile,1
2021-09-01,4167.478736830274,19448.537796627348,-131.16877439116868,96,quantile,1
2021-09-02,1002.6298483997327,18534.067366094474,-105.2493524754282,96,quantile,1
2021-09-03,2247.448943757633,18291.56991881802,-348.9359735969357,96,quantile,1
2021-09-07,-914.8257578297755,19999.999999999996,2.842170943040401e-14,98,quantile,1
2021-09-08,-7563.630033080302,20702.18724174063,-635.9896833297908,98,quantile,1
2021-09-09,-1413.964678892467,20191.53767832919,-480.38050280296056,98,quantile,1
2021-09-10,15633.930566138928,19964.50196942642,438.6139716088059,98,quantile,1
2021-09-13,-7880.180517310288,20000.0,-2.842170943040401e-14,96,quantile,1
2021-09-14,-5068.526119619013,19241.997206441378,329.7431952033001,96,quantile,1
2021-09-15,12965.888080072635,19102.21482095414,186.65440994769853,96,quantile,1
2021-09-16,-2217.455547762295,18447.80260068049,422.1379199396837,96,quantile,1
2021-09-17,-2341.787162266767,17994.02911451459,594.1087863881746,96,quantile,1
2021-09-20,10854.55585059097,19999.999999999996,-8.526512829121202e-14,96,quantile,1
2021-09-21,2812.4856202912783,19290.382980330858,78.37063176444724,96,quantile,1
2021-09-22,357.1476345708641,19162.18486438664,349.8761141437177,96,quantile,1
2021-09-23,11501.61962458795,18364.10846174471,318.6702284820615,96,quantile,1
2021-09-24,-8877.069901508896,17453.572106090356,383.32390050089,96,quantile,1
2021-09-27,6859.17426234759,19999.999999999996,-8.526512829121202e-14,98,quantile,1
2021-09-28,6801.138049531665,19346.413491358806,-55.51355953832308,98,quantile,1
2021-09-29,11837.785782936147,19068.723816126236,-134.55224319041073,98,quantile,1
2021-09-30,-6797.157328180024,18303.040450057528,-305.57686980781466,98,quantile,1
2021-10-01,4598.237874213655,18301.57082911958,-92.32442277766467,98,quantile,1
2021-10-04,-3817.1447384511057,19999.999999999996,5.684341886080802e-14,96,quantile,1
2021-10-05,12873.725496110183,20133.45276113571,-135.2731546161415,96,quantile,1
2021-10-06,-920.1133383423238,19908.179396938485,-77.87732070731383,96,quantile,1
2021-10-07,-2657.742445638185,19780.180909561277,-163.86844504697675,96,quantile,1
2021-10-08,-8601.500177167018,19062.529074253634,-155.6538881331306,96,quantile,1
2021-10-11,7441.893787375191,19999.999999999996,2.842170943040401e-14,98,quantile,1
2021-10-12,661.5289381912102,19198.13327492584,373.69179023995105,98,quantile,1
2021-10-13,218.16292053221173,18834.612891778415,155.54776598344642,98,quantile,1
2021-10-14,-3369.711000230165,18935.8752342667,-489.4202927369687,98,quantile,1
2021-10-15,-881.5855005210781,18733.916444113922,-599.7459430743758,98,quantile,1
2021-10-18,3792.3210962227745,20000.0,8.526512829121202e-14,96,quantile,1
2021-10-19,-9059.399020729988,19375.733868366846,-215.2892236137344,96,quantile,1
2021-10-20,14328.56723792757,18695.345213175686,-615.5471854428558,96,quantile,1
2021-10-21,-4828.612207012885,18617.828372258195,-1199.6546931378052,96,quantile,1
2021-10-22,-6336.363147911718,18038.346733583694,-1511.0868481050834,96,quantile,1
2021-10-25,5879.686707983505,19999.999999999996,5.684341886080802e-14,98,quantile,1
2021-10-26,8817.894609546767,19427.615471676156,623.3176649848891,98,quantile,1
2021-10-27,8160.045429873937,20181.48731474557,1980.0267040904791,98,quantile,1
2021-10-28,1035.5196890233312,19688.84765252207,848.3611499444481,98,quantile,1
2021-10-29,-3904.3335265343912,20081.265213151673,-509.97218090627973,98,quantile,1
2021-11-01,5164.991228698693,20000.0,-2.842170943040401e-14,98,quantile,1
2021-11-02,1685.588346272165,19435.507747188232,117.9711515094101,98,quantile,1
2021-11-03,-8570.225070819464,19051.78057477992,233.51005452322673,98,quantile,1
2021-11-04,10026.111658002861,18587.83235208788,106.145182445497,98,quantile,1
2021-11-05,-8.848140388782824,17910.596403953583,183.32920472729484,98,quantile,1
2021-11-08,-6029.423358376422,20000.0,-1.1368683772161603e-13,98,quantile,1
2021-11-09,1037.2138383842646,19751.866260704122,190.5735446437323,98,quantile,1
2021-11-10,5543.779357719343,19438.19550134547,4.38084107671574,98,quantile,1
2021-11-11,1416.4431784469757,19280.25732758538,-404.7397738396869,98,quantile,1
2021-11-12,-3785.4296114804533,18745.06142526149,-839.3764515895668,98,quantile,1
2021-11-15,1299.4058817356015,20000.0,0.0,96,quantile,1
2021-11-16,-1629.6595028607726,19930.18912131803,-786.6018176165607,96,quantile,1
2021-11-17,1629.6905037913457,20191.00816914356,-257.4954452692308,96,quantile,1
2021-11-18,-3696.648006789421,19278.706628719283,-327.8724416108562,96,quantile,1
2021-11-19,2468.2511405667647,18483.3049961798,-702.948266286676,96,quantile,1
2021-11-22,-4595.6963415317505,20000.0,-2.842170943040401e-14,96,quantile,1
2021-11-23,11526.554571414503,20704.840647522647,-99.20581861624785,96,quantile,1
2021-11-24,-21370.499628025,20532.287886204052,387.5945902420079,96,quantile,1
2021-11-26,13675.196400123072,25432.39464999528,-4532.62381431556,96,quantile,1
2021-11-29,7012.304998046596,20000.0,-1.7053025658242404e-13,98,quantile,1
2021-11-30,11634.764882196658,18810.845775593425,-352.83714909605254,98,quantile,1
2021-12-01,-18888.640853948244,18050.509078613337,-365.0031432986037,98,quantile,1
2021-12-02,3950.187850217762,18666.90246023062,-81.4038788014204,98,quantile,1
2021-12-03,-3514.8748866104856,18405.23020150215,49.53217336297803,98,quantile,1
2021-12-06,7382.653373757315,20000.0,-1.4210854715202004e-13,98,quantile,1
2021-12-07,6799.584622877894,19747.164105267868,78.3287856159127,98,quantile,1
2021-12-08,-5872.769138431819,19269.523248405265,104.32685152309398,98,quantile,1
2021-12-09,1390.8928755217169,18878.186578908382,255.6103480238859,98,quantile,1
2021-12-10,-8630.060928524432,18322.287672137274,265.1057481069975,98,quantile,1
2021-12-13,791.0925021585339,20000.0,-8.526512829121202e-14,98,quantile,1
2021-12-14,2167.534917112047,20112.69373527474,-348.49097491101384,98,quantile,1
2021-12-15,-16775.38194179806,19476.48316574204,-662.3629107975864,98,quantile,1
2021-12-16,-13675.520720416313,19295.018062922794,-778.6514103548673,98,quantile,1
2021-12-17,9294.168586427499,19061.36513921984,-1278.6082412548076,98,quantile,1
2021-12-20,3579.6889874246676,19999.999999999996,-2.842170943040401e-14,98,quantile,1
2021-12-21,-584.1770397915668,20495.460131888653,-48.605706496897284,98,quantile,1
2021-12-22,1236.5117367740716,19732.47565031521,-83.43925634034898,98,quantile,1
2021-12-23,-3379.9468375041033,19567.29276947801,-80.78248310710262,98,quantile,1
2021-12-27,4653.859966080649,20000.0,1.7053025658242404e-13,98,quantile,1
2021-12-28,1083.0916014188679,19457.750729953223,-413.1102954439565,98,quantile,1
2021-12-29,14608.5927733431,18489.846088366838,-327.40802882362823,98,quantile,1
2021-12-30,37220.81017159003,17916.845777352984,-220.19869351181393,98,quantile,1
2021-12-31,-37498.545690353065,16732.71378413335,-1009.6844088434059,98,quantile,1
2022-01-03,34468.716636607125,20000.0,2.842170943040401e-14,98,quantile,1
2022-01-04,6430.52836368424,19432.692392487337,19.526711538964634,98,quantile,1
2022-01-05,-5531.361106135742,18755.020957370172,395.2396275752193,98,quantile,1
2022-01-06,3865.5585292488468,18225.7751819439,249.81810872841731,98,quantile,1
2022-01-07,2613.315399532198,17228.757463421927,311.17582882582474,98,quantile,1
2022-01-10,-4079.5629718141863,20000.0,1.1368683772161603e-13,96,quantile,1
2022-01-11,10226.793710516016,19631.744553155328,-867.224703812308,96,quantile,1
2022-01-12,6498.657920033552,19191.041104578086,-708.3274244185003,96,quantile,1
2022-01-13,-11247.899540924773,18415.605294802222,-167.70222776091254,96,quantile,1
2022-01-14,-914.5316662135857,18085.68742232295,-441.8418416012933,96,quantile,1
2022-01-18,-12112.651006928692,20000.0,-5.684341886080802e-14,96,quantile,1
2022-01-19,-1282.5812701805137,20180.15229843101,-41.79207714795473,96,quantile,1
2022-01-20,-234.23525024186773,19602.87616875795,621.5937963303714,96,quantile,1
2022-01-21,6740.2914181145725,19748.054829475157,551.3275731899707,96,quantile,1
2022-01-24,-3094.9319734439387,20000.0,0.0,98,quantile,1
2022-01-25,-4606.561804008411,20881.326544396285,-665.660417680841,98,quantile,1
2022-01-26,-12656.061057040579,21096.198558767166,-1524.112472224453,98,quantile,1
2022-01-27,18802.83018814407,20278.08082916282,-1417.6820717060345,98,quantile,1
2022-01-28,-7451.384538196578,20660.675211296628,-1803.5044823734656,98,quantile,1
2022-01-31,3265.6796173103985,20000.0,0.0,98,quantile,1
2022-02-01,1621.567045400359,19517.932956491124,-470.8713224778972,98,quantile,1
2022-02-02,-7791.478271288199,19311.881585655527,-278.93672810281976,98,quantile,1
2022-02-03,-9298.045098625566,19086.837211693797,-193.95034316468482,98,quantile,1
2022-02-04,-4561.464303975199,18645.91233380187,-402.3091785855719,98,quantile,1
2022-02-07,534.604243843267,20000.0,2.842170943040401e-14,98,quantile,1
2022-02-08,16749.81920829745,19314.99424765462,-135.69933769975034,98,quantile,1
2022-02-09,-5299.280740361438,18929.024001328664,-880.2802550343391,98,quantile,1
2022-02-10,3524.243937390288,18918.94079515649,-584.9173097745849,98,quantile,1
2022-02-11,-176.213044329114,18968.4702783074,-686.3940960280297,98,quantile,1
2022-02-14,-2062.2525908556654,20000.0,-1.4210854715202004e-13,96,quantile,1
2022-02-15,9587.87244602217,19492.377254264527,-762.5013723358752,96,quantile,1
2022-02-16,4088.911473324687,18797.520798692476,-351.73726822241855,96,quantile,1
2022-02-17,-5477.859464943022,18452.72245733256,397.7015819250585,96,quantile,1
2022-02-18,-1329.7637755031367,18415.087858567444,278.66836279835405,96,quantile,1
2022-02-22,-19540.30613861909,19999.999999999996,-2.842170943040401e-14,96,quantile,1
2022-02-23,-6258.539234176762,19433.249704599315,-1220.50118022904,96,quantile,1
2022-02-24,1300.5060998758331,20220.6566057766,-1353.2378284567765,95,quantile,1
2022-02-25,21406.874025970537,20019.550374263155,-2055.1738920268094,94,quantile,1
2022-02-28,-4114.059956196938,19795.918367346938,204.08163265306146,97,quantile,1
2022-03-01,-6651.757044086357,13532.069591504134,-2370.891400852539,68,quantile,1
2022-03-02,4772.6823693168535,13556.480828462425,-2344.261917692055,68,quantile,1
2022-03-03,4443.4085586542205,13362.577436710053,-2333.349035552834,68,quantile,1
2022-03-04,-8327.04512916609,13078.635404348468,-2296.15611417522,68,quantile,1
2022-03-07,-7633.256069559332,15833.333333333332,-2499.9999999999995,76,quantile,1
2022-03-08,5835.929442161847,15996.172657873576,-2191.166883366314,76,quantile,1
2022-03-09,3637.4257667192505,16380.695617507272,-2536.3786413510875,76,quantile,1
2022-03-10,527.5650606204925,15957.49966720232,-2376.333642737626,76,quantile,1
2022-03-11,1858.82457671111,15600.816241580766,-2231.8386528134697,76,quantile,1
2022-03-14,10904.800343374709,15624.999999999998,-3541.6666666666665,75,quantile,1
2022-03-15,4726.993153117915,15713.238007740929,-3851.2131770332194,75,quantile,1
2022-03-16,8127.281921726292,15832.178669962243,-3941.306368888951,75,quantile,1
2022-03-17,10037.747525167346,15645.417865118703,-3970.6636735334655,75,quantile,1
2022-03-18,13271.706822301265,15394.963921788094,-3928.4155597466183,75,quantile,1
2022-03-21,-39.47326674328082,19999.999999999996,-1.7053025658242404e-13,96,quantile,1
2022-03-22,7675.857863277719,19575.22124591367,116.67809522008693,96,quantile,1
2022-03-23,-2124.7679467565904,19558.233500520484,213.29357642514253,96,quantile,1
2022-03-24,-2080.387656389016,19122.954549924634,171.42826456033228,96,quantile,1
2022-03-25,13640.628947801488,18598.897279312463,-122.02479071808659,96,quantile,1
2022-03-28,3740.6777983012644,19999.999999999996,2.842170943040401e-14,96,quantile,1
2022-03-29,-13835.610210827816,19965.621061592738,-410.5446165047454,96,quantile,1
2022-03-30,2186.566371616899,19703.576453688078,-316.8733886670724,96,quantile,1
2022-03-31,5491.708577389195,20272.725055513027,-165.0056139727361,96,quantile,1
2022-04-01,2043.554915374974,19678.220467486943,-569.1726801608975,96,quantile,1
2022-04-04,10075.706888522971,20000.0,8.526512829121202e-14,96,quantile,1
2022-04-05,-2481.5787791842604,19665.021802034953,-173.8971995767558,96,quantile,1
2022-04-06,505.3092352190559,19830.242570252216,568.9343057971794,96,quantile,1
2022-04-07,-4197.559960109736,20189.917417090008,838.2045918705535,96,quantile,1
2022-04-08,1875.1661231865244,19871.355503540155,845.8231401684475,96,quantile,1
2022-04-11,8847.316653487967,20000.0,1.4210854715202004e-13,96,quantile,1
2022-04-12,574.6165258606123,19507.330817440077,121.25870603486825,96,quantile,1
2022-04-13,8166.8000744635865,19587.39548900882,333.32289931000594,96,quantile,1
2022-04-14,10216.770333447534,19745.62648656901,548.9991459010113,96,quantile,1
2022-04-18,-4169.87344960826,19999.999999999996,-5.684341886080802e-14,96,quantile,1
2022-04-19,9226.120316097577,20661.64602050298,-122.50709153652738,96,quantile,1
2022-04-20,-6604.600600202448,20112.93819738208,-525.5586071603256,96,quantile,1
2022-04-21,-7368.437558196633,20103.066772738493,19.168144886920402,96,quantile,1
2022-04-22,-5824.787329570678,20406.858622612264,468.73327790302204,96,quantile,1
2022-04-25,11435.327412156506,20000.0,-5.684341886080802e-14,96,quantile,1
2022-04-26,-698.593887359368,19766.293732357874,349.0988895765113,96,quantile,1
2022-04-27,1448.3453259397882,19553.208721909414,-605.9504367767022,96,quantile,1
2022-04-28,-389.029453729726,19619.94988684779,-914.1414644555128,96,quantile,1
2022-04-29,-10568.47366430052,19453.661480546525,-263.0384965349262,96,quantile,1
2022-05-02,3668.4763811305115,20000.0,0.0,96,quantile,1
2022-05-03,10959.070911375902,19937.156294473774,-50.906948333835714,96,quantile,1
2022-05-04,3524.851973033212,19380.22763263057,-564.1409652884454,96,quantile,1
2022-05-05,-11810.523893474447,19386.01939393305,-384.5622262981788,96,quantile,1
2022-05-06,-3799.5713548010754,18800.915245277414,-211.33296593508248,96,quantile,1
2022-05-09,-3558.6649338943002,19999.999999999996,8.526512829121202e-14,96,quantile,1
2022-05-10,-7267.747565878759,19754.82318467667,-11.37083667623466,96,quantile,1
2022-05-11,-11896.81969559933,19989.89198847047,-371.5686842364066,96,quantile,1
2022-05-12,802.7969607347457,19727.556972798004,-611.432048794238,96,quantile,1
2022-05-13,21545.414052659882,19844.743837098267,-737.7482752335071,96,quantile,1
2022-05-16,4489.248838046562,20000.0,-5.684341886080802e-14,96,quantile,1
2022-05-17,7622.586145899535,20164.76923788883,-670.9345072780397,96,quantile,1
2022-05-18,-7124.903639439028,19705.57009307292,602.1426535379439,96,quantile,1
2022-05-19,20963.703410624996,19048.880468862902,833.3769746139883,96,quantile,1
2022-05-20,-30659.3985429622,18753.013689551437,488.9776302260292,96,quantile,1
2022-05-23,4623.042672840862,19999.999999999996,-8.526512829121202e-14,96,quantile,1
2022-05-24,-1860.86199731924,19697.016594266905,-358.5523170507858,96,quantile,1
2022-05-25,6419.307075272634,19102.415631168256,-561.6223798351539,96,quantile,1
2022-05-26,-8277.51102009357,19225.39043243747,-397.9513245586149,96,quantile,1
2022-05-27,-7415.245936225544,18651.727516593364,-712.6722279219596,96,quantile,1
2022-05-31,3262.400881559485,20000.0,5.684341886080802e-14,96,quantile,1
2022-06-01,-298.90285645967754,19662.827873505852,275.9614522386212,96,quantile,1
2022-06-02,-7038.768757818499,19335.73056495592,358.9777799927188,96,quantile,1
2022-06-03,-3799.776447028236,19019.20358686907,166.43001891087525,96,quantile,1
2022-06-06,15356.916636843207,19999.999999999996,-1.1368683772161603e-13,96,quantile,1
2022-06-07,-360.2912516325927,19665.74772321299,-386.3608490419901,96,quantile,1
2022-06-08,12715.5728506637,19002.176040048318,-156.79567865258093,96,quantile,1
2022-06-09,-13062.700309643378,18208.755972200743,-176.3479689296716,96,quantile,1
2022-06-10,7246.0088023071685,17121.471474496477,45.02792922350369,96,quantile,1
2022-06-13,9149.19272699201,19999.999999999996,0.0,96,quantile,1
2022-06-14,26017.669079718078,20540.02793006325,-364.8511754770376,96,quantile,1
2022-06-15,-6813.071982053572,20286.343625292335,-981.9904420565065,96,quantile,1
2022-06-16,-764.6593214211232,20246.605007107046,-1679.4018843024087,96,quantile,1
2022-06-17,26967.496725198907,19812.8851085677,-1721.0510889022107,96,quantile,1
2022-06-21,-14910.725410362622,19999.999999999996,8.526512829121202e-14,96,quantile,1
2022-06-22,-4696.588181314873,20778.239311648635,-1288.660951141469,96,quantile,1
2022-06-23,370.74018865505946,21153.604346276574,-1861.080701703071,96,quantile,1
2022-06-24,-19434.182696625798,21755.19334210391,-1710.5355644537324,96,quantile,1
2022-06-27,21495.893356983077,20000.0,1.7053025658242404e-13,94,quantile,1
2022-06-28,-2528.328093770944,19755.333638253465,-9.313801620821238,94,quantile,1
2022-06-29,-7728.856496655659,19330.710665405317,211.3772578667999,94,quantile,1
2022-06-30,-3069.8493521956393,18868.330280545284,241.00104523217217,94,quantile,1
2022-07-01,6744.14637824973,18541.46038860042,377.2463048589983,93,quantile,1
2022-07-05,-4640.511296867873,20000.0,-1.4210854715202004e-13,96,quantile,1
2022-07-06,-4278.978447972159,19572.564919886976,-11.903105446526098,96,quantile,1
2022-07-07,12320.430268899565,19761.20816806628,-559.082944722346,96,quantile,1
2022-07-08,4934.06256106827,19286.959387785293,-442.7733977757648,96,quantile,1
2022-07-11,-3228.0293979798853,20000.0,5.684341886080802e-14,94,quantile,1
2022-07-12,-2773.2472759207494,19683.48436429505,224.22491904811469,94,quantile,1
2022-07-13,17405.25033089566,19744.907745798675,-229.47736253720893,94,quantile,1
2022-07-14,-17348.350941777662,19673.97593220622,-134.12054731936294,94,quantile,1
2022-07-15,22554.188278380014,19975.44668300842,-47.837558429681536,94,quantile,1
2022-07-18,8453.786964953675,19999.999999999996,1.9895196601282805e-13,96,quantile,1
2022-07-19,-24767.774989699108,20422.177140161548,-1245.1259578689712,96,quantile,1
2022-07-20,21280.420293148738,20180.155588678288,-1168.916089466197,96,quantile,1
2022-07-21,7568.759606079455,19437.660049686885,-1469.8159030443967,96,quantile,1
2022-07-22,-5535.805076399432,19504.746125188653,-1868.2775530656638,96,quantile,1
2022-07-25,-13992.947819973973,19999.999999999996,0.0,96,quantile,1
2022-07-26,-2029.4092025818322,20253.707805727045,-329.93921133211643,96,quantile,1
2022-07-27,16040.476032437073,18749.155004777353,-84.25487341469685,95,quantile,1
2022-07-28,-5354.514730324952,18215.93320548706,-712.9785374290744,95,quantile,1
2022-07-29,15943.845382773805,17343.78904551061,-439.68478228114526,95,quantile,1
2022-08-01,-9446.938431501087,20000.0,2.842170943040401e-14,94,quantile,1
2022-08-02,-474.99909283195257,20055.483744071866,-392.3123218501221,94,quantile,1
2022-08-03,5541.736565246189,19677.65150346694,-592.895157269867,94,quantile,1
2022-08-04,5032.640345176698,19372.914155042068,-643.5189619305776,94,quantile,1
2022-08-05,304.2185235016231,18869.981813104245,-723.6781100984947,94,quantile,1
2022-08-08,-10633.608995076549,20000.0,8.526512829121202e-14,94,quantile,1
2022-08-09,8839.498214190206,19689.028327236316,-142.3847912957212,94,quantile,1
2022-08-10,-4803.247017722167,19369.911558582884,-761.6045354524791,94,quantile,1
2022-08-11,5086.502519699046,18906.38794040224,-512.5716011293413,94,quantile,1
2022-08-12,7608.186766832367,17765.788547638094,-492.8403141991048,94,quantile,1
2022-08-15,3710.05687885236,20000.0,-1.1368683772161603e-13,94,quantile,1
2022-08-16,-4929.252939840211,19316.048747530705,-30.901877451997734,94,quantile,1
2022-08-17,3235.396491437416,19263.874306136247,82.60166841622194,94,quantile,1
2022-08-18,5777.750505362047,19156.89326120891,-373.4827347277278,94,quantile,1
2022-08-19,2002.9986717415827,19321.740693304597,-564.8244799002633,94,quantile,1
2022-08-22,-6551.611769845189,20000.0,1.1368683772161603e-13,96,quantile,1
2022-08-23,-6336.429319268648,20180.789830375834,73.87736910611537,96,quantile,1
2022-08-24,-2784.7931303970363,19411.988528026515,-285.2351534813431,96,quantile,1
2022-08-25,15335.54032270555,19026.338715038306,-856.6887412436687,96,quantile,1
2022-08-26,-19576.51093444549,19480.121481582188,-677.0886914167038,96,quantile,1
2022-08-29,1189.334307145455,19999.999999999996,1.7053025658242404e-13,96,quantile,1
2022-08-30,4682.584064652889,19642.280069886277,9.292345147905536,96,quantile,1
2022-08-31,1417.7530487552642,19189.42547179375,-11.285458687239696,96,quantile,1
2022-09-01,203.73937252225724,18880.91454915619,34.73242754561369,96,quantile,1
2022-09-02,1180.580173471681,18403.389485309148,-107.51367860506167,96,quantile,1
2022-09-06,5861.067446681667,19999.999999999996,8.526512829121202e-14,98,quantile,1
2022-09-07,12961.807024230588,20519.65389922026,294.73700615241444,98,quantile,1
2022-09-08,-7960.092178326593,20539.22535509433,-137.9308459899925,98,quantile,1
2022-09-09,3546.1857011169564,20644.472228266655,-504.4640143514732,98,quantile,1
2022-09-12,-4169.709794820123,19999.999999999996,-2.842170943040401e-14,96,quantile,1
2022-09-13,1331.0305292016396,19858.830946924412,898.3629284968713,96,quantile,1
2022-09-14,3950.534610758564,19343.88635887206,844.0576933401682,96,quantile,1
2022-09-15,-4607.043875188146,18728.447416269035,807.8527789902536,96,quantile,1
2022-09-16,-1459.6315219757844,18166.793060827917,835.3018782521435,96,quantile,1
2022-09-19,9630.056717038773,20000.0,0.0,96,quantile,1
2022-09-20,-1748.362583451737,19692.913019782085,-129.69257679365356,96,quantile,1
2022-09-21,-8232.735795449642,18781.22072439705,-545.5698179651004,96,quantile,1
2022-09-22,7342.556331698803,18991.9597415523,-1833.0560651902815,96,quantile,1
2022-09-23,12910.294590020425,20320.09804202358,-1295.4009561369285,96,quantile,1
2022-09-26,-14871.787959484307,20000.0,2.842170943040401e-14,98,quantile,1
2022-09-27,9455.032613216621,19918.462549620657,524.7825321506041,98,quantile,1
2022-09-28,-23208.621956927764,20623.458847728703,-5.335765214555408,98,quantile,1
2022-09-29,-21675.123997403196,21124.65729662468,-2222.4075588690785,98,quantile,1
2022-09-30,-5984.97941660212,22888.26105604771,-3860.7151230453005,98,quantile,1
2022-10-03,6158.180841856085,19999.999999999996,5.684341886080802e-14,98,quantile,1
2022-10-04,9574.875860541033,19326.30682174401,-256.98286354038476,97,quantile,1
2022-10-05,-7774.879790518701,19074.914234985823,-371.2288702833772,97,quantile,1
2022-10-06,-8435.269960740407,18555.340805520696,84.77448809753965,97,quantile,1
2022-10-07,-4836.117258132505,17914.72516842199,453.600582127816,97,quantile,1
2022-10-10,3099.4957179332823,20000.0,0.0,98,quantile,1
2022-10-11,5163.882307992895,19811.174476460794,-72.61052851772732,98,quantile,1
2022-10-12,-18092.317058265366,18701.497488872206,696.3681017755412,98,quantile,1
2022-10-13,18019.82395319103,19385.136334437426,153.66149948423242,98,quantile,1
2022-10-14,4315.154523701029,18641.38741555934,514.0233461963526,98,quantile,1
2022-10-17,11345.28462556204,19999.999999999996,-5.684341886080802e-14,98,quantile,1
2022-10-18,7148.177672902458,19959.093640549127,-589.3799891283913,98,quantile,1
2022-10-19,-7846.94181334497,19310.85541315001,-212.1341992509357,98,quantile,1
2022-10-20,-12082.333265298992,18436.092583483314,372.4126433512963,98,quantile,1
2022-10-21,15484.94689169902,18307.40335109327,-291.3826491024091,98,quantile,1
2022-10-24,-2002.885793978614,19999.999999999996,-2.842170943040401e-14,98,quantile,1
2022-10-25,5711.113694484441,20605.738534797383,-365.50150868555113,98,quantile,1
2022-10-26,16547.915935764242,19743.073113959843,-60.464480912019496,98,quantile,1
2022-10-27,-18833.285888536007,19215.580269848437,77.86628252953201,98,quantile,1
2022-10-28,-6999.185853095989,19053.59054041757,-1506.5361583565152,98,quantile,1
2022-10-31,-5662.235848484458,20000.0,1.1368683772161603e-13,98,quantile,1
2022-11-01,439.80499014696716,19515.388888366222,-169.35834690309005,98,quantile,1
2022-11-02,1900.3573509670305,19762.61957975508,310.94576520983617,98,quantile,1
2022-11-03,-1276.124483810785,19421.979710659376,482.38332247725555,98,quantile,1
2022-11-04,822.0435241396407,18768.140138090752,344.1723048422353,98,quantile,1
2022-11-07,1791.4671061645145,20000.0,-1.4210854715202004e-13,98,quantile,1
2022-11-08,-2189.2294442520856,19417.300573913246,120.21378043023364,98,quantile,1
2022-11-09,3398.1378899229294,19827.576263093808,221.3770128287007,98,quantile,1
2022-11-10,-41255.1904339318,20903.279390997053,823.9074685651789,98,quantile,1
2022-11-11,-13635.571100954545,20833.16108745989,710.5558197174298,98,quantile,1
2022-11-14,6150.52024682974,20000.0,-1.4210854715202004e-13,98,quantile,1
2022-11-15,-7167.335685445298,19995.5341052434,129.82882735014414,98,quantile,1
2022-11-16,-762.6300588026128,19828.224076326343,153.98906819555543,98,quantile,1
2022-11-17,-10250.583005654782,19701.536436815284,-60.107165751485724,98,quantile,1
2022-11-18,6595.248318368218,18804.99015239348,294.97647133618534,98,quantile,1
2022-11-21,6969.282027317205,20000.0,8.526512829121202e-14,98,quantile,1
2022-11-22,-2303.502316410946,18146.53842003063,-587.8166992227693,98,quantile,1
2022-11-23,3877.765287134202,17487.578857378674,159.234142899464,98,quantile,1
2022-11-25,-2610.719376739998,16516.296849406288,150.0078297191485,98,quantile,1
2022-11-28,-3938.3644526749667,20000.0,0.0,98,quantile,1
2022-11-29,4010.4860718437326,19749.48882202831,13.111277765929145,98,quantile,1
2022-11-30,-6405.434680201606,18984.82216011848,187.78248817207202,98,quantile,1
2022-12-01,-737.3832620738136,18616.02276185458,-57.238010621023676,98,quantile,1
2022-12-02,4239.583004965252,18405.185759220873,-9.089304282170076,98,quantile,1
2022-12-05,-10674.99682366768,19999.999999999996,-1.1368683772161603e-13,98,quantile,1
2022-12-06,188.02452312282924,19681.532609680635,-80.67481682968264,98,quantile,1
2022-12-07,-4372.544339116035,19777.63627095857,-6.090302607208912,98,quantile,1
2022-12-08,1412.1653244390623,19174.534986265164,-119.86888072341182,98,quantile,1
2022-12-09,4638.916571854015,19150.10110357421,-89.60949045123809,98,quantile,1
2022-12-12,2554.7470222618426,20000.0,1.4210854715202004e-13,98,quantile,1
2022-12-13,-441.97852283481234,19583.73475725803,37.297661573599726,98,quantile,1
2022-12-14,-4771.461633772204,19070.897552759172,-8.614426276790738,98,quantile,1
2022-12-15,3495.7244040438586,18643.21058504173,-100.98305010236388,98,quantile,1
2022-12-16,-2722.71136451155,17956.78836198014,42.13288463428219,98,quantile,1
2022-12-19,-7661.5961709064595,19999.999999999996,1.1368683772161603e-13,98,quantile,1
2022-12-20,6912.691016938513,19506.087232940365,33.241020282355436,98,quantile,1
2022-12-21,-1651.244167206005,19674.700445847466,-79.51120191085502,98,quantile,1
2022-12-22,14266.54576457051,18964.78233696733,-123.91396897460149,98,quantile,1
2022-12-23,-7326.447250652821,18650.277268727245,-63.49135079541037,98,quantile,1
2022-12-27,8386.1088202312,19999.999999999996,-2.842170943040401e-14,98,quantile,1
2022-12-28,1787.0361708972707,20054.984888867308,-1.1323509300009107,98,quantile,1
2022-12-29,-19184.656940015295,20082.2066101261,-804.5311920575116,98,quantile,1
2022-12-30,2619.1580171777787,19444.4382370628,-711.6912694780852,98,quantile,1
2023-01-03,11883.864657869839,20000.0,5.684341886080802e-14,98,quantile,1
2023-01-04,-2995.815044364148,19598.7869770995,53.98496495720522,98,quantile,1
2023-01-05,-5191.187835434933,19102.896075771503,-6.178047645251837,98,quantile,1
2023-01-06,-515.6682718353592,18510.938214037462,-113.9841995430007,98,quantile,1
2023-01-09,2272.4971072510866,19999.999999999996,2.842170943040401e-14,98,quantile,1
2023-01-10,2328.906353296507,20147.259215213697,260.6231160041309,98,quantile,1
2023-01-11,-6574.3551151954525,19685.373713055364,610.0897925740892,98,quantile,1
2023-01-12,5165.944212791743,19148.322475337383,569.0685697695608,98,quantile,1
2023-01-13,4391.203548801353,18709.006520016843,264.1567954962374,98,quantile,1
2023-01-17,-76.73718183754147,20000.0,-1.4210854715202004e-13,98,quantile,1
2023-01-18,-11223.574339749981,20635.10489965722,349.5154813686368,98,quantile,1
2023-01-19,865.5947972771899,21045.599694369073,900.7509326385509,98,quantile,1
2023-01-20,-11558.766354277977,19596.45898425093,372.8769964610814,98,quantile,1
2023-01-23,-7929.656850900603,20000.0,1.9895196601282805e-13,98,quantile,1
2023-01-24,10966.628767124144,20239.636677542996,569.7848232045905,98,quantile,1
2023-01-25,6695.16770250132,20821.835219294182,383.23821465098763,98,quantile,1
2023-01-26,-9582.554648371812,19799.117113600532,-181.3939254020878,98,quantile,1
2023-01-27,6663.31589626908,19557.815075455088,760.0060324752696,98,quantile,1
2023-01-30,-13144.986038488323,19999.999999999996,0.0,98,quantile,1
2023-01-31,-1878.0108322365454,19102.43142487552,-32.846580031749085,98,quantile,1
2023-02-01,-699.9732829591912,18521.429542197522,-57.63053913712611,98,quantile,1
2023-02-02,-10360.2503986337,18145.180434733113,130.94756327754573,98,quantile,1
2023-02-03,12042.69527612835,18408.275900929417,87.15066822766596,98,quantile,1
2023-02-06,-10908.516269561576,20000.0,-2.842170943040401e-14,98,quantile,1
2023-02-07,828.9909655261714,19968.425331867806,347.42964356408334,98,quantile,1
2023-02-08,-1355.664584575691,19731.5060648306,914.8865159055463,98,quantile,1
2023-02-09,-9297.644248085071,19593.9234433524,1457.6039778332358,98,quantile,1
2023-02-10,6643.998136180701,19227.382752909827,1307.930441343103,98,quantile,1
2023-02-13,-7074.28357509941,19999.999999999996,5.684341886080802e-14,98,quantile,1
2023-02-14,3750.0341242435015,20473.866829227976,802.4002438039583,98,quantile,1
2023-02-15,-13152.963287263148,19064.49769103092,19.812227551604792,98,quantile,1
2023-02-16,-4244.125666027669,18893.94233194139,59.00236419977111,98,quantile,1
2023-02-17,8754.65458595738,18393.120631844824,-483.73955192370863,98,quantile,1
2023-02-21,-2660.1087147943645,20000.0,-1.1368683772161603e-13,96,quantile,1
2023-02-22,-1226.642820369721,19259.49907163014,-121.65679904517816,96,quantile,1
2023-02-23,-7449.125225492127,17833.49646834819,682.8583232760632,96,quantile,1
2023-02-24,3839.009304128669,17698.267347323686,-157.48267774977376,96,quantile,1
2023-02-27,6514.878494347326,19999.999999999996,2.842170943040401e-14,98,quantile,1
2023-02-28,-1226.5740966474866,19696.449515038104,-11.937250970025104,98,quantile,1
2023-03-01,519.7944892934308,19234.0440442491,84.0131433575711,98,quantile,1
2023-03-02,3549.7159045186577,18868.75149199497,54.452293433063716,98,quantile,1
2023-03-03,-4112.07795134218,18513.25651163805,21.260099792817016,98,quantile,1
2023-03-06,840.3177031465653,19999.999999999996,5.684341886080802e-14,98,quantile,1
2023-03-07,-4431.32341242521,19603.438388454175,349.840436234923,98,quantile,1
2023-03-08,-3831.2387293729007,19517.05499868093,205.2834039018669,98,quantile,1
2023-03-09,-6109.904789718,18811.246918038138,282.5575632913498,98,quantile,1
2023-03-10,-17007.989429479996,17731.57981332267,407.5863270596077,98,quantile,1
2023-03-13,-17105.1316165109,19999.999999999996,5.684341886080802e-14,98,quantile,1
2023-03-14,1029.2479674613169,19885.247103790596,-381.1072512826606,98,quantile,1
2023-03-15,22428.288408974946,20052.01549235539,212.58327538098254,98,quantile,1
2023-03-16,-6709.749729052015,20061.820714084788,239.15649551494374,98,quantile,1
2023-03-17,-15915.06905302871,19116.381330302695,464.44979214354885,98,quantile,1
2023-03-20,8720.77965880601,20000.0,8.526512829121202e-14,97,quantile,1
2023-03-21,23213.379825612777,19849.766554838014,-375.82172672595436,96,quantile,1
2023-03-22,-25261.036658029574,18811.123366761603,-58.69487130354881,96,quantile,1
2023-03-23,-24882.114888681757,18569.597164386905,-932.6654591260492,96,quantile,1
2023-03-24,-5039.678330877904,18314.466400448375,-1322.1126775376647,96,quantile,1
2023-03-27,37507.79414540327,20000.0,2.842170943040401e-14,98,quantile,1
2023-03-28,6597.675177125727,19270.50387774073,-2.0770110950298317,98,quantile,1
2023-03-29,18394.400623798083,20166.15975997202,887.026773752287,98,quantile,1
2023-03-30,2533.5219689811597,19883.405138280563,314.6339915494856,98,quantile,1
2023-03-31,15558.12594739722,19587.26193399009,232.0306081070204,98,quantile,1
2023-04-03,17916.84684721843,20000.0,-5.684341886080802e-14,98,quantile,1
2023-04-04,2671.980052281434,19474.67844009909,193.15967122370543,97,quantile,1
2023-04-05,-3206.568903725266,19264.392507532168,-126.73613826698346,97,quantile,1
2023-04-06,265.19433195854896,18885.37563983796,-90.75344515341317,97,quantile,1
2023-04-10,8626.833970754127,19791.666666666664,208.33333333333337,95,quantile,1
2023-04-11,4392.808322790709,19557.246698356306,89.90254673801275,95,quantile,1
2023-04-12,154.03766323901445,19203.9722384097,39.34892860231537,95,quantile,1
2023-04-13,5822.52035795353,18802.923245114605,-49.91570305996203,95,quantile,1
2023-04-14,2468.0149827400855,18711.28162230829,-77.3487618897673,95,quantile,1
2023-04-17,6327.49465596084,20000.0,2.842170943040401e-14,98,quantile,1
2023-04-18,-3724.4432016375013,20023.091772174077,-311.25809940910267,98,quantile,1
2023-04-19,1619.6750612154935,19805.932773986544,-435.9147650664438,98,quantile,1
2023-04-20,17519.06960047361,19567.70607952786,-631.7230493479778,98,quantile,1
2023-04-21,-12542.787673875298,18934.344292793146,-347.8496386457099,98,quantile,1
2023-04-24,4922.6396874123975,19999.999999999996,-8.526512829121202e-14,98,quantile,1
2023-04-25,-38327.12506871985,20015.94874173102,-366.4410232248091,98,quantile,1
2023-04-26,-9135.882885794754,19594.331157211214,-469.31832436453897,98,quantile,1
2023-04-27,10602.473873840077,18395.640278019862,-328.92700142722424,98,quantile,1
2023-04-28,-15841.253919292956,18285.969723292914,-617.1309303778756,98,quantile,1
2023-05-01,16466.383176673815,19999.999999999996,2.5579538487363607e-13,98,quantile,1
2023-05-02,-33855.19630319693,19163.204431056285,797.6758384210856,98,quantile,1
2023-05-03,-13040.300713418193,18688.97224146048,1121.2952607796767,97,quantile,1
2023-05-04,-29840.10596484829,18437.555674688316,1058.948458707273,97,quantile,1
2023-05-05,15388.560759708378,18192.494730858623,359.96244710722215,97,quantile,1
2023-05-08,9337.947375917563,19999.999999999996,1.1368683772161603e-13,96,quantile,1
2023-05-09,9709.123835396962,19682.091857873613,242.82336406581123,96,quantile,1
2023-05-10,8896.845474208167,18749.25179149243,140.5996900979516,96,quantile,1
2023-05-11,-3671.8388915158976,18022.34028227533,294.41463726727113,96,quantile,1
2023-05-12,-861.6462254994585,17527.503298271007,126.80328983758758,96,quantile,1
2023-05-15,8469.892381407435,19999.999999999996,8.526512829121202e-14,96,quantile,1
2023-05-16,-7308.691421182055,19133.48339077848,-102.89735048915122,96,quantile,1
2023-05-17,-6455.5097762758105,19023.77019052486,-779.1052792004957,96,quantile,1
2023-05-18,54.61254890982627,19874.94105776743,-119.86954003184516,96,quantile,1
2023-05-19,570.7650333985831,19436.616419945563,-286.84028767372746,96,quantile,1
2023-05-22,8989.227425968771,20000.0,1.4210854715202004e-13,96,quantile,1
2023-05-23,14645.953422118795,20228.610966008502,723.4595664229713,96,quantile,1
2023-05-24,-10172.316428079328,19675.514999923067,1356.2453856815293,96,quantile,1
2023-05-25,22071.358523572624,18848.335616865905,1345.7782356855819,96,quantile,1
2023-05-26,16804.445271836412,18562.213050701394,1167.5857505685087,96,quantile,1
2023-05-30,4233.761222675509,19999.999999999996,-2.842170943040401e-14,96,quantile,1
2023-05-31,-11891.670098617471,19448.358311553333,-328.5004340289065,95,quantile,1
2023-06-01,10128.515834719143,19186.488484337387,-479.3603528839476,95,quantile,1
2023-06-02,-8421.428461680895,18761.04979680831,-472.4716012936217,95,quantile,1
2023-06-05,4839.222336748131,19999.999999999996,-2.842170943040401e-14,96,quantile,1
2023-06-06,-6709.476245427627,19296.994686634964,358.9262343539358,96,quantile,1
2023-06-07,-2175.806796541305,18674.452041575387,623.582693490216,96,quantile,1
2023-06-08,11491.616974376242,18180.42474230972,489.54973193627177,96,quantile,1
2023-06-09,586.8300014925692,18127.772437453423,232.87590849521058,96,quantile,1
2023-06-12,-5121.709198627631,20000.0,-8.526512829121202e-14,96,quantile,1
2023-06-13,6477.54496151792,18449.643876855487,-610.4117028721021,96,quantile,1
2023-06-14,25.810603485629088,18498.723109145427,-958.2186316012455,96,quantile,1
2023-06-15,8106.071069143022,17517.704385310946,-2108.9557142252074,96,quantile,1
2023-06-16,18969.841967878252,17281.902636776653,-1889.7964637689024,96,quantile,1
2023-06-20,1526.5909174485666,20000.0,-1.4210854715202004e-13,96,quantile,1
2023-06-21,13817.483728869833,19759.778252998603,439.08905635049854,96,quantile,1
2023-06-22,-8428.254480256048,19800.475806930317,578.4865041127991,96,quantile,1
2023-06-23,-6254.100332383833,19643.663968981902,961.3952575833994,96,quantile,1
2023-06-26,17942.15766936518,19999.999999999996,1.1368683772161603e-13,96,quantile,1
2023-06-27,-2974.4130303711977,19191.3751652515,-993.4553705920787,96,quantile,1
2023-06-28,8177.051150778651,18974.816056799573,-472.328229409296,96,quantile,1
2023-06-29,4480.86253013144,17682.86311943759,-832.772778958378,96,quantile,1
2023-06-30,-565.2752120990156,16551.8139031333,-1194.4722152858053,96,quantile,1
2023-07-03,6942.03706067309,20000.0,0.0,98,quantile,1
2023-07-05,3058.7432202271625,19486.2023091289,-11.634144211359086,98,quantile,1
2023-07-06,2050.892751507543,19047.464322339554,-132.5607652593223,98,quantile,1
2023-07-07,5698.55692166947,18911.781486908214,-186.64158720008618,98,quantile,1
2023-07-10,8407.143900466273,19999.999999999996,5.684341886080802e-14,98,quantile,1
2023-07-11,-8379.271068120093,19589.07867869872,-247.15525809958305,98,quantile,1
2023-07-12,-5630.941024239229,19150.886804110858,-417.8622875134963,98,quantile,1
2023-07-13,1997.0136012705918,18803.929735481364,-363.13541233905306,98,quantile,1
2023-07-14,2808.0810293111917,18740.363269807127,-175.6180303091047,98,quantile,1
2023-07-17,-1666.5038882159797,20000.0,1.7053025658242404e-13,98,quantile,1
2023-07-18,64.50206030112996,19507.14292661906,-220.46564742945986,98,quantile,1
2023-07-19,-8837.318659835455,18426.24016136378,-92.4291440221138,98,quantile,1
2023-07-20,-2851.946136243275,17670.65522011035,-430.62853420106114,98,quantile,1
2023-07-21,2309.5967245541224,17278.08579977789,-395.01277119549803,98,quantile,1
2023-07-24,1084.563537437186,19999.999999999996,-1.9895196601282805e-13,98,quantile,1
2023-07-25,-9028.665074492978,19982.21029292768,209.36096961586725,98,quantile,1
2023-07-26,3126.1593142370634,19447.154973308152,-430.0445941296964,98,quantile,1
2023-07-27,-7060.738720804677,19948.103051300815,-652.115363804021,98,quantile,1
2023-07-28,393.03473635611874,19071.44042325842,-268.4716919693439,98,quantile,1
2023-07-31,1152.4001043081037,20000.0,1.1368683772161603e-13,98,quantile,1
2023-08-01,-2714.7271015792753,19510.606551417346,193.40893687150123,98,quantile,1
2023-08-02,-2334.6362420280284,19210.963012155415,596.8900108728476,98,quantile,1
2023-08-03,-894.9194169633339,18687.93648836246,698.1649549335061,98,quantile,1
2023-08-04,4534.455076118587,18256.509350927558,799.1722082147628,98,quantile,1
2023-08-07,1512.9735254068041,20000.0,1.4210854715202004e-13,98,quantile,1
2023-08-08,3477.117022869992,19797.085998085255,966.8765506705207,98,quantile,1
2023-08-09,-1030.7235788795247,20605.586698147363,1719.1849151710421,98,quantile,1
2023-08-10,6588.93251390727,19977.233622527805,1702.0572427958218,98,quantile,1
2023-08-11,-7348.599926398909,19277.575425074207,1709.9165171434565,98,quantile,1
2023-08-14,-9686.933013774049,19999.999999999996,-5.684341886080802e-14,98,quantile,1
2023-08-15,-4742.94330691242,22717.89660613284,3965.792809936573,98,quantile,1
2023-08-16,-2085.7267185252817,22690.946025795263,3875.5442415972902,98,quantile,1
2023-08-17,6627.824739969238,22432.6703121614,4160.423298345468,98,quantile,1
2023-08-18,1106.4372058494037,21547.484969659883,3754.938771090545,98,quantile,1
2023-08-21,-16805.371743594333,19999.999999999996,2.842170943040401e-14,96,quantile,1
2023-08-22,-14927.527599179886,20070.771956748977,-957.1424184330747,96,quantile,1
2023-08-23,16409.13571877313,19371.863599610086,-1143.8832402520216,96,quantile,1
2023-08-24,-4119.35258225503,19520.842054641915,-915.2832547877481,96,quantile,1
2023-08-25,1952.049307232422,19259.32780210376,-2077.2697661377033,96,quantile,1
2023-08-28,2387.036828026706,20000.0,1.7053025658242404e-13,98,quantile,1
2023-08-29,5709.869200931542,19531.203685269225,28.394497756317236,98,quantile,1
2023-08-30,-802.3613021184987,19063.59602402746,-70.08558394514216,98,quantile,1
2023-08-31,-4107.282771608472,18636.740462639227,116.5567875212671,98,quantile,1
2023-09-01,4156.784609401288,17993.963350884114,10.996543781885123,98,quantile,1
2023-09-05,3436.209666282675,19999.999999999996,-8.526512829121202e-14,96,quantile,1
2023-09-06,-4367.819279642624,19616.753059193023,100.419898224083,96,quantile,1
2023-09-07,-4367.679655447877,19315.658473107993,54.80619359468065,96,quantile,1
2023-09-08,2002.5226050439267,19013.420779655302,-134.3485501933587,96,quantile,1
2023-09-11,-543.0726787573635,19999.999999999996,-2.842170943040401e-14,96,quantile,1
2023-09-12,-13637.296639287302,19335.3627519385,100.71271555739568,96,quantile,1
2023-09-13,5712.084950830878,19422.805805988464,297.5861670856499,96,quantile,1
2023-09-14,-1244.4004470637176,18698.261991422198,65.02936771459181,96,quantile,1
2023-09-15,1115.7192672847634,18819.16155589312,612.5803554298185,96,quantile,1
2023-09-18,2819.0953404374754,20000.0,2.842170943040401e-14,96,quantile,1
2023-09-19,1296.4794193975172,19631.250629906688,641.2306346900024,96,quantile,1
2023-09-20,-4367.9123551640205,18981.21773875047,898.9518797933789,96,quantile,1
2023-09-21,6996.469964285562,20856.25195680601,134.4923812894055,96,quantile,1
2023-09-22,-2762.569116554675,19812.609599852945,213.1484250570507,96,quantile,1
2023-09-25,-2027.5577179637285,20000.0,1.7053025658242404e-13,98,quantile,1
2023-09-26,-3381.062071420062,20919.621405208152,-1187.820666769742,98,quantile,1
2023-09-27,11482.519012796089,20435.031997971826,-469.31655349017717,98,quantile,1
2023-09-28,-12999.446780627062,20806.33267199634,-1234.2131288097282,98,quantile,1
2023-09-29,-4074.1845393975404,20476.42891894138,-1177.2941964755307,98,quantile,1
2023-10-02,-15538.863157463838,20000.0,-5.684341886080802e-14,98,quantile,1
2023-10-03,-4532.381485449752,19741.59954833794,-220.96370838567913,98,quantile,1
2023-10-04,7789.227811461844,19391.136112400225,-234.43410850946572,98,quantile,1
2023-10-05,-10130.438674251116,19000.22946177881,-152.91639278258856,98,quantile,1
2023-10-06,-6078.06602787528,18579.09552212922,-270.5190719644833,98,quantile,1
2023-10-09,6098.363863263196,19999.999999999996,2.842170943040401e-14,98,quantile,1
2023-10-10,3782.26973532062,19820.75301133891,-70.84985829578864,98,quantile,1
2023-10-11,-3781.442323473068,19060.17550544237,-38.09506685647426,98,quantile,1
2023-10-12,-13509.186951136056,18522.007048132236,402.7507809622723,98,quantile,1
2023-10-13,-2488.4130050408876,18336.175799876506,109.20316688745652,98,quantile,1
2023-10-16,3603.7969244388964,20000.0,5.684341886080802e-14,98,quantile,1
2023-10-17,-5962.680165626247,19632.1148493928,-276.05753326130935,98,quantile,1
2023-10-18,1761.678680854203,19389.151781124885,65.41639151325117,98,quantile,1
2023-10-19,8043.509775583469,19169.13801230677,258.07004754091787,98,quantile,1
2023-10-20,1705.5139081166783,19351.26688670824,1015.666594822656,98,quantile,1
2023-10-23,-7312.942751648871,19999.999999999996,1.7053025658242404e-13,98,quantile,1
2023-10-24,-6977.804387636763,20206.600761953898,-295.2467279498653,98,quantile,1
2023-10-25,14653.14414203702,19895.85105645011,-152.7023405185905,98,quantile,1
2023-10-26,-2198.8280277063172,20078.49809718025,166.33838932010474,98,quantile,1
2023-10-27,1928.7026717048452,19902.54956929076,220.30924142796644,98,quantile,1
2023-10-30,1121.3124283537027,19999.999999999996,-2.842170943040401e-14,98,quantile,1
2023-10-31,-2843.4726335837813,19532.64226633849,-135.87932708510718,98,quantile,1
2023-11-01,-10047.835437719188,19005.912839565455,-158.896476064975,98,quantile,1
2023-11-02,-2979.886829684591,18137.877118954322,-354.0234629234966,98,quantile,1
2023-11-03,5872.188119134053,17667.352251774882,-470.8809021800995,98,quantile,1
2023-11-06,459.3739832431929,20000.0,-5.684341886080802e-14,98,quantile,1
2023-11-07,-202.52439341633544,20467.25677308071,652.3998530027508,98,quantile,1
2023-11-08,7009.12918449987,19799.571605634817,568.259424317001,98,quantile,1
2023-11-09,4372.173769829012,20119.62131430685,1172.213462307489,98,quantile,1
2023-11-10,2784.0902659020026,19242.098029286386,-182.2158765225298,98,quantile,1
2023-11-13,3083.7156766924295,19999.999999999996,-8.526512829121202e-14,98,quantile,1
2023-11-14,-7690.53319252399,22323.29863145495,2731.9614703224197,98,quantile,1
2023-11-15,-15073.444465582774,23443.289552124006,3606.7404459314503,98,quantile,1
2023-11-16,11571.45504304861,25714.915602684003,3687.1062096243186,98,quantile,1
2023-11-17,-18334.414069269882,25810.560935327903,4038.262838719509,98,quantile,1
2023-11-20,5530.049612020168,19999.999999999996,0.0,96,quantile,1
2023-11-21,24005.81490553942,22899.874565572205,2143.3831981528297,96,quantile,1
2023-11-22,-1727.0471361797458,20125.345084551507,1209.178236122014,96,quantile,1
2023-11-24,-6431.836338179065,23109.471092267326,4944.964994337082,96,quantile,1
2023-11-27,3737.663987740494,19999.999999999996,-8.526512829121202e-14,98,quantile,1
2023-11-28,-3479.75799811573,19767.96397849387,-109.97006281619639,98,quantile,1
2023-11-29,11048.23705986801,19064.066873126085,-140.1292556069587,98,quantile,1
2023-11-30,461.79606927331486,18637.25968783982,-105.93278720913,98,quantile,1
2023-12-01,-8328.44205797945,17494.80639207134,69.51804536454745,98,quantile,1
2023-12-04,-7999.799425890583,20000.0,-5.684341886080802e-14,98,quantile,1
2023-12-05,1038.7009822443247,20372.95220135825,277.9737743374168,98,quantile,1
2023-12-06,939.7634723221738,19808.436415425775,889.2058080428596,98,quantile,1
2023-12-07,375.1603430883673,19572.061218080784,1292.3649553725254,98,quantile,1
2023-12-08,-3560.148275817624,19281.595236629626,978.5431020195906,98,quantile,1
2023-12-11,-2068.289048207871,20000.0,0.0,98,quantile,1
2023-12-12,1733.6108586601786,19878.471614847895,-389.97272118275976,98,quantile,1
2023-12-13,-16226.410909048405,17625.20907966028,-854.1283430317252,98,quantile,1
2023-12-14,-11095.492221932642,18440.369836116286,-1780.762569863727,98,quantile,1
2023-12-15,-5344.1515099020135,19003.02983354744,-1516.677148529268,98,quantile,1
2023-12-18,1306.2508403923403,20000.0,-2.2737367544323206e-13,98,quantile,1
2023-12-19,-4433.960926310004,20736.226437590856,1339.451100522557,98,quantile,1
2023-12-20,20273.05153225599,22998.17941755409,2317.4844892156157,98,quantile,1
2023-12-21,-30473.59056336137,22069.075754155085,244.58545475590003,98,quantile,1
2023-12-22,-5217.011885353906,24752.92437527813,28.80188629995999,98,quantile,1
2023-12-26,9008.596066050706,20000.0,1.1368683772161603e-13,98,quantile,1
2023-12-27,-3979.030707742303,18239.58566213349,-895.8519826674288,98,quantile,1
2023-12-28,16715.778395295943,17727.73561789754,253.67678168220442,98,quantile,1
2023-12-29,5488.153429478481,17799.997037155303,121.92221069023122,98,quantile,1
2024-01-02,-9961.333178242037,20000.0,5.684341886080802e-14,98,quantile,1
2024-01-03,-645.0634250035313,19503.700676988938,131.74379744224282,98,quantile,1
2024-01-04,-2300.865205011694,19247.126884060264,182.9726839841807,98,quantile,1
2024-01-05,765.6130308017305,20381.286431637913,1628.872111605373,98,quantile,1
2024-01-08,3983.7435355282005,20000.0,0.0,98,quantile,1
2024-01-09,5377.927374168198,19521.78291721371,11.707930071275626,98,quantile,1
2024-01-10,3297.2329172108307,19038.3705276817,34.164966185754736,98,quantile,1
2024-01-11,532.4932142885033,18343.319425664235,-102.7460642869506,98,quantile,1
2024-01-12,-761.033630205759,17921.627367254838,-98.97349322160176,98,quantile,1
2024-01-16,738.249923478715,20000.0,8.526512829121202e-14,98,quantile,1
2024-01-17,3267.20000691315,19231.211291861848,-13.485434338075919,98,quantile,1
2024-01-18,-4856.701323860288,18606.629188660587,113.42876254664654,98,quantile,1
2024-01-19,116.1784220814128,18615.009399762414,-442.981553131316,98,quantile,1
2024-01-22,668.3479324394973,19999.999999999996,-1.4210854715202004e-13,98,quantile,1
2024-01-23,-4084.339257497564,19728.35689908345,3.9203421933572145,98,quantile,1
2024-01-24,-1728.5543366068468,19522.729311503903,118.19874045095537,98,quantile,1
2024-01-25,-2896.0522769768872,19347.379967381796,25.772519616296023,98,quantile,1
2024-01-26,10603.384009906636,18798.28723600461,268.26880545196815,98,quantile,1
2024-01-29,-8062.865046115376,20000.0,-5.684341886080802e-14,98,quantile,1
2024-01-30,6622.634291959934,19410.291046546474,-343.5259823213054,98,quantile,1
2024-01-31,4196.456225075339,19182.225295881242,252.900344726021,98,quantile,1
2024-02-01,-6346.194627870493,18659.376189149465,-216.76936061187885,98,quantile,1
2024-02-02,1768.7406438784458,18195.85466533653,-105.83076956497284,98,quantile,1
2024-02-05,-13492.34384784601,19999.999999999996,5.684341886080802e-14,98,quantile,1
2024-02-06,-9568.1990882012,20130.412657158227,-1059.590513393975,98,quantile,1
2024-02-07,14393.050768960653,19121.969651101488,-1070.7190919035,98,quantile,1
2024-02-08,-8675.948742363222,18697.72751035438,-1398.8607634799873,98,quantile,1
2024-02-09,351.3009927502271,18149.28314537506,-644.3110095696965,98,quantile,1
2024-02-12,-19269.202303382594,20000.0,0.0,98,quantile,1
2024-02-13,16512.049566962483,20572.458557594025,1745.7909507125828,98,quantile,1
2024-02-14,-5765.778699780697,18992.9416748789,1260.9934318241171,98,quantile,1
2024-02-15,4468.595572920435,19232.80107461122,169.98536271709145,98,quantile,1
2024-02-16,-525.2487773541028,19087.137720384562,317.6827906441921,98,quantile,1
2024-02-20,11413.503802983767,20000.0,2.842170943040401e-14,98,quantile,1
2024-02-21,-3159.9135142174714,19372.784404412156,-155.8918718625307,98,quantile,1
2024-02-22,-2743.7898998388773,17217.08379081913,-1198.0432583741633,98,quantile,1
2024-02-23,7766.858806068959,16147.793137651,-1740.195019452154,98,quantile,1
2024-02-26,-238423.24174442075,19999.999999999996,5.684341886080802e-14,98,quantile,1
2024-02-27,-13759.341933767948,19527.047793292746,187.12646900664137,98,quantile,1
2024-02-28,4446.25284477162,19268.50561636683,86.92499779760814,98,quantile,1
2024-02-29,113.80126559602581,18759.093619283973,102.83241182142766,98,quantile,1
2024-03-01,-2351.7854600806927,18273.184092713822,276.8091957860938,98,quantile,1
2024-03-04,-12277.325126624673,20000.0,1.9895196601282805e-13,98,quantile,1
2024-03-05,13129.941940078035,20391.63729224591,160.2890086919024,98,quantile,1
2024-03-06,-15081.72199472655,19775.627539880927,-603.6336507739165,98,quantile,1
2024-03-07,3590.484605337152,18974.46596801016,-575.2424121296103,98,quantile,1
2024-03-08,4512.849734165712,19048.65448468628,-570.3961064545545,98,quantile,1
2024-03-11,2808.3261739716318,19999.999999999996,0.0,98,quantile,1
2024-03-12,-4821.580397652939,19253.703654169465,584.2804503551952,98,quantile,1
2024-03-13,406.1516627878311,18698.25272994149,-22.255813825121407,98,quantile,1
2024-03-14,6798.275132814562,19072.28278344398,477.3449970862978,98,quantile,1
2024-03-15,-8345.53407128813,18517.264454173044,459.82248125610215,98,quantile,1
2024-03-18,-4402.863682719171,19999.999999999996,-5.684341886080802e-14,96,quantile,1
2024-03-19,1001.2647986353707,19157.686518973263,-1124.7371582334226,96,quantile,1
2024-03-20,1400.282697931673,17899.82227209554,-1049.0961245865433,96,quantile,1
2024-03-21,4994.513139418935,17284.13582304119,-994.0102015443949,96,quantile,1
2024-03-22,-6414.548627126729,16989.993448260528,-664.5493992983837,96,quantile,1
2024-03-25,-18838.058869321652,20000.0,-5.684341886080802e-14,98,quantile,1
2024-03-26,6666.995280499873,21030.9265301457,490.43369978830606,98,quantile,1
2024-03-27,-6464.987280973784,18108.24066364941,-609.3088291288809,98,quantile,1
2024-03-28,-949.7750292240897,24554.678806585114,6390.807831715898,98,quantile,1
2024-04-01,21235.500687854958,19999.999999999996,5.684341886080802e-14,98,quantile,1
2024-04-02,-3002.6152784523606,19319.31447884423,185.78368846349773,97,quantile,1
2024-04-03,-991.3523217268947,18788.611411087528,115.20651775304796,97,quantile,1
2024-04-04,-9745.84202086405,18236.499393445305,227.66073208317997,97,quantile,1
2024-04-05,6488.908722572532,17769.69502047304,80.05216883433124,97,quantile,1
2024-04-08,-4543.5513736417815,20000.0,-5.684341886080802e-14,96,quantile,1
2024-04-09,4794.378753853351,19660.007251309737,-128.22573073661397,96,quantile,1
2024-04-10,3349.148549384046,18651.71310502644,-203.23407779586853,96,quantile,1
2024-04-11,17716.409825199145,18062.043575321455,-224.66238373385994,96,quantile,1
2024-04-12,-3611.838928865309,17523.189939784526,91.25357078264128,96,quantile,1
2024-04-15,-2514.764061224232,20000.0,-1.7053025658242404e-13,96,quantile,1
2024-04-16,787.9034493669209,19399.143325381967,32.987645981534854,96,quantile,1
2024-04-17,-8295.468376656381,19717.304758143855,240.93356864382866,96,quantile,1
2024-04-18,-17706.076701329715,19425.434061464777,-354.83097252338,96,quantile,1
2024-04-19,2868.4624643602765,20005.161142724977,-682.2632928658861,96,quantile,1
2024-04-22,-1346.1767196811688,19999.999999999996,1.7053025658242404e-13,98,quantile,1
2024-04-23,2411.303493403945,20476.535325592507,-100.07969180720016,98,quantile,1
2024-04-24,7218.628202075073,19677.045278853748,-423.4803054932082,98,quantile,1
2024-04-25,-16513.114634597787,18513.086149745912,-137.7075124437515,98,quantile,1
2024-04-26,-5791.728661519296,16991.703716185704,167.0164136834848,98,quantile,1
2024-04-29,-18968.41697311736,20000.0,1.4210854715202004e-13,98,quantile,1
2024-04-30,9446.541149558581,19576.332909222165,-19.63339210535989,98,quantile,1
2024-05-01,-1349.7833647442635,19152.92493575817,0.9355429730144067,98,quantile,1
2024-05-02,-965.288013889278,18597.99174656288,388.3446663358328,98,quantile,1
2024-05-03,1064.104666999334,17919.35446843743,762.8957089119599,98,quantile,1
2024-05-06,-1572.076670836129,20000.0,-1.4210854715202004e-13,98,quantile,1
2024-05-07,11093.756732977232,19820.19905591141,106.56099166755658,98,quantile,1
2024-05-08,-301.09537378156244,19327.593604608483,-19.73511339514411,98,quantile,1
2024-05-09,2158.1270788692864,18332.296264022985,29.41871099962131,98,quantile,1
2024-05-10,-4870.9257094334735,17822.03853960696,-394.48727657226385,98,quantile,1
2024-05-13,9753.71800184124,19999.999999999996,-1.1368683772161603e-13,96,quantile,1
2024-05-14,-14103.264579037084,19369.420283293246,304.1695134110562,96,quantile,1
2024-05-15,22964.633131008177,18380.412708880915,531.393613587988,96,quantile,1
2024-05-16,-14212.40533819386,17533.34296930748,243.4354416185261,96,quantile,1
2024-05-17,25136.463792331215,17384.855665881965,745.9974310291914,96,quantile,1
2024-05-20,-20626.96911416793,19999.999999999996,1.9895196601282805e-13,96,quantile,1
2024-05-21,54253.4750939968,20108.87528888729,1978.2958668028523,96,quantile,1
2024-05-22,-12294.470966472953,20970.957647067262,859.1053366079467,96,quantile,1
2024-05-23,7445.604644039894,21609.290840149515,2171.2677938442125,96,quantile,1
2024-05-24,-33834.5502331862,21347.733743378172,1305.856623408802,96,quantile,1
2024-05-28,10049.77889277979,19999.999999999996,8.526512829121202e-14,96,quantile,1
2024-05-29,39335.47194410642,21686.90914269828,1780.184227657547,96,quantile,1
2024-05-30,-42591.378831363385,20582.4695506514,1326.2946148037136,96,quantile,1
2024-05-31,13542.405558586266,21054.796199895285,2130.3353523266233,96,quantile,1
2024-06-03,-8018.502540053514,20000.0,2.5579538487363607e-13,96,quantile,1
2024-06-04,7349.275969731461,19699.972968794344,130.97591363509719,96,quantile,1
2024-06-05,-7045.470884881712,19254.73632001157,40.66888831085362,96,quantile,1
2024-06-06,11331.2338706552,18881.211328782487,263.457218596012,96,quantile,1
2024-06-07,-6626.276000574605,18771.731395815998,20.242250320823132,96,quantile,1
2024-06-10,-1973.7595851502895,20000.0,-5.684341886080802e-14,96,quantile,1
2024-06-11,-5445.962629700521,19760.100120402658,-284.67190766176907,96,quantile,1
2024-06-12,-16900.016425719816,19475.190075481656,106.54463039979944,96,quantile,1
2024-06-13,-5791.642620173784,19320.46964956932,-188.0252540345339,96,quantile,1
2024-06-14,3761.9560329687883,18991.688221400527,-360.2538422174015,96,quantile,1
2024-06-17,-2303.402831565104,20000.0,-5.684341886080802e-14,96,quantile,1
2024-06-18,18735.430686330732,19024.612486908143,470.1937105365692,96,quantile,1
2024-06-20,-16409.056048658054,18635.683214313834,27.133060612796072,96,quantile,1
2024-06-21,5158.652599633057,17504.970991295133,-159.08665684358866,96,quantile,1
2024-06-24,13142.302862315466,19999.999999999996,-5.684341886080802e-14,96,quantile,1
2024-06-25,-4375.12870289313,20413.688356490347,129.70466411210037,96,quantile,1
2024-06-26,-28171.389430814685,20240.435435487703,263.32776797606493,96,quantile,1
2024-06-27,-1565.181145978098,20060.04738050593,-190.8443212416838,96,quantile,1
2024-06-28,18663.587330835995,19624.920263942608,280.63075703459134,96,quantile,1
2024-07-01,-3173.450446642497,19999.999999999996,1.7053025658242404e-13,96,quantile,1
2024-07-02,-546.4038355506686,20507.94045868406,-1147.504832579199,96,quantile,1
2024-07-03,-2137.5876307745407,19930.329061740937,-1088.7053218227425,96,quantile,1
2024-07-05,10998.567530558394,19503.025448643315,-1209.9126793621701,96,quantile,1
2024-07-08,-10111.060815917503,19999.999999999996,-8.526512829121202e-14,96,quantile,1
2024-07-09,6300.924195939542,20595.250944576885,-364.2035090230304,96,quantile,1
2024-07-10,1591.359986621707,20130.469078605794,-501.2446733559475,96,quantile,1
2024-07-11,15972.645194744156,19459.139078309232,-675.2330114460727,96,quantile,1
2024-07-12,-20808.368168187604,18619.689457284523,-1430.1262410055444,96,quantile,1
2024-07-15,3982.4248181945304,19999.999999999996,5.684341886080802e-14,96,quantile,1
2024-07-16,14258.28349737644,19452.994894053245,447.8782412984411,96,quantile,1
2024-07-17,-11867.263748564763,18913.56297183906,260.4515359351301,96,quantile,1
2024-07-18,-7240.439241455689,19283.55052066764,502.75070271269715,96,quantile,1
2024-07-19,-1092.9446196342383,19498.8214839512,368.60154983416214,96,quantile,1
2024-07-22,-7515.379207361285,20000.0,8.526512829121202e-14,96,quantile,1
2024-07-23,-6903.895000100104,20710.906962584642,979.3585306989943,96,quantile,1
2024-07-24,15183.341614477398,21141.177937088138,1918.8756622739347,96,quantile,1
2024-07-25,-26279.40216449572,19831.641038335147,1409.863760432573,96,quantile,1
2024-07-26,-31757.99554467264,18708.718343221328,82.93947455962626,96,quantile,1
2024-07-29,24370.86575416357,20000.0,5.684341886080802e-14,96,quantile,1
2024-07-30,-12352.668082870361,19010.861288254924,184.77956765830967,95,quantile,1
2024-07-31,4539.851126309154,18793.29822992108,203.02205882767163,95,quantile,1
2024-08-01,3433.862329959822,17927.26459386499,200.93063286169294,95,quantile,1
2024-08-02,5729.37953990934,16970.395223616782,-251.84619708498025,95,quantile,1
2024-08-05,3246.770493381914,20000.0,0.0,98,quantile,1
2024-08-06,10393.415469605741,19724.1908590729,-382.00397171849846,98,quantile,1
2024-08-07,6724.98782050596,18958.162743362558,2.590755108759282,98,quantile,1
2024-08-08,-7708.961682740686,19395.22359634198,-722.9430060130946,98,quantile,1
2024-08-09,-5429.525032130976,18894.677791571405,-747.93348740757,98,quantile,1
2024-08-12,11294.987073276312,20000.0,-2.842170943040401e-14,96,quantile,1
2024-08-13,3433.6543804181997,19870.00199767745,-15.870112956111228,96,quantile,1
2024-08-14,8655.420110223618,19277.69090536286,562.3196155034543,96,quantile,1
2024-08-15,-2398.917837121965,19133.211410176893,-132.34899552497987,96,quantile,1
2024-08-16,1457.280372660946,18625.87182397523,-36.438957046355114,96,quantile,1
2024-08-19,-78.33565565507439,19999.999999999996,8.526512829121202e-14,96,quantile,1
2024-08-20,7098.2843484511295,20985.370385839436,1229.7481720599844,96,quantile,1
2024-08-21,-4128.794880591979,19892.443609578797,1624.3074332713618,96,quantile,1
2024-08-22,167.4129634486751,19551.639647231867,1437.824398345644,96,quantile,1
2024-08-23,-14961.345095032191,17968.92052836963,-30.045474480206792,96,quantile,1
2024-08-26,4391.985042616339,19999.999999999996,0.0,98,quantile,1
2024-08-27,-9340.84041835415,19648.44968936674,68.91784209492889,98,quantile,1
2024-08-28,19719.36244799084,19688.235505970148,272.29384306667924,98,quantile,1
2024-08-29,-11842.697313177316,18447.667332414978,-1121.4832454975374,98,quantile,1
2024-08-30,35151.020531047696,16740.772773520413,-535.031547884443,98,quantile,1
2024-09-03,-25771.281428469363,19999.999999999996,2.842170943040401e-14,96,quantile,1
2024-09-04,-10710.298675863429,19952.85595539091,-370.8338415058845,96,quantile,1
2024-09-05,1585.9550610149167,19463.76663665856,-194.05455096382312,95,quantile,1
2024-09-06,-12357.791048741481,19416.19503294859,-473.60759934545655,95,quantile,1
2024-09-09,8263.512095625101,19791.666666666664,208.3333333333332,95,quantile,1
2024-09-10,-1593.233455026208,19155.493644433896,-137.20274360762141,95,quantile,1
2024-09-11,596.021058871359,18846.279937443658,-252.27869769479364,95,quantile,1
2024-09-12,-15118.438530063366,18567.16407662149,-215.25743558355308,95,quantile,1
2024-09-13,3956.174987385042,18188.018404931056,-645.5055312950858,95,quantile,1
2024-09-16,299.9224765971904,19999.999999999996,5.684341886080802e-14,96,quantile,1
2024-09-17,-3259.0899508938855,19936.70160523882,250.25457591476248,96,quantile,1
2024-09-18,4887.515479711134,19842.002093736643,543.0512454686042,96,quantile,1
2024-09-19,-5692.8222356329825,18925.15978075715,690.4350582772346,96,quantile,1
2024-09-20,2771.4091365907507,18445.959231291527,863.5243629846971,96,quantile,1
2024-09-23,-1330.546769570478,19999.999999999996,8.526512829121202e-14,98,quantile,1
2024-09-24,-1513.6948202418826,19757.156652479254,24.610496856051725,98,quantile,1
2024-09-25,7685.718357494357,19830.783424831254,-241.55566275239752,98,quantile,1
2024-09-26,-28952.104699008745,18769.22097213709,-172.2409612462174,98,quantile,1
2024-09-27,5732.369465222282,18603.184606559676,-310.78202235401596,98,quantile,1
2024-09-30,11396.848851721801,19999.999999999996,8.526512829121202e-14,98,quantile,1
2024-10-01,-1944.7399979470752,19435.622138797622,442.31344704328217,97,quantile,1
2024-10-02,817.3191136008497,19055.914344035595,498.877892374405,97,quantile,1
2024-10-03,-24872.8251758815,18298.90014882309,400.51294027726635,97,quantile,1
2024-10-04,-4808.852787233509,17961.193495685442,502.18309833164926,97,quantile,1
2024-10-07,5184.485618858124,19795.918367346938,204.0816326530612,97,quantile,1
2024-10-08,-5809.689487439573,19577.571715538485,69.26473519032498,97,quantile,1
2024-10-09,12447.664600813336,19077.565935337887,26.717070636453002,97,quantile,1
2024-10-10,-3161.7227317123843,19050.648590105524,-497.3829046272,97,quantile,1
2024-10-11,-2413.3527778870894,18768.49455846844,-655.7998254729778,97,quantile,1
2024-10-14,11981.820485834545,20000.0,5.684341886080802e-14,98,quantile,1
2024-10-15,-14460.157763482574,20496.983277617655,84.39733313116815,98,quantile,1
2024-10-16,8468.658773206127,19923.429337572652,159.14549109636894,98,quantile,1
2024-10-17,-7155.3971074932415,18877.42571220327,107.70594525482684,98,quantile,1
2024-10-18,-4675.327503531739,18380.59095900092,-37.752137779634126,98,quantile,1
2024-10-21,2892.432414923409,20000.0,-5.684341886080802e-14,98,quantile,1
2024-10-22,10727.88506069647,21183.617345941486,107.00303655908726,98,quantile,1
2024-10-23,-509.43909947524264,20779.91001160071,235.11620139140524,98,quantile,1
2024-10-24,-14938.314560740628,19732.195244570565,214.37508488401167,98,quantile,1
2024-10-25,22728.31489316327,19633.370618482648,-23.299155323908877,98,quantile,1
2024-10-28,4059.5471986526018,20000.0,-8.526512829121202e-14,98,quantile,1
2024-10-29,-5455.032865046734,19567.09819945255,58.74552078104824,98,quantile,1
2024-10-30,4787.682889683341,19208.350952515113,219.51892344285244,98,quantile,1
2024-10-31,7635.8472309155495,18868.466298167976,237.40296780491835,98,quantile,1
2024-11-01,1884.9296861488526,18469.698123548456,348.92541147198364,98,quantile,1
2024-11-04,-2132.2325374700113,20000.0,5.684341886080802e-14,98,quantile,1
2024-11-05,14950.013126543558,19333.41738096601,-291.3281425787129,98,quantile,1
2024-11-06,-17556.010658796815,17977.420366263577,-14.369059892409183,98,quantile,1
2024-11-07,6053.917125148827,17665.182754227382,-49.971940791858486,98,quantile,1
2024-11-08,-5716.981040089337,17296.041469464093,-99.20950441369229,98,quantile,1
2024-11-11,4502.370037945819,20000.0,-2.842170943040401e-14,98,quantile,1
2024-11-12,-2019.9346560826066,19148.62070320773,-334.28616873710126,98,quantile,1
2024-11-13,3597.027046690419,19498.076017227202,1164.790440566999,98,quantile,1
2024-11-14,-8418.65034164315,20138.544158986686,1171.1958759561358,98,quantile,1
2024-11-15,-11023.315528255118,20823.417413538646,1289.7578172462358,98,quantile,1
2024-11-18,3042.153143826256,19999.999999999996,1.9895196601282805e-13,98,quantile,1
2024-11-19,15781.754528480144,20520.00819500082,734.1051584777587,98,quantile,1
2024-11-20,-11731.049805420555,21346.820306902246,2011.095383874197,98,quantile,1
2024-11-21,12231.201382150342,25753.59089458977,2133.505437025473,98,quantile,1
2024-11-22,15456.801509851906,26625.88418842853,2696.146093215689,98,quantile,1
2024-11-25,-26178.82357949735,20000.0,5.684341886080802e-14,98,quantile,1
2024-11-26,33321.085636606294,19772.945098061617,426.8218072927026,98,quantile,1
2024-11-27,2826.74317468598,19140.019451348602,308.73563903614615,98,quantile,1
2024-11-29,-8503.783833413669,18153.484283915837,-105.43238918498821,98,quantile,1
2024-12-02,1262.6363479982583,19999.999999999996,1.7053025658242404e-13,98,quantile,1
2024-12-03,3245.5398573001294,19720.327320485358,527.0563181975308,97,quantile,1
2024-12-04,9054.10905289831,19155.96381410792,553.3243040895309,97,quantile,1
2024-12-05,5260.092226108466,18575.40932633798,432.40129327352753,97,quantile,1
2024-12-06,2756.770735012926,18205.31953458614,534.0103820298581,97,quantile,1
2024-12-09,-3389.642431072345,20000.0,1.1368683772161603e-13,98,quantile,1
2024-12-10,5559.480630038695,19446.091581924986,-59.17695896360016,98,quantile,1
2024-12-11,-8727.324198631279,18920.33548168274,328.1429544228725,98,quantile,1
2024-12-12,-4996.417675121829,18561.45989717968,418.68932670942905,98,quantile,1
2024-12-13,29444.02790783005,17796.98592340746,486.3998151035222,98,quantile,1
2024-12-16,6324.43149582957,19999.999999999996,0.0,98,quantile,1
2024-12-17,-15135.756729595618,19059.204813803677,-464.77003855756516,98,quantile,1
2024-12-18,37462.9008681473,18537.74526174728,-1963.88717415401,98,quantile,1
2024-12-19,-25421.008897070464,19461.25146361545,-1937.8122284799501,98,quantile,1
2024-12-20,24149.698235420718,19535.354740829276,-1485.7504027468135,98,quantile,1
2024-12-23,-21378.770809604674,19999.999999999996,-2.842170943040401e-14,98,quantile,1
2024-12-24,10497.156074667997,20334.595880889367,-193.3346531594636,98,quantile,1
2024-12-26,6765.711153049244,19442.723519282303,-184.63262806521612,98,quantile,1
2024-12-27,-8798.330644861551,18137.405842316184,-44.417049219506,98,quantile,1
2024-12-30,-2411.099296918502,20000.0,2.842170943040401e-14,98,quantile,1
2024-12-31,993.6406723900398,19767.915011026835,-14.077080680922393,98,quantile,1
2025-01-02,-871.3802696314825,19325.269071995437,1.5880956598030025,98,quantile,1
2025-01-03,-999.2043984038712,18994.77438391309,-111.73514792342581,98,quantile,1
2025-01-06,10805.878299439004,20000.0,0.0,98,quantile,1
2025-01-07,-8588.93412127028,19796.361380718194,121.17907928382482,98,quantile,1
2025-01-08,4697.555630911528,19500.720477001298,345.45067913231003,98,quantile,1
2025-01-10,6028.472396701753,18447.441220620207,-113.33643319410191,98,quantile,1
2025-01-13,-6164.597674989701,20000.0,2.842170943040401e-14,98,quantile,1
2025-01-14,2432.969012035043,19728.3527576474,-91.4846285551015,98,quantile,1
2025-01-15,12892.976285249943,18928.996047765886,-261.44077826711435,98,quantile,1
2025-01-16,6169.232244306084,18567.848307778164,-347.265784229244,98,quantile,1
2025-01-17,6815.6473353964,18103.784957376032,-386.0364871028931,98,quantile,1
2025-01-21,-13862.793607713504,20000.0,1.7053025658242404e-13,98,quantile,1
2025-01-22,3247.729068310099,20374.091444128604,912.4801934101192,98,quantile,1
2025-01-23,-8079.091631353073,19677.929576679762,175.82584560187485,98,quantile,1
2025-01-24,12339.765422398414,18923.233032346954,-468.76593013951015,98,quantile,1
2025-01-27,9888.202838581636,19999.999999999996,-5.684341886080802e-14,98,quantile,1
2025-01-28,-11036.938732676386,20548.342676977652,1168.1053395032282,98,quantile,1
2025-01-29,13908.341948462652,20387.341996224033,1711.5908854458066,98,quantile,1
2025-01-30,-16974.109707902968,19806.44699315468,1573.1020186282562,98,quantile,1
2025-01-31,-887.9464319706076,19784.296143528598,2368.9630450792906,98,quantile,1
2025-02-03,-8212.960224904315,20000.0,-5.684341886080802e-14,98,quantile,1
2025-02-04,3192.688093431822,19680.930845541225,56.84660534579393,98,quantile,1
2025-02-05,5000.306586952778,19281.012658820808,126.16355507194984,98,quantile,1
2025-02-06,-7589.066357633382,18683.02851069993,289.4179805279358,98,quantile,1
2025-02-07,-967.1258235271263,18619.085059627632,310.30133129326566,98,quantile,1
2025-02-10,3282.76818642984,19999.999999999996,2.842170943040401e-14,98,quantile,1
2025-02-11,4665.9329791531545,19180.30996344176,-75.482614005763,98,quantile,1
2025-02-12,4542.4695934831225,18702.954135133652,-110.59001703157492,98,quantile,1
2025-02-13,1072.1046772817133,18385.137171178274,0.46105050736892395,98,quantile,1
2025-02-14,5057.241660573767,17859.700319597992,317.5337119709267,98,quantile,1
2025-02-18,-11883.206120191006,20000.0,1.7053025658242404e-13,98,quantile,1
2025-02-19,4572.1005078038115,19700.187003684074,875.6450187461444,98,quantile,1
2025-02-20,1087.6938037368427,20404.24570385413,982.6013537156078,98,quantile,1
2025-02-21,19124.271195098376,20805.17590509856,1518.2714047501488,98,quantile,1
2025-02-24,-8892.40043056165,19999.999999999996,5.684341886080802e-14,98,quantile,1
2025-02-25,18592.419643886988,19705.74982210298,214.510830164886,98,quantile,1
2025-02-26,-12865.166003367285,20047.92830024891,10.648465414004619,98,quantile,1
2025-02-27,-1718.6816964882355,19554.704290476107,81.70417434370773,98,quantile,1
2025-02-28,-10103.688199356902,18476.442836123468,-529.0398736922486,98,quantile,1
2025-03-03,-4523.938661326406,19999.999999999996,5.684341886080802e-14,98,quantile,1
2025-03-04,-1990.980130861888,20013.133580162594,557.1233456817915,98,quantile,1
2025-03-05,-5409.224611152131,19766.26903029817,378.1392766957549,98,quantile,1
2025-03-06,2843.9126293191775,19288.26453079521,741.8184639307624,98,quantile,1
2025-03-07,-8194.122587675975,18731.92604560603,611.0464663372813,98,quantile,1
2025-03-10,8401.54740032442,20000.0,1.7053025658242404e-13,98,quantile,1
2025-03-11,16851.02405078924,21668.62864392061,-292.71818705062236,98,quantile,1
2025-03-12,-21434.879859473684,21155.66808593064,-914.7869603982992,98,quantile,1
2025-03-13,9050.53667579033,20309.387828812396,-614.8235100973832,98,quantile,1
2025-03-14,6662.621998187144,20579.41409105943,-329.8099527927991,98,quantile,1
2025-03-17,-7220.167690728484,19999.999999999996,1.1368683772161603e-13,98,quantile,1
2025-03-18,-439.4183187982084,20222.620084275855,-38.92538743272891,98,quantile,1
2025-03-19,10294.973227838154,20219.877242947918,-325.8841508377283,98,quantile,1
2025-03-20,3779.933660195766,19249.669168837532,-42.942368620101036,98,quantile,1
2025-03-21,-478.9632894581607,19465.497327892466,854.3425258407758,98,quantile,1
2025-03-24,9847.191922910935,20000.0,1.7053025658242404e-13,98,quantile,1
2025-03-25,4808.34488580437,19056.46819728003,484.10892329431425,98,quantile,1
2025-03-26,-13089.66038900478,19430.66084861243,-82.38717666008043,98,quantile,1
2025-03-27,6750.228719749244,18925.748763940184,-215.96064467408252,98,quantile,1
2025-03-28,-7512.770453167137,33973.61710534727,4279.848234665441,98,quantile,1
2025-03-31,4095.7990889275416,20000.0,1.1368683772161603e-13,98,quantile,1
2025-04-01,1364.8675684276072,19679.526338251897,-84.47367264017606,98,quantile,1
2025-04-02,-5814.930875336115,19416.420287077417,-147.99533600929314,98,quantile,1
2025-04-03,-9639.134326447376,18061.323352310057,-382.9854265523859,98,quantile,1
2025-04-04,10146.721428204542,17926.435507065766,-431.84119671753785,98,quantile,1
2025-04-07,2715.7386237770243,20000.0,-2.2737367544323206e-13,98,quantile,1
2025-04-08,-1617.5672853103906,19873.807583669273,-529.9580303042521,98,quantile,1
2025-04-09,9114.517134616575,21287.223115443132,-651.1226230037552,98,quantile,1
2025-04-10,-24784.412178128434,20868.156812039764,-758.6461442694344,98,quantile,1
2025-04-11,15347.726734482152,20769.320820005938,-689.7939409763617,98,quantile,1
2025-04-14,13669.20570654778,20000.0,5.684341886080802e-14,98,quantile,1
2025-04-15,-24672.61843874599,19538.724704907287,-86.47487622336504,98,quantile,1
2025-04-16,35024.94818531204,19121.847480849952,310.21050048394466,98,quantile,1
2025-04-17,25458.622605177363,18183.638458419926,34.51341317154788,98,quantile,1
2025-04-21,-11384.193886796289,19999.999999999996,-8.526512829121202e-14,98,quantile,1
2025-04-22,15387.850092888826,20911.77323402446,522.6258391552374,98,quantile,1
2025-04-23,12623.166579020604,20657.99684022027,-66.9397545451092,98,quantile,1
2025-04-24,-8048.757664385587,19711.080044376737,-233.63331844316843,98,quantile,1
2025-04-25,13011.220237441588,19588.629821309634,-42.47612337919412,98,quantile,1
2025-04-28,-16829.821833862512,19999.999999999996,-5.684341886080802e-14,98,quantile,1
2025-04-29,6226.569963564898,19339.76977553708,201.14137992331615,98,quantile,1
2025-04-30,9477.625653522655,18875.648256039647,105.27005032867578,98,quantile,1
2025-05-01,-8258.832775730416,18704.885367411905,196.16542646456904,98,quantile,1
2025-05-02,-3436.7909248909727,18124.255453697588,-264.14437820800856,98,quantile,1
2025-05-05,6517.7270035796455,19999.999999999996,-5.684341886080802e-14,98,quantile,1
2025-05-06,7250.415853689536,19768.617029225537,67.76909985221323,98,quantile,1
2025-05-07,-3810.740509418937,19462.59423281133,332.09595736411677,98,quantile,1
2025-05-08,5535.0234931258,19404.837236591764,179.45353561690143,98,quantile,1
2025-05-09,4021.1379876193187,18968.76008492085,213.21204039840416,98,quantile,1
2025-05-12,-9384.33967884717,19999.999999999996,5.684341886080802e-14,98,quantile,1
2025-05-13,15425.117640582412,21936.50534100221,-1271.4597229750066,98,quantile,1
2025-05-14,-16836.742267477734,21937.62442129053,-1814.9529828772024,98,quantile,1
2025-05-15,12077.346784793977,21048.3641364912,-2221.409831528706,98,quantile,1
2025-05-16,-6683.569110551602,20491.052879794825,-2065.095303000552,98,quantile,1
2025-05-19,9126.366250468867,20000.0,8.526512829121202e-14,96,quantile,1
2025-05-20,6274.892040377224,20892.21608780672,435.9615945564947,96,quantile,1
2025-05-21,25547.877517923465,22306.535776516597,1590.1648583852389,96,quantile,1
2025-05-22,2643.0621205962557,21943.38393243663,1972.6223269806721,96,quantile,1
2025-05-23,-13168.659685304201,20947.669897652853,1322.5230778063672,96,quantile,1
2025-05-27,3920.3476042419434,20000.0,2.842170943040401e-14,98,quantile,1
2025-05-28,41695.854826638075,20328.139723779463,1430.3573118209026,98,quantile,1
2025-05-29,-30607.763057441938,19104.322808638,762.442745894137,98,quantile,1
2025-05-30,-15034.719337519784,19740.964336342768,1113.205375828662,98,quantile,1
2025-06-02,48840.95699922426,20000.0,-2.842170943040401e-14,98,quantile,1
2025-06-03,-464.473546769676,19721.28331933208,-100.79461132593778,98,quantile,1
2025-06-04,-2998.1491700106794,19413.05364113867,-156.70450824849527,98,quantile,1
2025-06-05,-1922.513172257677,19330.276780192162,-433.9753907448875,98,quantile,1
2025-06-06,-2063.2447856694052,18839.406006367008,-693.1871374811317,98,quantile,1
2025-06-09,1725.6589751792903,19999.999999999996,8.526512829121202e-14,98,quantile,1
2025-06-10,-8827.960770373664,19366.661116035266,246.79656139134093,98,quantile,1
2025-06-11,8508.010828421267,19240.62564538332,346.87958374000635,98,quantile,1
2025-06-12,1557.9623859700946,19112.895602494358,166.0833921170757,98,quantile,1
2025-06-13,-4180.376723167608,19028.94273902877,156.64666771121983,98,quantile,1
2025-06-16,7635.805806140771,20000.0,0.0,98,quantile,1
2025-06-17,-3946.1163022255614,19348.842885227285,282.27685385652603,98,quantile,1
2025-06-18,-5053.930811917089,19062.263714225275,-60.43689752849045,98,quantile,1
2025-06-20,3512.671688044734,18520.872396176386,-103.072064322959,98,quantile,1
2025-06-23,15220.386670696984,19999.999999999996,-5.684341886080802e-14,98,quantile,1
2025-06-24,-21585.93869839816,19309.035417254898,-791.1974743717931,98,quantile,1
2025-06-25,7701.488215617114,19322.211993700064,30.37374825554997,98,quantile,1
2025-06-26,-9279.768554723734,19139.31519998409,-34.75878893686226,98,quantile,1
2025-06-27,7373.756991083181,18544.208604281488,166.06466819171425,98,quantile,1
2025-06-30,1934.749665432771,20000.0,-5.684341886080802e-14,98,quantile,1
2018-07-09,0.0,13620.510391965354,-499.9999998730456,480,mvo,1
2018-07-10,-6652.492850787773,12769.052863037454,-988.739758694626,480,mvo,1
2018-07-11,4593.508012595248,12597.60025026241,-1022.7439514973777,480,mvo,1
2018-07-12,6643.632798932627,13083.953782199254,-388.3046507812548,480,mvo,1
2018-07-13,-3739.6861089553527,12688.407449229464,-443.9704480278797,480,mvo,1
2018-07-16,-8805.645346322586,17723.76666780012,-499.9999988962827,483,mvo,1
2018-07-17,8550.463639020405,17379.548443636206,-452.8655842638356,483,mvo,1
2018-07-18,1551.9665429404645,16774.63817179784,236.89309791897645,482,mvo,1
2018-07-19,2626.1956618548666,16456.85236441138,-515.244581996653,482,mvo,1
2018-07-20,13502.117002513283,16009.301781754048,-605.0942195101464,482,mvo,1
2018-07-23,197.11861891479387,19999.998080315676,-69.96464102204831,482,mvo,1
2018-07-24,-2135.101886927485,19103.80115485783,-432.6244474950748,482,mvo,1
2018-07-25,-10185.920754266328,17908.554493014457,-757.569512342191,482,mvo,1
2018-07-26,-17115.251467663893,17233.835370174435,-1526.7405827403243,482,mvo,1
2018-07-27,22422.350814497193,17204.324961246155,-1080.899831985964,482,mvo,1
2018-07-30,-8407.339262015992,19999.99959433057,340.89350161379565,483,mvo,1
2018-07-31,20243.51915667467,19367.506123068328,-1.9664320155857882,483,mvo,1
2018-08-01,-15317.271718234462,18994.382527391725,167.880644245452,483,mvo,1
2018-08-02,-10508.321651020518,18736.70725047596,2.482616243184689,483,mvo,1
2018-08-03,-2983.6930077599613,18164.60914642442,-116.24431767482393,483,mvo,1
2018-08-06,39905.01138077273,20000.000034402394,499.99999970712616,487,mvo,1
2018-08-07,-32355.44490082738,19553.56099543283,-221.16812932339087,487,mvo,1
2018-08-08,21479.86728301585,18878.4401327572,-30.331113649052515,487,mvo,1
2018-08-09,-6974.502129339651,17878.13566350351,301.04101296224405,487,mvo,1
2018-08-10,-12622.305162706023,18300.43874704831,335.3207839652093,487,mvo,1
2018-08-13,-9817.570808767869,19999.999582980836,499.9999917234481,487,mvo,1
2018-08-14,7238.166312967596,18862.493960899417,278.10090856805135,487,mvo,1
2018-08-15,7002.023904261646,18227.31439710283,503.5522868517231,487,mvo,1
2018-08-16,-10468.801163905733,17636.114924882633,655.7434170055544,487,mvo,1
2018-08-17,-6594.122588700974,16993.561031225552,246.07261179369127,487,mvo,1
2018-08-20,12644.144613192757,19999.99977106521,499.99999915310315,488,mvo,1
2018-08-21,42829.784679420045,20545.09572262709,269.7042555701266,488,mvo,1
2018-08-22,-33144.936497473725,19097.084408415656,-1044.351018187825,488,mvo,1
2018-08-23,21293.933167661722,20062.685575519445,1861.7748899869448,488,mvo,1
2018-08-24,-18633.644819016678,19257.199167592255,18.381447294069023,488,mvo,1
2018-08-27,20592.845476333478,20000.000081268136,500.00000004182107,488,mvo,1
2018-08-28,19894.663202445605,18876.243974896803,386.06300400650923,488,mvo,1
2018-08-29,-20939.097446305022,18008.87920866032,985.445172231934,488,mvo,1
2018-08-30,22773.23838258999,16638.558306454957,1195.4307188551832,488,mvo,1
2018-08-31,-15482.414358080665,17087.475492721856,612.5808575253556,488,mvo,1
2018-09-04,6125.12982564074,19999.999932817154,499.9999997662194,489,mvo,1
2018-09-05,-6250.700377022138,20292.21734694431,-236.5738326145233,489,mvo,1
2018-09-06,6555.582961328791,19768.367536880305,-418.3093381764558,488,mvo,1
2018-09-07,-8051.077139030691,19284.55374758498,336.93115286582565,488,mvo,1
2018-09-10,-4818.419445536958,19999.999036419045,-499.99998051282034,488,mvo,1
2018-09-11,3232.689436796843,19667.57553140339,-493.7462406122505,488,mvo,1
2018-09-12,907.7231250887502,19400.07318063333,-479.80045990599234,488,mvo,1
2018-09-13,3134.983308379277,18890.168827229187,-571.5552956854098,488,mvo,1
2018-09-14,4994.411790906914,18034.321265135994,-53.51234304295813,488,mvo,1
2018-09-17,1787.0112958422442,19999.999871883298,499.99999865107407,489,mvo,1
2018-09-18,-18943.761472368613,19749.04245940359,1058.178768427895,489,mvo,1
2018-09-19,17283.37229768252,18845.55269827999,974.7455308361689,489,mvo,1
2018-09-20,13674.342684796055,18157.44978840276,2293.505848754583,489,mvo,1
2018-09-21,13032.408632733499,18383.602810037388,2335.0569200274667,489,mvo,1
2018-09-24,-8397.96371745705,19999.999514369138,499.9999897439885,489,mvo,1
2018-09-25,-14132.980196741137,20100.186835166365,-139.1859160474342,489,mvo,1
2018-09-26,4487.1447204123715,19680.14495269241,99.64135329177887,489,mvo,1
2018-09-27,-2318.548144178251,18501.243635789906,322.404849085857,489,mvo,1
2018-09-28,2269.152551011922,17966.316820985372,605.8148837128746,489,mvo,1
2018-10-01,5555.5911778889695,19999.999742663666,105.8519895457339,489,mvo,1
2018-10-02,8949.786767345999,19664.408048125544,132.66123302345872,489,mvo,1
2018-10-03,7338.682055218879,19548.470060919517,227.04968507811162,489,mvo,1
2018-10-04,2706.8474907091086,18672.97014905337,-509.29299891474267,489,mvo,1
2018-10-05,-8224.236343580997,18667.96971342369,-94.16661107402021,489,mvo,1
2018-10-08,1441.259492401804,19999.999618499663,-500.0000018810614,489,mvo,1
2018-10-09,-392.00231995053383,19592.60793781637,-767.7107363758469,488,mvo,1
2018-10-10,28941.211066711192,20104.718384968026,185.8712383390034,488,mvo,1
2018-10-11,-16755.60983638114,19068.007273730498,175.12199189798636,488,mvo,1
2018-10-12,22198.428450868145,18986.45688878301,261.9000997855267,488,mvo,1
2018-10-15,-7448.891887040371,19999.999346070017,-500.0000014821082,488,mvo,1
2018-10-16,-1728.5125174854388,20245.892466026,-635.5888163437335,488,mvo,1
2018-10-17,-13483.915561397545,18928.43025425083,-933.5435707257597,488,mvo,1
2018-10-18,3038.1012891242667,18646.480333271214,-830.5715003197845,488,mvo,1
2018-10-19,-15285.808300151117,20589.58408605141,-2535.417304682934,487,mvo,1
2018-10-22,21728.155303030464,20000.000162707216,-499.99999988042464,487,mvo,1
2018-10-23,11244.957566483528,19584.28992368728,-438.38168198397574,487,mvo,1
2018-10-24,-30180.540389698668,19427.351760968086,-635.607029655507,487,mvo,1
2018-10-25,26314.6764475742,19918.899916749913,-506.43817831142246,487,mvo,1
2018-10-26,-23469.604667199812,19943.791820242433,-2090.810140907084,487,mvo,1
2018-10-29,-30476.81325250035,19999.99867396334,-500.000001070486,487,mvo,1
2018-10-30,-26778.891106640414,19733.013932385176,-665.6112558884532,487,mvo,1
2018-10-31,-2225.862894118851,18699.597103877466,-1105.9116584771114,487,mvo,1
2018-11-01,-5822.116343775041,17859.465150897056,-1091.7799944417343,487,mvo,1
2018-11-02,8494.436652057315,17316.778502880243,-1124.6659250443265,487,mvo,1
2018-11-05,667.9067083263387,20000.000445274854,-499.9999996285106,487,mvo,1
2018-11-06,25999.629840494865,19192.55021381956,-352.9544395260689,487,mvo,1
2018-11-07,-9710.568343696295,18194.642987153646,-585.2195358740819,487,mvo,1
2018-11-08,-2431.734560004418,18147.626564717662,-775.8468474183185,487,mvo,1
2018-11-09,11479.364002272885,19024.29221991756,-722.182383318328,487,mvo,1
2018-11-12,-17648.873408896892,19776.519975905594,-723.4803467593996,487,mvo,1
2018-11-13,-88408.93314969438,21074.097687249814,-2454.880990664981,486,mvo,1
2018-11-14,-27078.197980940036,21191.720657535083,-2371.9192897670464,486,mvo,1
2018-11-15,-25238.61801388543,20167.90707841281,-2355.8236320744786,486,mvo,1
2018-11-16,-3474.3046956147714,19475.65107668727,-2216.068747927162,486,mvo,1
2018-11-19,2662.510900907134,20000.00006070462,-499.9999982227061,487,mvo,1
2018-11-20,-369.55533339598185,20141.67074292691,-493.6690803366868,487,mvo,1
2018-11-21,38206.36633396775,19667.790353764663,-584.0903315894449,487,mvo,1
2018-11-23,2696.1627628372967,18835.167919659034,-719.674015265432,487,mvo,1
2018-11-26,12939.550515886083,19999.999574675723,-499.9999985330754,487,mvo,1
2018-11-27,-5877.0158307586225,19325.977866284185,-447.9958662550477,487,mvo,1
2018-11-28,-1427.2112211860353,17542.930631794134,-861.4793331873186,487,mvo,1
2018-11-29,-12917.262699913179,17643.065041360867,-1005.035033114698,487,mvo,1
2018-11-30,14710.912950613714,17202.38204262748,-328.0558738769289,487,mvo,1
2018-12-03,-9245.332098923798,20000.000173875425,-499.99999846484616,487,mvo,1
2018-12-04,-18380.61056901673,19716.395678638113,743.9367018301491,487,mvo,1
2018-12-06,-2830.091112228242,18802.650183342772,515.55856637054,486,mvo,1
2018-12-07,311.7440078910544,17960.351251421976,759.620331600762,486,mvo,1
2018-12-10,32899.45295600825,19999.999954617033,-500.000000108269,485,mvo,1
2018-12-11,-52075.04497261505,19998.5534347879,-545.3081757441198,485,mvo,1
2018-12-12,59017.84983626575,20046.024911614713,-597.5404541750811,485,mvo,1
2018-12-13,-17925.195130987442,19410.35507025088,-556.595739180495,485,mvo,1
2018-12-14,12149.95000257282,18847.727918835273,-121.04739391303652,485,mvo,1
2018-12-17,12515.314586248205,20000.000221220424,-499.99999987864686,485,mvo,1
2018-12-18,-6411.700616842143,20274.2040320061,-152.92662856505197,485,mvo,1
2018-12-19,-18801.791142857957,21812.638019423637,955.7405219193037,485,mvo,1
2018-12-20,-12736.791248036363,23833.850073028247,1292.4561363951702,484,mvo,1
2018-12-21,58629.11059402375,23481.86019353178,2123.8717973185385,484,mvo,1
2018-12-24,-57315.62086276693,19999.999894810284,-500.0000006123541,484,mvo,1
2018-12-26,-22770.780943090464,22189.284491061193,-1067.694106702062,484,mvo,1
2018-12-27,22628.531096515035,21959.152338878022,-786.0827730019811,484,mvo,1
2018-12-28,-7003.330606494512,21176.334314081465,-1019.0708776900476,484,mvo,1
2018-12-31,11874.821565723369,19113.891358758454,-1386.10923745167,484,mvo,1
2019-01-02,12832.014862851212,18633.621973493955,-1123.8582623697982,483,mvo,1
2019-01-03,-1825.2318085431368,18385.03721424021,-1149.4599260934783,483,mvo,1
2019-01-04,-1159.4676749573491,18569.436768397027,-1329.233679214642,483,mvo,1
2019-01-07,-3578.6166696959012,19999.99994372293,-500.0000001282019,483,mvo,1
2019-01-08,1834.964005647569,19657.385650033724,-608.8349851008063,483,mvo,1
2019-01-09,-9696.543971319461,19077.9274909097,-567.9535519440643,483,mvo,1
2019-01-10,6984.331140526982,18630.47119352618,-514.9960881816112,475,mvo,1
2019-01-11,-2912.2868300259224,18109.161941274306,-356.32247196268736,475,mvo,1
2019-01-14,998.7669412850703,19999.996890386865,-499.9999998256436,475,mvo,1
2019-01-15,12834.84757038697,19780.743825983245,-997.477085860924,475,mvo,1
2019-01-16,3652.1974964691185,19706.146818053785,-839.5957664861387,475,mvo,1
2019-01-17,1237.3253696580812,19005.064616671658,-586.6745902508159,475,mvo,1
2019-01-18,-5650.506198819121,19088.396045424586,-1120.7826588908054,475,mvo,1
2019-01-22,-27725.729858265913,19999.99556820684,-499.9999859136116,475,mvo,1
2019-01-23,-5292.773039814823,20066.51970358304,-787.595639886439,475,mvo,1
2019-01-24,-136511.70705574338,19423.88456529092,-524.0241929448882,475,mvo,1
2019-01-25,93358.23455154533,19143.859238222733,-604.419720584692,475,mvo,1
2019-01-28,8807.731634360654,19999.994990388393,-437.29012690420245,475,mvo,1
2019-01-29,-1138.7627669789283,19565.489723524803,-257.35509372756474,475,mvo,1
2019-01-30,13083.184375525061,18789.63282261457,-360.7852738779975,475,mvo,1
2019-01-31,7359.334417321351,17897.39567558153,-791.7876668869609,475,mvo,1
2019-02-01,-4918.9920038546425,18055.90615430593,-1864.2906691516537,475,mvo,1
2019-02-04,-787.4070346606576,20000.00041584876,-499.9999757152228,475,mvo,1
2019-02-05,3093.813483755515,20367.772299450917,221.6015204917325,475,mvo,1
2019-02-06,1578.5997268603164,20159.172147912894,-549.8940922095793,475,mvo,1
2019-02-07,23870.74869028275,19638.889731565312,-1166.652457598647,475,mvo,1
2019-02-08,-26254.35338585017,19002.75981388655,-1733.4732883018303,475,mvo,1
2019-02-11,35191.93751516816,19999.993328072072,455.3150289693163,475,mvo,1
2019-02-12,-16708.26045078026,18465.588056446384,39.923897014752846,475,mvo,1
2019-02-13,13610.336212112928,17727.952797066628,592.7453477616007,475,mvo,1
2019-02-14,730.1420522718804,17704.838153352557,801.885371361943,475,mvo,1
2019-02-15,-13295.454420878805,15802.355372647697,-790.0974396807412,475,mvo,1
2019-02-19,4892.810502886411,19999.999895245495,499.99999956561675,476,mvo,1
2019-02-20,4066.1673080597957,20069.989168687745,543.9620692497244,476,mvo,1
2019-02-21,-7240.831069020105,20409.96115802802,-28.263217458736865,476,mvo,1
2019-02-22,10003.24409248874,19222.938483433736,1389.2880032832618,476,mvo,1
2019-02-25,-9245.093703842927,19999.997520644312,499.9999910419274,475,mvo,1
2019-02-26,4808.206883741043,19812.619768383727,522.4957343288137,475,mvo,1
2019-02-27,-3614.0288960769735,19015.5355546165,114.72325749907084,475,mvo,1
2019-02-28,11297.108349344335,18754.527246898957,-131.14865461350809,475,mvo,1
2019-03-01,-9772.877614287414,18191.786148162322,-200.72682979119304,475,mvo,1
2019-03-04,4203.717534715196,20000.00033865164,499.99999951554787,475,mvo,1
2019-03-05,-9734.358173681538,20166.720020428496,996.4844120024394,475,mvo,1
2019-03-06,-354.7792986726443,19459.858559245582,853.4699094608079,475,mvo,1
2019-03-07,-870.596554607955,19390.935643923658,1187.2802246547174,475,mvo,1
2019-03-08,8592.09356173102,19288.532363010236,1376.3025673554394,475,mvo,1
2019-03-11,7623.890059332831,19999.999083467363,499.9999454486972,475,mvo,1
2019-03-12,4456.628806382655,19195.242490260345,114.48575966387145,475,mvo,1
2019-03-13,-1140.0407686609249,19325.887407864928,263.24687174927163,475,mvo,1
2019-03-14,5702.98772454362,18535.39805257103,212.37313446477953,475,mvo,1
2019-03-15,8065.066782556328,18181.586896314806,26.689381663644514,475,mvo,1
2019-03-18,13009.687074586584,20000.000454401867,278.7931348660679,475,mvo,1
2019-03-19,5936.668377847832,20762.0885872354,1461.6993207055386,475,mvo,1
2019-03-20,28978.24344543827,20271.294738009747,440.55377573610525,475,mvo,1
2019-03-21,-25658.429867600058,19973.099765975916,58.69203569007479,475,mvo,1
2019-03-22,43779.2121488019,19668.24473148126,787.3601595523476,475,mvo,1
2019-03-25,18032.429983082944,19999.997747012618,-466.35065984526705,475,mvo,1
2019-03-26,7447.939022877355,19439.829957153655,-300.5511106472803,475,mvo,1
2019-03-27,-801.1831806803901,19572.221461917947,-937.280241573755,474,mvo,1
2019-03-28,-51469.97099509896,19488.365358810745,-1411.9163571135434,474,mvo,1
2019-03-29,26043.24268446646,37199.041344126344,7064.924191383472,474,mvo,1
2019-04-01,24904.65392608175,19999.99783707254,499.9999996446453,474,mvo,1
2019-04-02,-14569.889910235692,19464.835770759648,629.6809254531767,474,mvo,1
2019-04-03,1055.2613540117075,18988.148929160194,757.7551343006251,474,mvo,1
2019-04-04,-1173.056177811606,18662.416064950823,581.9471993206758,474,mvo,1
2019-04-05,-10793.089988591544,18802.62367235285,-427.69444212040446,474,mvo,1
2019-04-08,9796.318463233298,20000.000056879675,499.99999842071895,474,mvo,1
2019-04-09,-3844.260891645221,19850.977177534056,704.4027038376331,474,mvo,1
2019-04-10,2607.25430694667,18905.31194377532,837.9474518426168,474,mvo,1
2019-04-11,-4427.899690247975,18649.47660913665,844.828784386477,474,mvo,1
2019-04-12,-3010.599193240863,17715.272819476268,780.701285615306,474,mvo,1
2019-04-15,1041.3063026927916,20000.00001277375,499.9999972474231,474,mvo,1
2019-04-16,-1476.0812256562508,20145.722253834098,-215.1847227408441,474,mvo,1
2019-04-17,-820.4754037538553,19517.144322387532,-738.9003080911981,474,mvo,1
2019-04-18,-5384.795245902545,19130.349511599867,-989.286838809955,474,mvo,1
2019-04-22,16799.690913035476,20000.00001686711,499.99999744752773,474,mvo,1
2019-04-23,-5975.515198025747,19897.148107095847,25.246731575250717,474,mvo,1
2019-04-24,19417.474425544937,18823.44623097489,-192.40340515468282,474,mvo,1
2019-04-25,-20375.280818458443,19267.711163913864,-1262.47834295026,474,mvo,1
2019-04-26,-12812.03103278895,18312.63324799336,-1092.8897754873576,474,mvo,1
2019-04-29,6088.769734014757,19999.998768408983,499.9999984944356,475,mvo,1
2019-04-30,1093.1476845191291,19490.878523539326,281.7071373270133,475,mvo,1
2019-05-01,6640.880166938419,19183.96542627447,448.66893242787035,475,mvo,1
2019-05-02,-17222.77047718032,18953.33223910769,534.302585349836,475,mvo,1
2019-05-03,-507.85160056124147,18560.504553931132,379.6449599415185,475,mvo,1
2019-05-06,-5856.413690738612,19999.99967446838,499.99999981917875,475,mvo,1
2019-05-07,2305.796089887344,20295.20967487081,396.47614432805784,475,mvo,1
2019-05-08,14540.150897556241,19613.307106174423,-92.63440792826175,475,mvo,1
2019-05-09,458.72436125323134,19336.533473252617,-250.48949262481156,475,mvo,1
2019-05-10,5716.99984170147,18970.76229258555,-95.65183236162122,475,mvo,1
2019-05-13,6255.997161593587,19999.999233166625,499.99999921659224,475,mvo,1
2019-05-14,10309.257375493531,19672.216232332124,-74.75792692797114,475,mvo,1
2019-05-15,-5552.990250362792,18986.313937706745,-725.8854456144426,475,mvo,1
2019-05-16,20653.829595567415,18891.390275458212,-332.34164896344504,475,mvo,1
2019-05-17,-1159.7051957457193,19152.688850841267,123.537040921836,475,mvo,1
2019-05-20,-5211.032145852289,19999.99975959049,499.9999999901209,475,mvo,1
2019-05-21,5863.132639925658,19969.801527133222,437.9611872171719,475,mvo,1
2019-05-22,-3194.5069866982512,19716.046640359527,1017.0068499408977,475,mvo,1
2019-05-23,15992.895923632888,19619.43820921479,1852.1927923883673,475,mvo,1
2019-05-24,-19112.046550967196,18468.18562053689,1362.3495152107873,475,mvo,1
2019-05-28,-16531.908975611404,19999.99897503262,499.9999989316174,475,mvo,1
2019-05-29,3758.7211379419255,19577.151752797396,901.0606938068116,475,mvo,1
2019-05-30,-3965.861378275812,22143.691573777225,283.8082845808368,475,mvo,1
2019-05-31,-17346.209556729053,22517.504416826905,381.14856677487046,475,mvo,1
2019-06-03,6286.004519445817,19999.999790095415,340.0727830435955,475,mvo,1
2019-06-04,-549.3045815886948,19703.100422345247,43.252504060252626,475,mvo,1
2019-06-05,-1130.8019598940666,19214.459147488316,42.439036542960714,475,mvo,1
2019-06-06,4373.525107419538,18790.444744323377,-62.27120040917992,475,mvo,1
2019-06-07,-611.5909821288404,18238.185689238253,-128.30709114725462,475,mvo,1
2019-06-10,4334.556387838187,19574.920998573743,784.6344282523758,475,mvo,1
2019-06-11,2836.7666058102886,18934.699982909522,591.8531839224804,474,mvo,1
2019-06-12,1311.5204480439602,18734.014356807722,619.8532906875294,474,mvo,1
2019-06-13,-1105.842250740954,18139.158669714645,620.0364018637964,474,mvo,1
2019-06-14,5123.6288096723665,18202.83064885957,1009.21177892011,474,mvo,1
2019-06-17,-147.56756652547784,19999.999289301133,499.99998350313416,474,mvo,1
2019-06-18,-7751.094897928324,19458.72434539747,552.6435706073476,474,mvo,1
2019-06-19,-1704.1840064925302,18148.703955256442,279.325795120882,474,mvo,1
2019-06-20,4239.5765805534365,17640.322517227465,454.1232503660503,474,mvo,1
2019-06-21,-1364.907572133996,16334.29000713148,8.821393011293715,474,mvo,1
2019-06-24,16314.50564393232,19999.99986958908,-288.9166149334207,474,mvo,1
2019-06-25,4943.316569990688,20055.813048156513,-578.829224668617,474,mvo,1
2019-06-26,4854.022377185347,19848.885688507646,-102.17430146010027,474,mvo,1
2019-06-27,-274.28124395846027,18952.48942719585,-261.8394491586889,474,mvo,1
2019-06-28,-5617.499394698179,17759.243781872097,-377.5207160409131,474,mvo,1
2019-07-01,-11197.076556510105,19999.99897242707,499.99987204322474,490,mvo,1
2019-07-02,1496.4193857817354,20001.29037443328,941.0562751961508,490,mvo,1
2019-07-03,-961.8494070399732,19576.471152257527,1235.279662612826,490,mvo,1
2019-07-05,6598.944369395677,19241.637877869583,1586.8201424952913,490,mvo,1
2019-07-08,-20275.594032828012,20000.00030703046,499.99999990655664,491,mvo,1
2019-07-09,-1301.2909548529763,19246.423780956695,43.229480854363295,491,mvo,1
2019-07-10,-6241.152952371044,18648.601888836292,83.3866062652152,490,mvo,1
2019-07-11,6375.469519289307,18654.858083050178,226.4612589378616,490,mvo,1
2019-07-12,1736.1726958122397,18039.860502078413,388.6461618267738,490,mvo,1
2019-07-15,-298.00359818632217,19999.99938927086,499.9999987797901,490,mvo,1
2019-07-16,6632.555799889712,19389.965720725777,-21.761901216692078,490,mvo,1
2019-07-17,-11327.98938627096,18505.202224783912,-350.029741489084,489,mvo,1
2019-07-18,501.2374242772762,17931.37677985892,-68.43010158205406,489,mvo,1
2019-07-19,338.81569343232326,17380.72785164168,-208.0821528308634,489,mvo,1
2019-07-22,-6465.602841635746,19999.99630607094,499.9999943389242,489,mvo,1
2019-07-23,-18744.02160868514,19686.89345500483,-638.039969215269,489,mvo,1
2019-07-24,9340.702717784747,19855.328587245982,1.8808275053839965,489,mvo,1
2019-07-25,-6976.065814844765,19452.071207087516,-171.88642572931872,489,mvo,1
2019-07-26,7071.158990486832,19363.884404213717,-216.83119177815357,489,mvo,1
2019-07-29,7403.6518553322885,19999.996894060198,499.99999943290095,491,mvo,1
2019-07-30,2933.8780182103933,19239.607014649493,370.7440384018565,491,mvo,1
2019-07-31,-197.60354318443223,18830.61642445731,337.85557702218205,491,mvo,1
2019-08-01,-9628.922240677712,17741.765691167384,123.05863577782556,491,mvo,1
2019-08-02,4387.848946914057,17737.503574205533,-28.220955466794702,491,mvo,1
2019-08-05,-693.7375078426729,19999.99999178904,-450.75146813144414,491,mvo,1
2019-08-06,8103.950715790527,20283.20685381676,-154.02752544119912,491,mvo,1
2019-08-07,-8524.464632722467,20374.054687160944,-178.70715042448776,491,mvo,1
2019-08-08,2730.3688333261803,20900.190125349378,-621.1871633919717,491,mvo,1
2019-08-09,-5684.4443438232365,19965.115528505197,-536.366845742133,491,mvo,1
2019-08-12,-2519.3014418739776,19999.998347044315,-429.17488362409415,491,mvo,1
2019-08-13,-9536.06237679987,20806.267243535636,-293.98642047857913,491,mvo,1
2019-08-14,-1222.9164172788026,19646.67712745205,420.07775244307675,491,mvo,1
2019-08-15,-48854.19684987352,20069.837769985174,959.4147547547313,491,mvo,1
2019-08-16,14604.276160384143,20334.853263932375,442.2841673668215,491,mvo,1
2019-08-19,-11132.84897704212,19999.999391988546,-499.99985264906934,490,mvo,1
2019-08-20,-284.15177289263926,19502.108176428548,-623.0122538121799,490,mvo,1
2019-08-21,1501.0692418760266,19451.89203359693,-193.92776436704315,490,mvo,1
2019-08-22,-20097.575937836824,19077.765441942563,-449.40419172560104,490,mvo,1
2019-08-23,-23198.93916577632,18718.82140553692,-408.6971979880205,490,mvo,1
2019-08-26,15217.586430980426,20000.000027370294,-499.9999978569138,490,mvo,1
2019-08-27,2527.1658588967425,19952.177365135816,-77.19443417923173,490,mvo,1
2019-08-28,-10807.245473997209,19801.72968152516,-495.7252065398212,490,mvo,1
2019-08-29,44616.67132658675,19655.646794509958,-595.592771962754,490,mvo,1
2019-08-30,-19276.12263433613,18792.11209046408,-926.8504399913118,490,mvo,1
2019-09-03,-18115.74189497353,19347.23252921697,893.9191255917118,490,mvo,1
2019-09-04,-6645.495434587502,19019.913969722817,1007.5542852287964,462,mvo,1
2019-09-05,-5350.537158138581,18335.677967935673,1184.9030354345707,462,mvo,1
2019-09-06,-969.2285691460755,18059.43260274837,925.8408971365445,462,mvo,1
2019-09-09,-2916.604894636515,20000.000095666685,-215.74561751350302,463,mvo,1
2019-09-10,-20975.30051681145,20161.836135451264,-1791.135454768245,463,mvo,1
2019-09-11,-329.60044782341225,19412.948808632256,-1525.678877285921,463,mvo,1
2019-09-12,16531.011938334188,19882.036481905474,-1154.5709850190735,463,mvo,1
2019-09-13,-24107.08055214859,19649.00383188263,-1938.6738632134598,463,mvo,1
2019-09-16,-28590.414855637773,19999.999912791245,54.90103480319427,463,mvo,1
2019-09-17,41728.248283730885,21466.593533524443,1213.6246416821689,463,mvo,1
2019-09-18,71191.36783114397,22358.399923496945,2003.622417189688,463,mvo,1
2019-09-19,-9814.35236199829,22102.26303141897,2335.523665030678,463,mvo,1
2019-09-20,-88615.69585660842,19480.59080583948,176.57418201263022,463,mvo,1
2019-09-23,13946.350137826825,19999.998513262217,-499.99999583172684,463,mvo,1
2019-09-24,-3442.8553668213744,19940.426352019724,-116.31947880737764,463,mvo,1
2019-09-25,15591.484252263872,18631.93980074966,824.2595899298741,463,mvo,1
2019-09-26,-16328.04332483151,20973.77091131423,-743.0643134636887,462,mvo,1
2019-09-27,-10587.198713399233,21078.613213377954,-1114.944941733103,462,mvo,1
2019-09-30,12192.306725439874,20000.000335275134,-499.99999974907377,462,mvo,1
2019-10-01,-13488.162326393187,19625.68822738532,-231.1776597994518,462,mvo,1
2019-10-02,-1082.3275185402308,19146.641269989497,-166.8559457314071,462,mvo,1
2019-10-03,2270.215083811144,18947.432700206034,-369.37544268034407,462,mvo,1
2019-10-04,2886.3230483392304,18766.13459245145,-449.35928093322576,462,mvo,1
2019-10-07,2098.400348042703,19999.997780879487,-499.99999489311693,462,mvo,1
2019-10-08,-14913.702863688166,19322.12250890517,-248.62407521501396,462,mvo,1
2019-10-09,15394.25461329404,19609.917500636213,-518.6689823912315,462,mvo,1
2019-10-10,-10780.07323733304,19392.23914086061,-775.8592360635994,462,mvo,1
2019-10-11,-4603.3457433251515,19435.956270486546,-1085.7482954715663,462,mvo,1
2019-10-14,13275.445864521667,19999.997751863095,-499.9999966357734,462,mvo,1
2019-10-15,26202.169336050203,18968.934383637952,-190.51920800000033,462,mvo,1
2019-10-16,-19487.21231572206,18983.436687716523,-841.7014384780628,462,mvo,1
2019-10-17,-7799.107578592288,18306.64297848699,-1115.4447295763432,462,mvo,1
2019-10-18,7694.770446610816,17712.50737465678,-972.9187448261322,462,mvo,1
2019-10-21,7329.109607093509,19999.999923248874,-326.6973425201461,462,mvo,1
2019-10-22,-4894.365693344407,18988.292467082345,25.788908582952264,462,mvo,1
2019-10-23,-7050.748329451909,18249.68400992478,-481.14315385311124,462,mvo,1
2019-10-24,5824.712361621591,17911.010652047888,-1193.7772162975248,462,mvo,1
2019-10-25,-3773.1877540670353,18120.366756805637,-2704.9901246179897,462,mvo,1
2019-10-28,2033.7223043701051,20000.000293491787,499.99999651749073,462,mvo,1
2019-10-29,16256.16630650771,19638.95322718546,421.3548533941358,462,mvo,1
2019-10-30,-8327.051932519615,19031.06860742103,287.58811206836975,462,mvo,1
2019-10-31,-28782.40208528512,17787.183920674546,1292.266184240175,462,mvo,1
2019-11-01,-8478.966905326379,18622.486098204557,267.3299162863145,462,mvo,1
2019-11-04,980.2785196475339,19999.99990630552,499.99999942789555,462,mvo,1
2019-11-05,6008.425812921992,19542.96908927765,846.8879016498315,462,mvo,1
2019-11-06,-23075.152453132712,19735.64469195895,612.8363614163865,462,mvo,1
2019-11-07,26205.906017804635,18923.0784860328,1228.4638943477166,462,mvo,1
2019-11-08,-15152.985994083034,18308.601731545154,1010.5886072475797,462,mvo,1
2019-11-11,-389.4452474588557,20000.000099681172,499.99999969060207,462,mvo,1
2019-11-12,-1909.962543671475,20301.925755562046,-465.0964401681437,462,mvo,1
2019-11-13,13832.619756497126,20203.598918877917,-667.2277409539157,462,mvo,1
2019-11-14,9978.262386372024,19804.94358526015,-525.758968833896,462,mvo,1
2019-11-15,-15464.036243733355,18990.776362581582,-785.3140136584252,462,mvo,1
2019-11-18,1993.219846455455,19999.999959120247,499.9999998905523,462,mvo,1
2019-11-19,-27949.96824685596,20856.08769286452,503.13098433398847,462,mvo,1
2019-11-20,-6910.115258186439,20195.396185379712,427.24205842378905,462,mvo,1
2019-11-21,6593.526913303352,19796.122857014296,238.28554914303385,462,mvo,1
2019-11-22,-5404.733277657887,19017.70027990427,173.2280466704333,462,mvo,1
2019-11-25,5421.454029370036,19999.99866048715,499.99999912209375,463,mvo,1
2019-11-26,4380.318881028627,19862.35108037697,719.4645334792743,463,mvo,1
2019-11-27,19139.838847919476,22125.68693472116,3784.369236481332,463,mvo,1
2019-11-29,-540.0064855590265,21232.276737594024,3536.6376745730045,463,mvo,1
2019-12-02,4198.410679059857,20000.000141154273,499.9999999362803,462,mvo,1
2019-12-03,-3170.072940347344,19427.084630354013,561.772101121688,462,mvo,1
2019-12-04,-7347.530026753966,19380.136189354784,419.9978499939867,462,mvo,1
2019-12-05,5841.8873682487465,18847.436509052175,542.0721949642086,462,mvo,1
2019-12-06,565.1971596701801,18702.19309410217,446.428677918856,462,mvo,1
2019-12-09,-9707.248763561814,20000.00020270813,499.9999946940674,462,mvo,1
2019-12-10,852.4960774159431,19308.920211289238,92.8742892291977,462,mvo,1
2019-12-11,6345.367445503004,19357.79647141532,-18.91151611311196,462,mvo,1
2019-12-12,-925.4016517230784,18297.478263118235,-739.7621043962442,462,mvo,1
2019-12-13,12.25662140018441,18165.52654161746,-222.23183494199236,461,mvo,1
2019-12-16,-7242.641533213266,19999.999741916436,499.99999814851236,461,mvo,1
2019-12-17,6543.199169643732,19790.028926808205,555.8362289601782,460,mvo,1
2019-12-18,6659.495566443296,18403.186659647406,82.6363072856055,460,mvo,1
2019-12-19,1853.2546828109037,17753.32238080636,83.13749480273988,460,mvo,1
2019-12-20,971.5787238819734,16742.06231736551,-615.7191600830994,460,mvo,1
2019-12-23,2055.1392219881604,19999.999718043382,500.0000000817861,460,mvo,1
2019-12-24,-8966.678741342013,20201.435756973475,198.8987922189941,460,mvo,1
2019-12-26,-1383.1482111498979,18771.195467523143,33.445385653848675,460,mvo,1
2019-12-27,19485.222848931648,18617.170037120795,244.8382398324447,460,mvo,1
2019-12-30,-5230.636105389273,19999.99880073471,499.9999951125804,460,mvo,1
2019-12-31,4269.41481714693,19714.17020897404,485.5343865529232,460,mvo,1
2020-01-02,6910.6863114661355,19330.525602677208,569.6922231604516,460,mvo,1
2020-01-03,2682.9085892254852,19051.881372608765,433.8246852481697,460,mvo,1
2020-01-06,-5988.606805393648,19999.999808216995,494.6652970202847,460,mvo,1
2020-01-07,-15553.968393384597,20096.18232252248,595.6230012449942,460,mvo,1
2020-01-08,1697.3102765459519,19771.628592716756,360.0755473686385,460,mvo,1
2020-01-09,-3158.2278280587957,18050.342692470822,1794.5598288813574,460,mvo,1
2020-01-10,-1323.4076132815333,17614.04158111602,1634.6900498718333,451,mvo,1
2020-01-13,10423.9384895977,19999.99700799264,499.9999968615927,451,mvo,1
2020-01-14,19747.977884901655,19594.700795142813,563.3926039454612,451,mvo,1
2020-01-15,-1223.2345668993808,19023.123887871752,330.95339958134315,451,mvo,1
2020-01-16,19054.484146711024,18687.475693256416,1213.3882557611335,451,mvo,1
2020-01-17,-4434.464536137141,18358.350769433957,1054.8253008807656,451,mvo,1
2020-01-21,6322.494458031204,19999.99902629839,500.0000011419669,451,mvo,1
2020-01-22,-11233.718193959396,19288.612845819334,-126.9271508243717,451,mvo,1
2020-01-23,-18245.226011170107,19149.890215484687,-536.7702378120823,451,mvo,1
2020-01-24,17836.1417582911,18963.293644963196,-60.44558943833369,451,mvo,1
2020-01-27,23800.662471177104,19999.99863782235,-499.9999389665123,451,mvo,1
2020-01-28,-18934.906612970477,18978.144641974857,-458.3927062793283,451,mvo,1
2020-01-29,-3020.4254369627297,18526.685357800587,-291.9032231523149,451,mvo,1
2020-01-30,20327.774935371435,17245.184977991416,828.7882453783648,451,mvo,1
2020-01-31,633.2887541672446,17930.612858890356,-623.8008378149788,451,mvo,1
2020-02-03,2636.151851603667,19999.99871985283,-499.9999959732842,451,mvo,1
2020-02-04,6233.696163991572,19795.081274731634,-189.80238851407123,451,mvo,1
2020-02-05,-17590.85851866813,18995.39814424795,-574.3836912356456,451,mvo,1
2020-02-06,6959.218941436491,18529.305758131653,-845.840909337668,451,mvo,1
2020-02-07,32746.706514965954,18755.740187709136,-581.3486388526262,451,mvo,1
2020-02-10,-5817.959625152694,19999.999926091867,499.9999938454173,451,mvo,1
2020-02-11,4024.867319209705,19478.82493444809,277.07579670561984,451,mvo,1
2020-02-12,-197.41143854991645,18641.467590771917,393.44965343374497,451,mvo,1
2020-02-13,15267.67925502911,18952.05772283184,1400.0827722016843,451,mvo,1
2020-02-14,-6727.538737393806,17438.276604797244,1060.9153773618075,451,mvo,1
2020-02-18,1028.4795783843983,19999.999683398368,499.99999966881285,451,mvo,1
2020-02-19,9189.685970749066,19469.173113510402,84.82802632721143,451,mvo,1
2020-02-20,2543.1985318352604,20521.242247671955,1135.5990745036154,451,mvo,1
2020-02-21,-11360.068385024097,20039.254416910135,1372.5578764735778,451,mvo,1
2020-02-24,-13141.331479939518,19999.995306495526,-499.99985017128347,451,mvo,1
2020-02-25,-24667.504161403598,21635.184539307098,-1580.3965912139058,451,mvo,1
2020-02-26,-56972.132896372874,20391.084235201663,-1645.2712184072038,451,mvo,1
2020-02-27,1430.0517274566434,20905.678579373962,-2267.970633364386,451,mvo,1
2020-02-28,-19843.014440853043,21653.11659366955,-2372.38084305309,450,mvo,1
2020-03-02,41923.42158206551,19999.999901980795,-500.0000011362535,451,mvo,1
2020-03-03,5640.443624098788,19663.341300811328,-368.9771230795557,451,mvo,1
2020-03-04,26040.02747005709,19342.37046487574,-556.7261915900368,451,mvo,1
2020-03-05,-39166.67424423292,18839.445762942305,22.361757180801938,451,mvo,1
2020-03-06,-58855.2657567022,18650.681445690505,114.69645916307175,450,mvo,1
2020-03-09,31335.27017977581,19999.999775795157,-500.0000008913355,450,mvo,1
2020-03-10,-24999.102663238406,20414.474483156326,-537.8630307539574,450,mvo,1
2020-03-11,-38146.78293683223,19205.953993275336,-585.555758269974,450,mvo,1
2020-03-12,-31723.406375432896,18087.241667002134,-707.1979348751546,450,mvo,1
2020-03-13,-13366.883424518583,18406.147599294964,-598.8087280243,450,mvo,1
2020-03-16,-7538.79814754821,19707.238345159458,-207.23811959539412,476,mvo,1
2020-03-17,53989.68318193364,19753.077572102677,-32.90471060856868,475,mvo,1
2020-03-18,-36807.622301115865,19095.853278333412,279.4069788777176,473,mvo,1
2020-03-19,-32972.052623076524,18405.559139268567,145.54813734424633,472,mvo,1
2020-03-20,20131.081088083352,17743.19930540811,177.99955369306724,472,mvo,1
2020-03-23,35722.91644913789,20000.00094940709,-499.99999990416103,475,mvo,1
2020-03-24,-27401.803714242116,21274.383307813125,-2061.1187295704967,474,mvo,1
2020-03-25,-91139.20357756464,22806.757622336496,-2591.1449014338186,473,mvo,1
2020-03-26,89400.00012900349,23717.55083796485,-2237.9894551446996,473,mvo,1
2020-03-27,-23131.360873585792,23413.775565941753,-1821.5240572443445,473,mvo,1
2020-03-30,113179.11838876142,20000.00054935863,-499.9999998327063,475,mvo,1
2020-03-31,28182.944350987236,19622.115044822487,206.94183034645317,474,mvo,1
2020-04-01,-21790.86359410176,18738.021004471626,561.7954582328924,473,mvo,1
2020-04-02,-6341.319702659701,18565.235173123125,766.6193368628466,473,mvo,1
2020-04-03,-13902.512649812867,18781.873436457397,1020.1087742031627,472,mvo,1
2020-04-06,29328.722139984773,20000.000665524167,-499.99999981194725,475,mvo,1
2020-04-07,25546.38724719967,21282.413903911267,35.927331661151236,474,mvo,1
2020-04-08,-22488.408267681327,23350.875937994188,-1332.0812653509488,474,mvo,1
2020-04-09,-28278.50946883699,24128.922285674664,-1878.636380930446,474,mvo,1
2020-04-13,13774.178261595127,19116.694432118507,-1383.3060319637,477,mvo,1
2020-04-14,39898.29967611506,19766.76253369131,-1064.0483126429865,476,mvo,1
2020-04-15,11534.117183758315,19148.293195609047,-582.5988109494101,476,mvo,1
2020-04-16,-10760.97494976104,19588.170587377277,1340.5816947256117,475,mvo,1
2020-04-17,-20850.70131215931,19616.718898731364,817.6894297865058,474,mvo,1
2020-04-20,26228.559735884817,20000.000201645536,-499.9999999261501,475,mvo,1
2020-04-21,21542.930735580623,19613.10277264974,-335.46948853631704,475,mvo,1
2020-04-22,22518.250860842967,19110.400543704534,-768.6429052810439,474,mvo,1
2020-04-23,-15476.615380602278,19207.395145566577,-1269.0412850829953,474,mvo,1
2020-04-24,33939.29420791671,18910.400948436964,-1227.47649932498,474,mvo,1
2020-04-27,-15915.877083612178,20000.000122422058,-499.9999998319959,476,mvo,1
2020-04-28,-8562.072536420254,19854.061929742133,-885.3702303579659,476,mvo,1
2020-04-29,-42744.57401365983,20000.025299599783,-1383.1936580135134,476,mvo,1
2020-04-30,-6858.343130011869,19929.482167094673,-1494.8950568047885,476,mvo,1
2020-05-01,-2708.30529960587,18992.192783226314,-1223.9807675145114,476,mvo,1
2020-05-04,2149.6743810584608,19999.999996850078,-499.99999963328975,476,mvo,1
2020-05-05,13556.585586232055,19530.900369538827,-460.82441529979826,476,mvo,1
2020-05-06,-1674.7387444140372,18668.111917702514,-608.442411718509,476,mvo,1
2020-05-07,-1505.6992654895712,19097.364087936407,-812.3893200788115,476,mvo,1
2020-05-08,23781.215852805904,19239.641326939778,-989.8260973652782,476,mvo,1
2020-05-11,12535.09114162547,19999.999718552885,-499.9999979196869,477,mvo,1
2020-05-12,18192.807624824934,19072.853073646304,-149.13358390444367,477,mvo,1
2020-05-13,-19423.834961296237,18868.681119821737,-25.415377641819905,477,mvo,1
2020-05-14,-11047.431466484695,18888.0776361022,-176.47520127947175,476,mvo,1
2020-05-15,16959.495470891943,18180.295065911516,-464.2241407345986,476,mvo,1
2020-05-18,-61845.82620742705,19490.033624676853,-1009.9664483322977,477,mvo,1
2020-05-19,38147.55409412104,18768.85873165283,-1149.5139465196955,476,mvo,1
2020-05-20,5209.879539675684,18605.03523072013,-1164.2591099643364,476,mvo,1
2020-05-21,-5486.238870369671,18838.010854643264,-2116.697071598476,476,mvo,1
2020-05-22,10909.105048051455,18575.920493883506,-2095.386937644437,476,mvo,1
2020-05-26,-33590.20351699641,19999.999305554342,-499.9999988020546,476,mvo,1
2020-05-27,-23318.867377339317,22521.478587242553,-1867.1468008501752,476,mvo,1
2020-05-28,-4951.491265887734,22358.576323831145,-1913.392910687691,476,mvo,1
2020-05-29,4822.815903119501,21216.140519056204,-2250.154457848799,476,mvo,1
2020-06-01,7223.581388417725,19999.999734995727,-499.99999893456373,476,mvo,1
2020-06-02,1454.3943765147008,19929.922150235914,-817.1983328839763,476,mvo,1
2020-06-03,-26149.06920391561,19734.988329968364,-1490.0662345232138,476,mvo,1
2020-06-04,-65756.60385634049,19593.677235703944,-2158.4436166818086,476,mvo,1
2020-06-05,-87033.21302422244,20678.02079901496,-4165.351012635281,476,mvo,1
2020-06-08,-61724.84779735645,20000.000087720135,-499.9999976293915,478,mvo,1
2020-06-09,-15229.49419356279,20350.643777729976,-106.22659732489878,478,mvo,1
2020-06-10,-3095.6201897502433,19888.574431402998,676.9201828075699,478,mvo,1
2020-06-11,-2649.724268859136,19230.33565126525,1566.1888105979199,478,mvo,1
2020-06-12,-36041.28761840522,18921.312326338368,1560.1823360129058,477,mvo,1
2020-06-15,14737.506945600502,19999.99930084673,-499.99999915733986,477,mvo,1
2020-06-16,-522.4206323742965,19732.48839196628,-583.3083237572669,477,mvo,1
2020-06-17,12509.754040086227,19344.428515266456,-516.279062455835,477,mvo,1
2020-06-18,19446.15842999747,18806.599586628425,-688.4280485375695,477,mvo,1
2020-06-19,193.9400763554007,18188.114967514342,-739.38149730869,477,mvo,1
2020-06-22,35435.24929491629,19999.999400920915,-499.99999970507673,478,mvo,1
2020-06-23,26148.709445219105,19393.90707765834,-729.9224571442969,478,mvo,1
2020-06-24,-23640.253173788973,18840.99446655562,-640.8317432745994,478,mvo,1
2020-06-25,9008.343002940766,18461.71583579941,-793.4511750630518,478,mvo,1
2020-06-26,-32398.907132340588,17824.472548104422,-1426.1562399141465,478,mvo,1
2020-06-29,12394.193063335633,20000.000373718372,-499.9999994921389,491,mvo,1
2020-06-30,17626.19096745719,19592.98281974006,-300.4402138958191,489,mvo,1
2020-07-01,-2272.9175571113897,19244.17975399699,-262.4430286453932,489,mvo,1
2020-07-02,23015.822771642965,18839.11997899173,-220.10150602244582,489,mvo,1
2020-07-06,3276.1262324780923,20000.000018955034,-499.9999861907897,491,mvo,1
2020-07-07,23033.213357829678,19627.439599584464,-318.62443494963736,491,mvo,1
2020-07-08,-7356.221993195538,19204.015925626692,-532.3898654825233,491,mvo,1
2020-07-09,-15079.510004907192,18660.037999986453,-363.1756896073218,491,mvo,1
2020-07-10,7142.736364141377,18776.40055888015,-404.26665110687475,490,mvo,1
2020-07-13,-26248.807134217754,19999.99883437041,-499.99999890919753,491,mvo,1
2020-07-14,39313.11117534025,19439.454447043794,-754.8593852381515,491,mvo,1
2020-07-15,-45504.789246567714,19449.92471296863,-1127.686832188274,491,mvo,1
2020-07-16,28372.452125166084,19078.73176025224,-1158.6723297196268,491,mvo,1
2020-07-17,19911.75655163033,18438.720796758553,-1384.1661577860857,491,mvo,1
2020-07-20,13768.998834278844,19999.99872902753,-499.9999963952009,493,mvo,1
2020-07-21,136.7989137604841,19646.01394979249,-497.072367136491,493,mvo,1
2020-07-22,22084.096284318086,19074.319839604028,-917.5543183666109,493,mvo,1
2020-07-23,31657.37426702392,18910.04364854897,-776.6279590070374,493,mvo,1
2020-07-24,8261.382074380124,18701.092721302753,-628.3055573590815,493,mvo,1
2020-07-27,23673.336006481724,19999.993504604525,-385.6445519150923,493,mvo,1
2020-07-28,3055.8455299047073,19800.27348056358,-99.11439018195398,493,mvo,1
2020-07-29,9069.087144796677,18621.42447432369,-700.8563958492023,493,mvo,1
2020-07-30,-8225.937902676906,18587.823576931576,-857.6110528589261,493,mvo,1
2020-07-31,19882.721903480215,17840.25121040758,-1073.89335908463,493,mvo,1
2020-08-03,8065.86811523636,19999.9932504051,-76.7651918238551,493,mvo,1
2020-08-04,-871.3681756405979,19666.869724884036,-290.8633309586431,492,mvo,1
2020-08-05,692.7938815749421,19474.16923304712,-450.26992638195657,492,mvo,1
2020-08-06,4782.436579766916,19221.868820047,-544.6749252433543,492,mvo,1
2020-08-07,9815.71510517883,18932.929220345737,-546.6312465288864,492,mvo,1
2020-08-10,-14751.429421013543,19999.99959409597,499.99999680167275,494,mvo,1
2020-08-11,17857.68202014651,19422.987758361123,6.569572264826585,494,mvo,1
2020-08-12,-23273.82033145456,19438.574061986226,431.7499870021152,494,mvo,1
2020-08-13,16303.721066861028,20493.776375589423,1306.1749385430696,494,mvo,1
2020-08-14,-7303.770747939159,19296.589436189493,283.1282013682926,494,mvo,1
2020-08-17,33491.71233108969,19739.27209448376,464.85986966726296,494,mvo,1
2020-08-18,3102.207252462254,19369.254135423762,234.44706714209173,494,mvo,1
2020-08-19,20463.472273165557,19036.93402213067,256.54229955115005,494,mvo,1
2020-08-20,-14895.48051895031,18491.907838855925,254.56561868034115,494,mvo,1
2020-08-21,17579.439071338307,18065.671865384604,441.68757706193384,494,mvo,1
2020-08-24,-19164.704592020455,19999.996345825923,499.9999971445208,495,mvo,1
2020-08-25,9865.05521886242,19467.499613132048,433.5904334418754,495,mvo,1
2020-08-26,4691.325865003911,19046.21474067813,57.492253898480804,494,mvo,1
2020-08-27,7311.1614554267735,18638.50286791464,221.47221794915012,494,mvo,1
2020-08-28,-2804.7808376348303,18675.762837580114,88.88009527467563,494,mvo,1
2020-08-31,14489.83556929526,19999.992045446852,387.8714874853947,494,mvo,1
2020-09-01,1138.679727515356,19458.87159652489,364.8333503388462,493,mvo,1
2020-09-02,12377.027459486597,19288.601610280606,83.06125184646541,493,mvo,1
2020-09-03,27541.685515861926,19024.05477848888,269.19463478027393,493,mvo,1
2020-09-04,-10264.668507075026,18942.87449518749,597.3237718750569,493,mvo,1
2020-09-08,7264.935580718697,19999.998218789824,-499.9999975591237,494,mvo,1
2020-09-09,18805.94788771596,19930.877093722334,-181.772058844334,494,mvo,1
2020-09-10,10803.512002918991,18958.667520256568,-499.80025878304605,494,mvo,1
2020-09-11,10305.890133977688,18516.69965670947,-399.9043564260821,494,mvo,1
2020-09-14,-4687.44384145808,19999.997970394208,-499.99995389383963,495,mvo,1
2020-09-15,9400.197455680305,19557.94303866053,-453.7962731849634,495,mvo,1
2020-09-16,-8168.571583000779,19810.16230178933,-551.6573155163159,495,mvo,1
2020-09-17,-2371.299815396407,19244.08209824189,-699.1564278812915,494,mvo,1
2020-09-18,16203.51497989976,18578.59478035878,-867.5901183117896,494,mvo,1
2020-09-21,-24917.533773110375,19999.99261657135,-499.99984527747375,495,mvo,1
2020-09-22,2507.879016027868,20362.306491252148,-593.8948186651186,495,mvo,1
2020-09-23,11472.384004866999,18471.906185419874,-1146.0865829484171,495,mvo,1
2020-09-24,-4183.414833640193,18445.417164105238,-941.7028424360441,494,mvo,1
2020-09-25,-1888.3070090914218,19103.592333505654,-732.6015382318863,494,mvo,1
2020-09-28,6758.21548845539,19999.998375709703,-499.9998068779482,496,mvo,1
2020-09-29,-3077.6932498711176,19646.313062837584,-374.09779889064174,496,mvo,1
2020-09-30,4431.190852069292,19494.766194100594,-384.52283086650306,496,mvo,1
2020-10-01,-4464.089444140281,19355.301992780438,-407.749362910563,496,mvo,1
2020-10-02,-766.1794391308584,19182.702774111374,-494.6629237927159,496,mvo,1
2020-10-05,16022.71776907687,19999.999982885052,-499.9999979582293,498,mvo,1
2020-10-06,2079.308413693989,19693.224147749657,-530.0661306187442,498,mvo,1
2020-10-07,-7917.285626992268,19237.494393840156,-600.6043992081613,498,mvo,1
2020-10-08,-2565.8308156481207,18738.864247368525,-795.7633011935616,498,mvo,1
2020-10-09,-312.98711148753125,18370.00599113515,-956.741431523856,498,mvo,1
2020-10-12,15390.786024265568,19999.99952825898,-499.99999356280705,497,mvo,1
2020-10-13,-460.51000537467473,19922.93083771039,-420.5743740097015,497,mvo,1
2020-10-14,9022.665236109706,19756.13486770813,-497.92111800746426,497,mvo,1
2020-10-15,6314.866525865197,19257.34393793295,-328.24499865128746,497,mvo,1
2020-10-16,12367.701098165184,18724.116238997685,-676.2105531375563,497,mvo,1
2020-10-19,-206.47180111730916,19999.992986660076,-241.3466607221463,497,mvo,1
2020-10-20,-6275.106732107805,19674.497259432745,-791.8640196294946,497,mvo,1
2020-10-21,1607.0560276370456,19453.590636580404,-750.8448947795156,497,mvo,1
2020-10-22,-1678.4732355821645,19548.91952523762,-1381.2588716671673,497,mvo,1
2020-10-23,2409.6000821104512,18367.54347724234,-2544.7173663972803,497,mvo,1
2020-10-26,-21975.624992772464,19999.984553573868,-499.9999973072388,497,mvo,1
2020-10-27,233896.63060557254,20098.054014754096,-1204.4875167920563,497,mvo,1
2020-10-28,-2220.520500536373,20103.24639060823,-1119.5404339229392,497,mvo,1
2020-10-29,-13050.406328455678,19302.162503636042,-1506.5934819881081,497,mvo,1
2020-10-30,-21411.309259956684,18529.637621303395,-1994.3992074536557,497,mvo,1
2020-11-02,15294.733870486321,19999.999930033042,-499.999999900356,496,mvo,1
2020-11-03,6871.291660743607,19773.295183630937,-504.4245686604814,495,mvo,1
2020-11-04,-64403.34141580822,19741.589696816103,-981.75745022821,495,mvo,1
2020-11-05,-9833.204992673125,18913.400519730843,-1278.8721550141677,495,mvo,1
2020-11-06,-274.21197565954293,19180.724993436637,-844.2437725579424,495,mvo,1
2020-11-09,-66210.1301308574,19999.97385799155,499.99999765225715,496,mvo,1
2020-11-10,-16448.66744459099,20220.19980553299,222.82249589650976,496,mvo,1
2020-11-11,19945.69033308946,19627.003303026057,-261.9717783534609,496,mvo,1
2020-11-12,-841.1592107416615,19530.476206663603,159.95657711945265,496,mvo,1
2020-11-13,-11434.758873256584,18981.18912590989,-223.63882407389175,496,mvo,1
2020-11-16,-749.1519178500278,19999.99787312196,499.999999415703,497,mvo,1
2020-11-17,-175.71392921067275,20614.898547375775,997.9031365382184,497,mvo,1
2020-11-18,-700.592105524356,20655.125097973978,1031.6911440760248,497,mvo,1
2020-11-19,5103.860780573315,20244.688627990272,962.4657896623455,497,mvo,1
2020-11-20,191.6302016694064,20399.93072805343,1279.9452720077259,497,mvo,1
2020-11-23,-11464.216418465936,19999.99746579895,499.99999957318516,497,mvo,1
2020-11-24,-1565.3508474860594,19793.01561331233,165.87012038093056,497,mvo,1
2020-11-25,-800.264091711256,19886.833090412092,-74.91656014936801,497,mvo,1
2020-11-27,4143.86812055542,19845.0983573315,324.8413821966574,497,mvo,1
2020-11-30,-4435.976765834155,19999.646157877178,499.9999995103705,497,mvo,1
2020-12-01,7018.440481169436,19610.387837350427,301.53914799747224,497,mvo,1
2020-12-02,-16837.23928321482,19833.425310925493,781.5651563792823,497,mvo,1
2020-12-03,-3398.3595631106978,19604.360414256906,501.6150455364199,497,mvo,1
2020-12-04,3288.552290168655,18969.9873484463,183.1836991674709,497,mvo,1
2020-12-07,930.791322246432,19999.999133611433,499.9999995565336,497,mvo,1
2020-12-08,3728.8221619420315,19768.78336880166,-273.73226778258464,497,mvo,1
2020-12-09,-5436.374069975274,19817.624373006453,175.98868514663997,497,mvo,1
2020-12-10,4483.27590293193,20165.96926167301,753.8552134125359,497,mvo,1
2020-12-11,2395.9528085172165,19867.35061990934,718.7355399990648,497,mvo,1
2020-12-14,9220.67938361149,19999.99294850386,499.9999948006149,497,mvo,1
2020-12-15,4735.607613696687,20012.95046756635,1620.523076116787,497,mvo,1
2020-12-16,1186.025118565242,19552.161539376277,1416.0476839766598,497,mvo,1
2020-12-17,2775.8015081571657,18903.801308980976,1180.1091865378019,497,mvo,1
2020-12-18,36564.534217655055,18408.51962047867,1275.4969025377857,497,mvo,1
2020-12-21,-31234.69709963861,19999.997351523183,499.99999978326326,497,mvo,1
2020-12-22,1420.8609298982665,20685.568978253126,1276.5212290364286,497,mvo,1
2020-12-23,3148.1239042083394,20038.450043748533,809.9475000348145,497,mvo,1
2020-12-24,9620.679038202237,18837.916657442765,407.2211493493851,497,mvo,1
2020-12-28,7324.908373531008,19999.997116713697,499.9999997305102,497,mvo,1
2020-12-29,5001.364342310608,19839.33363595773,634.3746850216912,497,mvo,1
2020-12-30,626.3942096963696,19562.234553310704,471.2154628849352,497,mvo,1
2020-12-31,9629.257742861313,19199.887738998983,311.0353199333907,497,mvo,1
2021-01-04,-4396.497763795584,19565.765329877515,499.9999999312223,497,mvo,1
2021-01-05,3595.339749528008,19436.964214855536,321.3233289592745,497,mvo,1
2021-01-06,-894.4052206447489,19136.64905556478,347.2325429977098,497,mvo,1
2021-01-07,-2085.477395438709,18604.067205443032,62.24250463052621,497,mvo,1
2021-01-08,460.3645288436349,18409.331435244145,41.192078205951475,497,mvo,1
2021-01-11,-6771.735265315259,19480.382103208878,1019.5978605598157,497,mvo,1
2021-01-12,-1862.6119840453457,18966.35308732494,663.8597362327956,485,mvo,1
2021-01-13,305.0324700544726,18794.32530945678,668.538673763481,485,mvo,1
2021-01-14,-8668.348760009252,18965.783142863387,843.2514633887803,485,mvo,1
2021-01-15,2301.4665319716673,19302.577264369735,255.8043847607915,484,mvo,1
2021-01-19,11864.151320304883,19999.995261722408,499.99999924082766,484,mvo,1
2021-01-20,2070.1467546464837,19272.3919264955,713.6246652544496,484,mvo,1
2021-01-21,-6474.893373073173,19108.18958324026,481.79531181244664,484,mvo,1
2021-01-22,6945.3379475171,18868.511810405435,739.0567599078765,484,mvo,1
2021-01-25,-5307.665339535929,19999.997267884173,499.9999988600659,484,mvo,1
2021-01-26,4015.146365122447,19960.784171699346,260.62239240363834,484,mvo,1
2021-01-27,-17614.191466480755,20485.336875352183,57.16712979632533,483,mvo,1
2021-01-28,34638.54415847781,20235.943485369444,-10.073443272849463,483,mvo,1
2021-01-29,-19122.244170379752,18975.791904976904,-114.43559917911001,483,mvo,1
2021-02-01,7752.481037282032,19999.999035981124,-387.21946471258167,483,mvo,1
2021-02-02,27980.398306403804,19961.602264469922,-412.4433029295438,482,mvo,1
2021-02-03,10189.099346486519,19574.458676249207,-548.7778137893191,482,mvo,1
2021-02-04,-2751.9318735419038,19357.792008890232,-988.8733102882657,482,mvo,1
2021-02-05,10105.045589671181,19196.323110344507,-981.4836373999514,482,mvo,1
2021-02-08,6743.6702739514185,19999.994336237665,499.9999923362764,482,mvo,1
2021-02-09,2124.0958613017037,19947.77874150863,412.89284072854343,482,mvo,1
2021-02-10,-6755.664959544163,19923.523154394843,668.0037664267561,482,mvo,1
2021-02-11,10820.533929320543,19498.97015132605,694.8332336442559,482,mvo,1
2021-02-12,-13877.068340905193,19003.70428703083,812.4875820320178,482,mvo,1
2021-02-16,4097.691553224954,19999.999579243966,499.99999884779015,482,mvo,1
2021-02-17,229.09163432015646,20423.16932267317,290.0619456138512,482,mvo,1
2021-02-18,-1958.0059548270797,19969.85851199963,310.30423660868576,482,mvo,1
2021-02-19,11116.088753949334,19526.628274176386,439.187907241289,482,mvo,1
2021-02-22,2126.9810057125455,20000.000261508383,499.99999936116456,482,mvo,1
2021-02-23,-1670.319217369817,19685.44551149017,268.90316695933006,482,mvo,1
2021-02-24,-7467.539726567337,19126.411922804495,139.44438991075964,482,mvo,1
2021-02-25,-11741.02979118764,19421.315153546548,959.223130481837,482,mvo,1
2021-02-26,9828.095751623696,18872.52225762725,901.900274166684,482,mvo,1
2021-03-01,-1977.1203678417396,19999.998159354134,499.9999813543781,482,mvo,1
2021-03-02,13285.641772263585,19337.99750912159,349.8828240129742,482,mvo,1
2021-03-03,-12684.90836631386,18702.487539810387,921.7881158807946,482,mvo,1
2021-03-04,-20477.453796887286,18176.868720696686,1058.5109550261075,482,mvo,1
2021-03-05,8682.66133224052,18137.556713568974,989.074299031916,482,mvo,1
2021-03-08,-14043.531043231862,19999.999877528477,499.999992092523,482,mvo,1
2021-03-09,186.96921338265574,20364.328618245538,187.88546004992565,482,mvo,1
2021-03-10,-8263.238305609388,19979.089542980342,-183.0423551664381,482,mvo,1
2021-03-11,-5026.631026716615,19798.620579078237,-119.99171761397265,482,mvo,1
2021-03-12,-28148.67376409176,18966.772544345455,-346.48845232084204,482,mvo,1
2021-03-15,-3636.3864461140492,20000.000586509625,499.9999985540402,483,mvo,1
2021-03-16,-28365.916897509916,19613.30137465672,167.7288352659235,483,mvo,1
2021-03-17,21776.831320941765,19064.272790471925,756.7297472343084,483,mvo,1
2021-03-18,18975.33388226515,18824.52685108607,1009.740245332141,483,mvo,1
2021-03-19,17415.283931492027,19048.281208716166,517.0302420645792,483,mvo,1
2021-03-22,12347.004187358347,20000.000033974386,499.9999994628261,483,mvo,1
2021-03-23,44044.785398936496,20712.421563279386,939.9016869512201,483,mvo,1
2021-03-24,-38179.902718265155,20639.382616584793,1768.4440370485922,483,mvo,1
2021-03-25,-13468.092307282992,19891.0366743544,206.31198787977814,483,mvo,1
2021-03-26,-10973.472300438301,18670.24669668313,-228.9311993452773,483,mvo,1
2021-03-29,15687.005923867495,20000.000095032487,499.9999990517646,483,mvo,1
2021-03-30,25701.763522245856,19898.19863350785,627.8510989969421,483,mvo,1
2021-03-31,3263.07348661128,19669.81878818637,614.175516070646,483,mvo,1
2021-04-01,-1145.9275820829344,19254.69685401432,588.0516123195436,483,mvo,1
2021-04-05,-2427.9001220879945,19999.999194838023,500.00000037389026,483,mvo,1
2021-04-06,127.12440139391735,20082.917929916333,697.268417560374,483,mvo,1
2021-04-07,11009.143838695056,19791.33674176239,691.5544688334987,483,mvo,1
2021-04-08,-15422.42240232927,19042.283617739984,501.2441415833174,483,mvo,1
2021-04-09,9580.716482983644,18511.862361503543,233.6947415465567,483,mvo,1
2021-04-12,21797.225653646456,20000.00004569873,500.0000003085334,483,mvo,1
2021-04-13,-582.8435616608117,19786.668048193616,485.16343175785335,483,mvo,1
2021-04-14,-6143.389236496295,19197.342463377987,475.8527751734289,483,mvo,1
2021-04-15,9387.028770766563,18845.388386065068,608.6938997567315,483,mvo,1
2021-04-16,-5630.673336311614,18216.938515581114,227.45711515791905,483,mvo,1
2021-04-19,-6672.839908386186,20000.000371742713,500.00000030531913,484,mvo,1
2021-04-20,29698.566653536272,20077.4529076496,670.2285301259025,484,mvo,1
2021-04-21,7919.265246157944,19618.206173559207,1080.3331251653608,484,mvo,1
2021-04-22,-9184.461934114323,20179.464142856094,1662.4609993082445,484,mvo,1
2021-04-23,-15079.197858707736,18636.72694833145,1545.6281218263446,483,mvo,1
2021-04-26,4607.827159595293,19999.999843705256,500.00000034259807,483,mvo,1
2021-04-27,-10800.753315613463,21144.77973147403,1887.2451470365759,483,mvo,1
2021-04-28,23482.992413040727,19846.791818782574,1979.940373585921,483,mvo,1
2021-04-29,11273.239562974653,19375.60329354927,1981.3282676684546,483,mvo,1
2021-04-30,647.3855712492095,19515.18973200864,1799.955673303949,483,mvo,1
2021-05-03,11097.92400582078,19999.999822926755,500.0000007980146,483,mvo,1
2021-05-04,7153.887104694586,19481.475322671624,410.43302010616674,483,mvo,1
2021-05-05,-484.4957274666867,19053.50484886644,276.8825990391715,483,mvo,1
2021-05-06,-690.2001136471455,18656.588652968017,430.94544566733947,483,mvo,1
2021-05-07,-587.3511079310769,18626.78798133102,571.3681744601876,483,mvo,1
2021-05-10,-4162.272107213747,20000.000501452127,500.00000024642304,483,mvo,1
2021-05-11,8760.08164051013,19792.396662969313,593.1699696687144,483,mvo,1
2021-05-12,-691.897843071036,19192.015171061266,598.8001120462886,483,mvo,1
2021-05-13,-2737.119565843271,18953.00166108344,500.3823726133753,483,mvo,1
2021-05-14,9587.806323018725,18969.862938671118,499.86416904365063,483,mvo,1
2021-05-17,-8979.101997086955,20000.00076882922,500.00000002927004,484,mvo,1
2021-05-18,7550.214407664952,19927.85437071446,594.6888075238458,484,mvo,1
2021-05-19,2473.900536072292,19995.136315531217,546.0099411979597,484,mvo,1
2021-05-20,4134.300104020984,19895.583527748076,151.46274733838055,484,mvo,1
2021-05-21,10.713347521810896,19613.53117971866,-46.564551008370515,484,mvo,1
2021-05-24,-9722.861665028195,20000.000486396973,500.00000031727205,483,mvo,1
2021-05-25,27532.884838391732,20625.09381930717,181.85003932617929,483,mvo,1
2021-05-26,-15673.41632946943,19665.05191785836,-450.085061947863,483,mvo,1
2021-05-27,4829.656370614523,19397.53417902306,-362.583091271426,483,mvo,1
2021-05-28,203.62179729640982,19131.023593703238,-356.26266744087314,483,mvo,1
2021-06-01,8367.101854451133,19999.99945475016,500.00000087649715,483,mvo,1
2021-06-02,11044.813785738708,19775.11248349764,70.31424456342317,483,mvo,1
2021-06-03,-8223.123676560903,19476.98644357062,414.0598156128294,483,mvo,1
2021-06-04,-5022.932722183401,19259.447175149413,584.3686444855117,483,mvo,1
2021-06-07,36910.91294217302,20000.000538457287,500.0000005586176,483,mvo,1
2021-06-08,-9954.063164324445,19370.665063106677,692.2850801503156,483,mvo,1
2021-06-09,8009.455030248678,18738.313827087888,935.3549032161142,483,mvo,1
2021-06-10,1638.1097834674654,18038.29822958226,746.429617611727,483,mvo,1
2021-06-11,-9332.903835011846,17774.441702756754,787.5320238681859,483,mvo,1
2021-06-14,53.23028207707498,19999.9993476887,500.00000102319046,483,mvo,1
2021-06-15,15183.848663668905,20355.54639325922,1447.1944956802763,483,mvo,1
2021-06-16,2918.4271238733327,20190.816612428873,1640.8052749303954,483,mvo,1
2021-06-17,-9241.510912348222,18774.47801931535,1220.6991392086984,483,mvo,1
2021-06-18,1276.1469572943865,17658.781243160123,1323.1394806593862,483,mvo,1
2021-06-21,-8726.13081577693,19999.99941410544,499.9999998544796,483,mvo,1
2021-06-22,11833.890280960946,22410.78206791752,-2649.2350148657815,483,mvo,1
2021-06-23,-2070.8830923591254,22044.91883845681,-2806.622752305984,483,mvo,1
2021-06-24,18196.972096982037,22189.237663334385,-2300.284401174405,483,mvo,1
2021-06-25,-7158.164028322465,21476.878627298123,-2770.6949953534904,483,mvo,1
2021-06-28,-1415.6419251667467,20000.00017200538,500.000001157263,500,mvo,1
2021-06-29,-3548.0127650121794,19703.639716149544,424.643698968817,500,mvo,1
2021-06-30,5276.204808404672,19526.8118467256,437.51474562096615,500,mvo,1
2021-07-01,11875.046564725113,21081.329358211755,2261.8677367670007,500,mvo,1
2021-07-02,1673.540877920695,20808.489052553316,2336.4707793239377,500,mvo,1
2021-07-06,-13668.744400140567,19999.999044131982,500.00000150441343,500,mvo,1
2021-07-07,1176.7023322173413,19450.19848256799,480.9567663116393,500,mvo,1
2021-07-08,1329.0553711098644,18840.180834042865,304.1307501398667,500,mvo,1
2021-07-09,100.94079026507359,18967.14915453058,479.11059238315676,500,mvo,1
2021-07-12,-4030.4832077725064,20000.000386917698,500.00000040103816,500,mvo,1
2021-07-13,10105.549120180953,19279.91409026248,277.2525105404875,500,mvo,1
2021-07-14,-3890.275424245093,18904.34376832242,500.5776383630414,500,mvo,1
2021-07-15,-488.54707267735967,18448.635847999034,77.22943896793122,500,mvo,1
2021-07-16,2559.954512395478,17664.57495262854,315.67814571632863,500,mvo,1
2021-07-19,9876.03787945607,19999.999351498594,500.00000008905863,500,mvo,1
2021-07-20,8860.35889107507,20745.072724139947,897.8185609046884,500,mvo,1
2021-07-21,7816.436772339602,21164.990337842948,781.7405777866765,500,mvo,1
2021-07-22,14939.3380105524,20456.148558496978,558.7199812195747,500,mvo,1
2021-07-23,11039.03240959907,19864.776523953267,437.8591453277539,500,mvo,1
2021-07-26,-45591.14734181084,19999.998875685218,500.0000010607802,500,mvo,1
2021-07-27,-1473.3522480548127,19272.123626528508,975.6868701231119,500,mvo,1
2021-07-28,11577.85186693007,18196.500326579644,2133.409751646886,500,mvo,1
2021-07-29,-21378.552024838562,16566.45791751611,2140.1443575399167,499,mvo,1
2021-07-30,483.1517312763582,16217.892183713868,1465.1950650523988,499,mvo,1
2021-08-02,11113.241338128544,19999.99857555548,500.0000005688285,500,mvo,1
2021-08-03,1520.503480688662,19496.484422794438,697.2042922075186,500,mvo,1
2021-08-04,-3946.2751886412957,19324.396931348558,437.1091237408636,500,mvo,1
2021-08-05,3717.2768402094093,19164.91263508901,528.1714090165707,500,mvo,1
2021-08-06,-5351.523944261452,18933.569572252753,560.8628528337489,500,mvo,1
2021-08-09,-5039.871543470757,20000.000319849605,499.9999996139322,500,mvo,1
2021-08-10,-18507.98948441549,20144.18066155826,188.24206152138348,500,mvo,1
2021-08-11,8425.083036892112,19496.039953588453,92.45263957463774,500,mvo,1
2021-08-12,7387.111310801877,19088.54814857959,369.55267041636193,500,mvo,1
2021-08-13,-7402.700077577919,18797.133633529058,149.8623533072938,500,mvo,1
2021-08-16,-2132.5303852666193,20000.000550453038,500.00000029096265,500,mvo,1
2021-08-17,7436.766192401586,20029.85169963727,723.8968340809988,500,mvo,1
2021-08-18,-3746.5482430949,19844.12920589345,662.8479366144354,500,mvo,1
2021-08-19,6273.688731717617,19419.02728828928,200.44285835411105,500,mvo,1
2021-08-20,-9600.21431691665,19014.194683638245,703.2448903752638,500,mvo,1
2021-08-23,-2362.0370733649347,20000.00003103271,499.999999780568,500,mvo,1
2021-08-24,9780.03581067764,19768.036208543253,869.9767518900085,500,mvo,1
2021-08-25,-6633.714187786891,19569.96387181018,1437.546830917493,500,mvo,1
2021-08-26,-8984.000848593421,18832.804208471727,990.5844380682275,500,mvo,1
2021-08-27,7416.122964505385,17931.12563294352,1798.283691171338,500,mvo,1
2021-08-30,-11219.152808875759,19999.999695140366,500.0000011215601,500,mvo,1
2021-08-31,-12274.686338175474,19838.68316910221,371.49347015401014,500,mvo,1
2021-09-01,579.9398232833603,19384.16706693995,542.4933730913822,500,mvo,1
2021-09-02,130.0489935880346,18530.432478514333,1011.8339851698149,500,mvo,1
2021-09-03,9899.102014607233,18003.216558086595,1116.2273149502485,499,mvo,1
2021-09-07,-2899.6925287718846,19999.997310614563,500.0000010228736,499,mvo,1
2021-09-08,-2582.7696615738887,21014.302260931567,531.0129339856077,499,mvo,1
2021-09-09,15840.229449277862,20600.242964527934,597.5907994460796,499,mvo,1
2021-09-10,-10341.068102457613,20420.18981021528,119.44508039167201,499,mvo,1
2021-09-13,2950.9297657326224,19935.717959211728,499.99999995021625,499,mvo,1
2021-09-14,-8478.776990949067,18424.254085844455,277.84100415735776,499,mvo,1
2021-09-15,15948.466931125464,18586.116564753636,427.5150611228095,499,mvo,1
2021-09-16,5829.61310843847,17958.050508625372,212.33372103088647,499,mvo,1
2021-09-17,-5598.374345108976,17592.695001200293,712.1662567285625,499,mvo,1
2021-09-20,-15540.068628309382,20000.000386719843,499.99999955086935,499,mvo,1
2021-09-21,-2551.3877219694314,20587.954810282386,-637.4659550360008,499,mvo,1
2021-09-22,2615.8659760801283,20428.751309602558,-545.4803302724291,499,mvo,1
2021-09-23,19334.82582548967,19033.539459582094,-866.3577759678533,499,mvo,1
2021-09-24,-14500.149443671198,17600.360777896098,-1473.33182194061,499,mvo,1
2021-09-27,7905.589375543662,19999.999518370016,499.9999975062206,499,mvo,1
2021-09-28,-3066.125335657627,19389.7694442658,687.3986673853996,499,mvo,1
2021-09-29,2369.7878373104127,19261.67860198132,675.5250053711574,499,mvo,1
2021-09-30,-4396.336750067554,18623.809693913645,511.6113459765319,499,mvo,1
2021-10-01,7831.602831536332,18819.611731297173,653.5266365790733,499,mvo,1
2021-10-04,-10451.959981872142,19999.995393054098,499.9999970570493,499,mvo,1
2021-10-05,-1346.774132392602,20158.482765800567,458.8627712574523,499,mvo,1
2021-10-06,-2164.1737022280386,19948.413973599745,207.29161947551032,499,mvo,1
2021-10-07,-895.3967154659147,19863.276846111272,139.64569823841785,499,mvo,1
2021-10-08,-1264.2393180798515,19394.36069217805,239.83766198514792,499,mvo,1
2021-10-11,659.393788908742,20000.000179987703,273.98813013859365,500,mvo,1
2021-10-12,699.1822575255799,20009.969335115686,717.1677237612586,500,mvo,1
2021-10-13,3131.0800170449947,19508.564234444093,869.8397667128136,500,mvo,1
2021-10-14,-4224.150312986346,19152.75991799203,743.3993434685495,500,mvo,1
2021-10-15,-641.7719014737545,18925.0984728458,888.5484309466137,500,mvo,1
2021-10-18,7869.2317633692655,19999.997758303445,499.99999868624553,500,mvo,1
2021-10-19,-6387.043047358729,20116.31946399846,-412.3493132890725,500,mvo,1
2021-10-20,-5936.0959186279815,19420.90114567054,-397.57333174830353,500,mvo,1
2021-10-21,3576.111027885346,18929.24172648535,-846.1545939126939,500,mvo,1
2021-10-22,-1179.484563705041,17822.060676193392,-945.674388187269,500,mvo,1
2021-10-25,-10803.52819944736,20000.00003570827,499.99999968277507,500,mvo,1
2021-10-26,-1778.1759404903853,20132.811356366827,1226.6521748203008,500,mvo,1
2021-10-27,28694.991275319626,20381.17781407162,1521.4452870956752,500,mvo,1
2021-10-28,-13197.592047580603,18528.211247150364,2194.3048974725966,500,mvo,1
2021-10-29,-7904.586360768897,17651.42598712998,2070.623435102041,500,mvo,1
2021-11-01,15200.501340249693,19999.99840743883,499.9999959272667,500,mvo,1
2021-11-02,3221.9900928573907,19474.55374487849,565.3982161665699,500,mvo,1
2021-11-03,-4757.226263093873,19021.77433491718,627.0544852013968,500,mvo,1
2021-11-04,5607.621430717771,18587.9525309168,66.19137899256633,500,mvo,1
2021-11-05,9719.520668797355,18016.442993475197,115.53851297759604,500,mvo,1
2021-11-08,5346.9284933237295,20000.000303495737,499.9999894715197,500,mvo,1
2021-11-09,1337.0818851892677,20045.31912585863,910.2292509463024,500,mvo,1
2021-11-10,583.9413685926716,19561.881248003283,827.797213144187,500,mvo,1
2021-11-11,-5167.672092708026,19188.533380839577,790.7233904160707,500,mvo,1
2021-11-12,14482.967167779841,19054.823661588445,963.8968421469057,500,mvo,1
2021-11-15,-6278.865560351784,19999.999920168902,499.9999937819631,500,mvo,1
2021-11-16,12554.309458351298,20774.913402042937,-263.0536723423887,500,mvo,1
2021-11-17,-42.550743233967,19965.32378587185,-55.33964492703512,500,mvo,1
2021-11-18,-2867.835368864221,19199.875467470658,-50.68929130488446,500,mvo,1
2021-11-19,-4340.686380729601,19442.666943431006,-231.36580797434067,500,mvo,1
2021-11-22,-16037.273554879868,19999.999905614466,499.9999888055609,500,mvo,1
2021-11-23,10108.283431715845,19247.088447286093,969.1575428899686,500,mvo,1
2021-11-24,-14124.585983788273,18975.10737584505,228.1627906347769,500,mvo,1
2021-11-26,42726.15116011476,18558.0632910497,663.8445283682814,500,mvo,1
2021-11-29,13428.767108712751,20000.000057446738,-500.0000001108026,500,mvo,1
2021-11-30,3606.8068874509554,19355.57070362899,-611.0187064906869,500,mvo,1
2021-12-01,-9864.70413988381,18482.389130521256,-812.0188499475471,500,mvo,1
2021-12-02,18410.446170131945,18982.891403801674,-629.9382933801021,500,mvo,1
2021-12-03,-9684.31300145219,18510.95801021193,-742.644043247142,500,mvo,1
2021-12-06,22316.49334613699,19999.999530658602,-500.0000010491501,500,mvo,1
2021-12-07,2255.0741441268824,19909.87779232698,-617.3624926780693,500,mvo,1
2021-12-08,-1715.9031216130327,19660.80519301427,-634.9245335743044,500,mvo,1
2021-12-09,9744.548156422665,19266.36866597326,-676.7351578426214,500,mvo,1
2021-12-10,-19667.42698836988,18657.18021418105,-382.08723125759724,500,mvo,1
2021-12-13,-4295.003377037968,19999.998750155803,127.76410062937924,501,mvo,1
2021-12-14,4779.336263963025,19639.669007551063,145.16623350065188,501,mvo,1
2021-12-15,-38434.46729225182,19428.022697741962,33.66340970713762,501,mvo,1
2021-12-16,-24475.9897170825,19028.644832526163,506.12793195563853,501,mvo,1
2021-12-17,13140.316592729649,19009.373663418995,220.08715949699632,501,mvo,1
2021-12-20,-9561.53592263472,20000.000353165393,-499.99999976153777,501,mvo,1
2021-12-21,-13490.696182332753,20628.615406627374,-1618.192768494585,501,mvo,1
2021-12-22,11147.912090262651,20117.231800474725,-1325.72977513208,500,mvo,1
2021-12-23,5945.058329670068,19793.180075342003,-1111.9884258110844,500,mvo,1
2021-12-27,-11441.499000842867,20000.000217444674,-106.72019512602073,500,mvo,1
2021-12-28,-16902.604242994592,19657.364558142872,-448.926756632783,500,mvo,1
2021-12-29,27422.926627814246,18710.097623850535,-322.2224222370523,500,mvo,1
2021-12-30,39713.666817903606,18220.454149219677,-267.49186187343173,500,mvo,1
2021-12-31,-18704.697952780356,17542.848687541053,-271.9236867826267,500,mvo,1
2022-01-03,26585.93021526464,19999.99626606559,-62.12891762643698,500,mvo,1
2022-01-04,-650.0780013876403,19674.975586889494,-8.006462711259081,500,mvo,1
2022-01-05,-6006.356540278504,18890.867129588492,372.8652081569504,500,mvo,1
2022-01-06,-2970.835370722472,18777.942773527142,287.6763072747145,500,mvo,1
2022-01-07,-1199.0147388842493,18324.389893841282,253.90387813276777,500,mvo,1
2022-01-10,6935.36240253877,18661.25560389617,-1679.3722227547362,503,mvo,1
2022-01-11,-1659.9330738690442,18470.570938819874,-1930.5242766703652,491,mvo,1
2022-01-12,-3421.2392108978224,18092.21556910787,-2147.6203235179037,491,mvo,1
2022-01-13,-6719.67007126085,17547.54388191999,-1626.7676222590094,491,mvo,1
2022-01-14,-5797.71135645643,17349.025990469097,-1805.2149526456042,491,mvo,1
2022-01-18,3210.0312440828907,19999.995976682065,-500.00000294397455,491,mvo,1
2022-01-19,-12326.713331894738,19162.485457869938,-329.1620978659273,490,mvo,1
2022-01-20,4451.975331961246,18290.464870947544,-194.0499774746081,490,mvo,1
2022-01-21,-6891.700213499608,18677.331713023294,-824.250200312182,490,mvo,1
2022-01-24,16595.772588727883,20000.0010605475,-499.99999935025505,490,mvo,1
2022-01-25,6017.546557577991,19425.604780898015,-115.89307465842407,490,mvo,1
2022-01-26,-29977.287237720113,19932.67320790219,-1144.7836447952782,490,mvo,1
2022-01-27,9760.956909060984,19180.518882379492,-1504.6410598291698,490,mvo,1
2022-01-28,1373.0243516963287,19278.421125503413,-1715.8402963916546,490,mvo,1
2022-01-31,57067.04322299004,20000.00040719236,-499.99999990163786,491,mvo,1
2022-02-01,1674.3204086195638,19722.43819964454,-366.0014606204334,491,mvo,1
2022-02-02,-14594.566094912796,19694.396853828417,-763.4630722616262,491,mvo,1
2022-02-03,-12530.522642058828,19226.991246174275,-1011.2329306331213,491,mvo,1
2022-02-04,-4282.470927924467,19041.28352276656,-704.7312259151179,491,mvo,1
2022-02-07,-10460.52910719775,20000.000246050735,-499.99998889135713,491,mvo,1
2022-02-08,14789.219551478902,19210.183775608966,-449.05933222757784,491,mvo,1
2022-02-09,-5444.342308454469,19333.84498425099,-1880.272291107378,491,mvo,1
2022-02-10,3096.224699721533,18959.616350149507,-1922.1493577442363,491,mvo,1
2022-02-11,-30891.372393976926,18423.785517912842,-1604.882519409178,491,mvo,1
2022-02-14,17600.855284335812,19999.9994694229,-500.0000002218432,491,mvo,1
2022-02-15,12653.420256650994,19630.754503869073,-541.3106622220821,491,mvo,1
2022-02-16,1846.8077890328225,19084.086422422806,-99.93119174400705,491,mvo,1
2022-02-17,7369.556607554761,19212.980576073332,-1.8314690811286793,491,mvo,1
2022-02-18,-4724.2170268933405,18579.24891416505,39.43677678995842,491,mvo,1
2022-02-22,5985.825208589502,20000.000546167525,-499.99999591231716,491,mvo,1
2022-02-23,-11702.573348399377,19092.51263710109,-1407.6226252235533,490,mvo,1
2022-02-24,-47065.44234809466,19805.497562329852,-2804.469424555353,488,mvo,1
2022-02-25,19129.013434102275,20347.04974192343,-4034.8655321557226,487,mvo,1
2022-02-28,-5329.91328531678,20000.00011831341,-499.99999609788256,487,mvo,1
2022-03-01,-9919.927608971886,15137.165480627296,-1347.7396532470384,385,mvo,1
2022-03-02,-1907.5006220720143,15184.775958329039,-1441.2762327114783,385,mvo,1
2022-03-03,517.1976011883514,14910.93351417079,-1454.8460721381286,385,mvo,1
2022-03-04,-4561.825578016771,14762.653373650835,-1237.6945763210158,385,mvo,1
2022-03-07,-3225.747534284868,19617.429534479343,-381.5683848654288,385,mvo,1
2022-03-08,4772.2363028710415,19697.576428525423,9.975418627148734,383,mvo,1
2022-03-09,6953.445520418816,20028.041796960686,-260.8472474515583,383,mvo,1
2022-03-10,-2456.666955890251,19897.85457942224,-126.3259177295089,383,mvo,1
2022-03-11,3642.2461225325096,19658.529220352913,159.86892032800142,383,mvo,1
2022-03-14,-306.856505043131,19999.999293160217,-500.0000011356202,389,mvo,1
2022-03-15,9194.041325810744,19700.02419842013,-917.7956956085276,389,mvo,1
2022-03-16,15791.805783913076,19736.003649589133,-914.9261964166819,389,mvo,1
2022-03-17,2634.5153803294816,19538.436732734168,-936.717132880555,389,mvo,1
2022-03-18,3953.295259778437,19062.660934448202,-935.9321851105749,389,mvo,1
2022-03-21,6866.903177552747,19999.998842620003,-499.9999979712161,485,mvo,1
2022-03-22,13169.532048367671,19606.835218049026,-195.86026580794984,485,mvo,1
2022-03-23,-5347.102749846306,19459.07766122784,-387.8661358083779,485,mvo,1
2022-03-24,-3536.3827133571035,19312.6293146228,-484.9027340436949,485,mvo,1
2022-03-25,-2402.518030858509,18619.26549299152,-784.8497829034036,485,mvo,1
2022-03-28,10165.724038671084,20000.0003590703,462.5543002334349,488,mvo,1
2022-03-29,-25749.20992610272,20709.256484102836,421.8898870698759,488,mvo,1
2022-03-30,6080.8719089185715,20519.249654084975,540.7406620456929,488,mvo,1
2022-03-31,15402.96089352295,21399.177762952982,497.63365498116406,488,mvo,1
2022-04-01,7319.818133976616,20268.622558662482,70.27837262782317,488,mvo,1
2022-04-04,20143.361564418003,20000.000229181933,499.9999974982835,489,mvo,1
2022-04-05,-410.21596493229515,19512.089233690356,553.5824063025058,489,mvo,1
2022-04-06,1094.9368775300543,19727.71297852358,1387.1565087133067,489,mvo,1
2022-04-07,-5622.002652910926,19461.590709833912,1278.8323590015207,489,mvo,1
2022-04-08,-7407.038633457679,18689.068146415444,658.2233335529248,489,mvo,1
2022-04-11,6950.945575178977,19855.949253862993,644.0507421634194,489,mvo,1
2022-04-12,6511.330961085431,20581.49430698775,1411.5798512861243,488,mvo,1
2022-04-13,5085.835368770522,19470.40816681778,290.0105417107328,488,mvo,1
2022-04-14,5522.40853119485,19384.635882377508,720.3524198496372,488,mvo,1
2022-04-18,4266.954194399731,19999.999243040405,-319.6333179451393,488,mvo,1
2022-04-19,-14743.447560918377,19359.95610092975,-143.8850727245,488,mvo,1
2022-04-20,-5720.069849286429,18604.988557571523,-987.1008643842875,486,mvo,1
2022-04-21,-2448.9871877865094,18609.731808676097,-652.025513705623,486,mvo,1
2022-04-22,-16570.80584406035,19082.122230899855,-127.80445286535647,486,mvo,1
2022-04-25,12807.492208106894,20000.000203292682,-499.99999976282066,486,mvo,1
2022-04-26,882.8620386731533,18898.133268672733,-203.30436568553122,486,mvo,1
2022-04-27,2311.134228395751,17745.937248267277,-1091.8075194921416,486,mvo,1
2022-04-28,23917.39321178539,18592.12245652669,-15.385513233952405,486,mvo,1
2022-04-29,-19364.889147950536,18599.226160065224,-41.830958047485716,486,mvo,1
2022-05-02,-6494.102634528941,19999.99995063519,-500.0000000029165,486,mvo,1
2022-05-03,12764.467285416553,19725.008719046265,-620.6658662200643,486,mvo,1
2022-05-04,999.3110582367283,19073.87919271211,93.27054481946303,486,mvo,1
2022-05-05,-26659.861592833546,19126.618698274124,112.07969357907695,486,mvo,1
2022-05-06,-6099.550201595999,18814.2792007521,99.92226684619388,486,mvo,1
2022-05-09,1580.6510968253792,19999.999092144822,-500.00000025047785,486,mvo,1
2022-05-10,12711.273263958401,19676.72639188455,-294.0951423349262,486,mvo,1
2022-05-11,-43039.558944049764,19119.704288285735,-227.35631866778542,486,mvo,1
2022-05-12,22118.763336903736,18781.90691532208,-479.6400505032676,486,mvo,1
2022-05-13,24001.972346193776,19404.618237672894,-32.64282308290684,486,mvo,1
2022-05-16,6308.025558740125,19999.998934660765,-500.0000008475549,486,mvo,1
2022-05-17,2845.0104842729365,19816.053010888012,-477.70020957700405,486,mvo,1
2022-05-18,-16677.725532384946,19836.975635842853,-573.338043562348,486,mvo,1
2022-05-19,28652.366673296303,19101.58547102554,-357.8619424514191,486,mvo,1
2022-05-20,-9894.162086267972,18698.075825338514,-601.204840973734,486,mvo,1
2022-05-23,11978.307810854381,20000.000299434385,-500.00000026258044,486,mvo,1
2022-05-24,-14437.50347087333,19549.884258188195,-715.6367142665102,486,mvo,1
2022-05-25,12585.863640695727,19000.35171441589,-717.2105567665524,486,mvo,1
2022-05-26,2799.0873104242714,18781.88028558667,-787.3433715506781,486,mvo,1
2022-05-27,-19499.263256255697,18385.447636394976,-1158.9685037548707,486,mvo,1
2022-05-31,7259.034636383803,19999.99961712212,-499.99994142081005,486,mvo,1
2022-06-01,-1829.7561093486495,20205.68232648966,28.2231413710018,486,mvo,1
2022-06-02,-18576.863414074345,19274.380986487402,-862.1745728247796,486,mvo,1
2022-06-03,4663.344428737288,19036.51201196875,-653.6321506257311,486,mvo,1
2022-06-06,21257.43258607895,19999.99723499846,-499.99999962864973,486,mvo,1
2022-06-07,-7103.936781424638,19218.036214228407,-842.1291037114753,486,mvo,1
2022-06-08,7350.251743873631,18573.569870064086,-209.59203700559956,486,mvo,1
2022-06-09,-14352.538632393176,17402.345795166766,25.485624657123864,486,mvo,1
2022-06-10,184.4913269516211,16307.45083061419,242.5431854657686,486,mvo,1
2022-06-13,-5043.83702698808,19999.987661800362,-500.00000080937417,486,mvo,1
2022-06-14,14665.47411475295,20350.58960669435,-1118.6678454395098,486,mvo,1
2022-06-15,28934.052200287933,19330.99569192731,-941.6867544050053,485,mvo,1
2022-06-16,-10701.954950229598,20284.81197618728,-2201.7912797732743,484,mvo,1
2022-06-17,-1402.2712670445678,22676.437925278933,-3898.1126617323794,484,mvo,1
2022-06-21,27321.4277579847,20000.000114682432,-500.0000005685148,486,mvo,1
2022-06-22,384.334536332202,19720.895037517632,-640.6162474582892,486,mvo,1
2022-06-23,-21831.445246319938,19676.25137900089,-962.4144242651502,486,mvo,1
2022-06-24,-27068.421324420855,19795.22103503152,-1054.0730952674562,486,mvo,1
2022-06-27,9624.656482050745,19999.999629239344,-500.0000002425205,490,mvo,1
2022-06-28,4916.241587743708,19688.349109615698,-555.1660890593679,490,mvo,1
2022-06-29,3832.000483666408,19312.686437484343,-388.8427901881083,490,mvo,1
2022-06-30,-753.5379272289025,18953.58413138643,-512.1137178692306,490,mvo,1
2022-07-01,-994.1249085380899,18940.50033151271,-829.0419180645068,489,mvo,1
2022-07-05,-6513.355313130264,19999.998342383842,-499.9999995375357,490,mvo,1
2022-07-06,12681.67265936501,19782.261808301777,-711.5719352911341,490,mvo,1
2022-07-07,3760.8617249678027,19687.613069136412,-1040.943851510557,490,mvo,1
2022-07-08,2165.503059868768,19473.066434217402,-1045.9482833332345,490,mvo,1
2022-07-11,3.508212605218495,19999.99847477906,-499.99999998861534,490,mvo,1
2022-07-12,6866.053052832088,19703.601761615915,-576.49837583618,490,mvo,1
2022-07-13,11142.679531774396,19304.28820339253,-581.776169456649,490,mvo,1
2022-07-14,-20666.887170432015,18658.711206140524,-768.050618155872,490,mvo,1
2022-07-15,27584.61051446578,18794.4599480391,-579.0126525550658,490,mvo,1
2022-07-18,-25964.985741617675,20000.000702362788,-499.9999999204056,495,mvo,1
2022-07-19,-29157.52948877888,19677.855732265758,-1332.5267041322672,495,mvo,1
2022-07-20,10974.409317697076,19544.302888815062,-1699.9854311272484,495,mvo,1
2022-07-21,8869.174595510322,19492.80087699086,-1847.0105315795831,495,mvo,1
2022-07-22,-1069.5216063239616,19050.628084540473,-1863.2887741359432,495,mvo,1
2022-07-25,-6786.684624193308,19999.990449324483,-499.99999677529644,497,mvo,1
2022-07-26,23783.52535418278,20019.774545017714,-6.746055176020964,497,mvo,1
2022-07-27,-3477.6235664662345,18403.335511144563,243.66963274565254,496,mvo,1
2022-07-28,-10353.19935468576,17490.523899247186,-483.80366686354137,496,mvo,1
2022-07-29,33254.41782599501,16985.98336218495,-807.731735389199,496,mvo,1
2022-08-01,-35968.401840699415,19999.999875470276,499.999662115556,497,mvo,1
2022-08-02,-7597.36632218155,19966.61350715613,-116.53424941806347,497,mvo,1
2022-08-03,14283.536808374536,19620.643633225533,-404.04683297552685,497,mvo,1
2022-08-04,7615.94098983102,19056.40305529185,-598.6975802314619,497,mvo,1
2022-08-05,-2926.9468268089477,18263.11516999154,-499.9959801710356,497,mvo,1
2022-08-08,-13963.112387487816,20000.000042558295,499.99998150547196,498,mvo,1
2022-08-09,16739.927017695045,19464.786078400964,322.7519484126056,498,mvo,1
2022-08-10,-432.5785832902261,19198.279186702235,-548.0736251471669,498,mvo,1
2022-08-11,15671.447130654575,19207.373329363676,-116.58155156202571,498,mvo,1
2022-08-12,-6838.671642850074,17628.532953871985,-498.7267200952029,497,mvo,1
2022-08-15,25017.30207195465,19999.999896475823,499.99999914427167,497,mvo,1
2022-08-16,-26495.14821657133,19954.479882485233,474.67399633831764,497,mvo,1
2022-08-17,-2892.020443533018,20431.451866968757,78.92667808755435,497,mvo,1
2022-08-18,13433.21555665442,20296.281323514446,259.47465948317364,497,mvo,1
2022-08-19,3677.626957009764,19892.034101008514,331.5963973800243,497,mvo,1
2022-08-22,-2308.0183243113074,19999.999955938165,499.9999994610679,498,mvo,1
2022-08-23,-991.2151452887279,20052.387881909515,1124.0561195853381,498,mvo,1
2022-08-24,-2209.336818999427,19316.65377911367,1025.5306560116965,498,mvo,1
2022-08-25,5953.362801339073,18099.195746907924,689.0582856849228,498,mvo,1
2022-08-26,-12954.876171726466,19135.194988574127,45.4320025535534,498,mvo,1
2022-08-29,16538.81930797644,19999.999270673583,263.7929166899243,498,mvo,1
2022-08-30,4714.719204092486,19633.274550287264,290.121388250999,496,mvo,1
2022-08-31,10403.735348315422,19319.929452416363,280.5251571768994,496,mvo,1
2022-09-01,3863.2517342241417,19086.094162277688,212.71359403704383,496,mvo,1
2022-09-02,-4687.605587279023,18767.48561666209,313.6258221749468,496,mvo,1
2022-09-06,21567.810641468113,20000.000008379764,-499.99999827845284,499,mvo,1
2022-09-07,8697.74240614725,19963.54664052217,-583.4735206037092,499,mvo,1
2022-09-08,-21871.26230429537,20577.28347467579,-1523.9372931947082,499,mvo,1
2022-09-09,-4799.5153617216865,20787.19209933129,-2077.056421974008,499,mvo,1
2022-09-12,-3406.8710606204795,20000.000138638992,-499.99952249951025,499,mvo,1
2022-09-13,9994.624703812431,20920.475844950262,369.3644128956235,499,mvo,1
2022-09-14,15982.474855402397,20645.413315117763,701.606910602882,498,mvo,1
2022-09-15,-17024.45951287761,20056.138667052506,695.3210456471764,498,mvo,1
2022-09-16,-4957.722721026276,19383.915632630768,394.495719605482,498,mvo,1
2022-09-19,15920.668854843543,19999.998633613097,-499.99999965239033,499,mvo,1
2022-09-20,-11406.838452289901,19988.19852352982,-207.36262760247365,499,mvo,1
2022-09-21,-13961.001500071316,19569.006403333227,-649.9130078826737,499,mvo,1
2022-09-22,16467.823212835,20203.077631803768,-8.292663011503008,499,mvo,1
2022-09-23,12952.390584995772,21295.083871651917,871.1831096005387,499,mvo,1
2022-09-26,-26469.869553228134,19999.996118457915,-500.0000002627619,499,mvo,1
2022-09-27,29466.334203440565,19679.288825775388,-53.734340067089356,499,mvo,1
2022-09-28,-119868.36440716196,21985.510609988112,-1690.4128806609383,499,mvo,1
2022-09-29,-19855.53527108787,21065.896324709927,-2842.3749012977814,499,mvo,1
2022-09-30,-12596.41148989168,21003.08997549652,-1824.9083989049932,498,mvo,1
2022-10-03,34996.377302711524,19999.998122443256,-500.00000067497785,499,mvo,1
2022-10-04,-7460.283723548941,19673.21205155658,-938.3681333965884,498,mvo,1
2022-10-05,-19825.64213938499,19483.96271530058,-1069.9534999718624,498,mvo,1
2022-10-06,3235.066755843783,19246.825346481142,-1023.061401477802,498,mvo,1
2022-10-07,-596.5717958423667,18723.697921750012,-936.0010239698207,498,mvo,1
2022-10-10,5484.101030845091,20000.000385776642,-500.0000007034936,498,mvo,1
2022-10-11,2053.5431511967745,19795.145877487004,-436.49721608711343,497,mvo,1
2022-10-12,-13814.155299336138,19049.792347636117,-252.22249919261176,497,mvo,1
2022-10-13,19861.388442341857,18786.55702629935,-536.8872561832906,497,mvo,1
2022-10-14,-2705.978067539076,18641.597205753213,-553.9252375793176,497,mvo,1
2022-10-17,17160.869361575766,20000.000352744148,-499.9999999919711,497,mvo,1
2022-10-18,-20114.664462521567,20685.417377087244,-1436.7884490583829,497,mvo,1
2022-10-19,-718.3314394692546,20211.595671007122,-1085.980562824831,497,mvo,1
2022-10-20,-9193.310662338934,20038.736580604134,-1313.13913849847,496,mvo,1
2022-10-21,15800.846435468751,19504.80524656911,-1525.257960686705,496,mvo,1
2022-10-24,12441.17593637019,20000.000048403977,-500.00000015798025,497,mvo,1
2022-10-25,22674.71826411027,19552.683861602305,-517.6070809440466,497,mvo,1
2022-10-26,7925.073980320896,18294.0116704144,-436.4806836939165,497,mvo,1
2022-10-27,-13241.372363055045,18532.254893894406,-630.3632358382176,497,mvo,1
2022-10-28,-5611.882852610955,20338.451730159537,574.3523419888209,497,mvo,1
2022-10-31,-3890.520891429506,19999.99925428762,23.674804972077908,498,mvo,1
2022-11-01,3611.140595713629,19353.694462324747,-136.38533645710166,497,mvo,1
2022-11-02,-5685.342322895748,19311.63703749104,-15.96576523065578,497,mvo,1
2022-11-03,-16204.567887174531,19006.054943691015,342.78955679481413,497,mvo,1
2022-11-04,4195.424105966905,18315.82668382022,-64.31205583778416,497,mvo,1
2022-11-07,1759.746505751797,19999.99986110531,499.99999275957913,497,mvo,1
2022-11-08,7228.656079608809,19430.139681379525,629.3616831413403,497,mvo,1
2022-11-09,-17216.305852778478,19315.709702639528,590.0094392790118,497,mvo,1
2022-11-10,-22503.21097475906,17913.492748530294,850.2239825290383,497,mvo,1
2022-11-11,-8503.62968344983,18710.208430610266,744.4300693104265,497,mvo,1
2022-11-14,12022.16818239833,19999.99996112588,499.99999907375025,497,mvo,1
2022-11-15,-4099.854925053613,19526.219835811145,156.40169716006292,497,mvo,1
2022-11-16,3859.8720333723672,19436.636211427067,-416.6268652315241,497,mvo,1
2022-11-17,-7195.049623349762,19179.069450788153,-1010.8431181712598,497,mvo,1
2022-11-18,127.49959885785961,18286.721709259546,-162.05888750409187,497,mvo,1
2022-11-21,33859.42096224707,19999.999908533333,499.9999995330366,497,mvo,1
2022-11-22,-28787.033388652893,18531.244804061735,-771.5732764619219,497,mvo,1
2022-11-23,21448.175656257903,18626.568190164297,25.072818769468643,497,mvo,1
2022-11-25,1901.698143233427,19353.8836690708,-7.085364689800218,497,mvo,1
2022-11-28,-39970.70901548431,19999.99990662408,499.9999998249052,497,mvo,1
2022-11-29,7957.407350293679,19740.802744789144,441.20490519856423,497,mvo,1
2022-11-30,-6184.259182746762,19162.037222794108,655.7471620759892,497,mvo,1
2022-12-01,12435.191016550843,18494.350922427526,441.42407013048967,497,mvo,1
2022-12-02,-1396.52009718671,18218.476214969804,684.1681574212281,497,mvo,1
2022-12-05,-12111.284531420699,19999.999061896586,500.00000079880255,496,mvo,1
2022-12-06,16270.214333946044,19860.37595228335,408.71806396066563,496,mvo,1
2022-12-07,-25662.1365525549,19640.00690905341,336.587842878086,496,mvo,1
2022-12-08,791.9313500180566,19180.96116773942,-19.540034002852675,496,mvo,1
2022-12-09,12470.031778609598,19024.978159638824,147.37806874884086,496,mvo,1
2022-12-12,-5857.441329347782,19999.999403403013,-117.88513015499683,497,mvo,1
2022-12-13,9430.869932005779,19483.987998446464,-129.69933863492014,497,mvo,1
2022-12-14,9849.25408743622,19065.79926223472,-345.09097399071436,497,mvo,1
2022-12-15,3897.745307899079,18604.500683722337,-686.8732157147241,497,mvo,1
2022-12-16,-4244.1326627639655,18357.31140935988,-478.7478258233371,497,mvo,1
2022-12-19,-512.2023011455522,19999.99999987214,163.55077006632936,498,mvo,1
2022-12-20,8273.474007095927,19486.80694823352,38.207915610081116,498,mvo,1
2022-12-21,-18200.363524499804,18988.472842069143,-499.35661882016154,498,mvo,1
2022-12-22,20784.67090805241,18604.153300987447,-156.09239137957678,498,mvo,1
2022-12-23,-11069.869177933184,18070.612234509597,-528.6574686524132,497,mvo,1
2022-12-27,22598.458851844433,20000.000082022158,499.99999811684694,497,mvo,1
2022-12-28,7937.556057351113,19514.57900181234,906.0633512991556,497,mvo,1
2022-12-29,-21589.23676379799,19363.262664979968,172.17652755434113,497,mvo,1
2022-12-30,3439.6480555709413,18390.22494661098,61.689658754810864,497,mvo,1
2023-01-03,10129.633609644388,19999.999727803082,499.99981898657586,495,mvo,1
2023-01-04,-2320.6597705450754,19688.674750560178,533.4163036159787,495,mvo,1
2023-01-05,2708.633371601425,18924.349559415903,-66.53976823562857,495,mvo,1
2023-01-06,7674.1356376258145,18416.11682584602,-51.98636135350933,495,mvo,1
2023-01-09,906.9392223004932,19999.99995730781,499.9999996754677,495,mvo,1
2023-01-10,-5835.836383219897,19740.671477074306,781.8518383759499,495,mvo,1
2023-01-11,-13833.390615845385,18994.3589365702,825.9972440323136,490,mvo,1
2023-01-12,2371.5575667777234,19221.627325339232,301.79481218374127,490,mvo,1
2023-01-13,10349.368631028501,18288.049561478972,-134.4051510892841,490,mvo,1
2023-01-17,9557.31004211886,19999.999700487708,500.0000000747368,490,mvo,1
2023-01-18,-9398.4201600111,20650.160513746265,1046.5658250616934,490,mvo,1
2023-01-19,9008.486426591238,20725.116999818663,1429.7295542622242,490,mvo,1
2023-01-20,-26666.490027825024,20304.669883668943,1355.369114389687,490,mvo,1
2023-01-23,-20379.968385169675,19999.998617089776,499.999999160223,490,mvo,1
2023-01-24,14104.784434816003,20384.18099852013,829.0067360632742,490,mvo,1
2023-01-25,47708.0064272383,21697.063402218766,1556.4240316023102,490,mvo,1
2023-01-26,-59726.310201164866,20501.184292931885,-271.09799695035264,490,mvo,1
2023-01-27,27529.499416777788,20468.51778636451,107.2302869025382,490,mvo,1
2023-01-30,-43035.66588268408,19999.999894852,500.00000010212807,490,mvo,1
2023-01-31,14052.441980239375,19132.863267236266,465.48038693217916,490,mvo,1
2023-02-01,-4618.976772680094,19086.799667524694,219.51928792800524,490,mvo,1
2023-02-02,-17509.500058795307,19058.918304864685,-37.77019763734543,490,mvo,1
2023-02-03,-3300.6253881975704,19138.507110811126,8.330138105987649,490,mvo,1
2023-02-06,-44639.61515274029,20000.000070343394,499.99999980268643,490,mvo,1
2023-02-07,880.1844726957902,19763.85315619417,549.4590098655373,490,mvo,1
2023-02-08,-1776.6946225247439,19157.146721139463,833.8647678326814,490,mvo,1
2023-02-09,7980.315215431793,18790.46249041343,944.4580177542682,490,mvo,1
2023-02-10,-5485.288581438704,18613.100500074834,766.1873283108407,490,mvo,1
2023-02-13,6155.443292294121,19999.999901148618,499.9999998733612,490,mvo,1
2023-02-14,4893.877936790542,20135.038436371015,1235.9747657123833,490,mvo,1
2023-02-15,-15744.052805175748,18970.28536850733,432.59554287687837,490,mvo,1
2023-02-16,-3645.5309442316398,18379.27826046242,614.2467489364749,490,mvo,1
2023-02-17,9412.729534828608,18193.66510063954,-471.57859505126675,490,mvo,1
2023-02-21,-2393.827185738918,19999.998960864,500.00000106837075,490,mvo,1
2023-02-22,25434.051394462193,19739.999043375246,241.3272810485205,490,mvo,1
2023-02-23,-7022.872360367552,19433.248472863725,835.8137356071793,490,mvo,1
2023-02-24,-18867.43721969442,19067.60294505551,-402.87251156361,490,mvo,1
2023-02-27,9693.300022037989,20000.000736092945,499.9999999275343,490,mvo,1
2023-02-28,1550.49190926049,19545.9821756972,386.17534812140207,490,mvo,1
2023-03-01,-665.5748768687944,19165.82710744409,270.21216882905156,490,mvo,1
2023-03-02,-10628.560259672087,18975.28178366306,301.0395267483195,490,mvo,1
2023-03-03,6886.152057808679,18698.123182475945,595.0883194545024,490,mvo,1
2023-03-06,-6322.963041475827,19999.999504397852,500.00000061482234,490,mvo,1
2023-03-07,-8931.239051370014,19203.992718797126,530.1617754014657,490,mvo,1
2023-03-08,-6539.778020515641,19000.75991436667,382.1645889396818,490,mvo,1
2023-03-09,-2143.607705120531,17964.479626406235,-36.385783171210676,490,mvo,1
2023-03-10,-26010.428940076687,16916.595999972495,318.8251264309024,490,mvo,1
2023-03-13,-9597.03972349124,20000.000442091445,-499.9999992005863,490,mvo,1
2023-03-14,-6487.853794244607,20579.60896849301,-13.507779346901943,490,mvo,1
2023-03-15,28583.32356525844,20515.70894026295,255.77136212533452,490,mvo,1
2023-03-16,-28023.90876029062,20733.930826217696,437.2820681308863,490,mvo,1
2023-03-17,9695.553567558634,19940.798197291544,385.76708884674673,489,mvo,1
2023-03-20,-6003.48541390623,19999.999822643487,-500.00000011005324,489,mvo,1
2023-03-21,37491.07018748852,20959.783167741505,-170.7723641519096,488,mvo,1
2023-03-22,-3407.2519871173176,19153.047861657127,-219.9805204120365,488,mvo,1
2023-03-23,-45534.61125033108,18675.563328802047,-507.0400838174799,488,mvo,1
2023-03-24,11164.331564567936,18490.461828014733,-586.2285192962515,488,mvo,1
2023-03-27,32376.828861663373,20000.000418151503,-499.9999970856006,489,mvo,1
2023-03-28,8758.289875510774,19596.696285891852,-554.4695408006127,489,mvo,1
2023-03-29,20619.62466408151,19798.95604862554,-7.749502827142911,489,mvo,1
2023-03-30,11054.222723246537,19409.50482971728,100.42550213240823,489,mvo,1
2023-03-31,31483.23304553111,19344.314244443754,802.5737932850853,489,mvo,1
2023-04-03,40065.84951653714,20000.00050692805,499.99999886106707,489,mvo,1
2023-04-04,4107.602107614625,19000.288461434193,1153.2553767117636,488,mvo,1
2023-04-05,-8423.697815516807,18710.638881134233,790.2909007985186,488,mvo,1
2023-04-06,-3954.258471756253,18447.661790068036,625.9130022613801,488,mvo,1
2023-04-10,10173.91635170338,20000.000276715025,499.99999912878377,488,mvo,1
2023-04-11,23149.8188296161,19760.029899989255,453.9317348499449,488,mvo,1
2023-04-12,-3050.1357759314474,19254.480878850685,266.22842369190255,488,mvo,1
2023-04-13,15033.584961820789,18905.229993720972,369.8556441191368,488,mvo,1
2023-04-14,5752.301483920919,18656.425666749932,481.4917272890317,488,mvo,1
2023-04-17,24657.93871533136,20000.000324777797,499.9998798648019,489,mvo,1
2023-04-18,-959.7119220584287,19632.211144449782,576.1485447653041,489,mvo,1
2023-04-19,-21066.03315605192,19405.661710685836,401.7735648657722,489,mvo,1
2023-04-20,42630.03155287736,19185.40264952587,380.26521473192895,489,mvo,1
2023-04-21,-16091.775742165057,18522.427381708254,771.9652175707099,489,mvo,1
2023-04-24,1569.098275034085,20000.000037827314,499.9999974690304,489,mvo,1
2023-04-25,-109773.55975938444,19567.149881302645,-78.09797194156523,489,mvo,1
2023-04-26,-12207.243918009948,19729.239879241915,55.830110240612704,489,mvo,1
2023-04-27,2855.6344944268317,19098.14722905147,831.1518665584056,489,mvo,1
2023-04-28,-13328.619624671186,20380.22619104004,-372.80966504350073,489,mvo,1
2023-05-01,7552.7947166506865,20000.00007136477,499.99999973776045,489,mvo,1
2023-05-02,-89878.24526501444,18370.911503588002,1584.177568511196,489,mvo,1
2023-05-03,-12126.286057422623,17799.169850694587,1686.5961632697247,488,mvo,1
2023-05-04,-75259.26479614413,17054.689324910283,1959.8064208479466,488,mvo,1
2023-05-05,40680.30349569816,17850.32116269944,1428.0645828526003,488,mvo,1
2023-05-08,10074.65445000736,20000.000043542295,499.9999896906637,488,mvo,1
2023-05-09,25406.771968940127,20016.734614460554,172.00816652662354,488,mvo,1
2023-05-10,29687.423493284477,19309.782387607695,85.91732170700375,488,mvo,1
2023-05-11,-287.6581921905755,18894.943663724625,174.81624737226184,488,mvo,1
2023-05-12,12456.634643511354,18535.09682763489,-227.2509614043549,488,mvo,1
2023-05-15,15348.963474712478,20000.000655640135,499.9999903702572,488,mvo,1
2023-05-16,4722.650466691876,19627.617738608944,469.55770102935475,488,mvo,1
2023-05-17,-27667.46134783156,19321.873698202424,636.1162780142561,488,mvo,1
2023-05-18,10731.084855550898,19468.32529048665,-442.9758715167688,488,mvo,1
2023-05-19,-11758.094426938107,19378.472813466655,-1279.092885636507,488,mvo,1
2023-05-22,23177.063138039844,20000.00031074602,499.99999852135016,488,mvo,1
2023-05-23,18682.747283329667,20923.252941327955,1719.4458553172942,488,mvo,1
2023-05-24,15791.83607294176,20799.862059960884,1708.051913966881,488,mvo,1
2023-05-25,-3493.327557498276,20822.198859837077,2417.5471993011815,488,mvo,1
2023-05-26,13724.24090614353,19570.70299446028,2122.5335808698183,488,mvo,1
2023-05-30,12358.083817600213,20000.00008513529,499.9999988003607,488,mvo,1
2023-05-31,-6792.393696016405,19452.92315086709,575.1226025625305,487,mvo,1
2023-06-01,27592.509549937477,19126.821555397513,325.48004065841394,487,mvo,1
2023-06-02,-14805.046385813945,18841.124306067388,-160.25133372717158,487,mvo,1
2023-06-05,46831.68618344809,20000.000307038903,499.99999958,488,mvo,1
2023-06-06,-1644.2775126431936,18980.86086640557,942.9008779520849,488,mvo,1
2023-06-07,-4730.285927374661,18467.935730556797,1175.2349309519564,488,mvo,1
2023-06-08,12035.303558482054,18218.357656836415,1179.1971137700295,488,mvo,1
2023-06-09,-12919.888059497971,18101.168894958828,1019.6392693619497,488,mvo,1
2023-06-12,2455.0518409398487,20000.000254571172,499.9999998919696,488,mvo,1
2023-06-13,-842.0494212084856,20030.70380974762,1170.9675020660693,488,mvo,1
2023-06-14,-5540.755253588407,20008.544708915815,1313.3642280696438,488,mvo,1
2023-06-15,-2385.200382107945,19289.51930586711,1524.5211608609877,487,mvo,1
2023-06-16,11279.896223087557,18666.293292684713,1337.503800739017,487,mvo,1
2023-06-20,23394.695220963207,20000.000008869756,499.9999998710398,487,mvo,1
2023-06-21,6275.411364389515,19724.750126067447,968.5874179763251,487,mvo,1
2023-06-22,-18355.461614454485,18977.270469444302,775.6946833218499,487,mvo,1
2023-06-23,4454.546304036436,18991.731396203835,861.3699758091475,487,mvo,1
2023-06-26,10873.080478664355,19999.999633887874,500.0000000400055,487,mvo,1
2023-06-27,16581.67892591392,19213.069160785726,-275.9554470864914,487,mvo,1
2023-06-28,-5373.182612535471,18766.46873111928,-252.03804940532265,487,mvo,1
2023-06-29,10163.78630422578,17662.66615047408,-662.7302686199675,487,mvo,1
2023-06-30,1892.6877405012244,17038.99865039161,-614.9785892476498,487,mvo,1
2023-07-03,25094.967899035782,19999.99943409508,500.0000015897944,499,mvo,1
2023-07-05,-3195.3284781645293,18925.10845705316,1117.1970307476813,498,mvo,1
2023-07-06,-6117.835436616885,18760.628648078455,1050.2163178629912,498,mvo,1
2023-07-07,-2555.662114583804,19327.249692728226,506.30441815784155,498,mvo,1
2023-07-10,14902.224629895232,19999.999741183026,499.99999839238006,500,mvo,1
2023-07-11,-4277.449101848112,19327.992480229925,449.74486147864616,500,mvo,1
2023-07-12,4702.014421872549,18881.871942438465,365.4033729013661,500,mvo,1
2023-07-13,-3669.8430886059223,18446.33901699697,389.01726695236476,500,mvo,1
2023-07-14,2323.6202253398556,18341.550997651077,405.0715123648002,500,mvo,1
2023-07-17,-871.6213209067967,20000.000095432406,500.00000018269213,500,mvo,1
2023-07-18,-3665.633715208695,19205.80056840775,584.6508270203966,500,mvo,1
2023-07-19,-14272.832963383486,18821.5252794309,1143.5551199191184,500,mvo,1
2023-07-20,2613.333255681767,18615.39967103987,196.24353225829094,500,mvo,1
2023-07-21,2168.188328782698,18237.56138940365,340.377187598616,500,mvo,1
2023-07-24,-2542.3093270079885,20000.000091744136,500.00000053310026,500,mvo,1
2023-07-25,-44236.817802547106,20395.572189383227,-526.578421239351,500,mvo,1
2023-07-26,25196.224977139016,20834.560716808657,-321.0213503803355,500,mvo,1
2023-07-27,5849.029197009949,20276.3622642275,-1047.3228028912497,500,mvo,1
2023-07-28,10696.11802298251,19260.717544574192,-375.79608624668515,499,mvo,1
2023-07-31,8270.053054778871,19999.99915225763,500.000000479967,499,mvo,1
2023-08-01,-8707.578737807495,19445.36343769939,667.7517987881126,499,mvo,1
2023-08-02,6165.625800911489,18972.68431770843,759.1398371069006,499,mvo,1
2023-08-03,-2224.860758686258,18630.36022907302,384.8859410571485,499,mvo,1
2023-08-04,-3232.106368503059,18011.920182272053,133.9802705334136,499,mvo,1
2023-08-07,15254.572349519767,20000.000331915042,499.99999982971013,500,mvo,1
2023-08-08,13127.921370867596,19771.78856273041,824.4250853070582,500,mvo,1
2023-08-09,4751.429407042897,19807.426822202993,894.5199270430433,500,mvo,1
2023-08-10,259.29406980234677,18664.645628588118,231.7970497742199,500,mvo,1
2023-08-11,-7313.948781759411,19883.53631464503,1273.731561048569,500,mvo,1
2023-08-14,-8273.290349783429,19999.998963895243,500.00000176548,500,mvo,1
2023-08-15,5351.707865651834,20722.248568945237,1440.8542487607185,500,mvo,1
2023-08-16,12329.816879932308,20216.614759584318,1673.7533899412063,499,mvo,1
2023-08-17,2380.028658141771,20075.565943291767,2095.8061166107277,499,mvo,1
2023-08-18,-12728.418997971265,19819.414660507136,1735.7149177483088,499,mvo,1
2023-08-21,-20411.74176739205,19999.996997678354,499.9999994477623,500,mvo,1
2023-08-22,5328.002047894364,20803.15641965912,129.55491254196588,500,mvo,1
2023-08-23,90925.64315627287,21590.877360448172,111.66589408211509,500,mvo,1
2023-08-24,-29584.214240093326,19934.350048115644,-301.2904768631162,500,mvo,1
2023-08-25,1531.199332071277,20886.669111361014,-1935.9803310365505,500,mvo,1
2023-08-28,630.4240737967243,19999.999856921648,500.00000110637546,500,mvo,1
2023-08-29,3772.3224855636045,19493.648978389738,536.096989689472,500,mvo,1
2023-08-30,-159.9945858631196,18930.51592695769,657.1972699392379,500,mvo,1
2023-08-31,-12823.04727674327,18172.226837841303,1455.2575201056782,500,mvo,1
2023-09-01,8152.040323281115,18101.18240957075,876.4096660171058,500,mvo,1
2023-09-05,-2203.3071803982543,20000.00001884248,500.00000132419717,501,mvo,1
2023-09-06,5300.591657381723,19612.615971188996,526.9613884497264,501,mvo,1
2023-09-07,-9944.032037213792,19344.979697291477,410.35776044889644,501,mvo,1
2023-09-08,3271.8586967849255,18839.16945625411,395.33696099654395,501,mvo,1
2023-09-11,-7175.14566320536,20000.00030631549,500.0000002039935,501,mvo,1
2023-09-12,-26017.379151160534,19185.72197191868,429.83162237572674,501,mvo,1
2023-09-13,4010.050160240507,19077.240052043682,540.9031821232155,501,mvo,1
2023-09-14,16185.992553242626,18776.0722754954,407.93122388931494,501,mvo,1
2023-09-15,-20413.626332922213,18129.24052703487,104.058729796206,501,mvo,1
2023-09-18,18818.482495657925,19999.999771221363,499.99999859016714,501,mvo,1
2023-09-19,-4783.177672341577,19553.13863422662,60.77568232940306,501,mvo,1
2023-09-20,3105.9884622395116,19056.79828170822,271.92237188681463,501,mvo,1
2023-09-21,-10420.274017959342,19244.60694134461,-538.1890151651805,501,mvo,1
2023-09-22,11806.646544775089,19171.474649827607,-1534.2336770592422,501,mvo,1
2023-09-25,-5458.943983347876,19999.999633716827,-255.92824277654043,501,mvo,1
2023-09-26,3491.353054143836,22721.9894128823,-1939.3632647486456,501,mvo,1
2023-09-27,5097.1663493222895,22582.300796932544,-2541.086826386061,501,mvo,1
2023-09-28,22630.765125390295,23334.628845365285,-1822.092715785455,501,mvo,1
2023-09-29,-12632.931353318027,22423.159038335576,-2739.9245727966195,501,mvo,1
2023-10-02,-4752.709040909698,19999.99955312775,-499.9999939335613,501,mvo,1
2023-10-03,-9279.74704628312,19359.10596497929,-370.2500062439688,501,mvo,1
2023-10-04,9683.919339248161,19195.424515504088,-253.85975703319582,501,mvo,1
2023-10-05,-4450.896665246015,19088.39733997186,-510.96509073416655,501,mvo,1
2023-10-06,-12003.096513666538,18240.989598110707,-665.2723333611119,501,mvo,1
2023-10-09,9601.16609850511,19999.999626405403,-499.99999924420865,500,mvo,1
2023-10-10,925.6754093231696,20045.884513653495,-741.4016497809536,500,mvo,1
2023-10-11,-13130.314171366756,19378.88148237582,-1488.5966566415323,500,mvo,1
2023-10-12,-22293.42354232715,18701.130698676727,-832.3414696086512,500,mvo,1
2023-10-13,-14658.795794607728,18766.143745004905,-1287.6627847353864,500,mvo,1
2023-10-16,12622.600523299585,20000.000268281783,-500.0000012022694,501,mvo,1
2023-10-17,-11461.462508297729,19587.80355840709,-548.6847710729907,501,mvo,1
2023-10-18,-7507.029307438263,18842.823867616862,-309.72895317992203,501,mvo,1
2023-10-19,17804.009848745824,18396.04666773847,-293.6483071022527,501,mvo,1
2023-10-20,11225.89957455892,18592.626564398004,200.063601461167,501,mvo,1
2023-10-23,-7685.132587475354,19999.999902848678,-500.0000023150536,500,mvo,1
2023-10-24,-20522.621800500427,20405.297593378535,-1674.5681146203137,500,mvo,1
2023-10-25,32863.49879559931,21244.177551369772,-935.868458328619,500,mvo,1
2023-10-26,-43374.606057898825,22181.138645506137,-1813.139788721389,500,mvo,1
2023-10-27,11731.767069897021,22997.09152586693,-1853.3667553627595,500,mvo,1
2023-10-30,32438.319984027064,19999.999795438656,-500.00000221836285,500,mvo,1
2023-10-31,-16257.109971873684,19562.290869625293,-615.8166805847751,500,mvo,1
2023-11-01,3058.9532057652555,18518.237316932984,-568.9807371433388,500,mvo,1
2023-11-02,-1171.0702422389777,17937.24631459978,-489.3025100730447,500,mvo,1
2023-11-03,-4400.071671928791,18081.04395657929,-1471.7774179484825,500,mvo,1
2023-11-06,11877.357735411839,20000.001588875333,499.9999667326753,501,mvo,1
2023-11-07,10883.325211701302,20566.076032958565,869.4863333097032,501,mvo,1
2023-11-08,-21071.869570063056,19183.298245800932,1375.208790622658,500,mvo,1
2023-11-09,6197.803700841146,19883.86712900805,1631.161220724301,500,mvo,1
2023-11-10,-1567.2316422038616,19664.28816390184,1593.9202130947046,500,mvo,1
2023-11-13,2643.7433271744535,20000.00095166726,499.9999994041408,501,mvo,1
2023-11-14,-10349.13105007794,19704.08162440924,1030.6682750106618,501,mvo,1
2023-11-15,7419.52948569941,19949.899807112248,1122.9190935766933,501,mvo,1
2023-11-16,14524.050904625794,19703.89283521161,1135.7191459656099,501,mvo,1
2023-11-17,-25210.894149808915,18576.307074426164,528.7060183034426,501,mvo,1
2023-11-20,39585.577638947376,20000.000162615528,499.9999998508505,502,mvo,1
2023-11-21,-1020.3003790891795,20912.389797846834,2082.0451182679035,502,mvo,1
2023-11-22,21055.159856465056,19632.484348164584,2337.203681144148,502,mvo,1
2023-11-24,-14327.81278761226,19291.669739118188,2583.848775722886,501,mvo,1
2023-11-27,5383.994795709436,20000.000256684838,499.9999996306491,501,mvo,1
2023-11-28,-4187.531644749065,19839.42862463869,522.5221358327237,501,mvo,1
2023-11-29,24060.63892910104,19241.297541962733,642.8539557662644,501,mvo,1
2023-11-30,-6182.248769045696,18630.091014071557,553.9725899533302,501,mvo,1
2023-12-01,-12237.93782114977,17490.782539030613,780.9567062319718,501,mvo,1
2023-12-04,-238.6843549214426,19999.9998626055,499.99999670352224,502,mvo,1
2023-12-05,8826.433404944895,21088.252427078125,976.1093687097417,502,mvo,1
2023-12-06,-3850.0937470139042,19366.960563293596,275.2340556825644,502,mvo,1
2023-12-07,22162.99519171475,20484.530826304395,914.1937233100266,502,mvo,1
2023-12-08,-13138.902578592853,20430.39886059453,646.0801796641438,502,mvo,1
2023-12-11,2039.6089689269024,19999.99896556404,499.9999977287912,502,mvo,1
2023-12-12,-2215.105296203052,19135.530611579026,-439.01208326789174,502,mvo,1
2023-12-13,-17922.149595638108,18943.364370960386,-292.24688683271955,502,mvo,1
2023-12-14,-9876.703831475037,20926.078168577365,-1353.5764636941212,502,mvo,1
2023-12-15,-12212.196919400496,20953.04754656651,-1353.4381934506919,501,mvo,1
2023-12-18,21197.65903910648,19999.999993803565,-499.9999724759498,501,mvo,1
2023-12-19,-22001.15925676885,20066.474872905903,-194.47010179965574,501,mvo,1
2023-12-20,58684.848166982476,21954.0204927403,485.1747413847452,501,mvo,1
2023-12-21,-156938.80541930808,24311.688297546156,-5374.432640991596,501,mvo,1
2023-12-22,22342.10477207507,24152.70602965818,-4836.804285492245,501,mvo,1
2023-12-26,7843.8279941382,19999.99902293933,-499.9999731151596,502,mvo,1
2023-12-27,40355.94673209137,20082.535874980596,354.86699826354317,501,mvo,1
2023-12-28,3387.9656148965582,18601.80770978987,-19.605975328176658,501,mvo,1
2023-12-29,5386.413412048152,19278.360193776167,380.0656332017328,501,mvo,1
2024-01-02,-7.798093283194924,20000.000347496414,-499.99999473047086,503,mvo,1
2024-01-03,-10143.178833699543,19491.52484355606,-556.2209414974618,503,mvo,1
2024-01-04,1606.4045711344372,19197.59715087111,-374.7098267872106,503,mvo,1
2024-01-05,15671.231588973318,18954.095381558152,-421.8483136597273,503,mvo,1
2024-01-08,166.09065395413734,19999.99921839955,-421.45313210505464,504,mvo,1
2024-01-09,1216.1097293909802,17476.147670814462,1766.4842026230035,504,mvo,1
2024-01-10,5752.784528385346,17012.5146075407,1931.4059748807963,493,mvo,1
2024-01-11,-8479.339462124353,16506.92488506783,1819.7718694701468,493,mvo,1
2024-01-12,147.08638162739342,16198.973821756943,1891.9258562159598,493,mvo,1
2024-01-16,-3020.2281966077758,19999.999935031694,499.99999855686644,493,mvo,1
2024-01-17,5942.995777990224,19539.201648203314,840.8374088856394,493,mvo,1
2024-01-18,-5949.819021000246,18970.902232014465,1153.4018146183723,493,mvo,1
2024-01-19,-2272.4326633541014,19196.90825667738,355.2607115305763,493,mvo,1
2024-01-22,5959.337920155814,20000.000135770908,-499.9999972324082,493,mvo,1
2024-01-23,-5961.589729092164,20154.651787092305,-485.6037221075779,493,mvo,1
2024-01-24,254.36655583425045,19361.388806290597,-953.3077309275685,493,mvo,1
2024-01-25,18179.708243736157,19466.91342565746,60.0198269944497,493,mvo,1
2024-01-26,-2570.871727852566,18146.997575527115,-423.61964806640367,493,mvo,1
2024-01-29,-1102.7245572759832,19999.99977392053,-372.9565708605935,493,mvo,1
2024-01-30,7755.303282718135,19473.26009882654,-213.0518072945885,493,mvo,1
2024-01-31,3685.312317643692,19054.3380816408,-149.83329214648143,493,mvo,1
2024-02-01,2001.9660004883465,18699.881663984495,-451.2376828712493,493,mvo,1
2024-02-02,7079.073980832562,18619.01370015583,-306.94612898921616,493,mvo,1
2024-02-05,-17143.579863257688,19999.99990318351,-499.99998625704114,493,mvo,1
2024-02-06,5885.735650775371,19589.69324135594,-131.09853700061672,493,mvo,1
2024-02-07,-10475.28955689917,19481.75671900986,-125.06830251868844,493,mvo,1
2024-02-08,12178.05799143496,18581.987821584797,-1107.5320931406043,493,mvo,1
2024-02-09,-1368.4642206227443,18375.181303935467,-992.3953936377595,492,mvo,1
2024-02-12,7339.330614665964,19999.999344503267,-322.4260629527531,492,mvo,1
2024-02-13,31345.937887372114,18298.045988614893,293.9515602808646,492,mvo,1
2024-02-14,-6633.419624916097,17845.940220676235,315.69571433228833,492,mvo,1
2024-02-15,-1687.5987914011066,18681.93184122841,-853.5055773166945,492,mvo,1
2024-02-16,1966.2609272100137,18823.424168934966,-366.93817216711125,492,mvo,1
2024-02-20,22591.466201818846,20000.000194017062,499.99999923039525,492,mvo,1
2024-02-21,-11990.43884402858,19524.033376010266,-511.43959590203923,492,mvo,1
2024-02-22,-35921.41290730366,18159.4014973571,-1471.2200498862858,492,mvo,1
2024-02-23,36141.86746355047,17870.100293881376,-685.2584118397738,492,mvo,1
2024-02-26,2875.7344909644735,20000.000118068852,499.9999993543667,491,mvo,1
2024-02-27,-10190.831039426203,19588.755753937843,527.971055367844,491,mvo,1
2024-02-28,8315.811746097863,19430.44386784555,374.41175376792035,491,mvo,1
2024-02-29,-17333.484858780197,18651.520533814033,322.36628854228115,491,mvo,1
2024-03-01,-4422.537471969774,18302.85942180931,596.6575813134616,491,mvo,1
2024-03-04,-28244.103846218102,19999.999795333046,499.999993631722,492,mvo,1
2024-03-05,33538.27168925833,21340.99311378744,898.3624810167095,492,mvo,1
2024-03-06,-19075.57145297365,20511.62614963862,450.12200315177785,492,mvo,1
2024-03-07,13292.361514556642,19608.9510020191,468.83082713260615,492,mvo,1
2024-03-08,3752.3975070346955,19538.384383644072,636.6259993286014,492,mvo,1
2024-03-11,-612.7070791820748,19999.999818968885,-499.99999580958314,492,mvo,1
2024-03-12,-237.35144912261015,19168.468641620835,1039.0760591949236,491,mvo,1
2024-03-13,27558.11571665368,18940.186480854358,1472.7976288786715,491,mvo,1
2024-03-14,-6100.33892138512,19088.121174679472,1566.3081692693295,491,mvo,1
2024-03-15,-15124.426397272211,18449.708115030833,2039.2494152336587,491,mvo,1
2024-03-18,-11863.308588374235,19999.999921519673,-499.9999984201399,492,mvo,1
2024-03-19,32095.02985750065,19364.229298971863,-364.94204377605655,492,mvo,1
2024-03-20,-30329.64273007984,18215.890017578833,-1218.2928091593235,492,mvo,1
2024-03-21,3894.6586755223607,22037.842808871304,-5640.369251617817,492,mvo,1
2024-03-22,-9959.326463970958,22397.284649682857,-6040.993050487944,492,mvo,1
2024-03-25,-7896.722801331301,20000.000013230987,-499.99999184737203,492,mvo,1
2024-03-26,19756.12993403905,21027.894476629826,402.76617774068217,492,mvo,1
2024-03-27,7863.031977627949,19614.936695367327,694.7490988961514,492,mvo,1
2024-03-28,-16275.49070281156,31684.606569564734,15590.580842386578,492,mvo,1
2024-04-01,25610.96445379275,20000.0003486699,-135.47812106850935,492,mvo,1
2024-04-02,-21088.027580011414,18327.154074193066,920.2947699075208,491,mvo,1
2024-04-03,19988.140197223554,18004.250982054447,869.9464569231383,490,mvo,1
2024-04-04,-13142.443533857837,17636.796673860503,859.9898252108029,490,mvo,1
2024-04-05,23563.897768886065,17044.540444090377,927.7426393717011,490,mvo,1
2024-04-08,-19428.892267187915,19999.99932024508,-499.9999974268254,491,mvo,1
2024-04-09,6041.4379768054,19748.010798074214,-505.4893987709253,491,mvo,1
2024-04-10,-14373.549177048819,18790.2526970485,-613.1972831924784,491,mvo,1
2024-04-11,86211.00589528933,18328.08445213538,-746.921940086242,491,mvo,1
2024-04-12,-21190.397723645896,17269.375632826268,-534.0319353594513,491,mvo,1
2024-04-15,-1932.2739198627592,19999.999498624435,-499.99999924686,491,mvo,1
2024-04-16,-7598.150750698583,20918.554834880877,-595.2851906061096,491,mvo,1
2024-04-17,-6047.92701650756,22031.215418499465,-77.32981549524628,491,mvo,1
2024-04-18,-5165.675201117391,22644.322955005922,-311.10873220028424,491,mvo,1
2024-04-19,5437.3606879401905,22826.58723953548,-202.16586839566642,491,mvo,1
2024-04-22,26893.180909600247,20000.000343183612,-499.9999997672434,492,mvo,1
2024-04-23,-29507.322441913595,19317.34299089057,-974.2285883092346,492,mvo,1
2024-04-24,16471.561470352553,19560.67891917698,-759.3794772746934,492,mvo,1
2024-04-25,941.229930774637,18591.241446189575,-1062.8258173262825,492,mvo,1
2024-04-26,-28984.05191635875,17505.153136649104,-883.4244766568338,492,mvo,1
2024-04-29,-2512.721308726642,19999.99991767777,499.99999705528177,492,mvo,1
2024-04-30,27487.409400872944,19764.269433702615,523.2726331509346,492,mvo,1
2024-05-01,-1127.4503994418421,19244.914507845777,621.901424486766,492,mvo,1
2024-05-02,-1753.7957685579654,18840.25965215411,738.8939576289033,492,mvo,1
2024-05-03,13154.531722202872,18405.78560464789,612.5789146951324,492,mvo,1
2024-05-06,4810.222680364529,19999.999809780238,499.99999940322607,492,mvo,1
2024-05-07,3530.9591877013395,19803.000434195535,-402.8601522597731,492,mvo,1
2024-05-08,-5509.901605766181,19094.519235762815,-404.1065917659406,492,mvo,1
2024-05-09,11174.18716605999,18259.683842880542,42.062227167888885,492,mvo,1
2024-05-10,-20172.295974359455,17861.118916948086,-374.2086121287142,492,mvo,1
2024-05-13,9436.08223961619,20000.000240948833,499.9999998585116,491,mvo,1
2024-05-14,-40936.180997642674,19164.037372831634,653.6671087636197,491,mvo,1
2024-05-15,86351.63926673861,19660.71479733624,2217.2540934576,491,mvo,1
2024-05-16,-51238.80226997299,18413.33276942904,1769.5437139297055,491,mvo,1
2024-05-17,52002.76783688018,18210.506787597296,2721.0201082118256,491,mvo,1
2024-05-20,10186.288812419956,19999.999898724083,499.9999997697388,491,mvo,1
2024-05-21,75570.54808205238,18985.462858749124,2417.2806072571766,491,mvo,1
2024-05-22,-18039.460634891373,21116.94577100313,1926.0996379499632,491,mvo,1
2024-05-23,10414.795319353354,22277.44638583989,3276.0346637078733,491,mvo,1
2024-05-24,-3975.67441734802,22509.851157312107,-836.5980496981339,491,mvo,1
2024-05-28,16336.148909453635,19999.99940415012,499.9999993559804,491,mvo,1
2024-05-29,-379.74545749281697,20792.517800268608,1701.793147441772,491,mvo,1
2024-05-30,-13794.079703467743,20811.535078252156,1106.8347831925837,491,mvo,1
2024-05-31,38968.128003480386,19521.76341330481,1163.3094526688178,491,mvo,1
2024-06-03,-8280.090828217404,20000.000317414004,499.999998923745,491,mvo,1
2024-06-04,31806.878164066762,19308.5148889715,987.6689683280191,489,mvo,1
2024-06-05,-5366.476871579964,19158.805951024184,513.9726459705225,489,mvo,1
2024-06-06,12063.045642849243,18666.336278576673,870.4509735476179,489,mvo,1
2024-06-07,-19487.626060154817,18733.637256428603,218.8684192751476,489,mvo,1
2024-06-10,-256.37759314678544,19999.999964153827,499.99999870612885,491,mvo,1
2024-06-11,-3233.325213065207,19236.884280458988,82.95441578620007,491,mvo,1
2024-06-12,16775.713199316946,18695.117843770335,824.4037284134425,491,mvo,1
2024-06-13,-19087.80027972346,19471.73567419204,-1238.4322511036103,491,mvo,1
2024-06-14,3446.315853315422,19705.820855023125,-1165.7412234089586,491,mvo,1
2024-06-17,7862.915297745426,20000.000001798013,-499.99998470271686,491,mvo,1
2024-06-18,35271.34492217186,19919.99518524459,586.1370781934266,491,mvo,1
2024-06-20,-36107.466897506594,19687.76153339014,-148.90806601555693,491,mvo,1
2024-06-21,16078.231625451977,19421.433096924506,202.5289091037804,491,mvo,1
2024-06-24,50953.59559014985,20000.000222949235,-260.0894669487663,491,mvo,1
2024-06-25,-10852.172009481685,20110.747518313245,-480.24409817665526,491,mvo,1
2024-06-26,-14284.97183767477,19801.78548805465,-241.67816727626416,491,mvo,1
2024-06-27,-23632.441942450183,18739.04726141174,-712.7389617149386,491,mvo,1
2024-06-28,50189.512574923974,18378.847504909572,59.52394424870882,491,mvo,1
2024-07-01,-26230.42766156315,19999.999118939802,183.0559469692671,503,mvo,1
2024-07-02,-4469.557982922608,20980.838504733205,-1435.7928826217776,501,mvo,1
2024-07-03,5492.684426018447,20598.63495583452,-1409.4162167537,501,mvo,1
2024-07-05,19253.21422737333,19898.294860155554,-1457.674160222795,501,mvo,1
2024-07-08,-21825.530991004034,20000.000205126275,-499.9999964970197,502,mvo,1
2024-07-09,-4013.0726921399787,19718.86719240866,-498.6508752714645,502,mvo,1
2024-07-10,7799.049660702749,20058.527122458854,185.0745503954493,502,mvo,1
2024-07-11,18185.783072652393,18846.41237407787,-107.70396709975203,502,mvo,1
2024-07-12,-10784.076995312731,18686.594546455748,-443.4032840097826,502,mvo,1
2024-07-15,2064.6625999655294,20000.000083026735,-430.4409920025699,502,mvo,1
2024-07-16,35105.61907311332,23397.171345324074,2537.325467372452,502,mvo,1
2024-07-17,-4024.387930837599,22590.286845976716,3115.9697632726484,502,mvo,1
2024-07-18,-28982.33526745088,22550.23240452825,2545.163484801465,502,mvo,1
2024-07-19,13438.912496705074,22134.05003679345,2806.175900256087,502,mvo,1
2024-07-22,-19046.106912490046,20000.000108419805,-499.9999996711964,502,mvo,1
2024-07-23,-2670.73868212013,19008.739245170742,-1154.6313671775406,502,mvo,1
2024-07-24,9899.007145275404,18852.45555401028,-721.5005995647139,502,mvo,1
2024-07-25,16303.549373779568,18324.460688634645,-609.5933142181949,502,mvo,1
2024-07-26,-44346.30008281898,17382.835188311183,-2363.8247359375687,502,mvo,1
2024-07-29,32107.931480525316,19999.99998073824,-499.9997560509851,503,mvo,1
2024-07-30,-18304.62241149527,18795.84075369149,-155.1396860282564,502,mvo,1
2024-07-31,-17591.03313983933,18418.27256704023,-119.93774944161899,502,mvo,1
2024-08-01,16131.683415887414,18202.73388171449,-187.33181172361296,502,mvo,1
2024-08-02,3058.9216059229034,17675.54295422037,-936.2440176037911,502,mvo,1
2024-08-05,-9707.388931580537,19999.99997173855,-499.9999999095392,504,mvo,1
2024-08-06,-3822.8070757694327,19491.18504001278,-440.0421185931885,503,mvo,1
2024-08-07,1164.873432807959,18358.959740689414,-187.72534763266455,503,mvo,1
2024-08-08,3625.6921643316596,18826.54305807304,-326.640130058829,503,mvo,1
2024-08-09,-3575.212926407437,18262.753316557246,20.06647352007581,503,mvo,1
2024-08-12,-8036.455396960059,19999.9996470192,-499.9999975746327,504,mvo,1
2024-08-13,717.3891905246555,20156.67315723139,-497.4029492746351,504,mvo,1
2024-08-14,6299.1902341247705,19362.65490193956,363.5818830265337,504,mvo,1
2024-08-15,8158.891284667509,19730.176904041004,854.3171520337844,504,mvo,1
2024-08-16,4255.496751307952,18991.357813428396,432.62334692406597,504,mvo,1
2024-08-19,1020.6417398098217,19999.99923842747,499.9999974259716,504,mvo,1
2024-08-20,-38337.87709815503,22292.759007580036,-401.9293142775116,504,mvo,1
2024-08-21,-36906.31441646523,23915.823874995996,-2973.3615309311454,504,mvo,1
2024-08-22,-4040.258230125375,24008.149363588687,-3273.5730157413313,504,mvo,1
2024-08-23,-15011.496133190978,22781.929467406968,-5515.688929626249,504,mvo,1
2024-08-26,46666.81428868111,20000.000389590678,499.99999979177255,504,mvo,1
2024-08-27,-45720.10257887832,20361.575982004062,-294.4482119138978,504,mvo,1
2024-08-28,18837.124329837607,19626.745596369725,66.96723491119307,504,mvo,1
2024-08-29,20336.897231559524,18431.218364243374,-189.5474055641551,504,mvo,1
2024-08-30,19850.59710250826,17703.175233679805,-52.43559304865094,504,mvo,1
2024-09-03,-35412.80591831315,19999.99965915483,499.9999982989618,504,mvo,1
2024-09-04,-2917.680628803673,19871.919322937705,538.5009938845411,503,mvo,1
2024-09-05,-2599.102636008484,18848.805150921482,946.5686647900322,502,mvo,1
2024-09-06,-26499.57387147858,19145.031098597745,507.30148161471976,502,mvo,1
2024-09-09,15825.392424357262,19999.999887411363,-499.9999990479911,503,mvo,1
2024-09-10,2404.8380158435343,19183.94044314175,-879.9784289130483,503,mvo,1
2024-09-11,-4650.59119838265,18776.33985922376,-1109.4188660739405,503,mvo,1
2024-09-12,-4813.951775594174,19519.235486076534,-885.2304948617667,503,mvo,1
2024-09-13,-7445.489068628969,19494.8248528517,-1391.062635394067,503,mvo,1
2024-09-16,15962.703617702291,20000.00032696736,-499.9999957327948,505,mvo,1
2024-09-17,950.8151313061501,19958.29585032019,-321.7156613990466,505,mvo,1
2024-09-18,-14934.098404286653,19603.317314390268,-496.4705094057446,505,mvo,1
2024-09-19,17623.997581152576,18422.271254113293,-348.77938580389673,505,mvo,1
2024-09-20,-32590.45393170634,18170.44377877588,-761.6656529350452,505,mvo,1
2024-09-23,35271.793663729324,20000.00031166214,-499.99999769140425,505,mvo,1
2024-09-24,-23365.293578024008,19341.112598059164,-680.3315547887199,505,mvo,1
2024-09-25,-414.5170442073949,20142.359600871972,-2115.643102148387,505,mvo,1
2024-09-26,-29839.841196281857,19802.570685071238,-2430.9267223390343,505,mvo,1
2024-09-27,13836.252465912512,19899.01023649339,-2030.0963989608017,505,mvo,1
2024-09-30,-11858.029683598164,20000.000487852732,-499.999998487223,507,mvo,1
2024-10-01,6148.6738182329545,19482.816225786206,685.6876072896456,505,mvo,1
2024-10-02,26.582217700476637,19138.5873016923,769.4401947958946,505,mvo,1
2024-10-03,11230.560462612008,18160.53787958403,513.4480432229487,505,mvo,1
2024-10-04,-17440.924118947438,18224.30919797432,345.9485286413462,505,mvo,1
2024-10-07,16958.242008654754,19999.999751938733,-499.99999942977234,505,mvo,1
2024-10-08,-2116.6546084148135,19809.674620183254,-444.56044013409297,505,mvo,1
2024-10-09,15160.095599827468,19128.825760781794,-323.6628861945017,505,mvo,1
2024-10-10,-26145.421997572066,19274.106425380658,-1229.7932851020128,505,mvo,1
2024-10-11,24643.70503683395,19192.927861652304,-1005.7847049981588,505,mvo,1
2024-10-14,8765.65736893127,20000.000364488147,-499.99999930959586,506,mvo,1
2024-10-15,-24900.086398218988,20550.305911247702,-1293.7574955219002,506,mvo,1
2024-10-16,2507.3514035349494,19592.54541578195,-739.4251139562767,506,mvo,1
2024-10-17,12456.631001258218,18712.58170366983,-537.1203941442334,506,mvo,1
2024-10-18,-32290.337952047117,19730.190141547617,-1940.6634527577578,506,mvo,1
2024-10-21,11733.71503487844,20000.000175886795,-499.99999603694096,506,mvo,1
2024-10-22,38647.843279836256,21177.2651088508,499.7833215871693,506,mvo,1
2024-10-23,-3756.263211090533,21692.67157327204,973.7218036697034,506,mvo,1
2024-10-24,-16584.68742367126,20899.671692608532,872.5734977514347,506,mvo,1
2024-10-25,29771.450346259437,20152.335335597356,-140.85130657268806,506,mvo,1
2024-10-28,13472.215235631573,19999.999095524643,-499.99999781963,506,mvo,1
2024-10-29,-8382.131010724997,19519.068075896026,-331.11325192479205,505,mvo,1
2024-10-30,12504.994065075418,19123.7984222314,-247.46363622794453,505,mvo,1
2024-10-31,-1020.288100706839,18638.95914968951,-573.0349865993668,505,mvo,1
2024-11-01,12734.092252301403,18275.48320814563,-645.1908174580508,505,mvo,1
2024-11-04,-9522.648151214074,20000.000113319617,-499.9999986596147,506,mvo,1
2024-11-05,15309.537744236935,19355.430803487354,-1299.957156864693,506,mvo,1
2024-11-06,3500.909980600192,17472.899965602162,-1098.668543639682,506,mvo,1
2024-11-07,-7417.0102511354135,17288.91313455471,-837.9770918062044,506,mvo,1
2024-11-08,-5120.394062647777,16648.067389679472,-930.19018840708,506,mvo,1
2024-11-11,-12159.914021744144,19999.99984847076,499.99999890198893,507,mvo,1
2024-11-12,11138.4190055465,19946.274631782086,-399.163194178306,507,mvo,1
2024-11-13,-929.7789902873899,18541.281598642177,-431.3331272943821,507,mvo,1
2024-11-14,-8073.306209729428,18728.73362605159,-221.06982684226992,507,mvo,1
2024-11-15,-12418.156710916246,18847.9754815034,-648.768673637475,507,mvo,1
2024-11-18,-16413.68598565155,20000.000188402053,499.99999673864886,507,mvo,1
2024-11-19,7288.581213588573,20207.098021217178,337.1028540100107,507,mvo,1
2024-11-20,5489.440334020719,23447.785026769154,3932.1005867601693,507,mvo,1
2024-11-21,38738.23793564595,25341.579682685588,616.0718407385573,507,mvo,1
2024-11-22,6812.261440285935,25284.95105859757,799.1758457953695,507,mvo,1
2024-11-25,-58541.577905917984,20000.000030955798,499.9999987885521,507,mvo,1
2024-11-26,81292.38507011393,20822.93978249077,1686.3099093914257,507,mvo,1
2024-11-27,-30691.57224665231,19877.90011504393,1231.6567862796617,507,mvo,1
2024-11-29,13318.732560944616,19016.06338468309,1099.1953110255147,507,mvo,1
2024-12-02,-44104.18142386002,20000.000059027778,499.9999985703562,507,mvo,1
2024-12-03,-1116.2709391547996,19619.738471663226,904.9124168730882,505,mvo,1
2024-12-04,13119.605911749735,19175.733461979722,955.1610420055606,505,mvo,1
2024-12-05,4489.200125554194,18681.206153962037,885.7444200983172,505,mvo,1
2024-12-06,-7605.9941578155485,18411.997175089462,373.1868255089675,505,mvo,1
2024-12-09,7208.027279387883,19999.9998683623,-414.03654477257555,505,mvo,1
2024-12-10,-11000.229972599236,18972.912646469595,-244.41636063985618,505,mvo,1
2024-12-11,-9808.43143026031,18598.3156274448,-210.71681472120605,505,mvo,1
2024-12-12,11936.081750488751,18515.83201358919,-106.16146011366341,505,mvo,1
2024-12-13,-9694.628542639586,17903.303785067677,-421.4696745665734,505,mvo,1
2024-12-16,14018.326371749989,20000.00013309516,-499.99999969357697,506,mvo,1
2024-12-17,-10108.031190551666,19213.19270862252,-1241.2347040442762,506,mvo,1
2024-12-18,52313.51507514695,18728.135329989578,-3497.215907715248,506,mvo,1
2024-12-19,-59774.70199321065,20088.98053412342,-4985.769965166825,506,mvo,1
2024-12-20,73793.74640120284,20857.755279618406,-4141.968786184205,506,mvo,1
2024-12-23,-39786.19723687375,20000.000071890914,-499.99999988883474,506,mvo,1
2024-12-24,25927.107235798336,20861.596974349424,-226.47235103422767,506,mvo,1
2024-12-26,-9320.805902839222,19635.2989783661,-306.93847330581997,506,mvo,1
2024-12-27,-7586.550029027815,18975.102221773275,-776.5488474761622,505,mvo,1
2024-12-30,23190.332825097037,20000.000021199456,-499.9999996959052,505,mvo,1
2024-12-31,19752.503313175992,19810.509454163093,-489.7698185270299,505,mvo,1
2025-01-02,-11624.937647198703,19425.43882269439,-422.54216048821195,505,mvo,1
2025-01-03,-1657.887867729497,18940.15828233389,-526.1475490602251,505,mvo,1
2025-01-06,23500.684819288497,19999.999968043383,-499.9999997575075,505,mvo,1
2025-01-07,-4949.030904598579,19681.16389467127,-907.4816040191878,505,mvo,1
2025-01-08,-9874.038999216473,19533.56768396263,-326.49184901061295,505,mvo,1
2025-01-10,-11218.698262414408,18568.036685743293,-1431.431025087066,505,mvo,1
2025-01-13,-14142.028772614616,20000.00001130719,-499.99999999830703,493,mvo,1
2025-01-14,-7909.608378937663,19822.382406836994,-445.9221189399805,493,mvo,1
2025-01-15,21257.089116126182,18939.82760154263,-401.9172270106181,493,mvo,1
2025-01-16,346.2587801965741,19241.969571189562,-1239.1921254518545,493,mvo,1
2025-01-17,11266.419075607415,18422.4451664725,-1098.1881095164665,493,mvo,1
2025-01-21,-16494.704768297463,19999.99975185971,-499.99999441986256,494,mvo,1
2025-01-22,-15347.61017741434,19509.993460782953,-1340.0295300962903,494,mvo,1
2025-01-23,21082.284329380895,21196.89555522539,472.40089218098734,494,mvo,1
2025-01-24,14650.809788125167,20023.667380699735,294.9769117018606,494,mvo,1
2025-01-27,11180.222792021745,19999.99998938579,-499.99999692988143,494,mvo,1
2025-01-28,-660.2482885351338,19308.669121502204,-964.4272541382044,494,mvo,1
2025-01-29,-17270.682352164447,18905.87081664491,-1054.0510561077092,494,mvo,1
2025-01-30,7562.5025225531035,17960.92327973786,-1022.1805021843313,494,mvo,1
2025-01-31,15398.717980089035,17694.972034186896,-617.2698065265979,494,mvo,1
2025-02-03,-11303.744562563725,20000.000004039204,-499.999998579083,494,mvo,1
2025-02-04,-8859.302233833338,19838.651461439244,-542.113252332873,494,mvo,1
2025-02-05,12190.466865953302,19610.353222809837,-444.0741925437761,494,mvo,1
2025-02-06,-31310.406951834902,19231.472578184952,-402.8665070791136,494,mvo,1
2025-02-07,-4910.667415851235,19021.57556731104,-215.68753343179893,494,mvo,1
2025-02-10,-6437.281328964175,20000.00004661493,-499.99999806621474,494,mvo,1
2025-02-11,9808.354526067847,19505.93420464722,-545.9501762828262,494,mvo,1
2025-02-12,1279.8014350713702,19217.682590437795,-847.8194448895234,494,mvo,1
2025-02-13,-1979.2965520510857,19047.583785234372,-666.0529872833146,494,mvo,1
2025-02-14,1743.128176549332,18451.76791432901,-660.5252351161492,494,mvo,1
2025-02-18,-20269.181368965474,20000.000116550564,-499.999998654205,494,mvo,1
2025-02-19,-28855.968561197846,19598.09036395881,-25.791088345711806,494,mvo,1
2025-02-20,-13498.639530118495,19613.99725107246,70.84181323570262,494,mvo,1
2025-02-21,11767.069952741025,20321.095360097435,-581.6034896277359,494,mvo,1
2025-02-24,682.1820969490562,20000.00013774696,-499.9999995387055,494,mvo,1
2025-02-25,27922.488868653014,18935.313264048986,-203.60331567095378,494,mvo,1
2025-02-26,-10849.761418349253,19649.12571945559,-821.4737497241753,494,mvo,1
2025-02-27,-11963.49663994411,18880.778183866325,10.044289874919576,494,mvo,1
2025-02-28,281.336477257026,18207.713338798385,-607.6472765420513,494,mvo,1
2025-03-03,-11698.245738493291,19999.9998512643,-499.9999994649501,494,mvo,1
2025-03-04,6078.637392381952,20084.246985550963,-372.8953164491952,494,mvo,1
2025-03-05,-7100.468442580848,19853.27370095607,-555.8467436918412,494,mvo,1
2025-03-06,-5562.320729552771,19309.29210879815,-709.4406228921026,494,mvo,1
2025-03-07,-8716.14352593098,18611.3332255576,-996.1425993887034,494,mvo,1
2025-03-10,7252.300987914531,20000.00000326214,-499.99999996607437,494,mvo,1
2025-03-11,20647.190449748785,20521.85486985376,-794.0659190295505,494,mvo,1
2025-03-12,-12707.960439512199,20007.662414347764,-1242.0776801933628,494,mvo,1
2025-03-13,4093.8376556837425,19884.835210914378,-470.00055411357323,494,mvo,1
2025-03-14,12203.426293526447,20144.325202553955,443.04041130703916,494,mvo,1
2025-03-17,-10147.632313863802,19999.99928339786,-500.0000000594863,494,mvo,1
2025-03-18,6093.223566970675,20191.868598173955,-554.3328886574716,494,mvo,1
2025-03-19,9660.828642332726,19230.657408577394,-320.6731495956627,494,mvo,1
2025-03-20,-19316.052228350734,19272.77892178062,-921.6602871070424,494,mvo,1
2025-03-21,22424.352692222627,18460.89649815802,-276.8382281888155,494,mvo,1
2025-03-24,-4338.923678651354,20000.00026162833,-499.99999964977906,495,mvo,1
2025-03-25,16304.34933446852,20558.92613290668,206.08213616409358,495,mvo,1
2025-03-26,-19332.177082814593,19432.63655775794,100.87970058530874,495,mvo,1
2025-03-27,16183.3470020528,18776.017589147486,-232.06672894404863,495,mvo,1
2025-03-28,-38928.539172561716,36504.342049403924,1309.900553257477,495,mvo,1
2025-03-31,-183.43938517374,20000.000046440022,-499.9999997824429,495,mvo,1
2025-04-01,14420.162399708719,19710.925747312962,-546.2644690382245,495,mvo,1
2025-04-02,5775.888912706932,19226.677308168775,-441.10634311945586,495,mvo,1
2025-04-03,245.65950231948673,17805.008795737318,-494.16602908008156,495,mvo,1
2025-04-04,-621.3244460379958,17715.576772841523,-589.5722684325067,495,mvo,1
2025-04-07,11327.132304527368,20000.00018299961,-500.00000000049744,495,mvo,1
2025-04-08,-47720.09242922422,19941.52432730615,-954.9794210082423,495,mvo,1
2025-04-09,15462.09749139321,21845.695600695468,-682.5842589638434,495,mvo,1
2025-04-10,-41060.55348263628,21090.17252642552,-1117.6041003827006,495,mvo,1
2025-04-11,12383.735511199533,21269.29084398103,-902.0155617656397,495,mvo,1
2025-04-14,6487.3932085145425,20000.000161671665,-499.99999998977466,495,mvo,1
2025-04-15,-11524.21454285564,19507.867852808115,-123.11511788422871,495,mvo,1
2025-04-16,0.33346373939694746,19514.438761448157,-8.128628635896845,495,mvo,1
2025-04-17,21980.034358104578,18858.06703217637,-34.15629904145455,495,mvo,1
2025-04-21,-8249.366085923537,20000.000084224717,-499.9999998990512,495,mvo,1
2025-04-22,9950.153317423832,20315.27060725051,-678.5939859966394,495,mvo,1
2025-04-23,18402.01807956304,20026.975222512385,-287.3044451576451,495,mvo,1
2025-04-24,-8764.09636298887,19489.35216046673,561.9925409546278,495,mvo,1
2025-04-25,-8456.21811008832,19779.11865775868,1327.4266042362583,495,mvo,1
2025-04-28,-831.6661740567846,19999.998805826355,-499.9999945477839,495,mvo,1
2025-04-29,4639.976237279871,19407.42600334945,-232.6205299566685,495,mvo,1
2025-04-30,-144.3942148839134,18605.009418621077,-390.1045988359467,495,mvo,1
2025-05-01,28042.677374616116,18741.358710168624,-405.5182902362223,495,mvo,1
2025-05-02,-16200.22171018445,18751.941443776577,-1447.6125330075765,495,mvo,1
2025-05-05,2756.795921320668,19999.99987003933,-499.9999870879864,495,mvo,1
2025-05-06,3734.939460903703,19805.887967824463,-701.0391844675138,495,mvo,1
2025-05-07,-4008.984784113073,19096.911811043752,-788.557997976715,495,mvo,1
2025-05-08,11906.641087991158,18736.436384470468,-381.97840419153954,495,mvo,1
2025-05-09,19827.966052787455,18648.862199117757,-197.12704696843213,495,mvo,1
2025-05-12,-3821.435773315555,19999.99874467019,499.9999262827034,495,mvo,1
2025-05-13,50781.62142488574,22451.832245913305,-256.57332169817903,495,mvo,1
2025-05-14,-8763.139251329676,23279.224095553393,-920.1212717275142,495,mvo,1
2025-05-15,24330.330335261453,22190.00357228322,-1571.9087936628243,495,mvo,1
2025-05-16,-8193.304430908158,21829.338686673927,-1562.847798283525,495,mvo,1
2025-05-19,-6784.389095118722,19999.9996685247,499.99999895543885,495,mvo,1
2025-05-20,-9356.267992358573,20759.708461639497,341.830011852567,495,mvo,1
2025-05-21,5649.725411814729,23566.93131727302,2726.5072504173636,495,mvo,1
2025-05-22,7021.392780050808,22235.44842563568,1995.5972030755042,495,mvo,1
2025-05-23,-1998.2213974557949,22863.963477507183,3060.478252133352,495,mvo,1
2025-05-27,-5246.8383385737725,19999.999727986753,-499.9999917251535,495,mvo,1
2025-05-28,7716.971387943155,19900.527991693732,-57.50864655679213,494,mvo,1
2025-05-29,1134.6175778627332,19007.87467265094,-573.4174782114133,494,mvo,1
2025-05-30,-41633.96190086501,18245.708146964716,-3332.825939377516,494,mvo,1
2025-06-02,62837.64831979262,20000.000009026797,-499.99999181759347,494,mvo,1
2025-06-03,11976.214320049996,19696.964698183234,-325.71103519900197,493,mvo,1
2025-06-04,-8828.480399214066,19449.62575186523,-357.2553373101138,493,mvo,1
2025-06-05,8298.423974320564,19261.046530134165,-414.39970048874915,493,mvo,1
2025-06-06,-2990.655128962023,18965.83692242534,-483.7028479308127,493,mvo,1
2025-06-09,7265.09785178083,20000.00024805775,-499.99998871792536,494,mvo,1
2025-06-10,-9188.213258782263,19528.530226383722,-493.24101505873415,494,mvo,1
2025-06-11,7474.16163027795,19798.87910048367,-223.79362802046631,494,mvo,1
2025-06-12,-1305.4594628300451,19655.60774851182,-184.62216163286803,494,mvo,1
2025-06-13,5116.995850608861,19397.14833299793,-133.79589673296715,494,mvo,1
2025-06-16,12172.834055494744,20000.000193468295,-499.99999938858895,494,mvo,1
2025-06-17,-15413.486762035523,19713.80380293073,-563.3618062448004,494,mvo,1
2025-06-18,12101.368306707776,18998.218603423793,-1304.999690003604,494,mvo,1
2025-06-20,1169.6673387834749,18119.59168805831,-1225.9032734357666,494,mvo,1
2025-06-23,12511.607117312471,20000.000064834625,-499.99999930015264,494,mvo,1
2025-06-24,-24967.813996708177,19992.78619593452,-576.1244555615474,494,mvo,1
2025-06-25,-19984.496591851057,20584.159353541625,-122.68678786699554,494,mvo,1
2025-06-26,-3697.383128507174,20154.931640691924,91.36438415830513,494,mvo,1
2025-06-27,7299.877934082499,19573.597177268628,564.2095114489862,494,mvo,1
2025-06-30,-3187.809077407232,19999.9995567547,-499.9999979126296,509,mvo,1
2018-07-09,0.0,13796.687455075318,-499.9999996394886,480,mvo_factor_neutral,1
2018-07-10,-5724.960688914569,12939.919412535028,-990.1646855375752,480,mvo_factor_neutral,1
2018-07-11,3923.386432487455,12778.17459787071,-1009.4201249254689,480,mvo_factor_neutral,1
2018-07-12,7313.677856764235,13238.703287706352,-397.7455014723375,480,mvo_factor_neutral,1
2018-07-13,-3887.013846697595,12817.887327934852,-461.47151291438894,480,mvo_factor_neutral,1
2018-07-16,-9333.826268837684,17828.14516043797,-499.999998728539,483,mvo_factor_neutral,1
2018-07-17,8628.594064140132,17496.504655258843,-428.05684359217884,483,mvo_factor_neutral,1
2018-07-18,-40.95969109528812,16947.82274008537,236.90289267301537,482,mvo_factor_neutral,1
2018-07-19,3740.8262990557732,16585.104394596427,-488.2747218766591,482,mvo_factor_neutral,1
2018-07-20,12229.893430857324,16138.258565323848,-552.395749877849,482,mvo_factor_neutral,1
2018-07-23,-39.60268412095742,19999.9987889012,-347.7062692439595,482,mvo_factor_neutral,1
2018-07-24,-2172.9526289759756,19225.23677259835,-596.2557225516568,482,mvo_factor_neutral,1
2018-07-25,-9564.816105973994,17981.93333871027,-924.6517465616183,482,mvo_factor_neutral,1
2018-07-26,-16200.830247646842,17173.872780863196,-1612.2474925999159,482,mvo_factor_neutral,1
2018-07-27,22031.18300093222,17239.09865126587,-1186.5207689510694,482,mvo_factor_neutral,1
2018-07-30,-10327.142632437895,19999.99953530293,461.33136540601697,483,mvo_factor_neutral,1
2018-07-31,18255.207838778086,19441.631538699916,150.05507088377928,483,mvo_factor_neutral,1
2018-08-01,-13881.720429076393,19025.43291065589,342.93629855616393,483,mvo_factor_neutral,1
2018-08-02,-8112.393239966265,18711.75148316131,146.5447935615731,483,mvo_factor_neutral,1
2018-08-03,-2909.9319581266896,18169.034571661898,-18.91960182592137,483,mvo_factor_neutral,1
2018-08-06,39484.16153726748,19999.999802241724,499.9999996192839,487,mvo_factor_neutral,1
2018-08-07,-33135.05264141719,19467.44168272202,-156.88014094440507,487,mvo_factor_neutral,1
2018-08-08,16617.429277367642,18908.3386390231,43.76858722791908,487,mvo_factor_neutral,1
2018-08-09,-7454.744772709039,17953.154711327123,203.94389857464193,487,mvo_factor_neutral,1
2018-08-10,-9634.981276151899,18330.42119592226,420.2574440358553,487,mvo_factor_neutral,1
2018-08-13,-9696.186603970898,19999.999727637587,499.99998240976015,487,mvo_factor_neutral,1
2018-08-14,5174.062502628855,18863.40277535292,255.5497218546622,487,mvo_factor_neutral,1
2018-08-15,4418.04436349286,18407.95509962115,577.005116263537,487,mvo_factor_neutral,1
2018-08-16,-9683.618239202104,17796.260402681055,584.7088986027103,487,mvo_factor_neutral,1
2018-08-17,-6405.6509287277695,17161.8103932623,192.68018147478554,487,mvo_factor_neutral,1
2018-08-20,12167.602213848091,19999.999432225082,499.9999983478446,488,mvo_factor_neutral,1
2018-08-21,43928.12222963925,20500.420728467077,252.2740633050352,488,mvo_factor_neutral,1
2018-08-22,-33727.59556126037,19089.480128277122,-1060.6200702232354,488,mvo_factor_neutral,1
2018-08-23,22004.028533415087,20065.65126564839,1886.277908473168,488,mvo_factor_neutral,1
2018-08-24,-18601.38000880869,19302.60555693875,-4.751737946715051,488,mvo_factor_neutral,1
2018-08-27,21326.55193010913,19999.999984925555,500.0000004258858,488,mvo_factor_neutral,1
2018-08-28,20157.282287048663,18925.479398577078,385.50795848907126,488,mvo_factor_neutral,1
2018-08-29,-20365.040239826434,17981.66095430841,858.3685113439006,488,mvo_factor_neutral,1
2018-08-30,22514.207098269966,16711.68259947809,1088.320034088256,488,mvo_factor_neutral,1
2018-08-31,-16386.488653340537,17117.54588154609,452.5355421963828,488,mvo_factor_neutral,1
2018-09-04,2838.609379860971,19999.99984578683,499.9999999666793,489,mvo_factor_neutral,1
2018-09-05,-3552.653664126753,20026.96295768041,39.43948981696998,489,mvo_factor_neutral,1
2018-09-06,5875.5408472068675,19566.573695692117,-224.53658295631672,488,mvo_factor_neutral,1
2018-09-07,-6152.745661907755,19323.88490505439,293.5725481530966,488,mvo_factor_neutral,1
2018-09-10,-6421.160339586033,19999.999880604573,-499.99998575585136,488,mvo_factor_neutral,1
2018-09-11,1837.1412357084118,19729.031560359446,-534.9781082748254,488,mvo_factor_neutral,1
2018-09-12,4027.898198434611,19388.655569188835,-471.4391072514177,488,mvo_factor_neutral,1
2018-09-13,3754.508472113829,18816.632919534317,-537.547836918993,488,mvo_factor_neutral,1
2018-09-14,4251.212556140762,18007.892564597096,-79.63554860472796,488,mvo_factor_neutral,1
2018-09-17,182.15671565087564,20000.000076571218,499.9999984039554,489,mvo_factor_neutral,1
2018-09-18,-18336.419191427965,19695.184585137784,1069.5621823298784,489,mvo_factor_neutral,1
2018-09-19,15638.184022521782,18786.843161822362,1070.3635652417472,489,mvo_factor_neutral,1
2018-09-20,13666.409087239836,18047.615010891284,2386.1295858575695,489,mvo_factor_neutral,1
2018-09-21,12674.323249086396,18177.751389812813,2484.6290811292033,489,mvo_factor_neutral,1
2018-09-24,-7567.175985058939,19999.99970501259,499.99998336262996,489,mvo_factor_neutral,1
2018-09-25,-15015.871157230502,20148.190861212268,-235.34670878269736,489,mvo_factor_neutral,1
2018-09-26,5387.258479565719,19846.063390875566,-160.96272125147536,489,mvo_factor_neutral,1
2018-09-27,-1454.8482396706622,18607.81471665509,-42.530760085554796,489,mvo_factor_neutral,1
2018-09-28,2901.439374104474,18121.946579392414,159.17758493286397,489,mvo_factor_neutral,1
2018-10-01,6169.90220888469,20000.000199829352,-89.3149786675143,489,mvo_factor_neutral,1
2018-10-02,7975.788102779876,19601.33577427521,-28.839947647208724,489,mvo_factor_neutral,1
2018-10-03,5806.497809632861,19567.128132934038,93.89574268135355,489,mvo_factor_neutral,1
2018-10-04,2968.210681151336,18723.427301083255,-530.2152590642522,489,mvo_factor_neutral,1
2018-10-05,-7646.10648139902,18650.631355836453,-136.7728386478054,489,mvo_factor_neutral,1
2018-10-08,1243.3428066515603,19999.999838927903,-500.00000380494447,489,mvo_factor_neutral,1
2018-10-09,-3056.49410113226,19582.3051226152,-855.2916932828554,488,mvo_factor_neutral,1
2018-10-10,30218.468644195524,20057.411998424774,155.48611476263517,488,mvo_factor_neutral,1
2018-10-11,-17017.44101463806,19007.67054389798,7.700299024492802,488,mvo_factor_neutral,1
2018-10-12,21866.847221958633,19011.06848718952,329.7459229942493,488,mvo_factor_neutral,1
2018-10-15,-8464.01621268349,19999.999252655918,-500.0000009959842,488,mvo_factor_neutral,1
2018-10-16,-772.3238307557993,20209.239705561187,-604.3423267721665,488,mvo_factor_neutral,1
2018-10-17,-13164.8003662862,18896.78799546299,-917.0002839687584,488,mvo_factor_neutral,1
2018-10-18,1758.163437920115,18619.8216938892,-812.0269111410265,488,mvo_factor_neutral,1
2018-10-19,-15010.022606963224,20384.244574457054,-2365.9597851695216,487,mvo_factor_neutral,1
2018-10-22,24559.68297970821,20000.000586953825,-500.00000003134517,487,mvo_factor_neutral,1
2018-10-23,7568.484027956774,19628.619968496092,-519.3067249262875,487,mvo_factor_neutral,1
2018-10-24,-30375.691217380943,19378.76923722639,-655.9298292648697,487,mvo_factor_neutral,1
2018-10-25,27828.589934457563,20063.686453803133,-599.1363672406533,487,mvo_factor_neutral,1
2018-10-26,-24991.227430791598,20064.654852896463,-2134.5845408491678,487,mvo_factor_neutral,1
2018-10-29,-31907.377000983197,19999.999886642483,-500.00000009565895,487,mvo_factor_neutral,1
2018-10-30,-26840.854114665057,19733.957684415625,-664.0309949912825,487,mvo_factor_neutral,1
2018-10-31,-1667.1787744925498,18682.346163481732,-1096.1825367483539,487,mvo_factor_neutral,1
2018-11-01,-5922.627736703806,17860.469716853393,-1120.3983044270158,487,mvo_factor_neutral,1
2018-11-02,8890.874245178467,17301.812580452166,-1144.7004348002174,487,mvo_factor_neutral,1
2018-11-05,484.13645440924125,20000.000346297333,-499.9999998667751,487,mvo_factor_neutral,1
2018-11-06,25633.84337555026,19185.195263195674,-366.154748767685,487,mvo_factor_neutral,1
2018-11-07,-9300.986024180715,18197.173859192295,-609.8928392091959,487,mvo_factor_neutral,1
2018-11-08,-2388.715783318382,18147.122577033453,-814.9256824614359,487,mvo_factor_neutral,1
2018-11-09,11359.10108222608,18993.76839150513,-780.4888225596135,487,mvo_factor_neutral,1
2018-11-12,-16278.44664950785,19782.713048479116,-717.2865426403029,487,mvo_factor_neutral,1
2018-11-13,-88293.42507799964,21083.668546313656,-2451.8253660788137,486,mvo_factor_neutral,1
2018-11-14,-25727.773913045297,21211.761093022993,-2340.604000280688,486,mvo_factor_neutral,1
2018-11-15,-25446.586941535472,20195.78880991015,-2327.794615932329,486,mvo_factor_neutral,1
2018-11-16,-4244.948788523364,19542.458363576585,-2212.8950782393904,486,mvo_factor_neutral,1
2018-11-19,2706.2352818493023,20000.00010042852,-499.9999812312471,487,mvo_factor_neutral,1
2018-11-20,-11525.732030269286,20147.03672856028,-535.7938127826203,487,mvo_factor_neutral,1
2018-11-21,33328.27584700839,19703.282434811612,-625.2535363105053,487,mvo_factor_neutral,1
2018-11-23,795.9795657492406,18879.948898143437,-739.0066084009002,487,mvo_factor_neutral,1
2018-11-26,13849.761748000237,20000.000116115654,-499.9999978838864,487,mvo_factor_neutral,1
2018-11-27,2208.135013027003,19292.41952722821,-472.0830106863383,487,mvo_factor_neutral,1
2018-11-28,-5418.920631264598,17405.65852986072,-767.5787283046491,487,mvo_factor_neutral,1
2018-11-29,-15232.600444013638,17711.472751828685,-1114.1312226900743,487,mvo_factor_neutral,1
2018-11-30,13759.884336204368,17023.20308808794,-473.15789077601187,487,mvo_factor_neutral,1
2018-12-03,-9161.431432891703,20000.000012036235,27.498652544680017,487,mvo_factor_neutral,1
2018-12-04,-14408.803016642283,19736.190930360313,1206.9306901248242,487,mvo_factor_neutral,1
2018-12-06,-886.728659942207,18823.528403418488,1007.7431713523773,486,mvo_factor_neutral,1
2018-12-07,-3079.051266521228,17957.209694873378,1155.8932861631947,486,mvo_factor_neutral,1
2018-12-10,33352.24970610724,19999.999906417437,-499.999999820242,485,mvo_factor_neutral,1
2018-12-11,-52380.97563279065,19940.283531202418,-546.0427904398653,485,mvo_factor_neutral,1
2018-12-12,58157.02993603812,19957.31465952217,-590.0735801335761,485,mvo_factor_neutral,1
2018-12-13,-18959.026886332682,19248.2702369755,-445.7670209389006,485,mvo_factor_neutral,1
2018-12-14,17107.409473311003,18615.211193108007,-28.588763213571415,485,mvo_factor_neutral,1
2018-12-17,11281.271238907128,20000.00025756895,-499.99999979101085,485,mvo_factor_neutral,1
2018-12-18,-8672.865901630119,20179.786005435813,-70.66555119543995,485,mvo_factor_neutral,1
2018-12-19,-16751.088915595585,21806.954517895214,1105.4289143615365,485,mvo_factor_neutral,1
2018-12-20,-8145.076031634631,23659.02429980493,1768.546789947266,484,mvo_factor_neutral,1
2018-12-21,58740.33975831406,23308.78043163659,2366.689000062014,484,mvo_factor_neutral,1
2018-12-24,-52354.26733342382,20000.000100864127,-500.0000003396932,484,mvo_factor_neutral,1
2018-12-26,-21444.745407465132,22120.830965184134,-975.2140077745865,484,mvo_factor_neutral,1
2018-12-27,21889.735652522126,21833.999243094502,-738.9552576445743,484,mvo_factor_neutral,1
2018-12-28,-9111.987336300817,21195.09412606477,-909.0949398327942,484,mvo_factor_neutral,1
2018-12-31,11710.797406094449,19161.173439461298,-1338.826785160255,484,mvo_factor_neutral,1
2019-01-02,13242.649741375986,18704.946045718214,-1112.561208183819,483,mvo_factor_neutral,1
2019-01-03,-2261.990331137609,18438.644947815374,-1126.7639207284537,483,mvo_factor_neutral,1
2019-01-04,-1815.3076810439309,18512.59683657927,-1231.831971135194,483,mvo_factor_neutral,1
2019-01-07,3902.5676075929387,19999.999893293923,-500.00000010551366,483,mvo_factor_neutral,1
2019-01-08,225.24197322305352,19594.132272167102,-572.9507357625392,483,mvo_factor_neutral,1
2019-01-09,-7621.580981290677,19021.729061170394,-442.80095986127105,483,mvo_factor_neutral,1
2019-01-10,5878.2076436489715,18513.85460007716,-364.1033908396871,475,mvo_factor_neutral,1
2019-01-11,1418.3017053458907,17939.46390607,-142.567879406664,475,mvo_factor_neutral,1
2019-01-14,3782.9488683717987,19999.999812062666,-500.0000005568195,475,mvo_factor_neutral,1
2019-01-15,12504.619821607215,19735.81602268555,-966.0003023265166,475,mvo_factor_neutral,1
2019-01-16,623.9323299964295,19732.5819667427,-933.9907050678668,475,mvo_factor_neutral,1
2019-01-17,2810.761606994873,18978.829330797536,-648.8194218992113,475,mvo_factor_neutral,1
2019-01-18,-7563.9043604939225,18982.270723169997,-1148.828699709272,475,mvo_factor_neutral,1
2019-01-22,-20789.78649459119,19999.999370762987,-499.999996635808,475,mvo_factor_neutral,1
2019-01-23,-10721.39468008992,20241.271618897994,-1085.3954330028782,475,mvo_factor_neutral,1
2019-01-24,-120919.89661978887,19369.46937095011,-683.98837509593,475,mvo_factor_neutral,1
2019-01-25,84585.13393305439,19129.875856467042,-713.1581572138948,475,mvo_factor_neutral,1
2019-01-28,7775.966775423892,19999.99777294857,-499.99995577236314,475,mvo_factor_neutral,1
2019-01-29,-62.410878040836664,19602.372899133614,-327.70548743503883,475,mvo_factor_neutral,1
2019-01-30,11170.227198074414,18809.974247165173,-405.8684565256505,475,mvo_factor_neutral,1
2019-01-31,7427.687324338302,17972.290611507957,-940.8777167815645,475,mvo_factor_neutral,1
2019-02-01,-4247.876006077754,18125.708452666087,-2015.6456972878439,475,mvo_factor_neutral,1
2019-02-04,1083.6990155537555,19999.99960677721,-499.99999098638904,475,mvo_factor_neutral,1
2019-02-05,1700.466250461527,20318.949796388068,192.01300876234438,475,mvo_factor_neutral,1
2019-02-06,2252.689371203383,20276.118395622492,-462.0733589184147,475,mvo_factor_neutral,1
2019-02-07,22565.258596019023,19662.81451663932,-1045.7803900437973,475,mvo_factor_neutral,1
2019-02-08,-24338.843073826672,19067.36062340519,-1619.0631852709923,475,mvo_factor_neutral,1
2019-02-11,30873.22967099371,19999.998210012054,335.033561388355,475,mvo_factor_neutral,1
2019-02-12,-15794.989972541516,18493.396513302396,-29.322218969014443,475,mvo_factor_neutral,1
2019-02-13,13438.15202989566,17720.38637684004,500.3844669450037,475,mvo_factor_neutral,1
2019-02-14,208.06255235453273,17708.166854202416,668.867507859185,475,mvo_factor_neutral,1
2019-02-15,-13253.507353555844,15786.227309138689,-860.7029881276881,475,mvo_factor_neutral,1
2019-02-19,3738.635505019378,19999.99850120549,499.99999911668186,476,mvo_factor_neutral,1
2019-02-20,3558.59234436748,20141.72305655631,667.1879647183434,476,mvo_factor_neutral,1
2019-02-21,-4577.321139732685,20340.19896431463,69.17462478858738,476,mvo_factor_neutral,1
2019-02-22,9809.837205945792,19414.30935754824,1163.5346818978337,476,mvo_factor_neutral,1
2019-02-25,-7719.16838660182,19999.999436290687,499.99999627376974,475,mvo_factor_neutral,1
2019-02-26,5238.343352122333,19799.19104528468,506.17961993556,475,mvo_factor_neutral,1
2019-02-27,-2117.7425487277274,19029.224582972198,139.19964790216383,475,mvo_factor_neutral,1
2019-02-28,11519.319462843663,18784.130249033497,-106.91384929490209,475,mvo_factor_neutral,1
2019-03-01,-8617.60493294392,18226.720054149042,-171.72339586613668,475,mvo_factor_neutral,1
2019-03-04,5017.1043130431535,19999.99932694905,499.99999793955527,475,mvo_factor_neutral,1
2019-03-05,-10506.871154177343,20156.987873258662,962.6024011302381,475,mvo_factor_neutral,1
2019-03-06,-1762.3382746823754,19397.285167311744,842.3335139745725,475,mvo_factor_neutral,1
2019-03-07,2096.3067920328444,19115.32499297416,1068.36685453045,475,mvo_factor_neutral,1
2019-03-08,8986.133756225376,19215.655756702476,1469.4505068608876,475,mvo_factor_neutral,1
2019-03-11,7051.241228692901,20000.000308265135,499.9999952214256,475,mvo_factor_neutral,1
2019-03-12,4534.027497496414,19344.06724143981,216.67288699021117,475,mvo_factor_neutral,1
2019-03-13,-715.9005277553161,19407.65406174504,301.29438614229986,475,mvo_factor_neutral,1
2019-03-14,5113.099237070046,18607.0282779819,268.96095707553263,475,mvo_factor_neutral,1
2019-03-15,7456.258598248785,18306.277032369693,128.8877404607029,475,mvo_factor_neutral,1
2019-03-18,12246.631098201653,20000.00005651943,225.22991293694554,475,mvo_factor_neutral,1
2019-03-19,4805.4739383249,20592.00425488944,1207.5512263560347,475,mvo_factor_neutral,1
2019-03-20,29437.61444518605,20198.93337832982,300.5366890525472,475,mvo_factor_neutral,1
2019-03-21,-23026.47422574038,19804.28027747063,-191.88270387004002,475,mvo_factor_neutral,1
2019-03-22,42820.158183357875,19725.580433690688,742.5553777678512,475,mvo_factor_neutral,1
2019-03-25,17807.965229420555,19999.995676831008,23.343371157487972,475,mvo_factor_neutral,1
2019-03-26,5296.22117121263,19422.63965408728,99.47261868749985,475,mvo_factor_neutral,1
2019-03-27,-1157.1577873521428,19448.3722452004,-504.9765990459464,474,mvo_factor_neutral,1
2019-03-28,-50051.68762894907,19453.11206332013,-1100.17923284184,474,mvo_factor_neutral,1
2019-03-29,23544.34238797219,36995.63704380692,7088.334801467565,474,mvo_factor_neutral,1
2019-04-01,22786.182686496533,19999.99960670111,499.9999998540398,474,mvo_factor_neutral,1
2019-04-02,-14772.03721230205,19489.247589337418,651.1880810305033,474,mvo_factor_neutral,1
2019-04-03,958.9660744274394,19014.28077295004,836.7416218786699,474,mvo_factor_neutral,1
2019-04-04,-3317.2029674585297,18683.840137906842,637.4913822829931,474,mvo_factor_neutral,1
2019-04-05,-7325.619575923339,18999.5896631546,-427.806916483659,474,mvo_factor_neutral,1
2019-04-08,10730.593891390288,19999.99950459289,499.9999989948559,474,mvo_factor_neutral,1
2019-04-09,-4968.347756013673,19940.553538340137,561.823512440359,474,mvo_factor_neutral,1
2019-04-10,1673.9953786162203,18973.80973271698,761.6814803050353,474,mvo_factor_neutral,1
2019-04-11,-2490.5721275192127,18538.17891279519,811.1039745309276,474,mvo_factor_neutral,1
2019-04-12,-3785.1529692519716,17581.78911925105,786.7114851153661,474,mvo_factor_neutral,1
2019-04-15,311.1321746816514,20000.000288015228,499.99999970767607,474,mvo_factor_neutral,1
2019-04-16,-198.15269558063142,20131.249342376617,-253.188711912995,474,mvo_factor_neutral,1
2019-04-17,4565.287067112459,19678.834861810526,-730.7985425530903,474,mvo_factor_neutral,1
2019-04-18,-7084.508251145753,19168.474871812658,-1022.4119790561871,474,mvo_factor_neutral,1
2019-04-22,16081.820957755725,19999.999110741308,499.99999507308155,474,mvo_factor_neutral,1
2019-04-23,-12260.701024596861,19923.75798642346,40.2763995058015,474,mvo_factor_neutral,1
2019-04-24,18733.31909731763,18876.307971876413,-335.51496470188096,474,mvo_factor_neutral,1
2019-04-25,-27715.51826856034,19178.457098133236,-1386.6795578660194,474,mvo_factor_neutral,1
2019-04-26,-10239.082214711168,18099.94310694206,-803.0196362890712,474,mvo_factor_neutral,1
2019-04-29,3991.235037348616,19999.99983078444,499.9999989949992,475,mvo_factor_neutral,1
2019-04-30,2863.679400508711,19478.17828043083,295.9595468567053,475,mvo_factor_neutral,1
2019-05-01,5710.505855373781,19159.49127123509,517.5824024143594,475,mvo_factor_neutral,1
2019-05-02,-11782.772298538846,18855.450968597936,654.2728856450161,475,mvo_factor_neutral,1
2019-05-03,-2781.5068361573726,18470.823013554967,415.7184132414093,475,mvo_factor_neutral,1
2019-05-06,-4033.4383901735855,19999.999372179842,500.00000017776546,475,mvo_factor_neutral,1
2019-05-07,2720.724411293879,20295.313252034815,423.7797509477555,475,mvo_factor_neutral,1
2019-05-08,13113.25683238459,19678.2242705937,-46.35913236743233,475,mvo_factor_neutral,1
2019-05-09,1797.9512441639479,19382.528832246368,-188.66311981275635,475,mvo_factor_neutral,1
2019-05-10,4487.224925464258,18979.778078180574,14.937831547751577,475,mvo_factor_neutral,1
2019-05-13,6771.555410574993,19999.99942143199,499.9999998361637,475,mvo_factor_neutral,1
2019-05-14,9048.927787613815,19613.242194625298,-178.50718680158576,475,mvo_factor_neutral,1
2019-05-15,-5033.976620891775,19005.195033828342,-747.8313693419123,475,mvo_factor_neutral,1
2019-05-16,20377.860349800198,18838.88050715598,-312.59853602552147,475,mvo_factor_neutral,1
2019-05-17,-3624.731627137681,19075.096548463942,96.6557791758146,475,mvo_factor_neutral,1
2019-05-20,-4509.610023911907,20000.000156686117,500.0000002089656,475,mvo_factor_neutral,1
2019-05-21,8841.445704169339,20034.49311453103,346.1179150953455,475,mvo_factor_neutral,1
2019-05-22,-6701.752225775386,19652.880860198624,871.7989931972704,475,mvo_factor_neutral,1
2019-05-23,18861.016922749954,19602.075261370104,1792.9229504866853,475,mvo_factor_neutral,1
2019-05-24,-21067.12005841427,18497.416648389342,1419.4780941148633,475,mvo_factor_neutral,1
2019-05-28,-12809.008744989278,20000.000304896428,500.000000001438,475,mvo_factor_neutral,1
2019-05-29,7308.050555267935,20482.643178603237,1245.4654143611026,475,mvo_factor_neutral,1
2019-05-30,-11698.468168342035,22553.216352158553,1077.1082145799428,475,mvo_factor_neutral,1
2019-05-31,-14632.778894685871,22493.43590296281,782.2160529756862,475,mvo_factor_neutral,1
2019-06-03,5417.789955446737,19999.999983177462,499.99999528968556,475,mvo_factor_neutral,1
2019-06-04,-2094.7249232699755,19735.635728016645,158.52385917876214,475,mvo_factor_neutral,1
2019-06-05,-3880.2276806040527,19254.511127392525,174.21040202198702,475,mvo_factor_neutral,1
2019-06-06,3347.6345081671298,18751.467257200173,-21.048315363997165,475,mvo_factor_neutral,1
2019-06-07,378.61158039722096,18232.540388815407,-101.17463972588428,475,mvo_factor_neutral,1
2019-06-10,6452.704380327602,19636.488212810687,554.5124283390554,475,mvo_factor_neutral,1
2019-06-11,2821.052784270324,18892.48155492008,227.02234182240528,474,mvo_factor_neutral,1
2019-06-12,718.203136881362,18565.10359304805,158.2912953091073,474,mvo_factor_neutral,1
2019-06-13,194.95117882503186,18019.26303752479,130.16637539613362,474,mvo_factor_neutral,1
2019-06-14,2195.8035224815208,17874.56790009417,282.45771075808784,474,mvo_factor_neutral,1
2019-06-17,2970.1161081608457,19999.999849646054,499.99985835330193,474,mvo_factor_neutral,1
2019-06-18,-10762.909008480628,19188.847592916776,259.01801063295454,474,mvo_factor_neutral,1
2019-06-19,7443.047749268839,18481.24784417602,359.7393287029062,474,mvo_factor_neutral,1
2019-06-20,1108.1705137945157,17754.963838514515,226.14836845080214,474,mvo_factor_neutral,1
2019-06-21,-2251.007793991066,19029.408407493524,2282.6619380320085,474,mvo_factor_neutral,1
2019-06-24,15365.52326912089,20000.000231354807,-292.71786456398485,474,mvo_factor_neutral,1
2019-06-25,6501.624551736002,20049.77437934627,-564.7187317944578,474,mvo_factor_neutral,1
2019-06-26,3382.9190231348434,19807.886745180745,-112.49184643223856,474,mvo_factor_neutral,1
2019-06-27,-1529.0527268234782,18740.15210544999,-24.240615974398654,474,mvo_factor_neutral,1
2019-06-28,-4472.434716106735,17899.683660211063,-323.90523001034273,474,mvo_factor_neutral,1
2019-07-01,-11845.800768274652,19999.999404116355,499.9999776094391,490,mvo_factor_neutral,1
2019-07-02,1507.69126278007,20039.411659593643,967.6759657880386,490,mvo_factor_neutral,1
2019-07-03,-1405.252153737642,19627.64762387169,1268.2055138630462,490,mvo_factor_neutral,1
2019-07-05,6310.3389926093105,19262.810148851917,1614.9583081150827,490,mvo_factor_neutral,1
2019-07-08,-20995.364172523907,19999.998858935196,499.9999984790937,491,mvo_factor_neutral,1
2019-07-09,-1022.5523261631928,19273.11091547277,99.4628904165702,491,mvo_factor_neutral,1
2019-07-10,-6353.062040934079,18681.4446113271,168.42129699205674,490,mvo_factor_neutral,1
2019-07-11,6045.273853107196,18675.675581120773,278.40389719261304,490,mvo_factor_neutral,1
2019-07-12,1167.1691146091873,18029.45036273074,380.52920910895074,490,mvo_factor_neutral,1
2019-07-15,-1126.295297240209,19999.99788031918,499.9999969767458,490,mvo_factor_neutral,1
2019-07-16,5235.117465329442,19337.308867228596,-112.71662427783367,490,mvo_factor_neutral,1
2019-07-17,-8964.068341735752,18498.058971928935,-316.6558241433443,489,mvo_factor_neutral,1
2019-07-18,953.9522297336483,17934.54831896102,10.742942301652668,489,mvo_factor_neutral,1
2019-07-19,1635.5962234133494,17400.521885970902,-146.8415847291313,489,mvo_factor_neutral,1
2019-07-22,-7529.002321549206,19999.997486111886,499.99999643083413,489,mvo_factor_neutral,1
2019-07-23,-18913.949226342782,19794.7353263676,-675.7756073345317,489,mvo_factor_neutral,1
2019-07-24,7413.268920178456,20030.05184268036,-26.1449594018867,489,mvo_factor_neutral,1
2019-07-25,-6955.101903018447,19710.543422418963,-192.33669953896012,489,mvo_factor_neutral,1
2019-07-26,7037.1556863549,19514.312851303213,-303.9473311977429,489,mvo_factor_neutral,1
2019-07-29,7936.227137858697,19999.99644732537,499.9999996501106,491,mvo_factor_neutral,1
2019-07-30,4358.300543460746,19268.351242342713,308.34517648836174,491,mvo_factor_neutral,1
2019-07-31,-1024.427825801649,18855.993826517002,287.49364193838164,491,mvo_factor_neutral,1
2019-08-01,-9324.529224197046,17713.53383276803,88.77660300336913,491,mvo_factor_neutral,1
2019-08-02,3924.8284184735912,17650.602830077518,-60.563606606226884,491,mvo_factor_neutral,1
2019-08-05,-1058.8632700840305,19999.999865624184,-411.3658973872636,491,mvo_factor_neutral,1
2019-08-06,8144.899241829245,20290.167530513296,-85.47125002956041,491,mvo_factor_neutral,1
2019-08-07,-8157.4447028699815,20370.463626426328,-132.05925310269288,491,mvo_factor_neutral,1
2019-08-08,3670.4535697128376,20906.395998106847,-550.8813686124425,491,mvo_factor_neutral,1
2019-08-09,-3201.7262537438696,20110.222678429385,-303.8838561297508,491,mvo_factor_neutral,1
2019-08-12,-1782.8813626075817,19999.99982866291,-499.9999600719258,491,mvo_factor_neutral,1
2019-08-13,-11210.839957305217,21015.957322050923,-476.63931818053726,491,mvo_factor_neutral,1
2019-08-14,-3457.081936647206,19795.544559470687,227.9342132037819,491,mvo_factor_neutral,1
2019-08-15,-62242.20304763382,20189.606322993706,844.5598558349373,491,mvo_factor_neutral,1
2019-08-16,15895.800657375892,20463.384858736277,308.02663738029946,491,mvo_factor_neutral,1
2019-08-19,-11808.901164298353,19999.9981691537,-181.23409796735345,490,mvo_factor_neutral,1
2019-08-20,1224.261663034786,19540.87675681317,-316.127142936401,490,mvo_factor_neutral,1
2019-08-21,1801.6388508927014,19670.905671632147,290.6005452394099,490,mvo_factor_neutral,1
2019-08-22,-17827.175700915137,19331.12139140932,54.75586343458664,490,mvo_factor_neutral,1
2019-08-23,-22481.521192411183,18832.981982077352,91.1048915860842,490,mvo_factor_neutral,1
2019-08-26,12974.235646293322,19999.999077188797,-499.9999862555136,490,mvo_factor_neutral,1
2019-08-27,2001.90382311379,19932.675188895646,-84.84772363545201,490,mvo_factor_neutral,1
2019-08-28,-10891.268498904337,19835.4643396282,-568.0215789786855,490,mvo_factor_neutral,1
2019-08-29,43072.89256340833,19805.61925715212,-696.9004185426102,490,mvo_factor_neutral,1
2019-08-30,-17850.211538405056,18975.400099835955,-902.4334001982093,490,mvo_factor_neutral,1
2019-09-03,-18918.657688373914,19275.381162176807,851.8776546030285,490,mvo_factor_neutral,1
2019-09-04,-6198.789701853376,18946.509045461764,964.6465818123953,462,mvo_factor_neutral,1
2019-09-05,-6511.594375464665,18254.41742845324,1172.598115121429,462,mvo_factor_neutral,1
2019-09-06,-1110.898737286802,18012.209614166462,918.4699999280185,462,mvo_factor_neutral,1
2019-09-09,-3308.393749713936,20000.000046262045,-338.33032591992,463,mvo_factor_neutral,1
2019-09-10,-20111.42377911685,20081.45140403303,-1848.6717182361244,463,mvo_factor_neutral,1
2019-09-11,-240.18577930389975,19281.33954147059,-1584.8191030019148,463,mvo_factor_neutral,1
2019-09-12,16105.649334430778,19816.33955898219,-1171.5818880739143,463,mvo_factor_neutral,1
2019-09-13,-24708.70236661774,19568.571645023843,-1997.861873472952,463,mvo_factor_neutral,1
2019-09-16,-28618.906142415424,19999.999987099905,-107.7034078609139,463,mvo_factor_neutral,1
2019-09-17,45639.928559070904,21550.171907783093,1149.354078891438,463,mvo_factor_neutral,1
2019-09-18,72583.65909133227,22483.668013392587,1962.8130223906942,463,mvo_factor_neutral,1
2019-09-19,-10271.26221953713,22228.308201305626,2321.1235030689973,463,mvo_factor_neutral,1
2019-09-20,-92193.54249625214,19528.07956285276,111.52091967549086,463,mvo_factor_neutral,1
2019-09-23,15547.081435823282,19999.999943112623,-499.9999991708661,463,mvo_factor_neutral,1
2019-09-24,-3722.312427463237,19926.664836948217,-149.34065720159094,463,mvo_factor_neutral,1
2019-09-25,14635.50912453396,18623.343901937154,817.1125984399757,463,mvo_factor_neutral,1
2019-09-26,-15532.208043541526,20866.70448434267,-961.5785489584637,462,mvo_factor_neutral,1
2019-09-27,-10466.396909051053,20953.489344663787,-1305.6558880320497,462,mvo_factor_neutral,1
2019-09-30,13193.734892963252,19999.99971903443,-499.9999997635744,462,mvo_factor_neutral,1
2019-10-01,-13529.644793817903,19661.789797013083,-218.51092604533247,462,mvo_factor_neutral,1
2019-10-02,-860.6043283850005,19222.462535058632,-153.39034726650476,462,mvo_factor_neutral,1
2019-10-03,1295.1767611620326,19017.81739668186,-347.1327878821164,462,mvo_factor_neutral,1
2019-10-04,3154.4768407432216,18808.43072865974,-412.4437852199418,462,mvo_factor_neutral,1
2019-10-07,1328.0457372756775,19999.999376691987,-499.9999983422937,462,mvo_factor_neutral,1
2019-10-08,-14061.795567804129,19350.400597586366,-265.2780779693968,462,mvo_factor_neutral,1
2019-10-09,15324.302657956485,19625.311355220383,-528.0865003030771,462,mvo_factor_neutral,1
2019-10-10,-11278.205448281968,19408.463388508168,-779.1357203425814,462,mvo_factor_neutral,1
2019-10-11,-5345.878252790993,19421.805751538952,-1068.2483220488064,462,mvo_factor_neutral,1
2019-10-14,13526.23435915495,19999.999510046022,-499.9999932193876,462,mvo_factor_neutral,1
2019-10-15,25999.6220733485,18975.20394094728,-190.1522577179557,462,mvo_factor_neutral,1
2019-10-16,-18405.883954535093,18964.70417661538,-839.0224613721243,462,mvo_factor_neutral,1
2019-10-17,-8396.988424194358,18300.882560902173,-1085.7102156669475,462,mvo_factor_neutral,1
2019-10-18,8134.074331293266,17721.04743364147,-935.5393231171953,462,mvo_factor_neutral,1
2019-10-21,7582.651404293369,19999.995686747177,-367.67445888764036,462,mvo_factor_neutral,1
2019-10-22,-3153.6123935819014,18880.58370696783,-121.11874260849,462,mvo_factor_neutral,1
2019-10-23,-5681.752293966982,18263.83185509189,-636.481322024549,462,mvo_factor_neutral,1
2019-10-24,8920.667059370366,17905.395431468998,-1424.2222743369443,462,mvo_factor_neutral,1
2019-10-25,-4207.459082546665,18298.931417299827,-2959.2853644473926,462,mvo_factor_neutral,1
2019-10-28,2503.1367073218225,20000.000276902374,499.99999847945253,462,mvo_factor_neutral,1
2019-10-29,17529.29756033638,19664.22301266497,418.7560944473602,462,mvo_factor_neutral,1
2019-10-30,-9377.210048691073,19104.657179742495,301.81511923377724,462,mvo_factor_neutral,1
2019-10-31,-25966.122515647843,17936.773268884026,1232.5902713728863,462,mvo_factor_neutral,1
2019-11-01,-9861.71728092553,18644.57633187304,297.08138968616294,462,mvo_factor_neutral,1
2019-11-04,-165.67118343962565,19999.999932609524,499.9999998196451,462,mvo_factor_neutral,1
2019-11-05,6484.083666259717,19492.64352860561,925.7149426582835,462,mvo_factor_neutral,1
2019-11-06,-22971.179214277337,19704.411102814935,640.3100310026847,462,mvo_factor_neutral,1
2019-11-07,26164.3858805146,18844.123781683444,1275.0583249716062,462,mvo_factor_neutral,1
2019-11-08,-16210.15895051557,18245.950886959756,1060.7722366675057,462,mvo_factor_neutral,1
2019-11-11,-883.17838405852,20000.000053123014,499.99999988938066,462,mvo_factor_neutral,1
2019-11-12,-2444.6629070581766,20374.177944089985,-495.00627881190206,462,mvo_factor_neutral,1
2019-11-13,14549.702274834443,20272.17347445182,-729.1900323156037,462,mvo_factor_neutral,1
2019-11-14,10066.64838710584,19887.754398940957,-559.7030585951633,462,mvo_factor_neutral,1
2019-11-15,-15579.784906918327,19055.78312041463,-796.2437566176593,462,mvo_factor_neutral,1
2019-11-18,1265.7885015151853,20000.000120560253,500.00000002498405,462,mvo_factor_neutral,1
2019-11-19,-29850.142537012034,20894.16982356978,534.405311380149,462,mvo_factor_neutral,1
2019-11-20,-6957.786843126511,20228.88391265204,377.2291980134283,462,mvo_factor_neutral,1
2019-11-21,6722.0577022598245,19859.62949863138,191.74892030422188,462,mvo_factor_neutral,1
2019-11-22,-5502.733572146411,19034.288793314376,137.01560343172858,462,mvo_factor_neutral,1
2019-11-25,5519.147643166568,19999.999669798297,499.99999983215787,463,mvo_factor_neutral,1
2019-11-26,3982.3033481026027,19865.99120202327,583.0812106959011,463,mvo_factor_neutral,1
2019-11-27,13760.866055111113,21680.421052970978,3160.336047265451,463,mvo_factor_neutral,1
2019-11-29,1575.4393462202584,20784.30155300855,2940.3526990582486,463,mvo_factor_neutral,1
2019-12-02,4411.79094807439,20000.00012448268,500.0000002166959,462,mvo_factor_neutral,1
2019-12-03,-3362.9225188383007,19425.97777522814,564.5306321878573,462,mvo_factor_neutral,1
2019-12-04,-7339.173310258486,19376.909253204285,389.4403263257323,462,mvo_factor_neutral,1
2019-12-05,5665.009123677411,18849.52335980423,500.8107842708036,462,mvo_factor_neutral,1
2019-12-06,403.069004080037,18700.867409675786,402.66364323775485,462,mvo_factor_neutral,1
2019-12-09,-8555.29480528507,19999.999901868847,499.99999710943047,462,mvo_factor_neutral,1
2019-12-10,473.82412609409465,19292.974912129597,81.35237264488514,462,mvo_factor_neutral,1
2019-12-11,6961.059320545737,19354.208150053808,-23.283413362957354,462,mvo_factor_neutral,1
2019-12-12,-1358.8100270971229,18279.763919953195,-698.6397263154188,462,mvo_factor_neutral,1
2019-12-13,20.324421571261652,18175.21441887691,-217.106148694885,461,mvo_factor_neutral,1
2019-12-16,-7797.256154100513,19999.99990214446,499.99999900760207,461,mvo_factor_neutral,1
2019-12-17,6985.175797787231,19767.34865864336,623.476697894939,460,mvo_factor_neutral,1
2019-12-18,5992.764421466811,18491.029576185756,17.659945023685914,460,mvo_factor_neutral,1
2019-12-19,1755.6946768223738,17829.034640169466,20.448003728692036,460,mvo_factor_neutral,1
2019-12-20,904.6157111016771,16757.47661040847,-675.2263943948038,460,mvo_factor_neutral,1
2019-12-23,1503.3223732515812,19999.99888044353,499.9999999836108,460,mvo_factor_neutral,1
2019-12-24,-7894.918228254417,20071.922169575293,296.54142228110726,460,mvo_factor_neutral,1
2019-12-26,-1616.3203205068448,18629.660943758176,147.59450354018776,460,mvo_factor_neutral,1
2019-12-27,19645.02355365208,18481.460131268752,301.15690304648604,460,mvo_factor_neutral,1
2019-12-30,-4586.541552655875,19999.999910697486,499.99999821067036,460,mvo_factor_neutral,1
2019-12-31,4316.96844731102,19714.773369040715,484.7459080500654,460,mvo_factor_neutral,1
2020-01-02,6573.633994712101,19353.422736294433,569.7920777963051,460,mvo_factor_neutral,1
2020-01-03,2776.795261115453,19084.260604850766,435.37189692645927,460,mvo_factor_neutral,1
2020-01-06,-5857.612444787842,19999.999707060746,477.3543569771683,460,mvo_factor_neutral,1
2020-01-07,-20033.023431322905,20137.21142521389,568.2642082553937,460,mvo_factor_neutral,1
2020-01-08,1550.8365246806961,19813.378451278473,345.63411876544046,460,mvo_factor_neutral,1
2020-01-09,-2360.1048237344257,18056.190901275255,1832.9824023086012,460,mvo_factor_neutral,1
2020-01-10,-1295.6651617054306,17614.785400445533,1667.033907871495,451,mvo_factor_neutral,1
2020-01-13,10246.000091614324,19999.999590564803,499.9999995364301,451,mvo_factor_neutral,1
2020-01-14,20282.289569927816,19588.395583707614,546.4049913678626,451,mvo_factor_neutral,1
2020-01-15,-729.409794122241,19041.833918160617,342.8802373028154,451,mvo_factor_neutral,1
2020-01-16,18520.425860333064,18702.34361263677,1206.4303511825722,451,mvo_factor_neutral,1
2020-01-17,-4519.6830119930555,18344.14277856171,1033.159010679336,451,mvo_factor_neutral,1
2020-01-21,6633.078911147022,19999.99817132367,500.00000072479867,451,mvo_factor_neutral,1
2020-01-22,-10050.037923626938,19346.445766036184,-68.62607055585109,451,mvo_factor_neutral,1
2020-01-23,-17884.374270560766,19137.25319104937,-551.5143143133316,451,mvo_factor_neutral,1
2020-01-24,17453.106232519895,18824.057050190426,-210.57721517184712,451,mvo_factor_neutral,1
2020-01-27,23765.062436351353,19999.99950298018,-435.7217237784092,451,mvo_factor_neutral,1
2020-01-28,-16889.79374679427,18993.667572748,-362.95316571470937,451,mvo_factor_neutral,1
2020-01-29,-2775.0760732959843,18559.8978700736,-224.74923721998445,451,mvo_factor_neutral,1
2020-01-30,14994.00489167355,17237.208524242677,699.7196298665664,451,mvo_factor_neutral,1
2020-01-31,-2386.116190841775,17927.016883302083,-678.2250822821015,451,mvo_factor_neutral,1
2020-02-03,3851.1786363872884,19999.998894678218,-499.9999971155736,451,mvo_factor_neutral,1
2020-02-04,2743.2575624315186,19801.52835761109,-144.57059332637834,451,mvo_factor_neutral,1
2020-02-05,-14536.387384236685,18965.67343518183,-522.8401675592314,451,mvo_factor_neutral,1
2020-02-06,6350.080564680525,18522.5719026535,-728.9373634392047,451,mvo_factor_neutral,1
2020-02-07,33790.41015233316,18602.955723482737,-609.7794938217274,451,mvo_factor_neutral,1
2020-02-10,-6094.671004623689,19999.998062335915,499.99977705239274,451,mvo_factor_neutral,1
2020-02-11,5042.066879294072,19484.901790944168,303.47436083249636,451,mvo_factor_neutral,1
2020-02-12,1854.477505797933,19083.936144427284,819.3748760892661,451,mvo_factor_neutral,1
2020-02-13,16616.2195233765,19430.643116770058,1863.9401745721673,451,mvo_factor_neutral,1
2020-02-14,-9050.736910129204,17819.31035927918,1456.8561235552124,451,mvo_factor_neutral,1
2020-02-18,580.4973876470468,19999.999999731055,499.9999998559599,451,mvo_factor_neutral,1
2020-02-19,8855.356478303822,19586.203291929152,103.05976246569679,451,mvo_factor_neutral,1
2020-02-20,-1156.9890516616215,20201.757515902325,941.160025227425,451,mvo_factor_neutral,1
2020-02-21,-9329.556948489495,19862.966676366144,1261.9101311394566,451,mvo_factor_neutral,1
2020-02-24,-14505.685889162343,19999.999057814923,-499.99999289710763,451,mvo_factor_neutral,1
2020-02-25,-26958.47781504532,21488.975119504732,-1806.6249054208058,451,mvo_factor_neutral,1
2020-02-26,-54614.9710655091,20219.808655319986,-1834.5949906353908,451,mvo_factor_neutral,1
2020-02-27,-3886.543204100362,20777.658332931915,-2289.4705434744287,451,mvo_factor_neutral,1
2020-02-28,-18448.214049872207,21501.1774145131,-2386.483270789236,450,mvo_factor_neutral,1
2020-03-02,38929.09012745526,19999.999103830825,-500.0000030277825,451,mvo_factor_neutral,1
2020-03-03,4490.0868290049975,19668.83322811233,-320.5397024064458,451,mvo_factor_neutral,1
2020-03-04,28762.583402767905,19266.98171941328,-585.9102028975739,451,mvo_factor_neutral,1
2020-03-05,-42336.88705212943,18796.408819847322,60.06760675584097,451,mvo_factor_neutral,1
2020-03-06,-59111.039393770014,18639.416847477238,185.45716173149452,450,mvo_factor_neutral,1
2020-03-09,25993.61280649322,19999.9999803528,-500.00000190593227,450,mvo_factor_neutral,1
2020-03-10,-22518.808547666005,20428.26965458239,-530.980778590037,450,mvo_factor_neutral,1
2020-03-11,-37813.24033225275,19218.163356751655,-588.75892807221,450,mvo_factor_neutral,1
2020-03-12,-46605.3874228175,18116.75285393937,-671.1818958867678,450,mvo_factor_neutral,1
2020-03-13,-2882.446978652616,18456.669955520367,-497.3575842528685,450,mvo_factor_neutral,1
2020-03-16,-2217.3299687851295,19688.649320421686,-188.64889028677845,476,mvo_factor_neutral,1
2020-03-17,50111.44023982313,19832.718626561033,68.44449602454036,475,mvo_factor_neutral,1
2020-03-18,-33443.624983327114,19192.63437714731,360.90674325626685,473,mvo_factor_neutral,1
2020-03-19,-42031.06749372193,18504.106544252463,149.08691001562474,472,mvo_factor_neutral,1
2020-03-20,32417.29479441387,17914.549092145673,302.8346694639437,472,mvo_factor_neutral,1
2020-03-23,32067.88322429641,20000.000979873967,-499.9999998569913,475,mvo_factor_neutral,1
2020-03-24,-35177.65726599473,21267.16482576244,-2072.623361743817,474,mvo_factor_neutral,1
2020-03-25,-89949.23762549493,22602.05155328149,-2657.2823590559624,473,mvo_factor_neutral,1
2020-03-26,92641.79223257276,23400.72800376556,-2428.928298844875,473,mvo_factor_neutral,1
2020-03-27,-18929.7985049391,23171.716799846687,-1969.6678172333357,473,mvo_factor_neutral,1
2020-03-30,108962.60242437187,20000.000787945348,-499.9999998595051,475,mvo_factor_neutral,1
2020-03-31,27437.797892012662,19623.5231648225,182.05484392041157,474,mvo_factor_neutral,1
2020-04-01,-24708.359081866907,18773.126470210187,593.5995723537069,473,mvo_factor_neutral,1
2020-04-02,-7445.747896198938,18698.400445265142,861.0392525640073,473,mvo_factor_neutral,1
2020-04-03,-14647.802680616913,18887.68837294038,1086.2517354807428,472,mvo_factor_neutral,1
2020-04-06,26141.090491655206,20000.000563108115,-499.99999982689167,475,mvo_factor_neutral,1
2020-04-07,23149.968685266078,20875.259666788235,-336.0123021200727,474,mvo_factor_neutral,1
2020-04-08,-21131.45571351244,22874.629098819343,-1727.1967029720502,474,mvo_factor_neutral,1
2020-04-09,-31636.026309311146,23633.84976269598,-2282.826330489708,474,mvo_factor_neutral,1
2020-04-13,13115.014390699112,19093.379841866867,-1406.6206919049298,477,mvo_factor_neutral,1
2020-04-14,40503.28539491659,19810.627182446486,-1011.404462668344,476,mvo_factor_neutral,1
2020-04-15,10827.195971546133,19209.24138404049,-512.0637625174141,476,mvo_factor_neutral,1
2020-04-16,-10746.396276374178,19891.80756918876,1661.810860332195,475,mvo_factor_neutral,1
2020-04-17,-22339.414765516984,19922.3842067828,1148.877097508552,474,mvo_factor_neutral,1
2020-04-20,25083.98688326714,20000.000327431386,-499.99999996889915,475,mvo_factor_neutral,1
2020-04-21,22343.11484787062,19607.259445344163,-335.95617050350387,475,mvo_factor_neutral,1
2020-04-22,20953.298241969205,19138.197273746096,-739.9702083820581,474,mvo_factor_neutral,1
2020-04-23,-14042.86671868609,19225.63118392561,-1234.8857085359732,474,mvo_factor_neutral,1
2020-04-24,32885.16395284344,18796.550515313065,-1332.5876806297445,474,mvo_factor_neutral,1
2020-04-27,-16634.13242493611,19999.99960896035,-499.9999994193077,476,mvo_factor_neutral,1
2020-04-28,-9519.6903807191,19863.152736330067,-877.339480039632,476,mvo_factor_neutral,1
2020-04-29,-41507.04906200851,20040.85991907441,-1324.8661581287918,476,mvo_factor_neutral,1
2020-04-30,-7323.507673201921,19955.35033593457,-1446.134566599254,476,mvo_factor_neutral,1
2020-05-01,-1319.8745678398534,19036.020000329805,-1169.6505291891915,476,mvo_factor_neutral,1
2020-05-04,2417.7012413345446,20000.000151776672,-499.9999993157111,476,mvo_factor_neutral,1
2020-05-05,13314.056459178266,19522.057736161183,-462.1475244533237,476,mvo_factor_neutral,1
2020-05-06,-2884.70429398355,18651.33955951254,-592.3718679778594,476,mvo_factor_neutral,1
2020-05-07,-807.3900857896556,19104.27686034228,-777.9857873662828,476,mvo_factor_neutral,1
2020-05-08,25580.92029933821,19260.285857260424,-936.7663320974643,476,mvo_factor_neutral,1
2020-05-11,12508.195385541732,20000.000655378437,-499.9999992044794,477,mvo_factor_neutral,1
2020-05-12,16470.936652752855,19104.354056872522,-94.84216683056466,477,mvo_factor_neutral,1
2020-05-13,-17626.809911827986,19064.097396981917,-34.410382322503615,477,mvo_factor_neutral,1
2020-05-14,-11715.560444549395,19075.99915390453,-201.2607419682678,476,mvo_factor_neutral,1
2020-05-15,17225.180496823352,18339.77757691725,-516.9254757448168,476,mvo_factor_neutral,1
2020-05-18,-62396.62737759243,19493.612311775898,-1006.3875417657408,477,mvo_factor_neutral,1
2020-05-19,39599.504091518414,18773.732911487998,-1148.4923333361855,476,mvo_factor_neutral,1
2020-05-20,4282.685501102651,18549.65415627799,-1238.5606166333184,476,mvo_factor_neutral,1
2020-05-21,-6243.731919424078,18804.208373914447,-2152.343065445455,476,mvo_factor_neutral,1
2020-05-22,10968.894226213906,18571.592671786282,-2095.7798818241777,476,mvo_factor_neutral,1
2020-05-26,-31081.50663619932,20000.000227385095,-499.9999995869471,476,mvo_factor_neutral,1
2020-05-27,-24457.246639634628,22211.046006675828,-2033.686760845635,476,mvo_factor_neutral,1
2020-05-28,-3602.553188519007,22083.221777540395,-2037.2484072514897,476,mvo_factor_neutral,1
2020-05-29,4243.593317565609,21011.814503689864,-2336.100534805624,476,mvo_factor_neutral,1
2020-06-01,7853.584701622835,19999.999851313525,-499.9999988915483,476,mvo_factor_neutral,1
2020-06-02,1499.8511459844592,19950.235165667615,-851.6746419662381,476,mvo_factor_neutral,1
2020-06-03,-26213.942727366353,19720.807125345105,-1534.6872593356268,476,mvo_factor_neutral,1
2020-06-04,-67118.09365130636,19622.8194658404,-2183.055121594289,476,mvo_factor_neutral,1
2020-06-05,-90998.55097349273,20773.168424867115,-4154.520154574204,476,mvo_factor_neutral,1
2020-06-08,-60283.61875401224,20000.000431070337,-499.99999881258253,478,mvo_factor_neutral,1
2020-06-09,-14784.324903301138,20356.736291981717,-96.6388658418765,478,mvo_factor_neutral,1
2020-06-10,-2075.828205928789,19890.85162934192,683.7310305773664,478,mvo_factor_neutral,1
2020-06-11,2144.7579272326334,19297.819764060056,1636.8021395627482,478,mvo_factor_neutral,1
2020-06-12,-36688.0732415859,18988.365943985984,1634.8970913917142,477,mvo_factor_neutral,1
2020-06-15,13400.504522594889,19999.99988219253,-499.99999961449515,477,mvo_factor_neutral,1
2020-06-16,-199.36338796887466,19734.238571499176,-583.2033296589714,477,mvo_factor_neutral,1
2020-06-17,13850.986625704507,19348.044233378852,-511.21608167144046,477,mvo_factor_neutral,1
2020-06-18,18879.49710936349,18809.963153337812,-707.8003660684326,477,mvo_factor_neutral,1
2020-06-19,437.8556080300962,18221.582960722353,-727.0209953491526,477,mvo_factor_neutral,1
2020-06-22,35262.83392862382,19999.998579625884,-499.9999994869983,478,mvo_factor_neutral,1
2020-06-23,25760.39397413658,19438.583618070763,-689.1254537603904,478,mvo_factor_neutral,1
2020-06-24,-20659.311334229766,18986.38510846933,-555.7905501214858,478,mvo_factor_neutral,1
2020-06-25,8229.481287507479,18583.59997198613,-728.4875550854567,478,mvo_factor_neutral,1
2020-06-26,-30533.045366504615,17939.683681373972,-1331.125067268647,478,mvo_factor_neutral,1
2020-06-29,11342.268205022658,20000.000517798733,-499.99999866203956,491,mvo_factor_neutral,1
2020-06-30,17559.048998552254,19600.25987984585,-304.812245273023,489,mvo_factor_neutral,1
2020-07-01,-2265.755374410883,19250.233232628394,-267.01000939181324,489,mvo_factor_neutral,1
2020-07-02,21547.29049909625,18854.319763510877,-215.41129418463868,489,mvo_factor_neutral,1
2020-07-06,3313.2354422535277,20000.000190380288,-499.99998328840627,491,mvo_factor_neutral,1
2020-07-07,23913.148870055662,19644.31272232745,-299.51381355162516,491,mvo_factor_neutral,1
2020-07-08,-8285.826539294527,19238.083475197065,-492.0928089669287,491,mvo_factor_neutral,1
2020-07-09,-15106.798374221498,18652.217845771058,-362.2667490537525,491,mvo_factor_neutral,1
2020-07-10,7156.0545154871315,18785.171362005327,-400.89183656709884,490,mvo_factor_neutral,1
2020-07-13,-25823.860387447367,19999.999865465896,-499.9999994380429,491,mvo_factor_neutral,1
2020-07-14,38290.81699136227,19450.141298583174,-741.4140123279942,491,mvo_factor_neutral,1
2020-07-15,-44197.30721215644,19437.392145190883,-1090.730064756536,491,mvo_factor_neutral,1
2020-07-16,26992.75810039395,19106.102982574135,-1092.3915416259347,491,mvo_factor_neutral,1
2020-07-17,18740.85356439345,18457.184987391945,-1327.8873552644482,491,mvo_factor_neutral,1
2020-07-20,13058.687612325348,19999.999459970295,-499.9999982373409,493,mvo_factor_neutral,1
2020-07-21,219.07625615250132,19611.682061784617,-511.95584866024024,493,mvo_factor_neutral,1
2020-07-22,22657.69279505147,19058.795800759075,-915.5801371290679,493,mvo_factor_neutral,1
2020-07-23,31856.123033195297,18949.33289989749,-721.8736127092909,493,mvo_factor_neutral,1
2020-07-24,8977.234098057104,18763.205377465343,-555.9144801525156,493,mvo_factor_neutral,1
2020-07-27,24790.558179398275,19999.999036662226,-335.06153169673615,493,mvo_factor_neutral,1
2020-07-28,2504.680693500517,19731.37268889547,-133.73689064761982,493,mvo_factor_neutral,1
2020-07-29,10060.432522623822,18294.914964200947,-982.1367500207713,493,mvo_factor_neutral,1
2020-07-30,-9575.812368348783,18151.161192143903,-1249.0113111218304,493,mvo_factor_neutral,1
2020-07-31,19866.28658673189,17412.48961211863,-1433.1032690864283,493,mvo_factor_neutral,1
2020-08-03,9199.50576658216,19999.990806265792,-13.837485752904822,493,mvo_factor_neutral,1
2020-08-04,-453.203077509623,19702.954532688826,-192.00906753680556,492,mvo_factor_neutral,1
2020-08-05,148.69146002517274,19513.88749218176,-347.11192718234014,492,mvo_factor_neutral,1
2020-08-06,4809.341444983557,19277.90122168724,-422.8431751741068,492,mvo_factor_neutral,1
2020-08-07,10198.397577661379,19002.64132110445,-410.4994546836555,492,mvo_factor_neutral,1
2020-08-10,-14570.479297074295,20000.000033984084,499.9999986547304,494,mvo_factor_neutral,1
2020-08-11,18060.176406915252,19457.206078563457,46.53571780448277,494,mvo_factor_neutral,1
2020-08-12,-23325.005981032504,19428.74337822846,428.2953113091896,494,mvo_factor_neutral,1
2020-08-13,15918.872667053025,20494.439376467704,1314.3112900892988,494,mvo_factor_neutral,1
2020-08-14,-7659.255026230328,19283.111122587074,295.5122632743866,494,mvo_factor_neutral,1
2020-08-17,33534.99296887454,19746.224383961857,466.88157397714053,494,mvo_factor_neutral,1
2020-08-18,3704.6182884566238,19379.07976311542,238.65020299265922,494,mvo_factor_neutral,1
2020-08-19,20929.169135919332,19037.583900222045,253.48787116608491,494,mvo_factor_neutral,1
2020-08-20,-14682.836698315603,18430.857012166234,182.90445167411931,494,mvo_factor_neutral,1
2020-08-21,17761.51692961121,18009.33938085935,377.9326366452946,494,mvo_factor_neutral,1
2020-08-24,-18787.638911560512,19999.99901769578,499.9999990666193,495,mvo_factor_neutral,1
2020-08-25,10009.117898648059,19419.509087823153,387.2628479239089,495,mvo_factor_neutral,1
2020-08-26,5572.058705031801,18970.462478730227,-16.43047982190647,494,mvo_factor_neutral,1
2020-08-27,7539.537682877215,18561.721192873956,138.14299273158758,494,mvo_factor_neutral,1
2020-08-28,-3675.837093189604,18639.75407833873,7.921587177856543,494,mvo_factor_neutral,1
2020-08-31,12931.614400239829,19999.98441371016,379.394624592496,494,mvo_factor_neutral,1
2020-09-01,1481.5147049004197,19486.079578610672,380.7661198998339,493,mvo_factor_neutral,1
2020-09-02,12383.300411192866,19294.30552091575,97.07082686612219,493,mvo_factor_neutral,1
2020-09-03,28925.76738257785,19056.401517598373,293.3603854742507,493,mvo_factor_neutral,1
2020-09-04,-11255.882053970065,18998.554844855757,635.6245280972811,493,mvo_factor_neutral,1
2020-09-08,6998.011056906349,19999.99599963106,-499.99999586397945,494,mvo_factor_neutral,1
2020-09-09,17058.20384931868,19909.167047908297,-189.81072122620293,494,mvo_factor_neutral,1
2020-09-10,12036.095987640698,18922.396190471864,-528.0262115628535,494,mvo_factor_neutral,1
2020-09-11,9393.389546798273,18502.959739652775,-401.5805603268696,494,mvo_factor_neutral,1
2020-09-14,-6033.899136946559,19999.99976407537,-499.99995306221746,495,mvo_factor_neutral,1
2020-09-15,8305.95762298917,19612.773229693834,-390.98994824879594,495,mvo_factor_neutral,1
2020-09-16,-9499.657341267912,19704.10529930109,-649.948802561854,495,mvo_factor_neutral,1
2020-09-17,-1433.1900027383429,19125.084707847178,-812.4948008202573,494,mvo_factor_neutral,1
2020-09-18,16263.23177115841,18417.240276185723,-1033.2931478870078,494,mvo_factor_neutral,1
2020-09-21,-24845.133303068746,19999.98873406949,-499.99996723536316,495,mvo_factor_neutral,1
2020-09-22,2402.707695897619,20399.064013105806,-557.0865745231971,495,mvo_factor_neutral,1
2020-09-23,11489.763386828625,18477.27891129623,-1150.8942753282272,495,mvo_factor_neutral,1
2020-09-24,-4230.529648177076,18512.38567526866,-880.5068109989485,494,mvo_factor_neutral,1
2020-09-25,-1426.3926859513733,19169.599118882918,-653.4912766452237,494,mvo_factor_neutral,1
2020-09-28,5736.759373248153,19999.999006773418,-499.9999470189965,496,mvo_factor_neutral,1
2020-09-29,-2841.4558285831017,19640.166932282744,-380.4672598716234,496,mvo_factor_neutral,1
2020-09-30,4561.009097223961,19498.761389626703,-381.89928391302294,496,mvo_factor_neutral,1
2020-10-01,-4700.093022339985,19351.832975641108,-410.6118443406326,496,mvo_factor_neutral,1
2020-10-02,-757.3947148622045,19169.74682994939,-507.1796996770207,496,mvo_factor_neutral,1
2020-10-05,15647.06260079809,20000.00030673999,-499.9999991123019,498,mvo_factor_neutral,1
2020-10-06,2358.641117325902,19683.72001316793,-541.7047591543652,498,mvo_factor_neutral,1
2020-10-07,-7263.899201672327,19224.134095988913,-600.5085642363139,498,mvo_factor_neutral,1
2020-10-08,-2721.4679968124774,18729.633463470702,-787.9539574851157,498,mvo_factor_neutral,1
2020-10-09,1699.697847983604,18325.76522068136,-938.8107450517516,498,mvo_factor_neutral,1
2020-10-12,14764.49334053227,19999.996166406774,-476.4962861298284,497,mvo_factor_neutral,1
2020-10-13,769.5568028626031,19935.149280319438,-396.1384108242767,497,mvo_factor_neutral,1
2020-10-14,7860.603136014436,19766.760753954182,-502.3980600298675,497,mvo_factor_neutral,1
2020-10-15,5809.059557093242,19232.719729426517,-331.0632159520528,497,mvo_factor_neutral,1
2020-10-16,10842.489589189074,18716.175708310242,-680.2532166331821,497,mvo_factor_neutral,1
2020-10-19,2004.8711289869357,19999.996548797593,-201.63836279260713,497,mvo_factor_neutral,1
2020-10-20,-6033.925179039768,19661.37137761047,-718.2394114840553,497,mvo_factor_neutral,1
2020-10-21,1171.432236300623,19435.847428003515,-701.0962298141341,497,mvo_factor_neutral,1
2020-10-22,-680.7225296739592,19475.2068897738,-1454.3246205733924,497,mvo_factor_neutral,1
2020-10-23,1513.6589974167996,18278.990887922646,-2637.1640924351404,497,mvo_factor_neutral,1
2020-10-26,-19143.502868999673,19999.933729696877,-499.9999963484296,497,mvo_factor_neutral,1
2020-10-27,142808.70038179142,20121.813161021357,-1290.8088929412806,497,mvo_factor_neutral,1
2020-10-28,-1163.3529074005946,20297.95771483596,-1101.440988056953,497,mvo_factor_neutral,1
2020-10-29,-13392.012738656367,19415.391850068674,-1504.7628874812603,497,mvo_factor_neutral,1
2020-10-30,-21676.0558677149,18534.40507088952,-2088.9759495980225,497,mvo_factor_neutral,1
2020-11-02,12192.739910158523,19999.9990213294,-499.99999788371593,496,mvo_factor_neutral,1
2020-11-03,6887.205199391757,19779.542911346598,-497.6170080664211,495,mvo_factor_neutral,1
2020-11-04,-49714.952863915365,19614.785546961986,-841.3105786967685,495,mvo_factor_neutral,1
2020-11-05,-7155.242746144948,18860.97651027299,-1125.5583084982368,495,mvo_factor_neutral,1
2020-11-06,-623.9294169250654,19066.058951015388,-736.8192355795456,495,mvo_factor_neutral,1
2020-11-09,-73044.17407035879,19999.977884212138,499.99998763872253,496,mvo_factor_neutral,1
2020-11-10,-16521.585470698938,20200.64579687756,90.57226889568223,496,mvo_factor_neutral,1
2020-11-11,20040.944619889524,19585.471385540768,-405.9900441591993,496,mvo_factor_neutral,1
2020-11-12,-1590.3688026338698,19485.06527258999,39.729273087995516,496,mvo_factor_neutral,1
2020-11-13,-11619.613247325055,18980.257555439377,-330.2401434440161,496,mvo_factor_neutral,1
2020-11-16,-1775.5986645448954,19999.993261119616,499.99999827969515,497,mvo_factor_neutral,1
2020-11-17,-842.5541640164098,20744.5010706042,1123.7120738105048,497,mvo_factor_neutral,1
2020-11-18,-1201.0871577817804,20795.984293706828,1165.730100776526,497,mvo_factor_neutral,1
2020-11-19,5690.173889217838,20340.58327472838,1056.7171711063102,497,mvo_factor_neutral,1
2020-11-20,274.0376218423682,20532.96490468673,1402.5848802414055,497,mvo_factor_neutral,1
2020-11-23,-12111.142823855269,19999.984459180534,499.9999976676898,497,mvo_factor_neutral,1
2020-11-24,-1204.8722099624686,19805.95225094549,178.33407806932573,497,mvo_factor_neutral,1
2020-11-25,-500.4628331912104,19934.524240345752,-65.5902112412976,497,mvo_factor_neutral,1
2020-11-27,3558.2551163913877,19848.418742268153,297.79552195225074,497,mvo_factor_neutral,1
2020-11-30,-4299.757012489944,19981.722106799847,499.9999988708143,497,mvo_factor_neutral,1
2020-12-01,5971.9923798732125,19574.63148477263,269.9797670949831,497,mvo_factor_neutral,1
2020-12-02,-15887.51341923215,19899.772273848746,858.4334458615255,497,mvo_factor_neutral,1
2020-12-03,-3733.5225175212563,19683.41432858655,502.4571893679925,497,mvo_factor_neutral,1
2020-12-04,2714.214981853052,19043.245746865377,180.1870015953681,497,mvo_factor_neutral,1
2020-12-07,1058.1666268703998,19999.99771604772,499.99999893164266,497,mvo_factor_neutral,1
2020-12-08,3331.7693630966196,19791.57899758433,-265.60798798363805,497,mvo_factor_neutral,1
2020-12-09,-5498.047841998999,19832.88877376229,188.4717896273184,497,mvo_factor_neutral,1
2020-12-10,4162.503104587488,20286.79508905769,854.854758869716,497,mvo_factor_neutral,1
2020-12-11,3064.9183318966047,19985.137621856637,821.215210207194,497,mvo_factor_neutral,1
2020-12-14,9440.85527226009,19999.996636637083,499.99999740925534,497,mvo_factor_neutral,1
2020-12-15,4905.400708904002,19899.34006584164,1478.8540392753414,497,mvo_factor_neutral,1
2020-12-16,1038.989950258477,19353.72271061599,1175.0063465400456,497,mvo_factor_neutral,1
2020-12-17,3767.728528182138,18809.5430804723,1049.0228504522622,497,mvo_factor_neutral,1
2020-12-18,36683.27802626065,18283.3480202466,1191.5486730568246,497,mvo_factor_neutral,1
2020-12-21,-30104.73790446996,19999.99799061988,499.999999842886,497,mvo_factor_neutral,1
2020-12-22,1201.8153060553755,20617.36615043847,1271.3987466426515,497,mvo_factor_neutral,1
2020-12-23,3409.660775731242,19930.704928851395,756.3467182912385,497,mvo_factor_neutral,1
2020-12-24,9721.886090398268,18739.442390932243,371.8445537662197,497,mvo_factor_neutral,1
2020-12-28,8455.161708664129,19999.98681379211,499.99999907441054,497,mvo_factor_neutral,1
2020-12-29,4847.140905367069,19832.634537136004,631.2336451104086,497,mvo_factor_neutral,1
2020-12-30,814.8880734327041,19553.344021610785,466.8487591919739,497,mvo_factor_neutral,1
2020-12-31,9985.778195037656,19211.364619449894,327.0730991556356,497,mvo_factor_neutral,1
2021-01-04,-4491.635546095601,19511.407139997806,499.999999807915,497,mvo_factor_neutral,1
2021-01-05,3264.484742381865,19389.646935440385,314.67930606753583,497,mvo_factor_neutral,1
2021-01-06,-1277.1260994935674,19073.210687286326,335.1881753974553,497,mvo_factor_neutral,1
2021-01-07,-1629.8498406510541,18521.34986626212,37.339665100006414,497,mvo_factor_neutral,1
2021-01-08,586.5606487509899,18310.246833329922,6.939792829637071,497,mvo_factor_neutral,1
2021-01-11,-4848.863505906455,19472.251094623443,1025.380634270215,497,mvo_factor_neutral,1
2021-01-12,-2698.293859883338,18900.72714139906,682.95844996354,485,mvo_factor_neutral,1
2021-01-13,1391.27360242399,18855.073262003378,593.8053473360807,485,mvo_factor_neutral,1
2021-01-14,-9453.186480746166,19202.947140944074,854.7555267605787,485,mvo_factor_neutral,1
2021-01-15,2462.2370692739196,19045.182223256263,785.2514430600279,484,mvo_factor_neutral,1
2021-01-19,10344.463090327969,19999.98595486599,499.9999989707307,484,mvo_factor_neutral,1
2021-01-20,3010.029768212885,19259.14235096945,779.7255780443392,484,mvo_factor_neutral,1
2021-01-21,-8312.457050470286,19120.360798006186,528.4318377439619,484,mvo_factor_neutral,1
2021-01-22,5668.733146372964,18872.77326664971,761.5572251355949,484,mvo_factor_neutral,1
2021-01-25,-5764.126679889292,19999.99893517058,499.99999959835833,484,mvo_factor_neutral,1
2021-01-26,3808.6782675592167,19977.651817852548,266.1191535782469,484,mvo_factor_neutral,1
2021-01-27,-20787.571025026704,20345.38252581559,-21.676149879510156,483,mvo_factor_neutral,1
2021-01-28,38284.14311022424,20178.833367994706,-96.41310843864868,483,mvo_factor_neutral,1
2021-01-29,-21947.48740468424,18892.04545006857,-284.4201048558269,483,mvo_factor_neutral,1
2021-02-01,5017.170837754756,19999.999057122037,-348.24853755328775,483,mvo_factor_neutral,1
2021-02-02,27666.68530550915,19947.608849861797,-349.10159990179585,482,mvo_factor_neutral,1
2021-02-03,9874.781835660819,19592.19623111941,-435.0213508944261,482,mvo_factor_neutral,1
2021-02-04,-2573.096137326952,19392.46943508886,-890.4162576098859,482,mvo_factor_neutral,1
2021-02-05,10187.36723441843,19246.317362438273,-852.3020180150393,482,mvo_factor_neutral,1
2021-02-08,5872.09938867821,19999.999307522674,499.9999982720356,482,mvo_factor_neutral,1
2021-02-09,1679.6535020445267,19924.60084526909,441.0498416287991,482,mvo_factor_neutral,1
2021-02-10,-6518.65720499334,19970.344898793242,704.5967463316774,482,mvo_factor_neutral,1
2021-02-11,10173.953042036603,19539.38362785729,729.4832091147587,482,mvo_factor_neutral,1
2021-02-12,-13087.89795913864,19067.910136245737,863.1720147866617,482,mvo_factor_neutral,1
2021-02-16,3934.9638797665452,19999.99705600417,499.9999957620467,482,mvo_factor_neutral,1
2021-02-17,-862.8218211673465,20388.675971419274,273.0576852599501,482,mvo_factor_neutral,1
2021-02-18,-1146.4318604442874,19890.44994601761,335.04714638475133,482,mvo_factor_neutral,1
2021-02-19,10104.468816114602,19408.412511978724,428.50406966490567,482,mvo_factor_neutral,1
2021-02-22,1473.2461641379393,19999.999719797495,499.99999809666883,482,mvo_factor_neutral,1
2021-02-23,-834.6787834745767,19706.61424489975,282.32232341601826,482,mvo_factor_neutral,1
2021-02-24,-7365.995558070856,19113.496099364118,144.22208297824133,482,mvo_factor_neutral,1
2021-02-25,-13275.938999128772,19330.897363423923,929.2832923162157,482,mvo_factor_neutral,1
2021-02-26,11049.6911228975,18731.637953309895,823.3863490412028,482,mvo_factor_neutral,1
2021-03-01,-2039.9928036557703,19999.99980362768,499.99998937660797,482,mvo_factor_neutral,1
2021-03-02,13328.518145895003,19327.389951434034,323.1664877596278,482,mvo_factor_neutral,1
2021-03-03,-12418.850085250537,18676.738807724472,896.5618502086267,482,mvo_factor_neutral,1
2021-03-04,-20669.323607171224,18123.60502511788,985.2576265701456,482,mvo_factor_neutral,1
2021-03-05,8848.995727925249,18159.582595570693,988.8355890668628,482,mvo_factor_neutral,1
2021-03-08,-14564.871051339853,20000.0003473386,499.9999963351727,482,mvo_factor_neutral,1
2021-03-09,-758.6113235987622,20374.4230767565,188.63236433538952,482,mvo_factor_neutral,1
2021-03-10,-7474.155056419159,19999.193968756386,-178.31030310897773,482,mvo_factor_neutral,1
2021-03-11,-4869.1817670744085,19824.193656984873,-88.4669866547383,482,mvo_factor_neutral,1
2021-03-12,-26574.56501249624,18970.705645479164,-282.30365914797005,482,mvo_factor_neutral,1
2021-03-15,-3666.3435079520928,20000.000459070343,499.99999667679594,483,mvo_factor_neutral,1
2021-03-16,-27895.3782069828,19545.52611912659,185.22690239779516,483,mvo_factor_neutral,1
2021-03-17,22119.033117557457,19077.207757740933,710.739427941157,483,mvo_factor_neutral,1
2021-03-18,18917.23827975815,18912.069744562774,975.6281699250765,483,mvo_factor_neutral,1
2021-03-19,16436.252498124853,19023.6783031938,383.3502311914355,483,mvo_factor_neutral,1
2021-03-22,13853.923961045675,20000.000199452414,265.5386477516167,483,mvo_factor_neutral,1
2021-03-23,40152.31943172553,20726.122242825553,658.7763352621608,483,mvo_factor_neutral,1
2021-03-24,-31488.066443346932,20742.348283286363,1511.5677121527665,483,mvo_factor_neutral,1
2021-03-25,-14208.257243138947,19912.013276337606,101.17434766201362,483,mvo_factor_neutral,1
2021-03-26,-7984.242425643254,18505.243000820203,-333.6735790621399,483,mvo_factor_neutral,1
2021-03-29,16918.273398246904,20000.000237613312,499.9999996121791,483,mvo_factor_neutral,1
2021-03-30,21144.180616364712,19880.736509206392,598.8150253182359,483,mvo_factor_neutral,1
2021-03-31,3805.8084262074267,19636.743179508347,570.9222149997578,483,mvo_factor_neutral,1
2021-04-01,-1577.2651491492961,19246.849257361788,553.1483592542903,483,mvo_factor_neutral,1
2021-04-05,-1924.7506325686106,19999.998628755005,500.00000104797704,483,mvo_factor_neutral,1
2021-04-06,1183.179816989465,20043.7556948866,689.0965474435299,483,mvo_factor_neutral,1
2021-04-07,10542.599026036993,19771.29251166537,675.7040833977806,483,mvo_factor_neutral,1
2021-04-08,-16125.903768588714,19043.803220473743,514.6746142962709,483,mvo_factor_neutral,1
2021-04-09,11232.253554622492,18484.745026240274,238.6624466768213,483,mvo_factor_neutral,1
2021-04-12,19979.224870004906,20000.000668081146,500.0000001846133,483,mvo_factor_neutral,1
2021-04-13,-2637.038745035738,19750.61405460194,439.67765350692605,483,mvo_factor_neutral,1
2021-04-14,-6114.330061153932,19156.97595835809,431.5098442802534,483,mvo_factor_neutral,1
2021-04-15,10248.983613069553,18742.629036510705,569.821809918199,483,mvo_factor_neutral,1
2021-04-16,-3199.5176381898755,18108.773361099935,182.3102264453395,483,mvo_factor_neutral,1
2021-04-19,-8365.039063276821,20000.00056247764,500.0000001490634,484,mvo_factor_neutral,1
2021-04-20,28216.866933467438,20066.993399249535,695.2719586377802,484,mvo_factor_neutral,1
2021-04-21,7914.127311292352,19596.61600524169,1091.634666432463,484,mvo_factor_neutral,1
2021-04-22,-9533.070809067221,20112.724553269094,1626.7835713080467,484,mvo_factor_neutral,1
2021-04-23,-12563.401654487248,18675.583580247647,1487.3890692326106,483,mvo_factor_neutral,1
2021-04-26,2259.633895608439,19999.999953461145,500.00000106137156,483,mvo_factor_neutral,1
2021-04-27,-10354.318058568693,21289.635320751204,1964.2180788480136,483,mvo_factor_neutral,1
2021-04-28,20726.448797192053,19840.898652734555,2005.6503667208112,483,mvo_factor_neutral,1
2021-04-29,13236.00596676679,19501.84340544285,2087.7963137564548,483,mvo_factor_neutral,1
2021-04-30,-771.9372866153873,19657.176609835933,1990.5260772128217,483,mvo_factor_neutral,1
2021-05-03,10948.752735919015,20000.000461872205,500.00000036730154,483,mvo_factor_neutral,1
2021-05-04,7150.319934553564,19504.68737064765,396.11011644324196,483,mvo_factor_neutral,1
2021-05-05,-816.4020039779284,19069.76275085371,274.8087572632602,483,mvo_factor_neutral,1
2021-05-06,-1045.0455747680596,18671.932896077178,439.2709168861192,483,mvo_factor_neutral,1
2021-05-07,-987.9694821983715,18619.168456160234,576.9242083165783,483,mvo_factor_neutral,1
2021-05-10,-2688.0144536009702,20000.000399899553,500.00000032246027,483,mvo_factor_neutral,1
2021-05-11,8057.44584454974,19786.568422990917,583.5840117224692,483,mvo_factor_neutral,1
2021-05-12,-674.9578074714254,19158.494964017293,621.5790128518826,483,mvo_factor_neutral,1
2021-05-13,-1648.2166061858047,18927.951101665494,521.3645851748038,483,mvo_factor_neutral,1
2021-05-14,9662.139684367336,18965.02145074201,484.1008369045901,483,mvo_factor_neutral,1
2021-05-17,-9282.25349876438,20000.000171757576,500.0000004490269,484,mvo_factor_neutral,1
2021-05-18,3642.1449609733363,19843.84599746675,630.5527054564467,484,mvo_factor_neutral,1
2021-05-19,5249.695313193327,19876.034106228468,658.0302354599945,484,mvo_factor_neutral,1
2021-05-20,884.0677821320741,19856.003039735275,241.35022560406588,484,mvo_factor_neutral,1
2021-05-21,-519.3073943825211,19537.005377462356,113.53700811620796,484,mvo_factor_neutral,1
2021-05-24,-6418.6748861318965,20000.00045735814,500.0000001569766,483,mvo_factor_neutral,1
2021-05-25,24473.844760836357,19906.552098915086,753.0345343742341,483,mvo_factor_neutral,1
2021-05-26,-16459.148921621683,19101.736712645,77.11468951262506,483,mvo_factor_neutral,1
2021-05-27,-72.56878032931304,18766.019436612933,217.24470120572073,483,mvo_factor_neutral,1
2021-05-28,626.0839320710629,18530.172511722714,258.4328786799871,483,mvo_factor_neutral,1
2021-06-01,2720.42911095713,20000.00027297807,500.0000003492781,483,mvo_factor_neutral,1
2021-06-02,10370.2442938624,19812.679579421812,54.81871879533527,483,mvo_factor_neutral,1
2021-06-03,-10765.30422568739,19494.26168624009,384.15698240728506,483,mvo_factor_neutral,1
2021-06-04,-2971.711773750579,19279.680420778674,547.4780698001322,483,mvo_factor_neutral,1
2021-06-07,37367.34237192192,20000.000257324802,500.0000000571952,483,mvo_factor_neutral,1
2021-06-08,-11071.884818789636,19343.756477730847,681.3599862725989,483,mvo_factor_neutral,1
2021-06-09,5174.03165999613,18755.101661915927,941.4332815664596,483,mvo_factor_neutral,1
2021-06-10,1057.6297179275412,17930.604381210487,855.6004357159724,483,mvo_factor_neutral,1
2021-06-11,-10642.599649767251,17681.596294474726,876.7487649880728,483,mvo_factor_neutral,1
2021-06-14,3215.267389977385,19999.99813183928,500.0000014660772,483,mvo_factor_neutral,1
2021-06-15,13022.979660725514,20351.310071442385,1380.66543236713,483,mvo_factor_neutral,1
2021-06-16,1888.723505238805,20124.182345633002,1606.8460758626936,483,mvo_factor_neutral,1
2021-06-17,-10842.074648116759,18681.078874826002,1309.1673027946263,483,mvo_factor_neutral,1
2021-06-18,4381.061851246472,17672.00036912293,1248.998699808858,483,mvo_factor_neutral,1
2021-06-21,-10547.771650429073,19999.997986435654,499.99999792796353,483,mvo_factor_neutral,1
2021-06-22,10295.58561887704,21499.70105054577,-1821.8468949079324,483,mvo_factor_neutral,1
2021-06-23,-227.1336586379134,21094.180144757574,-1961.4762294261538,483,mvo_factor_neutral,1
2021-06-24,14950.99229022957,21306.63142796448,-1617.136278861554,483,mvo_factor_neutral,1
2021-06-25,-6318.857655429015,20645.007608732423,-2112.550012402456,483,mvo_factor_neutral,1
2021-06-28,4165.3507466346055,20000.000415118244,500.0000016141468,500,mvo_factor_neutral,1
2021-06-29,-4095.6892730846425,19677.45009476519,448.64591202732373,500,mvo_factor_neutral,1
2021-06-30,6060.019880041468,19492.60112381131,457.7376250564236,500,mvo_factor_neutral,1
2021-07-01,15763.647777456796,21482.088203056726,2618.008381791379,500,mvo_factor_neutral,1
2021-07-02,2435.611077508799,21234.586131078126,2650.6751697202717,500,mvo_factor_neutral,1
2021-07-06,-15694.252099772135,20000.000605466492,500.0000004075748,500,mvo_factor_neutral,1
2021-07-07,1367.687035896128,19607.46148253628,350.99042816493363,500,mvo_factor_neutral,1
2021-07-08,1700.0825662680513,18962.353011584408,205.1626580470737,500,mvo_factor_neutral,1
2021-07-09,381.51045414884584,19130.397909133724,299.14438156799747,500,mvo_factor_neutral,1
2021-07-12,-3370.037842925593,20000.00052763312,500.0000000831342,500,mvo_factor_neutral,1
2021-07-13,7688.692245241463,19273.043618101925,278.92422005702014,500,mvo_factor_neutral,1
2021-07-14,-2460.406848607792,18827.776305694555,613.0293023574312,500,mvo_factor_neutral,1
2021-07-15,-337.0973886566656,18417.355943600716,164.9832491151101,500,mvo_factor_neutral,1
2021-07-16,3096.740051230977,17750.330277330857,203.61499840722172,500,mvo_factor_neutral,1
2021-07-19,7300.039237242342,19999.998458831473,500.0000004123349,500,mvo_factor_neutral,1
2021-07-20,9623.819904487807,20673.119463846935,933.158550688609,500,mvo_factor_neutral,1
2021-07-21,12379.157184232952,20989.04627893275,969.1955235310033,500,mvo_factor_neutral,1
2021-07-22,12996.815674964597,20237.55794388619,787.1152209776941,500,mvo_factor_neutral,1
2021-07-23,9880.91880262073,19483.070287288054,788.6842600096073,500,mvo_factor_neutral,1
2021-07-26,-42594.527624476075,19999.999964217044,500.00000037442277,500,mvo_factor_neutral,1
2021-07-27,-673.4441809041462,19457.550328578807,730.567015066707,500,mvo_factor_neutral,1
2021-07-28,11650.326012700792,18237.01815419932,1994.998125488342,500,mvo_factor_neutral,1
2021-07-29,-25148.987253550444,16626.4472465206,2057.041952380122,499,mvo_factor_neutral,1
2021-07-30,1241.672341138754,16022.152116955345,1627.307980151216,499,mvo_factor_neutral,1
2021-08-02,10926.911540529192,19999.999500991282,500.0000002092223,500,mvo_factor_neutral,1
2021-08-03,-3737.599840378626,19594.291010378696,601.753782078784,500,mvo_factor_neutral,1
2021-08-04,-5980.797945567735,19407.58668871865,359.676443872204,500,mvo_factor_neutral,1
2021-08-05,3151.7099944227625,19226.620835573056,445.8874612684785,500,mvo_factor_neutral,1
2021-08-06,-5871.187833306709,18995.4127298363,491.094175860022,500,mvo_factor_neutral,1
2021-08-09,-9741.94791923356,19999.99985863857,499.9999996226599,500,mvo_factor_neutral,1
2021-08-10,-17898.894239808145,20138.92655566012,221.11519904901272,500,mvo_factor_neutral,1
2021-08-11,6540.99432802837,19467.88342536679,131.47366892823624,500,mvo_factor_neutral,1
2021-08-12,8426.328931901007,19151.11019318805,328.3663946888494,500,mvo_factor_neutral,1
2021-08-13,-6940.387579792087,18864.190305953947,91.47646234410728,500,mvo_factor_neutral,1
2021-08-16,-2425.6092390270755,20000.000071014263,500.00000087358654,500,mvo_factor_neutral,1
2021-08-17,7936.893778969874,20120.24554418562,645.9295390382432,500,mvo_factor_neutral,1
2021-08-18,-4793.725570330408,19978.33449116337,561.0284432578409,500,mvo_factor_neutral,1
2021-08-19,4721.843035520656,19535.086108937776,119.52718724657203,500,mvo_factor_neutral,1
2021-08-20,-8984.282924022304,19178.190736796736,567.333293562738,500,mvo_factor_neutral,1
2021-08-23,-3454.6016188634785,20000.000206796354,499.9999998768242,500,mvo_factor_neutral,1
2021-08-24,9608.231962125896,19690.458378252657,961.32846694679,500,mvo_factor_neutral,1
2021-08-25,-7474.2302664094705,19406.28025755264,1633.514518695793,500,mvo_factor_neutral,1
2021-08-26,-8615.574892377823,18695.94194001664,1195.9624556954006,500,mvo_factor_neutral,1
2021-08-27,8452.968989410387,17639.458930245022,2125.186128781935,500,mvo_factor_neutral,1
2021-08-30,-12086.118985940311,20000.00032040001,500.00000022224276,500,mvo_factor_neutral,1
2021-08-31,-12629.104723661667,19857.676512436738,351.35225134155206,500,mvo_factor_neutral,1
2021-09-01,1019.7360007302008,19434.776103943033,521.7144453668255,500,mvo_factor_neutral,1
2021-09-02,-1812.6481665714407,18509.04683618782,998.7700074321231,500,mvo_factor_neutral,1
2021-09-03,11209.285391412572,17943.45381799189,1206.3031068668654,499,mvo_factor_neutral,1
2021-09-07,-3706.459580333606,19999.998797032174,500.0000006840368,499,mvo_factor_neutral,1
2021-09-08,-2108.6707729528125,21042.80384326613,442.3140136333165,499,mvo_factor_neutral,1
2021-09-09,16408.73000261903,20602.24831543691,522.5813105034833,499,mvo_factor_neutral,1
2021-09-10,-9661.495687498526,20428.72344505895,39.87324181049371,499,mvo_factor_neutral,1
2021-09-13,3793.639145553055,19996.9759530304,499.9999992674823,499,mvo_factor_neutral,1
2021-09-14,-9935.259757113905,18508.695961694953,269.05048581125567,499,mvo_factor_neutral,1
2021-09-15,14242.675749474613,18573.076077226666,469.20374745470815,499,mvo_factor_neutral,1
2021-09-16,7311.203328291879,17926.07465617273,306.3924849818234,499,mvo_factor_neutral,1
2021-09-17,-6128.959052975067,17610.29011986222,768.8821954131456,499,mvo_factor_neutral,1
2021-09-20,-14928.944631094912,19999.99976763745,499.9999989573601,499,mvo_factor_neutral,1
2021-09-21,-1697.8479102123365,21212.7898647489,-1279.434285940835,499,mvo_factor_neutral,1
2021-09-22,5318.334340798038,20915.134427288005,-1065.5344242387225,499,mvo_factor_neutral,1
2021-09-23,20431.370294668977,19391.12221783935,-1283.7798371222943,499,mvo_factor_neutral,1
2021-09-24,-16758.04987322466,18029.822650055256,-1909.4462091776554,499,mvo_factor_neutral,1
2021-09-27,6737.99222255538,20000.000052375177,499.99999690909834,499,mvo_factor_neutral,1
2021-09-28,-38.78482025247651,19500.752266084222,569.8340647807803,499,mvo_factor_neutral,1
2021-09-29,2426.9628462792107,19470.230095672552,466.9410648331003,499,mvo_factor_neutral,1
2021-09-30,-4543.110875700505,18839.63795335789,311.5026038829424,499,mvo_factor_neutral,1
2021-10-01,6777.538625485419,19011.04754694427,473.2771323408235,499,mvo_factor_neutral,1
2021-10-04,-8266.125188418948,19999.99445293771,499.99999620327566,499,mvo_factor_neutral,1
2021-10-05,-1814.630644669445,20057.798277624952,559.3515194072178,499,mvo_factor_neutral,1
2021-10-06,-1348.4766879698852,19874.97757034166,245.0280993056241,499,mvo_factor_neutral,1
2021-10-07,-28.731997628813723,19749.409121542132,201.26771431110404,499,mvo_factor_neutral,1
2021-10-08,-254.5365987877664,19296.700191895638,310.28455204694274,499,mvo_factor_neutral,1
2021-10-11,-51.686105539102726,19999.999014662815,110.40801435371672,500,mvo_factor_neutral,1
2021-10-12,-253.177774222365,20028.834511365403,507.1744468577491,500,mvo_factor_neutral,1
2021-10-13,3078.197365795135,19425.44377817765,607.1892491070337,500,mvo_factor_neutral,1
2021-10-14,-3510.3043030606514,19020.5249737418,548.0642472036576,500,mvo_factor_neutral,1
2021-10-15,-3777.43560022723,18789.568609425845,680.8965816449748,500,mvo_factor_neutral,1
2021-10-18,9619.055570669252,19999.999309204894,499.9999992930619,500,mvo_factor_neutral,1
2021-10-19,-6237.257158162905,20561.34264176456,-864.177104124608,500,mvo_factor_neutral,1
2021-10-20,-6967.617851257195,19884.797236652175,-852.8547426175462,500,mvo_factor_neutral,1
2021-10-21,3450.4912381632985,19356.615332254543,-1175.7269472862304,500,mvo_factor_neutral,1
2021-10-22,645.6822335441203,18223.0432610444,-1363.1919747040984,500,mvo_factor_neutral,1
2021-10-25,-11691.351400192121,19999.999074146755,499.99999835210554,500,mvo_factor_neutral,1
2021-10-26,-3472.162973341925,20020.326178078085,1162.0016520987378,500,mvo_factor_neutral,1
2021-10-27,25286.16625769241,20050.525028073,1424.3967958978335,500,mvo_factor_neutral,1
2021-10-28,-5405.539911275557,18480.015789009707,1923.2583018820428,500,mvo_factor_neutral,1
2021-10-29,-7374.956515195884,17874.344981694103,1922.489240996936,500,mvo_factor_neutral,1
2021-11-01,14002.050558098485,20000.00039574244,499.9999992922695,500,mvo_factor_neutral,1
2021-11-02,3207.8732026094463,19488.68324854537,585.7254546051568,500,mvo_factor_neutral,1
2021-11-03,-6444.0430853558,19082.17918458485,645.8201388875209,500,mvo_factor_neutral,1
2021-11-04,6574.826161305872,18299.336827752002,418.14658004504844,500,mvo_factor_neutral,1
2021-11-05,10190.800365139405,17784.090662402134,493.13731157726653,500,mvo_factor_neutral,1
2021-11-08,3330.012876576122,19999.999983161506,499.99998648718486,500,mvo_factor_neutral,1
2021-11-09,2908.247278662018,20044.574354855326,919.9330393645336,500,mvo_factor_neutral,1
2021-11-10,246.93721033846293,19538.512327071236,821.3129666407178,500,mvo_factor_neutral,1
2021-11-11,-5782.57279583355,19193.994829883122,789.0812308508754,500,mvo_factor_neutral,1
2021-11-12,13787.720738804119,19049.85950818186,960.8502004012727,500,mvo_factor_neutral,1
2021-11-15,-6290.320038169489,19999.999079872494,499.99998296944403,500,mvo_factor_neutral,1
2021-11-16,12780.017741394475,20777.41593638391,-405.4350104697532,500,mvo_factor_neutral,1
2021-11-17,-433.8389617852379,19962.274160236382,-131.68185272045548,500,mvo_factor_neutral,1
2021-11-18,-2550.7126813971845,19195.564588661946,-116.43207435408932,500,mvo_factor_neutral,1
2021-11-19,-3417.6601259225017,19380.78330417762,-316.2135014801315,500,mvo_factor_neutral,1
2021-11-22,-17877.802101481673,20000.000097926,499.999992557406,500,mvo_factor_neutral,1
2021-11-23,8721.055288147545,19324.940548287024,1049.2892535974427,500,mvo_factor_neutral,1
2021-11-24,-11753.349120943667,19054.26293604571,259.409167636071,500,mvo_factor_neutral,1
2021-11-26,42616.948822165796,18571.71932489094,623.7480668462476,500,mvo_factor_neutral,1
2021-11-29,13510.570968105574,19999.999438563107,-500.00000032078526,500,mvo_factor_neutral,1
2021-11-30,925.6993606610031,19314.286496497545,-603.3414017695666,500,mvo_factor_neutral,1
2021-12-01,-5884.4423002504245,18398.493861183393,-781.3403917035351,500,mvo_factor_neutral,1
2021-12-02,14253.371561299138,18945.12204478735,-637.2265430681325,500,mvo_factor_neutral,1
2021-12-03,-8794.828205753034,18468.668309431556,-773.6155879206141,500,mvo_factor_neutral,1
2021-12-06,21677.25123210226,19999.999915597586,-500.00000074672516,500,mvo_factor_neutral,1
2021-12-07,2846.1863757733668,19883.187579660545,-572.0075156177436,500,mvo_factor_neutral,1
2021-12-08,623.9165291008375,19649.28702857682,-603.5106755561168,500,mvo_factor_neutral,1
2021-12-09,8072.388259048074,19232.958570162842,-620.8119665161389,500,mvo_factor_neutral,1
2021-12-10,-19347.115605035775,18614.92730221611,-284.54864672734294,500,mvo_factor_neutral,1
2021-12-13,-4584.048216660767,20000.00042367314,-187.8840408830449,501,mvo_factor_neutral,1
2021-12-14,3308.633965717319,19601.235231463615,-60.399701138114025,501,mvo_factor_neutral,1
2021-12-15,-37595.37249422464,19443.18559099163,-81.5991298841608,501,mvo_factor_neutral,1
2021-12-16,-24452.644533561255,18917.286187775742,246.07846893738625,501,mvo_factor_neutral,1
2021-12-17,11998.666455083625,18842.938279995342,-130.0573689418585,501,mvo_factor_neutral,1
2021-12-20,-10881.444747777285,19999.99994955611,-499.9999996269051,501,mvo_factor_neutral,1
2021-12-21,-12042.560777113722,20643.722746369698,-1499.8873161298104,501,mvo_factor_neutral,1
2021-12-22,11230.177428782903,20137.878063521577,-1195.80317943356,500,mvo_factor_neutral,1
2021-12-23,2660.903044985787,19788.377782243566,-986.3129480987735,500,mvo_factor_neutral,1
2021-12-27,-7456.800188845727,19999.997818227253,-499.999892782242,500,mvo_factor_neutral,1
2021-12-28,-20146.122055042768,19504.507377531314,-968.3779589370612,500,mvo_factor_neutral,1
2021-12-29,26305.157009756298,18609.225584003296,-807.4866882905609,500,mvo_factor_neutral,1
2021-12-30,14887.052746103433,18035.99218933053,-835.149274083781,500,mvo_factor_neutral,1
2021-12-31,5853.970776941374,17502.66535988497,-724.6960189188962,500,mvo_factor_neutral,1
2022-01-03,12218.169696611889,19999.9987263051,-373.4641737629912,500,mvo_factor_neutral,1
2022-01-04,782.9372590227806,19661.34582487994,-313.88585530956124,500,mvo_factor_neutral,1
2022-01-05,-7522.885245839012,18904.945491374652,51.1703691311924,500,mvo_factor_neutral,1
2022-01-06,106.35459104039407,18708.85653424068,-77.84112354148883,500,mvo_factor_neutral,1
2022-01-07,66.1819851817754,18230.56727912262,-149.35817671923533,500,mvo_factor_neutral,1
2022-01-10,4563.866093587686,18587.404747875455,-1666.2597706630847,503,mvo_factor_neutral,1
2022-01-11,-2779.0799112259187,18320.268184544584,-1950.1459039342444,491,mvo_factor_neutral,1
2022-01-12,468.3318271806945,17901.87969695157,-2256.1524609234257,491,mvo_factor_neutral,1
2022-01-13,-7145.952914924745,17396.85388220348,-1765.8228445927095,491,mvo_factor_neutral,1
2022-01-14,-7234.879136045421,17088.24764148116,-1876.138934210125,491,mvo_factor_neutral,1
2022-01-18,-1390.0120543623839,19999.99814102185,-499.99999097594764,491,mvo_factor_neutral,1
2022-01-19,-11010.7717216266,19274.835323818672,-196.14535071167947,490,mvo_factor_neutral,1
2022-01-20,5866.94001728266,18625.395705657374,49.153849757152614,490,mvo_factor_neutral,1
2022-01-21,938.8993707433268,18928.270389136575,-499.80760401117476,490,mvo_factor_neutral,1
2022-01-24,13110.223961057587,20000.0007224437,-499.99999887170964,490,mvo_factor_neutral,1
2022-01-25,9396.713750450912,19269.455325961346,138.31387435104267,490,mvo_factor_neutral,1
2022-01-26,-28730.11662002517,19751.99833124602,-884.4442977456317,490,mvo_factor_neutral,1
2022-01-27,2756.927479076165,19068.75510929226,-1299.6629654038466,490,mvo_factor_neutral,1
2022-01-28,406.57977488773304,19179.834774977575,-1652.2006811960512,490,mvo_factor_neutral,1
2022-01-31,55927.81277697892,20000.0007582,-499.99999852916943,491,mvo_factor_neutral,1
2022-02-01,2036.3748810625466,19772.238836374654,-350.2313260224992,491,mvo_factor_neutral,1
2022-02-02,-7346.978809721896,19766.381034676728,-815.2228808209206,491,mvo_factor_neutral,1
2022-02-03,-12530.12372617216,19264.47884501252,-1031.3410375521366,491,mvo_factor_neutral,1
2022-02-04,-1751.5140742995711,19017.062711534363,-685.7923295407738,491,mvo_factor_neutral,1
2022-02-07,-12980.428332748726,20000.000277895077,-499.99999276242494,491,mvo_factor_neutral,1
2022-02-08,15321.839183144433,19236.508147559307,-462.19533488326266,491,mvo_factor_neutral,1
2022-02-09,-3386.4813149095216,19257.47384043001,-1791.6569494425999,491,mvo_factor_neutral,1
2022-02-10,2957.545638970902,18914.44157665357,-1721.083716817748,491,mvo_factor_neutral,1
2022-02-11,-25343.595121872677,18395.714768992515,-1380.8732798253598,491,mvo_factor_neutral,1
2022-02-14,12401.117965911244,20000.00015986381,-500.00000001245115,491,mvo_factor_neutral,1
2022-02-15,11644.808671508485,19555.520037014936,-492.52494178644685,491,mvo_factor_neutral,1
2022-02-16,3471.7461608331855,18940.17258267032,-180.5586519273134,491,mvo_factor_neutral,1
2022-02-17,7021.296249370565,19074.127637276015,9.392029789679944,491,mvo_factor_neutral,1
2022-02-18,-7618.194548715562,18679.804493516316,65.05706242829724,491,mvo_factor_neutral,1
2022-02-22,3839.1476206052293,20000.00012557212,-499.9999838480176,491,mvo_factor_neutral,1
2022-02-23,-9852.115505794449,19002.932078260154,-237.98386523019767,490,mvo_factor_neutral,1
2022-02-24,-48471.2507885295,19744.04380485198,-1764.6388975526838,488,mvo_factor_neutral,1
2022-02-25,16925.452477585462,20249.803121573168,-3215.231457393906,487,mvo_factor_neutral,1
2022-02-28,-1865.5619377590826,20000.0002870609,-499.9999967279233,487,mvo_factor_neutral,1
2022-03-01,-7751.351563695457,14802.535814589886,-999.6488329392224,385,mvo_factor_neutral,1
2022-03-02,-1414.6577353169282,14870.662379927406,-1092.3031497139468,385,mvo_factor_neutral,1
2022-03-03,-72.2848974156104,14601.852421948308,-1086.6566541659513,385,mvo_factor_neutral,1
2022-03-04,-4017.251791658356,14457.420601144038,-857.5755987315547,385,mvo_factor_neutral,1
2022-03-07,-4528.13041121289,19639.497518719923,-358.72401971612123,385,mvo_factor_neutral,1
2022-03-08,2770.949569916707,19837.481351337432,-141.09296599149363,383,mvo_factor_neutral,1
2022-03-09,8114.8346517410255,20160.426938075776,-319.67223881236634,383,mvo_factor_neutral,1
2022-03-10,-2191.064272799548,20018.22040016148,-170.4592230821843,383,mvo_factor_neutral,1
2022-03-11,4245.337213638055,19750.705637573017,106.14150051446444,383,mvo_factor_neutral,1
2022-03-14,244.29404954600264,19999.99927165496,-500.00000073860326,389,mvo_factor_neutral,1
2022-03-15,9253.259016692697,19686.98692746531,-848.5373838719223,389,mvo_factor_neutral,1
2022-03-16,15392.781753545143,19776.919926845752,-872.3618134979281,389,mvo_factor_neutral,1
2022-03-17,1498.8723138005125,19610.131919676885,-878.1030245124442,389,mvo_factor_neutral,1
2022-03-18,4082.1630166039263,19178.385486200834,-894.8432718030539,389,mvo_factor_neutral,1
2022-03-21,6878.01938603138,19999.999777134006,-499.9999992205205,485,mvo_factor_neutral,1
2022-03-22,14063.641942290466,19650.61655630383,-288.09756880462265,485,mvo_factor_neutral,1
2022-03-23,-4467.759374569277,19532.079253472755,-441.32999343821655,485,mvo_factor_neutral,1
2022-03-24,-3576.9935103262237,19387.256033524573,-521.9357037698153,485,mvo_factor_neutral,1
2022-03-25,-1603.0978254110819,18807.938717758203,-618.6783785671006,485,mvo_factor_neutral,1
2022-03-28,8563.262012875399,20000.000282862704,319.07165540681325,488,mvo_factor_neutral,1
2022-03-29,-25089.959869039067,20768.162346372268,304.712853865063,488,mvo_factor_neutral,1
2022-03-30,6914.539369879868,20586.976743203257,439.2520482821772,488,mvo_factor_neutral,1
2022-03-31,14005.826835681657,21328.8186644227,275.51561111341346,488,mvo_factor_neutral,1
2022-04-01,7199.520949901049,20235.91483388164,-111.14685453094408,488,mvo_factor_neutral,1
2022-04-04,19112.505334150283,19999.99944534331,499.9999877343946,489,mvo_factor_neutral,1
2022-04-05,-1913.3905421052661,19490.444993259855,550.0800929866592,489,mvo_factor_neutral,1
2022-04-06,-238.9473327165336,19575.13437928818,1257.3819606098928,489,mvo_factor_neutral,1
2022-04-07,-4914.698698203833,19303.44390860491,1215.144219624437,489,mvo_factor_neutral,1
2022-04-08,-7286.474485612714,18570.868947623956,640.4889464120441,489,mvo_factor_neutral,1
2022-04-11,5091.11325414796,19856.16994282891,643.8294581611499,489,mvo_factor_neutral,1
2022-04-12,9111.480525403149,20598.77245757694,1562.8929151642212,488,mvo_factor_neutral,1
2022-04-13,6134.6456295486205,19628.057199876464,463.1162302486509,488,mvo_factor_neutral,1
2022-04-14,4258.589050399217,19490.437245824305,832.5723221005437,488,mvo_factor_neutral,1
2022-04-18,5680.718149212778,19999.999905634195,118.65215899287892,488,mvo_factor_neutral,1
2022-04-19,-12680.375675396526,19519.9190965138,387.3204231220268,488,mvo_factor_neutral,1
2022-04-20,-6043.97034911952,18772.743533673343,-449.81220185707707,486,mvo_factor_neutral,1
2022-04-21,-474.40395122215347,18744.467857637334,-241.47235801516743,486,mvo_factor_neutral,1
2022-04-22,-10825.353840954424,18961.971702776144,125.81888724336434,486,mvo_factor_neutral,1
2022-04-25,13182.972847216863,20000.000009713538,-499.99999589713536,486,mvo_factor_neutral,1
2022-04-26,2165.348457555466,18772.559472730976,-170.02732830076278,486,mvo_factor_neutral,1
2022-04-27,-69.97581332844204,17946.428766464564,-853.8590884840628,486,mvo_factor_neutral,1
2022-04-28,23868.143747407055,18832.999560777924,333.5587692062406,486,mvo_factor_neutral,1
2022-04-29,-17241.197764647633,18691.975191252473,176.44332041556024,486,mvo_factor_neutral,1
2022-05-02,-5626.904537428249,20000.0002735474,-499.99999981821253,486,mvo_factor_neutral,1
2022-05-03,13342.281279258174,19719.601277228227,-592.9971199549437,486,mvo_factor_neutral,1
2022-05-04,985.1373695441837,18986.83498880528,133.54715006903007,486,mvo_factor_neutral,1
2022-05-05,-21304.37873149667,19073.123208800043,176.86331165161178,486,mvo_factor_neutral,1
2022-05-06,-5000.227253242657,18834.87820556455,102.92949321188543,486,mvo_factor_neutral,1
2022-05-09,2655.4921717356597,20000.000146491795,-499.99999928214334,486,mvo_factor_neutral,1
2022-05-10,13771.651543763117,19770.256117210592,-248.35309191794215,486,mvo_factor_neutral,1
2022-05-11,-44270.62079941309,19138.062011368336,-168.39315852100827,486,mvo_factor_neutral,1
2022-05-12,21671.543202588433,18846.960106570157,-356.52328520944957,486,mvo_factor_neutral,1
2022-05-13,10478.428444245756,19474.95806525355,104.18610519702275,486,mvo_factor_neutral,1
2022-05-16,6953.244927583901,19999.997159404393,-500.00000062007786,486,mvo_factor_neutral,1
2022-05-17,776.3713956969369,19849.047015730233,-416.4319863498295,486,mvo_factor_neutral,1
2022-05-18,-15566.360997763873,19852.923751424136,-590.4883079684059,486,mvo_factor_neutral,1
2022-05-19,27329.52436152284,19062.74853388768,-398.74016707632956,486,mvo_factor_neutral,1
2022-05-20,-10087.594927121801,18657.60259706397,-606.1058683560582,486,mvo_factor_neutral,1
2022-05-23,13477.217092632642,20000.000162948483,-500.00000007135014,486,mvo_factor_neutral,1
2022-05-24,-17367.38841247962,19680.243407193193,-808.8485010286819,486,mvo_factor_neutral,1
2022-05-25,14687.604576852204,19213.5508641795,-731.3886891311405,486,mvo_factor_neutral,1
2022-05-26,-3127.33113340884,18760.263213310016,-791.7254265458462,486,mvo_factor_neutral,1
2022-05-27,-16505.488776222945,18699.558237319015,-797.3820147208755,486,mvo_factor_neutral,1
2022-05-31,7739.276164584738,19999.999817845168,-448.05381689868415,486,mvo_factor_neutral,1
2022-06-01,62.110823502783006,20137.997613462798,8.747493802138667,486,mvo_factor_neutral,1
2022-06-02,-17906.46204564931,19235.436063654855,-849.8920724092308,486,mvo_factor_neutral,1
2022-06-03,1698.9564757369399,18951.036156150625,-661.566019219785,486,mvo_factor_neutral,1
2022-06-06,23125.484525988264,19999.997608453978,-499.99999976792094,486,mvo_factor_neutral,1
2022-06-07,-3978.6215567379936,19104.369089167405,-789.6748479445903,486,mvo_factor_neutral,1
2022-06-08,4351.899642715805,18519.211393992216,-115.83595127866269,486,mvo_factor_neutral,1
2022-06-09,-12799.742590612928,17415.534569248583,258.4329598582187,486,mvo_factor_neutral,1
2022-06-10,-933.6721006387011,16384.27989984502,415.3074251001118,486,mvo_factor_neutral,1
2022-06-13,-5524.457226366485,19999.99554360624,-499.9999997930149,486,mvo_factor_neutral,1
2022-06-14,7581.028384619753,20618.395187263075,-1712.4430683563462,486,mvo_factor_neutral,1
2022-06-15,28507.069044809756,19440.27184624659,-1361.321352624268,485,mvo_factor_neutral,1
2022-06-16,-7133.86031366976,20534.32014421475,-2573.121747879734,484,mvo_factor_neutral,1
2022-06-17,-4995.4650025951805,23206.947523359533,-4387.717773804746,484,mvo_factor_neutral,1
2022-06-21,27340.261728011694,19999.99830140879,-500.00000275913345,486,mvo_factor_neutral,1
2022-06-22,5485.680768127559,19791.485547843236,-536.8987681549263,486,mvo_factor_neutral,1
2022-06-23,-22667.003693538805,19744.688634756276,-915.7753822618407,486,mvo_factor_neutral,1
2022-06-24,-26932.803108582506,19896.729510934925,-921.8076781495179,486,mvo_factor_neutral,1
2022-06-27,11898.6804392959,19999.999930194113,-500.0000004660349,490,mvo_factor_neutral,1
2022-06-28,6614.44857626011,19685.641665475832,-516.4577802187815,490,mvo_factor_neutral,1
2022-06-29,2607.57248788735,19302.590363760948,-357.17058055465793,490,mvo_factor_neutral,1
2022-06-30,-1700.9387248338196,18949.35574056608,-468.9636423407264,490,mvo_factor_neutral,1
2022-07-01,-121.65867523368235,18941.884247601123,-711.2630890979967,489,mvo_factor_neutral,1
2022-07-05,-6991.627006825965,19999.999751880445,-500.00000038595743,490,mvo_factor_neutral,1
2022-07-06,15169.55690543857,19772.13879698113,-694.6716304660619,490,mvo_factor_neutral,1
2022-07-07,3161.0236769904277,19664.615925311566,-918.5764050856469,490,mvo_factor_neutral,1
2022-07-08,422.550143528971,19441.85187478799,-932.3266721859463,490,mvo_factor_neutral,1
2022-07-11,300.4318647012924,19999.999820987843,-500.00000132725154,490,mvo_factor_neutral,1
2022-07-12,6794.72408395031,19697.85852317185,-537.6084885541457,490,mvo_factor_neutral,1
2022-07-13,11586.608874540547,19307.343218900645,-528.0660897891299,490,mvo_factor_neutral,1
2022-07-14,-21577.32010932776,18710.7518870449,-702.2635228384822,490,mvo_factor_neutral,1
2022-07-15,27036.36116288032,18816.140205975462,-562.9457993285805,490,mvo_factor_neutral,1
2022-07-18,-37621.098614251896,20000.00093434581,-500.000000688346,495,mvo_factor_neutral,1
2022-07-19,-35991.257028820386,19947.24580452966,-1483.2324638946109,495,mvo_factor_neutral,1
2022-07-20,8432.771468873003,19809.713649717673,-1815.9528797116134,495,mvo_factor_neutral,1
2022-07-21,7353.783640986758,19650.417713809362,-1901.5312405692246,495,mvo_factor_neutral,1
2022-07-22,1304.7617246074742,19182.48046233218,-1897.819107308086,495,mvo_factor_neutral,1
2022-07-25,-5324.695933696955,19855.494428920905,-499.9999951077679,497,mvo_factor_neutral,1
2022-07-26,16258.485037900044,19858.176409825537,-30.487358434750302,497,mvo_factor_neutral,1
2022-07-27,3712.966531915872,18136.356933436782,178.27768262108043,496,mvo_factor_neutral,1
2022-07-28,-13905.542584905419,17542.236034679212,-501.16885816773384,496,mvo_factor_neutral,1
2022-07-29,36133.859554642906,17288.58465236812,-812.9342187518347,496,mvo_factor_neutral,1
2022-08-01,-34975.7277461093,20000.000609312054,66.41364098965181,497,mvo_factor_neutral,1
2022-08-02,-4260.875380719652,19980.51133301335,-583.2771563251782,497,mvo_factor_neutral,1
2022-08-03,12196.522849117695,19619.848517947947,-850.3577328111683,497,mvo_factor_neutral,1
2022-08-04,6533.685460003233,19038.436451142174,-1063.1177003487805,497,mvo_factor_neutral,1
2022-08-05,-3218.302673173401,18224.604096990133,-983.9696481429015,497,mvo_factor_neutral,1
2022-08-08,-13463.838618430234,19999.999517826305,83.73007538575861,498,mvo_factor_neutral,1
2022-08-09,17900.78803028267,19479.13329559332,-79.09686304092934,498,mvo_factor_neutral,1
2022-08-10,-283.9237825333143,19228.492252542736,-1027.1417994238784,498,mvo_factor_neutral,1
2022-08-11,15602.680341617512,19364.0114001886,-717.684262655559,498,mvo_factor_neutral,1
2022-08-12,-5906.592795337622,17734.801815074614,-1054.8559075005492,497,mvo_factor_neutral,1
2022-08-15,23781.882836752695,20000.000545854622,499.9999994746568,497,mvo_factor_neutral,1
2022-08-16,-25691.447903982233,19950.165366260902,476.1209145279871,497,mvo_factor_neutral,1
2022-08-17,-4218.398345942471,20413.068716958416,74.8944840442617,497,mvo_factor_neutral,1
2022-08-18,12965.198764994411,20159.93435504391,344.18550443997356,497,mvo_factor_neutral,1
2022-08-19,3460.098426770129,19887.537910542265,450.64270746027756,497,mvo_factor_neutral,1
2022-08-22,-3856.731584098477,19999.99933923288,499.9999974647061,498,mvo_factor_neutral,1
2022-08-23,-1135.9533290529205,20025.152091362852,1149.9205781950795,498,mvo_factor_neutral,1
2022-08-24,79.64747995441971,19413.034866022314,948.6516098627455,498,mvo_factor_neutral,1
2022-08-25,5715.997468906489,18144.662244730815,582.0306886229656,498,mvo_factor_neutral,1
2022-08-26,-12172.855085937219,19284.04945237131,1.6021248092720235,498,mvo_factor_neutral,1
2022-08-29,14663.41948715542,20000.0000598915,226.82827819056735,498,mvo_factor_neutral,1
2022-08-30,5275.880432695886,19636.507767395342,266.9645878659042,496,mvo_factor_neutral,1
2022-08-31,8902.372166846317,19307.681313237703,258.1440637976926,496,mvo_factor_neutral,1
2022-09-01,3382.8076396964466,19079.231759255552,197.24287894285314,496,mvo_factor_neutral,1
2022-09-02,-4232.997744509935,18747.78472673544,258.9602094742576,496,mvo_factor_neutral,1
2022-09-06,22099.239724951687,19999.99930570004,-499.99999501286567,499,mvo_factor_neutral,1
2022-09-07,8089.49738675663,19934.154664467238,-590.9903619430605,499,mvo_factor_neutral,1
2022-09-08,-20684.73647968698,20526.829342595876,-1540.4953804168922,499,mvo_factor_neutral,1
2022-09-09,-5171.185773952374,20737.10558931728,-2109.835583706817,499,mvo_factor_neutral,1
2022-09-12,-3580.4045883752437,20000.000428445423,-499.99874415343606,499,mvo_factor_neutral,1
2022-09-13,10235.969055440424,20962.6384671169,361.88310387891977,499,mvo_factor_neutral,1
2022-09-14,15757.028146445644,20658.751329850704,654.5351932702916,498,mvo_factor_neutral,1
2022-09-15,-16959.111017407897,20050.17398891138,646.053020636938,498,mvo_factor_neutral,1
2022-09-16,-5350.125905474141,19359.826584979048,325.37663934557196,498,mvo_factor_neutral,1
2022-09-19,14549.681705883368,19999.997984250684,-500.00000114641114,499,mvo_factor_neutral,1
2022-09-20,-11732.872207804347,20112.837587546295,-184.54959478233803,499,mvo_factor_neutral,1
2022-09-21,-15813.858129209133,19688.099379149175,-778.1336352596562,499,mvo_factor_neutral,1
2022-09-22,17372.405738335026,20448.06356183872,-90.19292469721746,499,mvo_factor_neutral,1
2022-09-23,12928.88204158736,21647.130184314545,1039.0105660085458,499,mvo_factor_neutral,1
2022-09-26,-27825.677060063674,19999.995552666594,-500.00000061704577,499,mvo_factor_neutral,1
2022-09-27,30527.33635725106,19756.672119952487,-22.606037769660432,499,mvo_factor_neutral,1
2022-09-28,-118728.43577387891,22057.373326391284,-1556.0355682772686,499,mvo_factor_neutral,1
2022-09-29,-21855.140485341213,21293.40622900381,-2853.337560615437,499,mvo_factor_neutral,1
2022-09-30,-20104.43801181156,21174.106273362595,-1845.7485520592586,498,mvo_factor_neutral,1
2022-10-03,36302.05846351498,19999.99856085358,-500.0000004532432,499,mvo_factor_neutral,1
2022-10-04,-5193.364570223024,19643.25067477798,-870.115715506271,498,mvo_factor_neutral,1
2022-10-05,-17224.770434789563,19417.380441122514,-980.5885759811775,498,mvo_factor_neutral,1
2022-10-06,2226.2125994254434,19270.00840757721,-1007.7117212334282,498,mvo_factor_neutral,1
2022-10-07,3185.6554413961553,18757.525903423146,-979.1472038706336,498,mvo_factor_neutral,1
2022-10-10,4124.8002919738,19999.99976625501,-500.00001011470533,498,mvo_factor_neutral,1
2022-10-11,3245.571742415704,19778.48981184033,-403.34846879369593,497,mvo_factor_neutral,1
2022-10-12,-13273.872473256635,19175.49105405632,-277.9965210236965,497,mvo_factor_neutral,1
2022-10-13,14196.888980174735,19096.612748136395,-581.1021657335483,497,mvo_factor_neutral,1
2022-10-14,906.7995256835436,18861.942027751986,-495.04793214278646,497,mvo_factor_neutral,1
2022-10-17,11063.78183060766,20000.000346773082,-499.9999992928563,497,mvo_factor_neutral,1
2022-10-18,-9777.344599992872,20149.38178153191,-965.1195836592753,497,mvo_factor_neutral,1
2022-10-19,-90.05483529961455,19789.83751062485,-801.9856638288617,497,mvo_factor_neutral,1
2022-10-20,-394.0356221138052,19760.873830149034,-1283.3254009935208,496,mvo_factor_neutral,1
2022-10-21,10217.33116584367,19526.735238651934,-1710.7897322672593,496,mvo_factor_neutral,1
2022-10-24,11168.297512224239,20000.00028330889,-500.0000004014895,497,mvo_factor_neutral,1
2022-10-25,16671.997061066217,19679.21342855029,-744.3689525778763,497,mvo_factor_neutral,1
2022-10-26,13252.692621284488,18266.79226223951,-492.59848371267225,497,mvo_factor_neutral,1
2022-10-27,-20238.55279831123,18515.849358969557,-987.0799262655236,497,mvo_factor_neutral,1
2022-10-28,3002.1340338398772,19574.77364865781,360.1925991610698,497,mvo_factor_neutral,1
2022-10-31,-3073.0898180034337,19999.999311826286,-369.9744809097002,498,mvo_factor_neutral,1
2022-11-01,4424.973138108292,19353.564577672056,-468.8756626794567,497,mvo_factor_neutral,1
2022-11-02,-5683.026356525158,19274.045861043753,-365.1265209209821,497,mvo_factor_neutral,1
2022-11-03,-15562.360227696416,18879.875297708873,13.555702793853548,497,mvo_factor_neutral,1
2022-11-04,3772.108983019391,18250.21633332937,-342.468108245528,497,mvo_factor_neutral,1
2022-11-07,282.15927227584666,20000.000319317565,379.81903916462755,497,mvo_factor_neutral,1
2022-11-08,5309.084028717148,19394.37627989767,482.3009333684249,497,mvo_factor_neutral,1
2022-11-09,-14989.72705855458,19258.85206714362,384.9493237783219,497,mvo_factor_neutral,1
2022-11-10,-17981.71241602577,18152.21024982187,698.5825287966791,497,mvo_factor_neutral,1
2022-11-11,-6128.148434127008,18458.76157968074,809.5833634933321,497,mvo_factor_neutral,1
2022-11-14,12070.563224854843,19999.999686308598,499.99999503552255,497,mvo_factor_neutral,1
2022-11-15,-8756.47099412167,19602.74413962898,111.07058201105487,497,mvo_factor_neutral,1
2022-11-16,6188.343911009433,19663.364434001833,-541.7155525689346,497,mvo_factor_neutral,1
2022-11-17,-7811.594118174869,19389.989800414318,-1116.8707769058185,497,mvo_factor_neutral,1
2022-11-18,3583.828936193325,18552.118351550773,-96.43063200755903,497,mvo_factor_neutral,1
2022-11-21,29648.107512479695,20000.000115514835,499.99999937989,497,mvo_factor_neutral,1
2022-11-22,-25851.545764283055,18419.33365339373,-630.9441510116329,497,mvo_factor_neutral,1
2022-11-23,18443.227494299594,18591.793546287834,196.38278253904457,497,mvo_factor_neutral,1
2022-11-25,550.4342141808278,18242.934156030035,1177.9555670510167,497,mvo_factor_neutral,1
2022-11-28,-40508.60629916243,20000.00007778212,499.9999998077324,497,mvo_factor_neutral,1
2022-11-29,9444.544019828249,19721.49560769721,463.0968943067294,497,mvo_factor_neutral,1
2022-11-30,-6702.0022694892195,19133.872435959594,662.8087425616887,497,mvo_factor_neutral,1
2022-12-01,11837.519383525785,18481.932515159795,468.1959002754626,497,mvo_factor_neutral,1
2022-12-02,-1894.8809710213131,18213.940362077057,656.3137487122377,497,mvo_factor_neutral,1
2022-12-05,-11181.959757412462,19999.99989917355,500.00000019823864,496,mvo_factor_neutral,1
2022-12-06,15488.1944627499,19881.605968295924,383.0217422907913,496,mvo_factor_neutral,1
2022-12-07,-25764.69359666189,19660.47691535497,299.8936059301657,496,mvo_factor_neutral,1
2022-12-08,1114.2661131906987,19203.899363123903,-48.78283737080581,496,mvo_factor_neutral,1
2022-12-09,11794.61452910252,19036.477887642093,92.76781429672715,496,mvo_factor_neutral,1
2022-12-12,-5678.718879189515,19999.9978488548,-154.0318912162001,497,mvo_factor_neutral,1
2022-12-13,8254.871303955075,19511.207052101312,-149.80244640747281,497,mvo_factor_neutral,1
2022-12-14,9358.758070237307,19039.204988817077,-337.27429465860604,497,mvo_factor_neutral,1
2022-12-15,2204.2588591818376,18556.011063000744,-651.8231423928154,497,mvo_factor_neutral,1
2022-12-16,-3595.0068608289816,18247.23032177945,-398.6669073572292,497,mvo_factor_neutral,1
2022-12-19,-3893.2343619347644,19999.999503737206,57.71989937821896,498,mvo_factor_neutral,1
2022-12-20,10623.834628564668,19453.29193605173,-20.13870958948934,498,mvo_factor_neutral,1
2022-12-21,-17639.341696442436,18981.58836073677,-449.92023315178614,498,mvo_factor_neutral,1
2022-12-22,19503.011034814357,18597.820591882242,-213.03010491448995,498,mvo_factor_neutral,1
2022-12-23,-9276.093123625613,18002.239110222312,-455.5246619713393,497,mvo_factor_neutral,1
2022-12-27,20156.72662498777,20000.00012636398,499.9999957021327,497,mvo_factor_neutral,1
2022-12-28,9282.315094386764,19445.954238290615,892.3232483035805,497,mvo_factor_neutral,1
2022-12-29,-21073.427504258336,19343.583177408073,192.63360358801145,497,mvo_factor_neutral,1
2022-12-30,2944.88673929736,18328.601845434547,82.5362133085559,497,mvo_factor_neutral,1
2023-01-03,9772.025046130035,19999.999657339988,499.9998598787968,495,mvo_factor_neutral,1
2023-01-04,-2060.1330772113083,19670.499850340504,546.9657870275579,495,mvo_factor_neutral,1
2023-01-05,3225.2884857084305,18884.105877546233,-52.5131322961776,495,mvo_factor_neutral,1
2023-01-06,5065.707879771464,18377.47412577534,-62.603368694704585,495,mvo_factor_neutral,1
2023-01-09,-1674.4402515610927,20000.000205905566,499.9999996859175,495,mvo_factor_neutral,1
2023-01-10,-6388.820452852893,19791.429921886567,721.8918392795408,495,mvo_factor_neutral,1
2023-01-11,-13821.34500437766,19051.610310149445,770.3221008713838,490,mvo_factor_neutral,1
2023-01-12,2066.2580835220892,19231.8894479397,315.2477802724629,490,mvo_factor_neutral,1
2023-01-13,9734.911116445202,18280.242746409705,-110.97195886505197,490,mvo_factor_neutral,1
2023-01-17,9359.921087370043,19999.999721111886,500.000000592214,490,mvo_factor_neutral,1
2023-01-18,-8665.64214200204,20618.80011099723,1103.159304075058,490,mvo_factor_neutral,1
2023-01-19,7972.398990461454,20690.88281843793,1496.285271097295,490,mvo_factor_neutral,1
2023-01-20,-24435.70620047225,20294.506898980606,1417.701569166748,490,mvo_factor_neutral,1
2023-01-23,-20769.499972578065,20000.00012557639,500.00000003630237,490,mvo_factor_neutral,1
2023-01-24,14465.947204680351,20415.571873224075,833.964697661213,490,mvo_factor_neutral,1
2023-01-25,50382.27644149884,21622.430648428028,1628.3734426282178,490,mvo_factor_neutral,1
2023-01-26,-58712.9978367677,20294.44163922254,-31.883571050160874,490,mvo_factor_neutral,1
2023-01-27,22766.251133862283,20512.843089171736,31.704352543549977,490,mvo_factor_neutral,1
2023-01-30,-38001.808343472825,19999.998858285577,500.0000000713591,490,mvo_factor_neutral,1
2023-01-31,10631.282070043735,19169.91156379221,417.74878081147557,490,mvo_factor_neutral,1
2023-02-01,-4086.4381181091812,19070.395375759283,230.7273761407179,490,mvo_factor_neutral,1
2023-02-02,-17635.851254631634,18998.29958424079,23.22059947430936,490,mvo_factor_neutral,1
2023-02-03,-2880.099770405414,19112.94926728296,40.227329923880426,490,mvo_factor_neutral,1
2023-02-06,-45374.97944805496,20000.000159467363,499.99999793221724,490,mvo_factor_neutral,1
2023-02-07,3179.315959652532,19812.805882009972,506.3030070542286,490,mvo_factor_neutral,1
2023-02-08,-2548.0725241226382,19239.652170325233,809.0199909214787,490,mvo_factor_neutral,1
2023-02-09,2677.561659037606,18828.87917695482,937.832836221524,490,mvo_factor_neutral,1
2023-02-10,-4955.625767586705,18623.72492203393,762.0184143123129,490,mvo_factor_neutral,1
2023-02-13,4158.53896827087,20000.00024097815,500.00000003800983,490,mvo_factor_neutral,1
2023-02-14,5579.815352073811,20165.31152064951,1205.790787618042,490,mvo_factor_neutral,1
2023-02-15,-17487.375340762326,18910.260030040463,381.4156931689449,490,mvo_factor_neutral,1
2023-02-16,-7303.239231987818,18405.125548617518,465.423810864062,490,mvo_factor_neutral,1
2023-02-17,8400.35303224367,18275.767477996946,-574.0284626170788,490,mvo_factor_neutral,1
2023-02-21,-2146.8670000792295,20000.000088757544,500.00000023582606,490,mvo_factor_neutral,1
2023-02-22,26268.013099028612,19723.967363120602,207.67480041263997,490,mvo_factor_neutral,1
2023-02-23,-6373.755255767926,19485.028214615515,753.348316952389,490,mvo_factor_neutral,1
2023-02-24,-19027.61854594594,19070.960367760537,-571.810560098203,490,mvo_factor_neutral,1
2023-02-27,9495.265717551116,20000.0000516867,500.0000002875373,490,mvo_factor_neutral,1
2023-02-28,1906.0973726933364,19521.415836211563,351.206992764561,490,mvo_factor_neutral,1
2023-03-01,-867.4570241360208,19161.56858018056,224.4009221002375,490,mvo_factor_neutral,1
2023-03-02,-11656.827932609089,18957.68069319144,240.86086773892217,490,mvo_factor_neutral,1
2023-03-03,5808.08320079338,18622.214682985414,512.6725368394171,490,mvo_factor_neutral,1
2023-03-06,-5680.705831421666,19999.999670018347,500.0000005567515,490,mvo_factor_neutral,1
2023-03-07,-9121.352804324326,19225.133812580876,526.660105476879,490,mvo_factor_neutral,1
2023-03-08,-5661.335724777037,18984.40800882694,343.8517713684186,490,mvo_factor_neutral,1
2023-03-09,-1277.8667693485488,18053.54588207077,-6.522782737676174,490,mvo_factor_neutral,1
2023-03-10,-24694.138246684695,17031.222437105087,292.0453716497691,490,mvo_factor_neutral,1
2023-03-13,-8009.618806867991,20000.000479330265,-499.9999991224558,490,mvo_factor_neutral,1
2023-03-14,-13422.010291112347,20613.67851563999,-4.3102794993480025,490,mvo_factor_neutral,1
2023-03-15,29273.846298149136,20499.160723204688,212.67338952535724,490,mvo_factor_neutral,1
2023-03-16,-29048.990911674337,20769.271285069346,387.7980980218389,490,mvo_factor_neutral,1
2023-03-17,12693.854271013097,19920.851811209213,273.1970673551959,489,mvo_factor_neutral,1
2023-03-20,-9634.356247510848,20000.000067154844,-500.00000010562627,489,mvo_factor_neutral,1
2023-03-21,38048.20628895986,21088.4532435146,-19.08299243016469,488,mvo_factor_neutral,1
2023-03-22,216.5604739505961,19217.64915681669,12.071573287415532,488,mvo_factor_neutral,1
2023-03-23,-52734.51311627773,18686.201564152994,-300.4769722771072,488,mvo_factor_neutral,1
2023-03-24,12614.904768215232,18546.8079891761,-333.8326257079662,488,mvo_factor_neutral,1
2023-03-27,30668.61819504145,20000.00032773018,-499.9999984494434,489,mvo_factor_neutral,1
2023-03-28,6714.817948509977,19621.6122061205,-592.9189575485091,489,mvo_factor_neutral,1
2023-03-29,18146.31561953706,19552.63979569146,-555.9608935483865,489,mvo_factor_neutral,1
2023-03-30,11495.25774692403,19129.084762992716,-403.15385475141187,489,mvo_factor_neutral,1
2023-03-31,36972.96924996154,19370.752319936648,309.6046747361747,489,mvo_factor_neutral,1
2023-04-03,38542.28577793867,20000.00075951142,499.99999333791567,489,mvo_factor_neutral,1
2023-04-04,3640.6839378639224,18982.256644913778,1173.2676890762082,488,mvo_factor_neutral,1
2023-04-05,-9737.817351895163,18613.905870095696,845.1543289260412,488,mvo_factor_neutral,1
2023-04-06,-4933.0302610829,18352.044874544586,694.1571845393399,488,mvo_factor_neutral,1
2023-04-10,10428.49143065539,20000.000638392485,499.999976703792,488,mvo_factor_neutral,1
2023-04-11,22468.720694161475,19737.080664999216,451.3999986105043,488,mvo_factor_neutral,1
2023-04-12,-2669.3027275401314,19221.44115280091,236.78074768179866,488,mvo_factor_neutral,1
2023-04-13,16178.860187673074,18857.770543490824,340.91618807179964,488,mvo_factor_neutral,1
2023-04-14,6246.607019992026,18595.548512789897,446.58440099047573,488,mvo_factor_neutral,1
2023-04-17,22169.349424480213,20000.000228693938,499.99966108715887,489,mvo_factor_neutral,1
2023-04-18,-1751.5261435008358,19656.83965510943,567.945117155401,489,mvo_factor_neutral,1
2023-04-19,-22054.11575319679,19414.642304874767,416.28327951650687,489,mvo_factor_neutral,1
2023-04-20,43666.570848465075,19204.2899464531,417.6984472852502,489,mvo_factor_neutral,1
2023-04-21,-16792.738121904014,18539.671741316553,856.0727469371697,489,mvo_factor_neutral,1
2023-04-24,1212.560202004028,20000.000458882627,499.99999968907525,489,mvo_factor_neutral,1
2023-04-25,-105599.89970765493,19679.59079997876,-132.82952320623727,489,mvo_factor_neutral,1
2023-04-26,-12141.788641158344,19876.7227118696,95.43181264784263,489,mvo_factor_neutral,1
2023-04-27,-2653.898778773051,19088.236130553312,1046.669917872281,489,mvo_factor_neutral,1
2023-04-28,-14360.562188947788,20768.317349112214,-686.2643619221492,489,mvo_factor_neutral,1
2023-05-01,6852.29495254359,19999.999784824515,499.99999971412274,489,mvo_factor_neutral,1
2023-05-02,-78906.67192356563,18461.220602039677,1531.2575635365924,489,mvo_factor_neutral,1
2023-05-03,-12267.560334010985,17975.382851563627,1603.9817315965468,488,mvo_factor_neutral,1
2023-05-04,-64640.67950440047,17217.51255468445,1902.401159484727,488,mvo_factor_neutral,1
2023-05-05,33281.19158270074,17989.099862033458,1444.2710278266582,488,mvo_factor_neutral,1
2023-05-08,9749.109411534071,19999.999908014088,499.999998162839,488,mvo_factor_neutral,1
2023-05-09,25607.395792197443,19749.885666096154,-26.00416169785426,488,mvo_factor_neutral,1
2023-05-10,27686.6918166659,19255.92926757123,89.66500555453995,488,mvo_factor_neutral,1
2023-05-11,2806.317828192277,18955.175259792795,388.87622348565344,488,mvo_factor_neutral,1
2023-05-12,9198.761272457123,18585.65034560223,69.37976551248919,488,mvo_factor_neutral,1
2023-05-15,13689.40315778765,20000.00031884236,499.99999754921345,488,mvo_factor_neutral,1
2023-05-16,-2578.405806841592,19618.125993463007,125.27774320322811,488,mvo_factor_neutral,1
2023-05-17,-22787.502250213423,19346.88534734273,449.6867510676964,488,mvo_factor_neutral,1
2023-05-18,14815.529779231843,19663.922145843488,-647.819783608969,488,mvo_factor_neutral,1
2023-05-19,-15799.768151765842,19753.498417634575,-1812.3708491515515,488,mvo_factor_neutral,1
2023-05-22,26302.59015023521,20000.000074920958,499.9999997395832,488,mvo_factor_neutral,1
2023-05-23,6608.757191080685,20366.91890384312,1141.1646558185382,488,mvo_factor_neutral,1
2023-05-24,20671.750186023757,20254.67450658657,1301.5128959652845,488,mvo_factor_neutral,1
2023-05-25,-10588.19733657777,20019.835495646108,1671.8105281199894,488,mvo_factor_neutral,1
2023-05-26,9729.430689189758,18869.710902612856,973.6661274066065,488,mvo_factor_neutral,1
2023-05-30,12032.546701929517,20000.000001063643,499.99999985219875,488,mvo_factor_neutral,1
2023-05-31,-9553.313813346871,19494.44825541096,585.9704403122446,487,mvo_factor_neutral,1
2023-06-01,24916.046162725266,19195.81821391407,403.65063558788523,487,mvo_factor_neutral,1
2023-06-02,-17001.133520404237,18928.850871305553,-16.379943654364947,487,mvo_factor_neutral,1
2023-06-05,45207.0651218378,20000.000193069714,499.99999993872325,488,mvo_factor_neutral,1
2023-06-06,-3554.1035117253714,18899.792122257222,897.5465900368382,488,mvo_factor_neutral,1
2023-06-07,-1224.2575546703142,18551.045221799304,936.848071410023,488,mvo_factor_neutral,1
2023-06-08,10230.250691012017,18139.708637668544,863.1353363206449,488,mvo_factor_neutral,1
2023-06-09,-12726.671988535456,18062.713942781895,778.6950099106035,488,mvo_factor_neutral,1
2023-06-12,1259.6614493921754,20000.000195369365,500.0000006149145,488,mvo_factor_neutral,1
2023-06-13,-369.0171315407371,20174.97005518367,1275.1612055572905,488,mvo_factor_neutral,1
2023-06-14,-5408.944610595092,20252.096875903975,1555.16413697661,488,mvo_factor_neutral,1
2023-06-15,-2087.475910389958,19365.44112906239,1582.7207230430888,487,mvo_factor_neutral,1
2023-06-16,10399.985757329687,18771.33733963161,1466.7742505099852,487,mvo_factor_neutral,1
2023-06-20,20351.43249734431,19999.99962951043,499.99999948701156,487,mvo_factor_neutral,1
2023-06-21,10355.709622108549,19970.61811351697,1192.237004217542,487,mvo_factor_neutral,1
2023-06-22,-17068.504434094215,19230.729422150525,1108.3415579611121,487,mvo_factor_neutral,1
2023-06-23,46.55701909755704,19192.120935450956,1080.330486283655,487,mvo_factor_neutral,1
2023-06-26,4159.408153852873,19999.999903193842,500.0000000302205,487,mvo_factor_neutral,1
2023-06-27,21072.74056017936,19246.45018390838,-149.1526866838048,487,mvo_factor_neutral,1
2023-06-28,-3651.506360934441,18867.73258346019,-105.6660223106913,487,mvo_factor_neutral,1
2023-06-29,9859.514245896902,17713.956029590165,-442.0006251553298,487,mvo_factor_neutral,1
2023-06-30,-342.4553436169077,16188.789644705888,-1250.747907471398,487,mvo_factor_neutral,1
2023-07-03,21767.719432873364,19999.99987877577,500.0000008790701,499,mvo_factor_neutral,1
2023-07-05,-3995.4236138645283,18878.097253618012,1143.1504880927557,498,mvo_factor_neutral,1
2023-07-06,-5477.264049710702,18693.96302428782,1077.8678049972832,498,mvo_factor_neutral,1
2023-07-07,-4380.58426750195,19346.050242593345,461.3368523534851,498,mvo_factor_neutral,1
2023-07-10,16477.11915794783,20000.00028056353,499.9999982450464,500,mvo_factor_neutral,1
2023-07-11,-4447.625558788245,19366.42954161085,409.9916397821877,500,mvo_factor_neutral,1
2023-07-12,4728.29334981335,18925.50866582905,303.1733147976615,500,mvo_factor_neutral,1
2023-07-13,-3849.19391561823,18425.64876880325,234.80622656763347,500,mvo_factor_neutral,1
2023-07-14,2467.0838924657605,18382.25719641112,354.0503078318767,500,mvo_factor_neutral,1
2023-07-17,-2821.4727316932062,19999.99983657101,500.0000004529608,500,mvo_factor_neutral,1
2023-07-18,-4147.8298903143,19196.04088188165,552.3596758298227,500,mvo_factor_neutral,1
2023-07-19,-16264.740185791217,18657.897003357233,1144.958390403911,500,mvo_factor_neutral,1
2023-07-20,5402.126518603318,18470.443974401325,219.51898556082057,500,mvo_factor_neutral,1
2023-07-21,2575.244713008875,18080.327920632502,299.97547259320675,500,mvo_factor_neutral,1
2023-07-24,-1966.3605624017177,20000.000273196132,499.9999998595205,500,mvo_factor_neutral,1
2023-07-25,-40899.75358066198,20355.805079229358,-341.91096592809583,500,mvo_factor_neutral,1
2023-07-26,18772.66227363939,20638.32890688083,-5.854131619817245,500,mvo_factor_neutral,1
2023-07-27,3219.70321945786,20426.781279733626,-455.68907098482015,500,mvo_factor_neutral,1
2023-07-28,21440.773657617174,18920.879203109653,-15.671875307155052,499,mvo_factor_neutral,1
2023-07-31,819.9943608824093,19999.999550191777,500.00000110233105,499,mvo_factor_neutral,1
2023-08-01,-7302.696905232317,19462.014919026537,651.8321088541237,499,mvo_factor_neutral,1
2023-08-02,6470.865970564414,18925.721108538426,731.2224627574118,499,mvo_factor_neutral,1
2023-08-03,-366.8724940500241,18598.42797813787,268.1327592355364,499,mvo_factor_neutral,1
2023-08-04,-1618.68577126436,17995.26714154345,-49.7340430024126,499,mvo_factor_neutral,1
2023-08-07,17469.79961384234,20000.00034008964,499.9999999709409,500,mvo_factor_neutral,1
2023-08-08,10356.151187462763,19741.33483166672,801.9334409730877,500,mvo_factor_neutral,1
2023-08-09,6389.82120955946,19693.716111748035,787.3439586587017,500,mvo_factor_neutral,1
2023-08-10,1793.6443847297344,18514.67056358003,87.36014400554386,500,mvo_factor_neutral,1
2023-08-11,-7361.342822798962,19675.57480952471,1159.2916734427517,500,mvo_factor_neutral,1
2023-08-14,-8186.977587832929,19999.99934486545,500.00000205227605,500,mvo_factor_neutral,1
2023-08-15,9108.473332118034,20795.807182059027,1316.5394183798187,500,mvo_factor_neutral,1
2023-08-16,11136.356925422799,20308.841690688074,1650.8984340163338,499,mvo_factor_neutral,1
2023-08-17,1986.3177768032353,20968.846274893956,2429.6290222702987,499,mvo_factor_neutral,1
2023-08-18,-14019.853691304774,20679.248818185002,2077.4649553266586,499,mvo_factor_neutral,1
2023-08-21,-22177.625661453767,19999.99953434736,499.99999993174083,500,mvo_factor_neutral,1
2023-08-22,6365.873472936066,20669.96171062385,71.3601443484461,500,mvo_factor_neutral,1
2023-08-23,85818.61877009746,21520.805123588492,-3.2250268194744365,500,mvo_factor_neutral,1
2023-08-24,-31361.307760036536,19855.826739326985,-454.9268303839039,500,mvo_factor_neutral,1
2023-08-25,4832.448537421913,20691.075992648777,-2048.0978360919994,500,mvo_factor_neutral,1
2023-08-28,-364.40506512590497,20000.000200866296,500.0000004760744,500,mvo_factor_neutral,1
2023-08-29,3542.0337657435107,19508.966242243605,543.5373408282802,500,mvo_factor_neutral,1
2023-08-30,-69.86151550739781,18924.08806609381,653.2420861002975,500,mvo_factor_neutral,1
2023-08-31,-14264.673287803771,18146.436196779363,1433.476874749458,500,mvo_factor_neutral,1
2023-09-01,9102.081652636687,18076.110191810334,819.7004328845667,500,mvo_factor_neutral,1
2023-09-05,-2429.273999762186,19999.99950788862,500.0000039382044,501,mvo_factor_neutral,1
2023-09-06,4840.348765187174,19605.00982216644,583.5389358744948,501,mvo_factor_neutral,1
2023-09-07,-9568.078457430365,19355.329113098156,434.31045306551044,501,mvo_factor_neutral,1
2023-09-08,2541.4819600494034,18849.504433182065,399.9757494679662,501,mvo_factor_neutral,1
2023-09-11,-7955.831725137029,20000.000300869207,500.00000067494835,501,mvo_factor_neutral,1
2023-09-12,-26091.12799372997,19243.34826342308,413.1432771552917,501,mvo_factor_neutral,1
2023-09-13,5224.718430994933,19113.448290034983,581.3413574189542,501,mvo_factor_neutral,1
2023-09-14,15067.85790200223,18760.876705942508,431.6077620555513,501,mvo_factor_neutral,1
2023-09-15,-19818.218698772504,18184.702025046237,217.43192568998654,501,mvo_factor_neutral,1
2023-09-18,17953.46298494743,20000.00037675501,499.99999937563564,501,mvo_factor_neutral,1
2023-09-19,-3647.832800833298,19693.620824466045,161.08066588618982,501,mvo_factor_neutral,1
2023-09-20,1806.7727485416292,19167.886783941787,384.4849675969935,501,mvo_factor_neutral,1
2023-09-21,-13531.017572835673,19385.115360556934,-465.51804906869927,501,mvo_factor_neutral,1
2023-09-22,12831.452566510668,19189.882043105397,-1356.9786571146235,501,mvo_factor_neutral,1
2023-09-25,-6313.917749552206,20000.00031059561,47.39943521497264,501,mvo_factor_neutral,1
2023-09-26,3403.955502177535,22735.162678940098,-1422.3085726676825,501,mvo_factor_neutral,1
2023-09-27,5341.000067667559,22554.195838800653,-2062.9925731218023,501,mvo_factor_neutral,1
2023-09-28,18300.770209764654,23189.045287657573,-1447.5913388664992,501,mvo_factor_neutral,1
2023-09-29,-8834.47043770301,22232.92767775753,-2371.0127489713764,501,mvo_factor_neutral,1
2023-10-02,-4030.389187188936,19999.999731040494,-499.99997462752543,501,mvo_factor_neutral,1
2023-10-03,-7781.237502037708,19329.831561574378,-359.56854512422944,501,mvo_factor_neutral,1
2023-10-04,9063.972331702616,19180.648417528686,-246.83415214617665,501,mvo_factor_neutral,1
2023-10-05,-3722.9390310024673,19093.385341920664,-512.9827268439959,501,mvo_factor_neutral,1
2023-10-06,-12384.674268147175,18278.797582433705,-627.234630500741,501,mvo_factor_neutral,1
2023-10-09,8836.465602360127,20000.0002477454,-500.0000000397807,500,mvo_factor_neutral,1
2023-10-10,1124.75615102442,20047.02471799081,-726.5057099902572,500,mvo_factor_neutral,1
2023-10-11,-9479.758395210925,19341.762803342324,-1392.0353618889712,500,mvo_factor_neutral,1
2023-10-12,-21678.299886908386,18737.11609131543,-741.1983671489138,500,mvo_factor_neutral,1
2023-10-13,-13160.24312471784,18768.42939334049,-1181.9794877994786,500,mvo_factor_neutral,1
2023-10-16,11157.471518139355,20000.000089737543,-500.00000010521615,501,mvo_factor_neutral,1
2023-10-17,-12584.358830736652,19563.808308124993,-490.5256731452667,501,mvo_factor_neutral,1
2023-10-18,-7872.663724280742,18813.38072027862,-308.58878976222394,501,mvo_factor_neutral,1
2023-10-19,15112.714838895374,18426.85514576478,-268.4288498809438,501,mvo_factor_neutral,1
2023-10-20,8666.01785641525,18605.39129186377,245.79361105139284,501,mvo_factor_neutral,1
2023-10-23,-6444.391663698332,20000.00016987086,-500.0000007614306,500,mvo_factor_neutral,1
2023-10-24,-21542.940686997616,20498.116185002797,-1673.299209280903,500,mvo_factor_neutral,1
2023-10-25,38247.614921707995,21063.168959410275,-1233.774400167097,500,mvo_factor_neutral,1
2023-10-26,-48048.351676489765,21933.143778611717,-2365.472899257091,500,mvo_factor_neutral,1
2023-10-27,10265.624728291854,22970.69682393897,-2274.138268438618,500,mvo_factor_neutral,1
2023-10-30,34371.327526427165,20000.000194146272,-500.0000004465698,500,mvo_factor_neutral,1
2023-10-31,-16723.597734074167,19544.44553698943,-653.4378252923494,500,mvo_factor_neutral,1
2023-11-01,4435.690697779498,18505.671221770455,-602.683273150361,500,mvo_factor_neutral,1
2023-11-02,-4021.161898441519,17947.091327588907,-481.29834409019213,500,mvo_factor_neutral,1
2023-11-03,-255.5058744765621,17739.31100835253,-1277.2880025397592,500,mvo_factor_neutral,1
2023-11-06,7889.31282802043,20000.000355653112,499.9999908321445,501,mvo_factor_neutral,1
2023-11-07,13361.230327011008,20543.207369827094,988.2778891401773,501,mvo_factor_neutral,1
2023-11-08,-20247.73786447336,19178.050969037005,1434.760543528638,500,mvo_factor_neutral,1
2023-11-09,5760.1127882017245,19824.759576877703,1607.9011078850601,500,mvo_factor_neutral,1
2023-11-10,-2033.4349705084023,19252.479449937873,1256.0960026937798,500,mvo_factor_neutral,1
2023-11-13,1529.1086997862785,19999.99991755919,499.9999996300678,501,mvo_factor_neutral,1
2023-11-14,-10557.888267603748,19861.81550738333,856.7868333460103,501,mvo_factor_neutral,1
2023-11-15,6662.5700957603885,20137.341678822995,883.0657285168668,501,mvo_factor_neutral,1
2023-11-16,16228.138800311755,19892.857754732388,822.5464218728265,501,mvo_factor_neutral,1
2023-11-17,-27831.1527677098,18730.571906465022,256.5596796330824,501,mvo_factor_neutral,1
2023-11-20,39341.791256271994,19999.99995812148,500.00000032408764,502,mvo_factor_neutral,1
2023-11-21,-1877.432959638714,20105.86013038349,1229.429117497508,502,mvo_factor_neutral,1
2023-11-22,21442.994537275332,18797.388719380717,1386.5671917661246,502,mvo_factor_neutral,1
2023-11-24,-13628.575674688302,17896.04739584047,1061.6938026669961,501,mvo_factor_neutral,1
2023-11-27,5990.7960655195675,20000.000144938112,500.00000000689664,501,mvo_factor_neutral,1
2023-11-28,-4273.732889266306,19831.581638096046,520.9479566335424,501,mvo_factor_neutral,1
2023-11-29,25406.023365245903,19243.169492588382,634.1571571115938,501,mvo_factor_neutral,1
2023-11-30,-5172.358673957434,18622.121479312726,514.8889428805186,501,mvo_factor_neutral,1
2023-12-01,-14017.400926411588,17447.670097845403,812.3896109381741,501,mvo_factor_neutral,1
2023-12-04,103.91485783093314,20000.00010168333,499.9999980437645,502,mvo_factor_neutral,1
2023-12-05,7685.77731246653,21074.44645134094,937.3124904036725,502,mvo_factor_neutral,1
2023-12-06,-4106.088753344325,19390.871905342432,281.83717864126373,502,mvo_factor_neutral,1
2023-12-07,23562.441908140936,20345.08718997587,1052.5979913692888,502,mvo_factor_neutral,1
2023-12-08,-13675.004988616118,20286.804426723276,751.7808356521008,502,mvo_factor_neutral,1
2023-12-11,2479.7221472440383,19999.999399492364,499.99999936506595,502,mvo_factor_neutral,1
2023-12-12,151.8554793661466,19330.946338309852,-449.3539421190123,502,mvo_factor_neutral,1
2023-12-13,-21529.788702887752,18542.071630901944,-645.6032291360004,502,mvo_factor_neutral,1
2023-12-14,-6162.241359435435,20877.076200769716,-2025.0573711091479,502,mvo_factor_neutral,1
2023-12-15,-13611.186084475894,21224.10861650911,-1796.5888307640714,501,mvo_factor_neutral,1
2023-12-18,22654.476834679775,19999.99964111457,499.99999035012786,501,mvo_factor_neutral,1
2023-12-19,-17942.471491175183,20977.38083155107,1587.5441331051456,501,mvo_factor_neutral,1
2023-12-20,62142.387071125704,22903.983790104685,2361.9670739646863,501,mvo_factor_neutral,1
2023-12-21,-149145.5962980765,24774.198929491464,-2865.877804750306,501,mvo_factor_neutral,1
2023-12-22,19744.575146327978,24453.343998887634,-2206.5814622637176,501,mvo_factor_neutral,1
2023-12-26,6893.1919002388095,20000.000206284556,-9.289215009184842,502,mvo_factor_neutral,1
2023-12-27,40468.00441879247,19947.249961280057,656.4467114009444,501,mvo_factor_neutral,1
2023-12-28,2853.5188968025773,18865.197368327914,568.8344648610936,501,mvo_factor_neutral,1
2023-12-29,3200.7534195644553,18991.505505258232,964.4413735165548,501,mvo_factor_neutral,1
2024-01-02,2298.4746030282768,19999.99988971014,-499.9999827643974,503,mvo_factor_neutral,1
2024-01-03,-9924.250347376244,19469.211168217313,-531.50766692814,503,mvo_factor_neutral,1
2024-01-04,2173.5829725334465,19156.38149695625,-356.9310308301331,503,mvo_factor_neutral,1
2024-01-05,16080.459585772243,18919.06928845657,-423.08138151128776,503,mvo_factor_neutral,1
2024-01-08,932.320996542201,19999.997623414674,-369.68901208865265,504,mvo_factor_neutral,1
2024-01-09,875.9944624814297,17217.548001176146,1125.5969718424278,504,mvo_factor_neutral,1
2024-01-10,3243.236816865758,16762.825948324175,1322.4761276244237,493,mvo_factor_neutral,1
2024-01-11,-8778.614431487156,16255.580324622848,1278.3015305030665,493,mvo_factor_neutral,1
2024-01-12,-218.70440541617938,15978.2762864241,1216.3372889987943,493,mvo_factor_neutral,1
2024-01-16,-7032.777925228521,19999.997549468597,499.999998055919,493,mvo_factor_neutral,1
2024-01-17,5897.828427621704,19452.35521234714,818.8871838147146,493,mvo_factor_neutral,1
2024-01-18,-4155.386101588085,19057.648244510463,936.3395840448554,493,mvo_factor_neutral,1
2024-01-19,-1488.2057579360953,18945.25962874841,521.2636255243254,493,mvo_factor_neutral,1
2024-01-22,2556.5249613343212,19999.999981608675,-115.51728665469633,493,mvo_factor_neutral,1
2024-01-23,-2664.1135572239796,20117.843749706015,-106.90227808556469,493,mvo_factor_neutral,1
2024-01-24,587.2988242896374,19609.384843764285,-810.3208125964693,493,mvo_factor_neutral,1
2024-01-25,14260.105333276697,19588.282512662136,-331.56236968176364,493,mvo_factor_neutral,1
2024-01-26,5403.278460053939,18583.1213757368,-579.6945476938699,493,mvo_factor_neutral,1
2024-01-29,-5301.747995081364,20000.00024583927,497.77764765203017,493,mvo_factor_neutral,1
2024-01-30,7055.562089731811,19380.496064884923,737.7547320810096,493,mvo_factor_neutral,1
2024-01-31,6018.639413547001,18932.83181277701,831.2954376405303,493,mvo_factor_neutral,1
2024-02-01,-1929.9729767934095,18677.751390057514,505.253623946544,493,mvo_factor_neutral,1
2024-02-02,4043.6103308038305,18480.854052102986,513.0948918687557,493,mvo_factor_neutral,1
2024-02-05,-12435.701415529744,20000.000022614568,42.659239967919646,493,mvo_factor_neutral,1
2024-02-06,7101.478851971275,19670.456317237557,549.9230262240382,493,mvo_factor_neutral,1
2024-02-07,-16807.967290053894,19568.74850513604,366.37192408434345,493,mvo_factor_neutral,1
2024-02-08,11993.047181026488,19204.240911798177,-129.1726909364455,493,mvo_factor_neutral,1
2024-02-09,-979.4956958927187,18952.815916319774,1.3579889596644816,492,mvo_factor_neutral,1
2024-02-12,7976.413302867578,19999.99995012445,499.99995199028615,492,mvo_factor_neutral,1
2024-02-13,26959.047521175693,18484.998502452105,1037.8683370408212,492,mvo_factor_neutral,1
2024-02-14,-1201.7297825321434,17827.43864942108,1027.1474518641287,492,mvo_factor_neutral,1
2024-02-15,-3337.8976847611393,18612.226887979305,-102.64528673676645,492,mvo_factor_neutral,1
2024-02-16,-1589.3473775186856,18763.191186790773,212.19269372504849,492,mvo_factor_neutral,1
2024-02-20,24024.135425473236,19999.999090365574,499.99999806014245,492,mvo_factor_neutral,1
2024-02-21,-10679.4860019678,19151.078256051867,-139.09965992039565,492,mvo_factor_neutral,1
2024-02-22,-37332.34934983247,17646.381333288107,-1378.305884085251,492,mvo_factor_neutral,1
2024-02-23,27057.392887743375,17277.544475836414,-935.3862147433089,492,mvo_factor_neutral,1
2024-02-26,1089.1729055812036,19999.999862783163,499.99999860098933,491,mvo_factor_neutral,1
2024-02-27,-8808.13857807036,19575.55536551133,553.0446356809198,491,mvo_factor_neutral,1
2024-02-28,12263.840894985964,19374.825508682392,369.10162350861907,491,mvo_factor_neutral,1
2024-02-29,-23009.687382071163,18665.785121253863,272.9395575214932,491,mvo_factor_neutral,1
2024-03-01,946.1440801277522,18344.391038029473,519.33378999886,491,mvo_factor_neutral,1
2024-03-04,-35847.44222638,20000.000358589183,499.9999940075456,492,mvo_factor_neutral,1
2024-03-05,29888.108104940937,21142.818048324265,703.0802976735379,492,mvo_factor_neutral,1
2024-03-06,-19594.616801341886,20435.780271275435,255.68580780756926,492,mvo_factor_neutral,1
2024-03-07,11873.174458546206,19516.174844767225,258.4501476726744,492,mvo_factor_neutral,1
2024-03-08,6876.767264080028,19472.48463406869,448.2777310811305,492,mvo_factor_neutral,1
2024-03-11,-2317.5074995710743,20000.000403063765,-499.9999982542782,492,mvo_factor_neutral,1
2024-03-12,-2442.6522441325915,19298.96758920674,900.7383038436808,491,mvo_factor_neutral,1
2024-03-13,23531.76409065674,18940.898395121585,1107.9297090798236,491,mvo_factor_neutral,1
2024-03-14,-2161.019957232902,19307.220081384552,1339.6957701123297,491,mvo_factor_neutral,1
2024-03-15,-16309.92072368856,18496.883683807457,1709.3904698112387,491,mvo_factor_neutral,1
2024-03-18,-10462.125329273664,20000.00021663461,-499.9999990767139,492,mvo_factor_neutral,1
2024-03-19,10665.354967606787,20135.342018020056,-1043.1443772365196,492,mvo_factor_neutral,1
2024-03-20,-16069.004230897674,18651.389125712103,-1411.3996256149667,492,mvo_factor_neutral,1
2024-03-21,4086.165639715323,20448.187095765126,-3720.7284721181572,492,mvo_factor_neutral,1
2024-03-22,-9402.79199564899,20786.90470255415,-4204.097204517215,492,mvo_factor_neutral,1
2024-03-25,-11110.370391539744,19999.999076725257,-499.9999509961707,492,mvo_factor_neutral,1
2024-03-26,26798.251809336674,21184.91842638794,690.1310872058664,492,mvo_factor_neutral,1
2024-03-27,5758.525322789422,19692.31390243189,995.6736941292295,492,mvo_factor_neutral,1
2024-03-28,-21099.93362455821,32734.854649293866,16819.479650679277,492,mvo_factor_neutral,1
2024-04-01,25651.63650506014,19999.99999356291,-4.816654889266116,492,mvo_factor_neutral,1
2024-04-02,-23165.013388269486,18216.657218438017,992.0780490408206,491,mvo_factor_neutral,1
2024-04-03,23919.921154708936,17884.930482685537,945.7258370539319,490,mvo_factor_neutral,1
2024-04-04,-13451.928307644072,17462.517146122147,865.562305148422,490,mvo_factor_neutral,1
2024-04-05,24198.486467241626,16882.320405879258,953.778392852454,490,mvo_factor_neutral,1
2024-04-08,-19838.86663122486,20000.000083211497,-499.9999984583705,491,mvo_factor_neutral,1
2024-04-09,3001.1158504489617,19749.934839946025,-553.2246175247656,491,mvo_factor_neutral,1
2024-04-10,-12398.388923600694,18795.02801928445,-629.5795329811265,491,mvo_factor_neutral,1
2024-04-11,86709.67844685585,18351.58852377695,-722.3483484304066,491,mvo_factor_neutral,1
2024-04-12,-19634.987174108424,17258.146806790886,-502.25974763569263,491,mvo_factor_neutral,1
2024-04-15,293.31108557653044,20000.00026002756,-499.99999971294375,491,mvo_factor_neutral,1
2024-04-16,-18271.380852834685,21301.66649916439,-786.0183163482101,491,mvo_factor_neutral,1
2024-04-17,-3156.430447777025,22342.97517520915,-548.4697615498193,491,mvo_factor_neutral,1
2024-04-18,-4742.20888210948,22786.7604568601,-840.5012427833599,491,mvo_factor_neutral,1
2024-04-19,569.5973947235865,22839.5007797923,-838.9445835005068,491,mvo_factor_neutral,1
2024-04-22,29488.12098510092,20000.000263119062,-499.9999997444677,492,mvo_factor_neutral,1
2024-04-23,-27051.883587292203,19166.328180524062,-887.5383835545135,492,mvo_factor_neutral,1
2024-04-24,14873.107030073135,19428.23694946048,-835.9711453609228,492,mvo_factor_neutral,1
2024-04-25,2981.1228590455694,18534.781994614623,-1141.5653908022964,492,mvo_factor_neutral,1
2024-04-26,-21595.98124444285,17740.28312261679,-626.1934172499363,492,mvo_factor_neutral,1
2024-04-29,1414.7927316987893,19999.99986179725,499.9999947498586,492,mvo_factor_neutral,1
2024-04-30,27917.76759258985,19696.021803488256,488.97250647324114,492,mvo_factor_neutral,1
2024-05-01,4991.6985336787175,19218.02081177261,515.3986836190298,492,mvo_factor_neutral,1
2024-05-02,-2891.4284600225187,18907.268083213443,588.4449520449543,492,mvo_factor_neutral,1
2024-05-03,15225.483350670216,18400.650049312277,555.4989626851541,492,mvo_factor_neutral,1
2024-05-06,4758.553909564592,20000.00021119095,499.99999995602946,492,mvo_factor_neutral,1
2024-05-07,3022.782654111996,20016.15457308669,-359.90563159297596,492,mvo_factor_neutral,1
2024-05-08,-7093.6988699366275,19258.890519409608,-379.22027382168113,492,mvo_factor_neutral,1
2024-05-09,10712.272705065541,18426.59088521529,44.31642497598698,492,mvo_factor_neutral,1
2024-05-10,-20055.92730121598,17995.53976854062,-395.6898241842622,492,mvo_factor_neutral,1
2024-05-13,9084.565226693117,20000.000104477032,499.9999998823334,491,mvo_factor_neutral,1
2024-05-14,-36313.51855268055,19269.746642565962,741.4423281779317,491,mvo_factor_neutral,1
2024-05-15,80439.83871906894,19764.685953231732,2205.922775094662,491,mvo_factor_neutral,1
2024-05-16,-48509.162111901394,18380.67651978547,1755.065946468663,491,mvo_factor_neutral,1
2024-05-17,45876.80197720096,18251.654826436235,2622.4252223787034,491,mvo_factor_neutral,1
2024-05-20,14345.412742208417,20000.00007981643,500.00000026033416,491,mvo_factor_neutral,1
2024-05-21,71129.97212783908,18979.301615436754,2280.1472199805535,491,mvo_factor_neutral,1
2024-05-22,-14975.457548506605,20935.355140175572,1707.7529809585624,491,mvo_factor_neutral,1
2024-05-23,7547.677344309519,21852.7173804342,2803.188709858807,491,mvo_factor_neutral,1
2024-05-24,-4846.226230917331,22266.507907240146,-1099.5121133623684,491,mvo_factor_neutral,1
2024-05-28,17905.305182019394,19999.999601815834,499.9999995575296,491,mvo_factor_neutral,1
2024-05-29,179.89180659456903,20758.53687253033,1607.4530693713568,491,mvo_factor_neutral,1
2024-05-30,-13095.4611897403,20805.787552786736,928.5100254255086,491,mvo_factor_neutral,1
2024-05-31,35993.71226861935,19479.78908882916,977.163471619767,491,mvo_factor_neutral,1
2024-06-03,-6761.818328571812,20000.000571216868,499.99999831289585,491,mvo_factor_neutral,1
2024-06-04,32287.267072106493,19287.39162854049,1029.9565285716171,489,mvo_factor_neutral,1
2024-06-05,-6587.822401045495,19166.407788644483,513.6718328505485,489,mvo_factor_neutral,1
2024-06-06,12239.631369000484,18679.840006098337,861.4731179198006,489,mvo_factor_neutral,1
2024-06-07,-19672.42318035556,18724.590774987373,223.1769344408026,489,mvo_factor_neutral,1
2024-06-10,-513.7738844324285,20000.000081977265,499.9999985330944,491,mvo_factor_neutral,1
2024-06-11,-2876.009885638473,19286.97618444178,133.97958023032498,491,mvo_factor_neutral,1
2024-06-12,16405.110467045633,18704.402469468245,859.4441042526546,491,mvo_factor_neutral,1
2024-06-13,-20319.391488242156,19536.02956119201,-1242.9542038595785,491,mvo_factor_neutral,1
2024-06-14,5225.780792531062,19793.089110304994,-1054.070722008297,491,mvo_factor_neutral,1
2024-06-17,6853.8187097025975,20000.00030382222,-269.4535412148161,491,mvo_factor_neutral,1
2024-06-18,27445.615291802802,19870.90126372056,678.4775073175837,491,mvo_factor_neutral,1
2024-06-20,-34602.49911256163,19586.652080256124,21.25887103512067,491,mvo_factor_neutral,1
2024-06-21,14027.499864982146,19253.849096161077,113.09942982058605,491,mvo_factor_neutral,1
2024-06-24,56202.528564047745,20000.000174776847,-27.99177923243754,491,mvo_factor_neutral,1
2024-06-25,-9792.51000039851,19969.593231339688,-356.7012010191329,491,mvo_factor_neutral,1
2024-06-26,-16689.442451178933,19565.51364132751,-169.02807046945807,491,mvo_factor_neutral,1
2024-06-27,-19127.205940270578,18592.747997662555,-580.1093279974344,491,mvo_factor_neutral,1
2024-06-28,46841.05957957837,18124.381767502484,84.86848728430921,491,mvo_factor_neutral,1
2024-07-01,-23345.326592397392,19999.999986568557,499.9995184702802,503,mvo_factor_neutral,1
2024-07-02,-2778.618303310131,21024.317546244576,-1138.5678113001588,501,mvo_factor_neutral,1
2024-07-03,3816.7632620589598,20600.37241928171,-1189.2697529783916,501,mvo_factor_neutral,1
2024-07-05,18672.02069046292,19835.548837606046,-1307.8453297688216,501,mvo_factor_neutral,1
2024-07-08,-25225.94377868886,19999.99987798941,-499.99998777080623,502,mvo_factor_neutral,1
2024-07-09,4146.098417901658,20053.985310170003,-184.56465927303904,502,mvo_factor_neutral,1
2024-07-10,9023.802739675055,20682.287038961207,761.8842090499973,502,mvo_factor_neutral,1
2024-07-11,15244.687696527122,19520.92768989667,605.5787764906677,502,mvo_factor_neutral,1
2024-07-12,-11487.111276398915,19325.847325882187,263.78108208047627,502,mvo_factor_neutral,1
2024-07-15,4124.229510551697,19999.999812862672,-483.56226145792994,502,mvo_factor_neutral,1
2024-07-16,34574.265521254085,23722.590508559966,2860.8606137723536,502,mvo_factor_neutral,1
2024-07-17,-3637.3175682067313,23379.922710393945,3896.7518935346575,502,mvo_factor_neutral,1
2024-07-18,-28626.587136487142,23296.348263743712,3307.738557146114,502,mvo_factor_neutral,1
2024-07-19,19066.43964146151,22762.80479172676,3458.1662884275247,502,mvo_factor_neutral,1
2024-07-22,-24217.196108323762,20000.000154744503,-499.9999994592382,502,mvo_factor_neutral,1
2024-07-23,-619.067111899851,19140.90152033935,-1021.4575603372211,502,mvo_factor_neutral,1
2024-07-24,10901.887639629806,18993.54051298152,-817.5032149336047,502,mvo_factor_neutral,1
2024-07-25,13361.00064637863,18200.891458950853,-727.6414351640127,502,mvo_factor_neutral,1
2024-07-26,-35884.92514735023,17625.749826058025,-2132.7394816855,502,mvo_factor_neutral,1
2024-07-29,24917.165554539766,19999.999878886694,-499.99950929389246,503,mvo_factor_neutral,1
2024-07-30,-18659.200952828174,18765.85681309479,-142.10843498538173,502,mvo_factor_neutral,1
2024-07-31,-15774.390516071526,18337.822238023415,-137.7412261688643,502,mvo_factor_neutral,1
2024-08-01,14499.272099431535,18130.61038561185,-224.6020108831246,502,mvo_factor_neutral,1
2024-08-02,110.11243922910369,17606.393748052284,-962.0354271601324,502,mvo_factor_neutral,1
2024-08-05,-11554.878379398842,20000.00030952378,-499.99999993466537,504,mvo_factor_neutral,1
2024-08-06,-1009.6602877733262,19481.34680868509,-443.89764581564555,503,mvo_factor_neutral,1
2024-08-07,-278.9748648818959,18399.347594719144,-204.37496383574833,503,mvo_factor_neutral,1
2024-08-08,7879.081451652982,18802.95672881547,-305.04607114957685,503,mvo_factor_neutral,1
2024-08-09,-4311.981433765887,18266.938807194896,-5.386573440894716,503,mvo_factor_neutral,1
2024-08-12,-4753.468338687101,20000.000129115637,-499.9999993340709,504,mvo_factor_neutral,1
2024-08-13,2396.88011047009,20316.832008406647,-369.98184419457476,504,mvo_factor_neutral,1
2024-08-14,1433.6111613170501,19329.14828659739,248.05299831888712,504,mvo_factor_neutral,1
2024-08-15,10809.34706888538,19589.391394843373,661.9622393239808,504,mvo_factor_neutral,1
2024-08-16,2670.3946227327033,18768.238709492605,224.07590204896152,504,mvo_factor_neutral,1
2024-08-19,3972.953303447462,19999.999866285176,499.9999991161897,504,mvo_factor_neutral,1
2024-08-20,-38121.13965267979,22441.580741412083,-473.6766732289277,504,mvo_factor_neutral,1
2024-08-21,-37531.25962102018,23819.902236796057,-2914.845488422037,504,mvo_factor_neutral,1
2024-08-22,-3962.8885750104864,24150.407884698026,-3165.2204438172535,504,mvo_factor_neutral,1
2024-08-23,-15268.396779324326,22903.509283636,-5196.976602147901,504,mvo_factor_neutral,1
2024-08-26,40942.37585164407,20000.000122995083,499.9999999011336,504,mvo_factor_neutral,1
2024-08-27,-39693.19936460386,20047.842595515336,-282.9659824461553,504,mvo_factor_neutral,1
2024-08-28,18544.565852636693,19324.677166060657,51.72090159179671,504,mvo_factor_neutral,1
2024-08-29,17509.38206672744,17969.26017627695,-429.46627949775063,504,mvo_factor_neutral,1
2024-08-30,14105.560294754725,17258.91015756847,-320.16039005533895,504,mvo_factor_neutral,1
2024-09-03,-35420.01655750764,20000.000184094828,499.9999998904257,504,mvo_factor_neutral,1
2024-09-04,-4655.591355322984,19894.441911759495,478.81386485276386,503,mvo_factor_neutral,1
2024-09-05,-2366.0525412703255,18899.819448340655,921.4576503288368,502,mvo_factor_neutral,1
2024-09-06,-30780.083272568623,19215.00269515593,465.66520472847617,502,mvo_factor_neutral,1
2024-09-09,16081.458042579054,19999.999641802202,-499.9999984040833,503,mvo_factor_neutral,1
2024-09-10,2450.91074767475,19174.064417869347,-865.5203668701109,503,mvo_factor_neutral,1
2024-09-11,-3332.266950691948,18800.533812652277,-1117.140191150343,503,mvo_factor_neutral,1
2024-09-12,-5788.481071067017,19506.686603625145,-854.928535824262,503,mvo_factor_neutral,1
2024-09-13,-4494.037763164119,19435.234638564914,-1321.3649124344113,503,mvo_factor_neutral,1
2024-09-16,14440.111526266983,20000.00029617856,-499.9999993231886,505,mvo_factor_neutral,1
2024-09-17,756.4423141145801,19915.557440874414,-329.5761336350391,505,mvo_factor_neutral,1
2024-09-18,-14749.131807736823,19566.90014899768,-492.7079201802879,505,mvo_factor_neutral,1
2024-09-19,16551.356707115836,18564.45196971269,-502.64345145833283,505,mvo_factor_neutral,1
2024-09-20,-33869.71177392027,18317.57482956997,-963.3251304154438,505,mvo_factor_neutral,1
2024-09-23,36115.790888820055,20000.00012304796,-499.9999991021824,505,mvo_factor_neutral,1
2024-09-24,-22823.46984168046,19336.283658337798,-621.3809036802479,505,mvo_factor_neutral,1
2024-09-25,-2541.4122224915864,20395.065514689773,-2356.308864181292,505,mvo_factor_neutral,1
2024-09-26,-29107.634332516238,20101.42141447765,-2635.849765940176,505,mvo_factor_neutral,1
2024-09-27,14364.85101405586,20160.912065247227,-2198.4095424548177,505,mvo_factor_neutral,1
2024-09-30,-12025.244015982134,20000.00032949135,-499.99999894078593,507,mvo_factor_neutral,1
2024-10-01,6140.840822710773,19503.019535003794,685.1551568799316,505,mvo_factor_neutral,1
2024-10-02,-462.5664113460656,19157.843662192878,727.6778279622037,505,mvo_factor_neutral,1
2024-10-03,9517.03920248304,18183.297875121018,446.15249134769715,505,mvo_factor_neutral,1
2024-10-04,-14931.647929782206,18198.91812269011,344.57010320607833,505,mvo_factor_neutral,1
2024-10-07,14545.444795236346,20000.00014500101,-499.9999998988088,505,mvo_factor_neutral,1
2024-10-08,-1219.5727192667014,19835.59148339202,-465.6880380430202,505,mvo_factor_neutral,1
2024-10-09,16578.02904598944,19177.144157728642,-355.9451232093158,505,mvo_factor_neutral,1
2024-10-10,-24567.469850208967,19308.888888951973,-1259.5969548156656,505,mvo_factor_neutral,1
2024-10-11,22204.27104418418,19224.348364797752,-1040.5235814175985,505,mvo_factor_neutral,1
2024-10-14,9058.603118477207,20000.0002502072,-499.99999959363134,506,mvo_factor_neutral,1
2024-10-15,-23487.467017827177,20549.093460026335,-1180.673572615595,506,mvo_factor_neutral,1
2024-10-16,1149.9320162671036,19640.473438392048,-614.5025584413326,506,mvo_factor_neutral,1
2024-10-17,13440.486423381795,18733.380278132834,-473.3489684634329,506,mvo_factor_neutral,1
2024-10-18,-32580.8112729482,19731.99458806572,-1909.665759125524,506,mvo_factor_neutral,1
2024-10-21,10912.611607901701,20000.000185807286,-499.99999880461945,506,mvo_factor_neutral,1
2024-10-22,40649.067803705315,21209.670113761764,511.8841674313719,506,mvo_factor_neutral,1
2024-10-23,-6050.670804558185,21789.48677287174,990.4064154977931,506,mvo_factor_neutral,1
2024-10-24,-13908.697196998735,20896.18181985108,883.7287508533688,506,mvo_factor_neutral,1
2024-10-25,21978.226247008064,20306.14964267788,-172.31253804159743,506,mvo_factor_neutral,1
2024-10-28,17370.45856824361,19999.999972413545,-499.9999996927144,506,mvo_factor_neutral,1
2024-10-29,-11539.02018880002,19548.052438215236,-390.5744785150227,505,mvo_factor_neutral,1
2024-10-30,14128.349500107845,19073.268277470874,-217.84223231429618,505,mvo_factor_neutral,1
2024-10-31,-3282.257032355604,18624.859566343137,-523.6837569878829,505,mvo_factor_neutral,1
2024-11-01,15110.283517682039,18268.301417225975,-601.4947785029115,505,mvo_factor_neutral,1
2024-11-04,-10443.359301721825,19999.999283621797,-499.9999954247437,506,mvo_factor_neutral,1
2024-11-05,14233.137357992015,19345.290449891843,-1303.6414629756246,506,mvo_factor_neutral,1
2024-11-06,535.3375182237949,17681.99301175754,-1076.450078639468,506,mvo_factor_neutral,1
2024-11-07,-7888.211459072487,17481.862843582774,-861.3859944316608,506,mvo_factor_neutral,1
2024-11-08,-3758.3819066476835,16910.314071482324,-1104.641041934721,506,mvo_factor_neutral,1
2024-11-11,-11073.907659109114,20000.000231472306,499.999999714037,507,mvo_factor_neutral,1
2024-11-12,12574.526596987636,19688.929631644492,-166.2041071224302,507,mvo_factor_neutral,1
2024-11-13,602.4156883109483,18377.96087634065,-186.74162608521243,507,mvo_factor_neutral,1
2024-11-14,-7351.568315601325,18608.94264017193,69.9836871376617,507,mvo_factor_neutral,1
2024-11-15,-11550.40686372596,18824.624525740743,-222.5752464424534,507,mvo_factor_neutral,1
2024-11-18,-15977.085014281947,20000.000107963788,61.53888745492045,507,mvo_factor_neutral,1
2024-11-19,2999.09017537656,20245.259996888904,-171.5078644614579,507,mvo_factor_neutral,1
2024-11-20,7280.7660042198395,23469.030495942294,2965.039195682279,507,mvo_factor_neutral,1
2024-11-21,31681.663508241752,26705.44473041776,-1774.9701618573567,507,mvo_factor_neutral,1
2024-11-22,13602.926251279168,26796.736505027286,-1326.3071411768037,507,mvo_factor_neutral,1
2024-11-25,-61552.80474132715,20000.000079032186,499.99999946118066,507,mvo_factor_neutral,1
2024-11-26,66733.43794775347,20297.43343468026,1498.323325458394,507,mvo_factor_neutral,1
2024-11-27,-20368.951723915474,19514.099294960204,1163.3964341558344,507,mvo_factor_neutral,1
2024-11-29,5458.2726180476875,18495.49825161135,924.2338262833956,507,mvo_factor_neutral,1
2024-12-02,-34017.14923808362,19999.999927037166,499.9999966452896,507,mvo_factor_neutral,1
2024-12-03,137.38540692244413,19679.201808647038,959.9931054035769,505,mvo_factor_neutral,1
2024-12-04,11462.0077024696,19252.58883164672,1038.2302593363358,505,mvo_factor_neutral,1
2024-12-05,2611.8451192887037,18756.902984890155,1024.895654955302,505,mvo_factor_neutral,1
2024-12-06,-6233.166815787298,18492.295263585336,543.1744586654179,505,mvo_factor_neutral,1
2024-12-09,3765.4630996848814,20000.000090613008,-16.425723996465777,505,mvo_factor_neutral,1
2024-12-10,-12861.387040238465,18947.939316811808,172.19015567948156,505,mvo_factor_neutral,1
2024-12-11,-6242.224712828324,18644.786770031602,247.71072284076232,505,mvo_factor_neutral,1
2024-12-12,8912.401659899655,18547.787860155502,304.9244322186241,505,mvo_factor_neutral,1
2024-12-13,-8347.544725692138,17914.47887034931,1.3744329643338427,505,mvo_factor_neutral,1
2024-12-16,13527.255013832479,20000.0001985183,-499.99999951483403,506,mvo_factor_neutral,1
2024-12-17,-4285.117154127933,19059.60292986975,-975.530348410017,506,mvo_factor_neutral,1
2024-12-18,50351.6034693219,18979.03316526593,-3450.788151984017,506,mvo_factor_neutral,1
2024-12-19,-58650.55179755033,20310.328491777134,-4936.189674402782,506,mvo_factor_neutral,1
2024-12-20,73505.6510846833,20990.55260595101,-4101.891044697289,506,mvo_factor_neutral,1
2024-12-23,-42730.2472920367,20000.000047438578,-499.99999955804464,506,mvo_factor_neutral,1
2024-12-24,24639.785850949003,20942.54729205367,-251.62739971603156,506,mvo_factor_neutral,1
2024-12-26,-12279.814860913859,19714.284150260293,-414.01826041754487,506,mvo_factor_neutral,1
2024-12-27,-4585.5014203839555,19002.08711257609,-772.448804216725,505,mvo_factor_neutral,1
2024-12-30,18363.40224996149,20000.000182161606,-499.99999967838966,505,mvo_factor_neutral,1
2024-12-31,18786.63942577593,19803.74583592025,-488.0145159464197,505,mvo_factor_neutral,1
2025-01-02,-12068.8773838422,19392.272226203608,-393.7578026214207,505,mvo_factor_neutral,1
2025-01-03,-2826.639060883482,18921.75414804704,-510.91837326652575,505,mvo_factor_neutral,1
2025-01-06,23133.872168452363,19999.998926376415,-499.9999918860889,505,mvo_factor_neutral,1
2025-01-07,-8635.411232284936,19726.3868514631,-883.1140136033492,505,mvo_factor_neutral,1
2025-01-08,-7122.463618511193,19578.702885969535,-298.5348613224534,505,mvo_factor_neutral,1
2025-01-10,-4997.992800228321,18572.11538463448,-1344.2508211835752,505,mvo_factor_neutral,1
2025-01-13,-15075.580048222764,20000.000335894027,-499.9999999882683,493,mvo_factor_neutral,1
2025-01-14,-4834.962861930135,19895.285982638976,-249.66401800396983,493,mvo_factor_neutral,1
2025-01-15,17707.368993538883,19227.139408501123,-270.0899473370926,493,mvo_factor_neutral,1
2025-01-16,2001.3718708234765,20136.366061590103,-1775.853120043598,493,mvo_factor_neutral,1
2025-01-17,12384.02486287512,19324.89356882586,-1685.5853610346758,493,mvo_factor_neutral,1
2025-01-21,-12171.315606147991,20000.00014971759,-499.99999729035494,494,mvo_factor_neutral,1
2025-01-22,9512.49646118288,19916.883114247194,-807.8197944602028,494,mvo_factor_neutral,1
2025-01-23,8556.670368584531,20940.861181631863,387.0457669637154,494,mvo_factor_neutral,1
2025-01-24,11537.939359305996,20362.11065088516,640.4915770709537,494,mvo_factor_neutral,1
2025-01-27,2713.0803877239887,19999.99993810946,-499.999995602866,494,mvo_factor_neutral,1
2025-01-28,12322.45538484325,19508.399868721284,-663.9088005200686,494,mvo_factor_neutral,1
2025-01-29,-3224.709788743417,19396.36210503282,-444.01162065526654,494,mvo_factor_neutral,1
2025-01-30,-3418.8965367805235,18068.28113208579,-1019.0592591792065,494,mvo_factor_neutral,1
2025-01-31,10817.128616446194,17880.28444211564,-425.03479663766655,494,mvo_factor_neutral,1
2025-02-03,-12054.352211652993,20000.000073744868,-499.9999988702903,494,mvo_factor_neutral,1
2025-02-04,-6225.249548010315,19853.975153085303,-522.0747045833025,494,mvo_factor_neutral,1
2025-02-05,10095.395428841915,19615.2512393775,-399.9586858982026,494,mvo_factor_neutral,1
2025-02-06,-33359.27837966273,19292.677970605706,-340.2168469257163,494,mvo_factor_neutral,1
2025-02-07,-5842.2486834876145,19043.25165692799,-222.36939155584508,494,mvo_factor_neutral,1
2025-02-10,-5441.8772622226115,20000.000049446306,-499.99999515315807,494,mvo_factor_neutral,1
2025-02-11,8370.76484514593,19416.92209897353,-449.8596080271698,494,mvo_factor_neutral,1
2025-02-12,261.9795307935933,19207.94996138445,-736.1968195593055,494,mvo_factor_neutral,1
2025-02-13,935.8826160980279,19034.50200661475,-689.0409945536865,494,mvo_factor_neutral,1
2025-02-14,4825.9800122005345,18412.90912034447,-678.5290338044922,494,mvo_factor_neutral,1
2025-02-18,-20597.569157638347,20000.000385577394,-499.9999984117865,494,mvo_factor_neutral,1
2025-02-19,-33280.32069547349,19551.08818347164,14.353340158833092,494,mvo_factor_neutral,1
2025-02-20,-9442.361471604407,20172.3928116031,701.2610623933582,494,mvo_factor_neutral,1
2025-02-21,10150.782529884364,20920.020272394122,198.16566383388712,494,mvo_factor_neutral,1
2025-02-24,1929.3777101287674,19999.99957825091,-499.99998872210034,494,mvo_factor_neutral,1
2025-02-25,20232.477506122872,18975.706418880454,-355.1461489492008,494,mvo_factor_neutral,1
2025-02-26,-5088.567409665019,19751.02274378778,-989.1443308570241,494,mvo_factor_neutral,1
2025-02-27,-10934.528952518054,19124.79410745953,-361.5784695575412,494,mvo_factor_neutral,1
2025-02-28,-5442.1380777469,18448.541022971684,-1170.3813217307415,494,mvo_factor_neutral,1
2025-03-03,-10272.301804702462,20000.00018294304,-499.9999993722663,494,mvo_factor_neutral,1
2025-03-04,3806.728608398461,20208.051550393404,-252.73159956685348,494,mvo_factor_neutral,1
2025-03-05,-8938.160666124853,19941.240254410477,-412.86043296274306,494,mvo_factor_neutral,1
2025-03-06,363.2117819810355,19516.78167038271,-545.6629795664966,494,mvo_factor_neutral,1
2025-03-07,-10070.198361224688,18825.762495049894,-779.332146145612,494,mvo_factor_neutral,1
2025-03-10,8146.763109177009,19999.999987964267,-500.000000226873,494,mvo_factor_neutral,1
2025-03-11,20123.120872324394,20551.58724255517,-755.8266869248541,494,mvo_factor_neutral,1
2025-03-12,-19919.859613684665,19831.719243817675,-1371.6077608658102,494,mvo_factor_neutral,1
2025-03-13,6280.401746964222,19810.118820386913,-469.9443610659052,494,mvo_factor_neutral,1
2025-03-14,10716.109985188737,19992.888210998466,313.10122503327267,494,mvo_factor_neutral,1
2025-03-17,-8966.826153754579,20000.000119134434,-500.00000027082075,494,mvo_factor_neutral,1
2025-03-18,5791.266246637456,20243.34469459625,-488.4094562561342,494,mvo_factor_neutral,1
2025-03-19,8830.1743919397,19270.408174472686,-345.7668259923634,494,mvo_factor_neutral,1
2025-03-20,-17864.994884147363,19171.72925018232,-1013.4922367289013,494,mvo_factor_neutral,1
2025-03-21,20972.953371485262,18412.971643580113,-321.05176480769296,494,mvo_factor_neutral,1
2025-03-24,-1341.0344815316578,20000.000220946946,-499.99999964705603,495,mvo_factor_neutral,1
2025-03-25,13433.427443817103,20600.303670190413,164.95473092268298,495,mvo_factor_neutral,1
2025-03-26,-16848.73622582179,19423.267096291158,159.59342083684314,495,mvo_factor_neutral,1
2025-03-27,17990.255613142963,18829.328020895526,-67.78670044341663,495,mvo_factor_neutral,1
2025-03-28,-43654.21422152619,37522.98560255167,1414.4682082162333,495,mvo_factor_neutral,1
2025-03-31,-2700.6820257322674,20000.00016894565,-500.00000000049477,495,mvo_factor_neutral,1
2025-04-01,14900.25296144684,19708.641138387182,-572.7407771412877,495,mvo_factor_neutral,1
2025-04-02,6880.509879984131,19246.001854962702,-446.11709003577886,495,mvo_factor_neutral,1
2025-04-03,-8675.44363999309,17753.922529979747,-461.6721702753468,495,mvo_factor_neutral,1
2025-04-04,-3685.82585132612,17608.19569665825,-616.4942937543033,495,mvo_factor_neutral,1
2025-04-07,9813.455535194442,20000.00023698528,-500.00000031381813,495,mvo_factor_neutral,1
2025-04-08,-43031.98578258247,19785.46933977441,-579.4620531260196,495,mvo_factor_neutral,1
2025-04-09,17966.71898205654,21604.843626540795,-474.6306115734876,495,mvo_factor_neutral,1
2025-04-10,-28951.5117492426,20876.498931142927,-835.7579720913163,495,mvo_factor_neutral,1
2025-04-11,9689.840403110045,21022.796573657914,-683.9830793144431,495,mvo_factor_neutral,1
2025-04-14,2856.7113035230154,20000.000467139354,-499.9999999501501,495,mvo_factor_neutral,1
2025-04-15,-9240.263763839515,19454.157010366507,-127.73190373246665,495,mvo_factor_neutral,1
2025-04-16,-5648.313347379368,19541.42743082556,43.85325891807909,495,mvo_factor_neutral,1
2025-04-17,18550.42704821206,18934.68333482405,-27.60974180045645,495,mvo_factor_neutral,1
2025-04-21,-4002.1542365582254,20000.000320535833,-499.99999907934915,495,mvo_factor_neutral,1
2025-04-22,7483.083887857182,20325.769478345428,-807.7992019120582,495,mvo_factor_neutral,1
2025-04-23,17609.61211301362,20211.99712641676,-256.5135650734556,495,mvo_factor_neutral,1
2025-04-24,-6867.995770218664,19726.40938310622,530.1839804549741,495,mvo_factor_neutral,1
2025-04-25,-5255.703068404226,19909.22702670381,1288.528450086096,495,mvo_factor_neutral,1
2025-04-28,-4104.19282097559,19999.99934511167,-499.9999969681392,495,mvo_factor_neutral,1
2025-04-29,3880.1490569782395,19355.83117703179,-208.3645015400103,495,mvo_factor_neutral,1
2025-04-30,-0.8047561593445972,18554.40748206371,-412.9582301154566,495,mvo_factor_neutral,1
2025-05-01,24716.926610425075,18737.591481504624,-435.6669241477336,495,mvo_factor_neutral,1
2025-05-02,-14042.764344021594,18687.25067158031,-1436.2871238003302,495,mvo_factor_neutral,1
2025-05-05,2020.1364316362256,19999.99909386362,-499.9999913189642,495,mvo_factor_neutral,1
2025-05-06,3795.205995670776,19781.803870248146,-542.5335926318133,495,mvo_factor_neutral,1
2025-05-07,-7021.695220707956,19249.345399232043,-581.6153480928369,495,mvo_factor_neutral,1
2025-05-08,12426.728920773223,18746.324031898646,-269.10125656041464,495,mvo_factor_neutral,1
2025-05-09,19560.64922701422,18682.14025841123,-81.06903265395239,495,mvo_factor_neutral,1
2025-05-12,-2677.5177883044034,19999.999515459225,325.38406201569677,495,mvo_factor_neutral,1
2025-05-13,48590.430151564455,21426.18964689407,404.26071447059644,495,mvo_factor_neutral,1
2025-05-14,-6784.425058051765,22259.411510291262,-301.1243862642849,495,mvo_factor_neutral,1
2025-05-15,22144.737079155577,21217.59972791613,-892.1075496263854,495,mvo_factor_neutral,1
2025-05-16,-8011.373557959978,21602.853925708336,-1838.2670153462857,495,mvo_factor_neutral,1
2025-05-19,-6406.7705898577,19999.997680644912,499.99999512130233,495,mvo_factor_neutral,1
2025-05-20,-7548.2171046573685,20787.344202597473,399.5160209535907,495,mvo_factor_neutral,1
2025-05-21,2526.470999960583,23411.07809968256,2531.918983099561,495,mvo_factor_neutral,1
2025-05-22,9391.964545075392,22005.02189792525,1840.3641803051285,495,mvo_factor_neutral,1
2025-05-23,-5291.265936316702,22604.040371562012,2857.3609340558614,495,mvo_factor_neutral,1
2025-05-27,-4583.062775390688,20000.000777120807,-499.9999926021133,495,mvo_factor_neutral,1
2025-05-28,8985.659258849984,19742.61092162146,-79.71580712250466,494,mvo_factor_neutral,1
2025-05-29,215.43547529292258,18892.87760157899,-595.8539687845806,494,mvo_factor_neutral,1
2025-05-30,-40987.995818185576,18450.066891211147,-3059.9844057580103,494,mvo_factor_neutral,1
2025-06-02,59395.22818827186,20000.000240571233,-499.99998843800483,494,mvo_factor_neutral,1
2025-06-03,12343.797261308791,19714.827570666253,-321.08896760948363,493,mvo_factor_neutral,1
2025-06-04,-8545.46869912683,19464.363054060264,-353.2127201658685,493,mvo_factor_neutral,1
2025-06-05,9225.547041441183,19508.590429244723,-672.9014863290557,493,mvo_factor_neutral,1
2025-06-06,-3781.4322043986567,19252.259795663795,-709.5648793150528,493,mvo_factor_neutral,1
2025-06-09,5085.341453252502,20000.00048143543,-499.9999857057608,494,mvo_factor_neutral,1
2025-06-10,-9023.974782098727,19556.090101111757,-453.7764911849753,494,mvo_factor_neutral,1
2025-06-11,7684.8573857420515,19819.41509223718,-149.20883309467433,494,mvo_factor_neutral,1
2025-06-12,-2614.359407706976,19784.779062935304,-122.70533383877505,494,mvo_factor_neutral,1
2025-06-13,4123.087955550319,19485.546197754822,-74.51563042435929,494,mvo_factor_neutral,1
2025-06-16,12956.704485025823,20000.000185500245,-499.9999990143104,494,mvo_factor_neutral,1
2025-06-17,-16281.082170619917,19585.853085655595,-573.1058786528207,494,mvo_factor_neutral,1
2025-06-18,9438.159486839233,19024.300712242126,-1194.2789536637317,494,mvo_factor_neutral,1
2025-06-20,1640.6338025551572,18157.48835359938,-1131.8397260421982,494,mvo_factor_neutral,1
2025-06-23,10839.52400063171,20000.000165776186,-499.9999993500555,494,mvo_factor_neutral,1
2025-06-24,-23112.566470849604,20090.007162072612,-386.04927807742456,494,mvo_factor_neutral,1
2025-06-25,-20559.259939651944,20378.39297143526,-201.02426475016975,494,mvo_factor_neutral,1
2025-06-26,-6206.031633260767,19848.73331944141,-57.383077627797235,494,mvo_factor_neutral,1
2025-06-27,8114.344139496596,19292.52190988776,470.6207211248009,494,mvo_factor_neutral,1
2025-06-30,-3954.9122884754124,20000.0000819886,-499.9999995075034,509,mvo_factor_neutral,1
