date,net_pnl,gross_vega,net_vega,positions,signal,book
2018-07-09,0.0,20000.0,1.4210854715202004e-13,94,vrp_raw,quantile
2018-07-10,-37.05598373520536,19531.76983360266,-96.97185401078286,94,vrp_raw,quantile
2018-07-11,3360.0721425181614,19570.110437704006,-152.34440134377942,94,vrp_raw,quantile
2018-07-12,-2974.3982084098343,19031.644345683497,-257.82909881556657,94,vrp_raw,quantile
2018-07-13,-3651.5665163685953,18441.79326717516,-275.88025785775756,94,vrp_raw,quantile
2018-07-16,1827.962842194456,20000.0,8.526512829121202e-14,92,vrp_raw,quantile
2018-07-17,-5063.722592025974,19339.096450646524,45.46517556093218,92,vrp_raw,quantile
2018-07-18,-4888.051690931185,18672.22118530507,-42.904366966119596,92,vrp_raw,quantile
2018-07-19,-2902.1442369554316,19550.163850404795,1405.4086222029625,92,vrp_raw,quantile
2018-07-20,-4830.799696146024,19133.519806822613,1557.1866834260434,92,vrp_raw,quantile
2018-07-23,-10425.558405237207,20000.0,2.842170943040401e-14,92,vrp_raw,quantile
2018-07-24,-1968.051879585732,19988.58820465428,237.3028851544616,92,vrp_raw,quantile
2018-07-25,-19095.77997154158,18338.40621362049,57.854824197602056,92,vrp_raw,quantile
2018-07-26,18496.957110088722,18290.271345305762,630.6456254104244,92,vrp_raw,quantile
2018-07-27,-16008.41940906796,17573.780145725264,471.0014219599113,92,vrp_raw,quantile
2018-07-30,-12445.50406724791,20000.0,0.0,94,vrp_raw,quantile
2018-07-31,16250.184104045506,19661.530077265164,-24.035890857854184,94,vrp_raw,quantile
2018-08-01,-17217.476597693632,19269.737572281236,180.99469400729717,94,vrp_raw,quantile
2018-08-02,9900.485623081197,18861.03587166449,304.642023452915,94,vrp_raw,quantile
2018-08-03,-22750.586790308073,18200.12699041416,511.26894483336395,94,vrp_raw,quantile
2018-08-06,935.9639399049312,20000.0,1.1368683772161603e-13,94,vrp_raw,quantile
2018-08-07,1619.5798876145109,19531.702354528315,-464.67135404654107,94,vrp_raw,quantile
2018-08-08,14452.616997449171,19375.556318634586,109.35727334844864,94,vrp_raw,quantile
2018-08-09,-95.10202794065424,18840.489623461483,-33.971311209051066,94,vrp_raw,quantile
2018-08-10,-11993.334760562228,19149.24524339853,758.0796507807165,94,vrp_raw,quantile
2018-08-13,-4674.157570678088,20000.0,-8.526512829121202e-14,94,vrp_raw,quantile
2018-08-14,-12927.388033705556,19652.560377721802,785.484543707775,94,vrp_raw,quantile
2018-08-15,439.49080106688336,19513.448742056764,1217.6534050771445,94,vrp_raw,quantile
2018-08-16,-4647.759948010144,18576.984508933096,974.2818789904231,94,vrp_raw,quantile
2018-08-17,-6022.81410559963,17792.567506283234,1058.7621020539993,94,vrp_raw,quantile
2018-08-20,-9380.826445634824,20000.0,-1.4210854715202004e-13,92,vrp_raw,quantile
2018-08-21,-2169.9105710179674,19380.33471355998,542.6447118283892,92,vrp_raw,quantile
2018-08-22,4937.777191807097,18920.249494340165,745.285634277398,92,vrp_raw,quantile
2018-08-23,-9206.664267429274,19489.598979637438,1975.9260119955816,92,vrp_raw,quantile
2018-08-24,6680.485749304007,19228.737607537732,2351.62406302463,92,vrp_raw,quantile
2018-08-27,2879.5996478204606,20000.0,0.0,94,vrp_raw,quantile
2018-08-28,-11083.603048959261,18927.923275345234,-625.6970793758776,94,vrp_raw,quantile
2018-08-29,11826.813706181027,23233.48353000408,5014.018097681113,94,vrp_raw,quantile
2018-08-30,16509.022177412102,23552.156056502936,5567.516261753565,94,vrp_raw,quantile
2018-08-31,10691.576226050993,22690.197267577045,5928.5828485424045,94,vrp_raw,quantile
2018-09-04,-10174.467484597268,20000.0,-1.1368683772161603e-13,92,vrp_raw,quantile
2018-09-05,3911.3669891819986,19993.987195740847,178.3782572577242,92,vrp_raw,quantile
2018-09-06,-5792.976503827939,19547.860447953117,527.0009468529852,92,vrp_raw,quantile
2018-09-07,-4333.172797522292,19119.35186434997,659.7802375806149,92,vrp_raw,quantile
2018-09-10,10432.340235180904,20000.0,2.842170943040401e-14,94,vrp_raw,quantile
2018-09-11,12240.506195549533,19821.24673818204,-26.228724171954752,94,vrp_raw,quantile
2018-09-12,998.5241900771297,19659.344832013503,-211.3859148162267,94,vrp_raw,quantile
2018-09-13,-10813.662382816987,19186.506028114858,-304.9733489673084,94,vrp_raw,quantile
2018-09-14,-98.65505717931683,18731.9924337418,-254.63041024006557,94,vrp_raw,quantile
2018-09-17,-607.3312103992233,20000.0,1.4210854715202004e-13,94,vrp_raw,quantile
2018-09-18,-14060.43825467764,19512.65689561423,46.77813589705488,94,vrp_raw,quantile
2018-09-19,6024.989178595857,19275.61674986968,-96.72535320656888,94,vrp_raw,quantile
2018-09-20,-13275.62093527974,18867.91908085047,-312.6871303180459,94,vrp_raw,quantile
2018-09-21,17539.456670592885,18309.707145408865,-180.16579836621193,94,vrp_raw,quantile
2018-09-24,-4416.772364103138,20000.0,-5.684341886080802e-14,92,vrp_raw,quantile
2018-09-25,4348.082186304637,19427.58647427529,-113.36922433708142,92,vrp_raw,quantile
2018-09-26,-2505.073084329975,18491.899246837536,-498.77686447404307,92,vrp_raw,quantile
2018-09-27,4422.055549345075,17845.988574636332,-432.1348442080396,92,vrp_raw,quantile
2018-09-28,-3753.9360485017014,16984.579605450068,-45.58424620607778,92,vrp_raw,quantile
2018-10-01,16570.774545722063,20000.0,8.526512829121202e-14,94,vrp_raw,quantile
2018-10-02,1044.8615726084267,19351.443512908165,71.25447659256804,94,vrp_raw,quantile
2018-10-03,210.71139092804356,19181.03107375945,71.65933125188849,94,vrp_raw,quantile
2018-10-04,-6151.997172622974,18520.093160253557,353.1425463982923,94,vrp_raw,quantile
2018-10-05,1005.8098373299076,17947.878981911796,260.16544599758987,94,vrp_raw,quantile
2018-10-08,264.2814104393659,20000.0,1.1368683772161603e-13,94,vrp_raw,quantile
2018-10-09,4452.670956796627,19070.36356333395,-28.03418737486402,94,vrp_raw,quantile
2018-10-10,-9689.165330215132,19163.481716193844,666.782514234441,94,vrp_raw,quantile
2018-10-11,13430.06826948061,19227.351836825947,1293.5940841378285,94,vrp_raw,quantile
2018-10-12,-6821.185384546022,19475.480003098735,679.927035709543,94,vrp_raw,quantile
2018-10-15,2627.8814347276525,20000.0,8.526512829121202e-14,94,vrp_raw,quantile
2018-10-16,-2877.47790958577,21113.996762580256,867.7198450545204,94,vrp_raw,quantile
2018-10-17,-7600.750247809949,20291.702114258267,863.7833608968255,94,vrp_raw,quantile
2018-10-18,13036.376250769976,19179.744753671894,331.22776830028545,94,vrp_raw,quantile
2018-10-19,-432.06592263728146,19728.911394408333,1295.0495746629026,94,vrp_raw,quantile
2018-10-22,-2729.31536375516,20000.0,-1.1368683772161603e-13,94,vrp_raw,quantile
2018-10-23,17005.70407741766,22083.195433118843,1072.1489683016712,94,vrp_raw,quantile
2018-10-24,-13898.335180544174,22514.261083056863,2220.8869629117485,94,vrp_raw,quantile
2018-10-25,16826.626442179506,23514.696924192547,2662.4702063146065,94,vrp_raw,quantile
2018-10-26,23810.054123122238,25558.419631566157,1555.6122280734496,94,vrp_raw,quantile
2018-10-29,-5240.23364372909,20000.0,5.684341886080802e-14,96,vrp_raw,quantile
2018-10-30,7875.488856496922,19933.137657294345,67.0023782858998,96,vrp_raw,quantile
2018-10-31,70234.64623558789,20865.672745089152,1391.2916733244854,96,vrp_raw,quantile
2018-11-01,17788.99048034957,20461.123895364668,1354.8408233211546,96,vrp_raw,quantile
2018-11-02,2100.040750390258,19932.539016002822,1424.1277148344236,96,vrp_raw,quantile
2018-11-05,2498.3023997940836,20000.0,5.684341886080802e-14,94,vrp_raw,quantile
2018-11-06,6194.6986352713275,19257.961702152472,16.766661746193506,94,vrp_raw,quantile
2018-11-07,-11151.52241264067,18215.6319596972,312.7720852558245,94,vrp_raw,quantile
2018-11-08,-7064.2862123668765,18185.901559328482,688.8955769397742,94,vrp_raw,quantile
2018-11-09,-6440.133917818867,18339.091846334177,1163.4451411407779,94,vrp_raw,quantile
2018-11-12,16109.760142709432,20000.0,0.0,94,vrp_raw,quantile
2018-11-13,-3738.9886164297172,19340.651739168443,353.1962514818903,94,vrp_raw,quantile
2018-11-14,11635.727099963537,19057.45560773525,443.68589654485197,94,vrp_raw,quantile
2018-11-15,9619.925006930824,18445.107419299147,505.6001031899674,94,vrp_raw,quantile
2018-11-16,-8325.81453216971,17938.062235603553,461.60348805226937,94,vrp_raw,quantile
2018-11-19,15460.021533142195,20000.0,1.7053025658242404e-13,94,vrp_raw,quantile
2018-11-20,-6026.957812193637,20345.74572869018,290.63767954884383,94,vrp_raw,quantile
2018-11-21,-2919.87277485903,20079.39582772909,310.53820828401905,94,vrp_raw,quantile
2018-11-23,-2699.972867301486,19064.621424574543,677.2491851478063,94,vrp_raw,quantile
2018-11-26,-1875.3619110235948,19999.999999999996,0.0,96,vrp_raw,quantile
2018-11-27,7397.116455671258,19062.342045733378,-21.152469747784096,96,vrp_raw,quantile
2018-11-28,-7899.113290148685,18504.186594008665,1390.3257776970713,96,vrp_raw,quantile
2018-11-29,-4076.4333451984758,19093.947445057238,1023.939884951939,96,vrp_raw,quantile
2018-11-30,9573.695287599498,17758.347065342736,1305.0063743740272,96,vrp_raw,quantile
2018-12-03,4162.057291844703,20000.0,5.684341886080802e-14,94,vrp_raw,quantile
2018-12-04,-5587.013817885855,18873.70519755928,118.42248290746403,94,vrp_raw,quantile
2018-12-06,7939.826586060579,18230.04876810825,253.8955589245127,94,vrp_raw,quantile
2018-12-07,-27.11236246890532,16897.184630254807,-79.05309700705686,94,vrp_raw,quantile
2018-12-10,-4031.2555676491265,20000.0,0.0,94,vrp_raw,quantile
2018-12-11,-26504.79935816134,19628.053221993552,-48.34219368787879,94,vrp_raw,quantile
2018-12-12,13357.764446443925,19793.715467866423,145.5890073257886,94,vrp_raw,quantile
2018-12-13,-9171.000704379865,18733.592747156315,360.0892753663877,94,vrp_raw,quantile
2018-12-14,4613.426857308906,17764.168171135654,-502.65323413254083,94,vrp_raw,quantile
2018-12-17,6196.535003770364,20000.0,-5.684341886080802e-14,94,vrp_raw,quantile
2018-12-18,-12458.660241356243,19550.85697656604,311.4163021861033,94,vrp_raw,quantile
2018-12-19,-2427.5062622320884,20754.506702518538,1479.9067866568678,94,vrp_raw,quantile
2018-12-20,5362.154950250431,21900.958376644157,1443.0468214046923,94,vrp_raw,quantile
2018-12-21,-14562.793105412653,21839.247130416115,1110.9816995497351,94,vrp_raw,quantile
2018-12-24,-6713.726005332955,20000.0,2.842170943040401e-14,94,vrp_raw,quantile
2018-12-26,10614.815578911795,21318.27141582368,386.0754072940531,94,vrp_raw,quantile
2018-12-27,16459.995428494138,21259.449148751035,706.1068071986683,94,vrp_raw,quantile
2018-12-28,683.4142199898744,20682.756247627014,474.817034059202,94,vrp_raw,quantile
2018-12-31,-7639.04491289597,20000.0,-5.684341886080802e-14,96,vrp_raw,quantile
2019-01-02,1937.0972966044937,19549.54163754938,-0.5689040281283724,96,vrp_raw,quantile
2019-01-03,9262.48126563277,19135.738682287923,-111.28914219112974,96,vrp_raw,quantile
2019-01-04,-10021.38666854236,19313.27462354779,-49.11418812891358,96,vrp_raw,quantile
2019-01-07,-1960.952379372317,20000.0,-1.4210854715202004e-13,96,vrp_raw,quantile
2019-01-08,249.27244698528136,19528.279329870882,-99.72785816291633,96,vrp_raw,quantile
2019-01-09,6115.488783615072,19451.6140713824,-217.5066766267863,96,vrp_raw,quantile
2019-01-10,-10169.72613614228,18791.585754171076,-342.05617250338,96,vrp_raw,quantile
2019-01-11,-1783.5810559051076,18050.747494182124,-145.9726838291206,96,vrp_raw,quantile
2019-01-14,-3385.6186715626045,20000.0,-2.842170943040401e-14,94,vrp_raw,quantile
2019-01-15,-2952.715592461535,19150.713212211947,-252.99495563502808,94,vrp_raw,quantile
2019-01-16,562.6721729224308,18907.171521007633,49.547856368785745,94,vrp_raw,quantile
2019-01-17,-21117.118474486993,20075.08888207603,1573.9477160179008,94,vrp_raw,quantile
2019-01-18,18393.68810665102,18328.090300972828,1708.5509289540446,94,vrp_raw,quantile
2019-01-22,5418.232938460395,20000.0,0.0,94,vrp_raw,quantile
2019-01-23,-31490.552493516647,19920.50945577373,-554.044748425579,94,vrp_raw,quantile
2019-01-24,17951.106984965998,20887.445564637437,565.3139908121698,94,vrp_raw,quantile
2019-01-25,-35741.08685053796,22259.584288210637,1018.1478082801577,94,vrp_raw,quantile
2019-01-28,25652.61959282255,20000.0,-8.526512829121202e-14,94,vrp_raw,quantile
2019-01-29,-4362.376265767791,20384.684211195294,659.0854260085962,94,vrp_raw,quantile
2019-01-30,-4886.085506528556,19895.288948609472,829.8302438398352,94,vrp_raw,quantile
2019-01-31,-8420.65957334935,19198.969686927543,976.0510177182707,94,vrp_raw,quantile
2019-02-01,-2758.029360487684,19110.55220674947,516.6164546250807,94,vrp_raw,quantile
2019-02-04,-5126.142049938773,20000.0,-2.842170943040401e-14,94,vrp_raw,quantile
2019-02-05,-7288.310440157766,19624.67285031152,-704.6630498455797,94,vrp_raw,quantile
2019-02-06,7115.651476601963,19852.587674637107,-628.9687304980587,94,vrp_raw,quantile
2019-02-07,-7838.515653307193,20211.66457995291,-277.7967614461381,94,vrp_raw,quantile
2019-02-08,4952.616610774565,19612.833183927738,-314.3646949514763,94,vrp_raw,quantile
2019-02-11,3242.757010232933,20000.0,5.684341886080802e-14,94,vrp_raw,quantile
2019-02-12,15550.44834679467,19462.49433194868,-329.4795239524402,94,vrp_raw,quantile
2019-02-13,-2505.417680850558,18352.44522081914,-858.2649293113946,94,vrp_raw,quantile
2019-02-14,328.5772586949236,17965.026231569733,-426.3006072597722,94,vrp_raw,quantile
2019-02-15,-15893.504033769534,16924.24925720513,-1149.4642337989715,94,vrp_raw,quantile
2019-02-19,5514.2893890514715,20000.0,-2.842170943040401e-14,94,vrp_raw,quantile
2019-02-20,-9766.55066611994,20570.929260841636,-1045.9448845581974,94,vrp_raw,quantile
2019-02-21,395.8091223864773,19942.627077317327,-1420.1968590014887,94,vrp_raw,quantile
2019-02-22,-7199.706971933808,17795.669802846478,-1334.7283048402319,94,vrp_raw,quantile
2019-02-25,-17862.719005899835,19999.999999999996,-2.842170943040401e-14,96,vrp_raw,quantile
2019-02-26,1338.8574024439465,19760.981408854026,7.597082537692131,96,vrp_raw,quantile
2019-02-27,-5553.244404779417,19343.925480843776,99.61657445139096,96,vrp_raw,quantile
2019-02-28,-4376.866146037598,19050.235985884196,243.35375724309813,96,vrp_raw,quantile
2019-03-01,223.11816728303825,18431.295910221954,457.5762878559581,96,vrp_raw,quantile
2019-03-04,-5860.1883642572975,20000.0,-8.526512829121202e-14,96,vrp_raw,quantile
2019-03-05,8961.940714148235,19467.285958560515,209.41141043860458,96,vrp_raw,quantile
2019-03-06,3726.765949869383,18931.900376777732,669.6091194439847,96,vrp_raw,quantile
2019-03-07,1632.5975285808202,18192.533843503406,603.9825362679926,96,vrp_raw,quantile
2019-03-08,5776.179493195517,18408.920052855938,990.2053780785513,96,vrp_raw,quantile
2019-03-11,-8421.02845830185,19999.999999999996,-5.684341886080802e-14,96,vrp_raw,quantile
2019-03-12,4150.327844744405,20376.50568744063,-3.3845601109362065,96,vrp_raw,quantile
2019-03-13,2101.390570701269,20045.78354719788,123.06766692581039,96,vrp_raw,quantile
2019-03-14,45.07795272678838,19527.914438249358,173.3642140059123,96,vrp_raw,quantile
2019-03-15,-4574.2259807512555,18617.199205253663,72.82484378156221,96,vrp_raw,quantile
2019-03-18,3850.013487436201,20000.0,-2.842170943040401e-14,94,vrp_raw,quantile
2019-03-19,-1785.079685168876,19767.849137780682,239.20137574920938,94,vrp_raw,quantile
2019-03-20,-6007.264901034589,19201.459687338276,-295.66946005562994,94,vrp_raw,quantile
2019-03-21,-6990.897235731317,18926.9872110727,301.2645727373193,94,vrp_raw,quantile
2019-03-22,1236.4565322999906,18516.545855328503,484.12140106857044,94,vrp_raw,quantile
2019-03-25,-3297.6613608299667,20000.0,1.1368683772161603e-13,94,vrp_raw,quantile
2019-03-26,20317.293479178727,20323.307934721593,1628.2440875715795,94,vrp_raw,quantile
2019-03-27,9915.497169161408,19290.70239218708,1418.256755974519,94,vrp_raw,quantile
2019-03-28,-31350.99348208021,19689.95067086334,-981.3400624754092,94,vrp_raw,quantile
2019-03-29,7497.225329191358,42679.11222280792,3432.2999919543645,94,vrp_raw,quantile
2019-04-01,11827.421542505514,20000.0,-5.684341886080802e-14,96,vrp_raw,quantile
2019-04-02,4637.076196839115,19611.7460172237,-7.622758630264229,96,vrp_raw,quantile
2019-04-03,737.3329310984398,19080.518089389017,-140.8129680909614,96,vrp_raw,quantile
2019-04-04,507.32376314405957,18635.704993229618,-140.48704854314028,96,vrp_raw,quantile
2019-04-05,271.62996867090584,18513.376679800014,123.39707788174553,96,vrp_raw,quantile
2019-04-08,2444.469932011818,20000.0,-5.684341886080802e-14,94,vrp_raw,quantile
2019-04-09,-4749.046909928663,20418.809853963066,648.1566569309593,94,vrp_raw,quantile
2019-04-10,7230.078195776162,19613.557216578833,364.181516547607,94,vrp_raw,quantile
2019-04-11,575.2224153671698,19099.196765698875,144.3309551723227,94,vrp_raw,quantile
2019-04-12,10839.155521462691,17755.849389090963,-522.0233598615099,94,vrp_raw,quantile
2019-04-15,-3616.7017659420444,19999.999999999996,2.842170943040401e-14,96,vrp_raw,quantile
2019-04-16,-8318.581050228684,18788.552552217097,-762.3145405689573,96,vrp_raw,quantile
2019-04-17,-15824.44696474671,17669.143243267776,-786.5779575870104,96,vrp_raw,quantile
2019-04-18,6848.0414023438025,17410.1759759883,-627.4891592973802,96,vrp_raw,quantile
2019-04-22,-2342.837127641735,20000.0,-1.1368683772161603e-13,94,vrp_raw,quantile
2019-04-23,-22616.914079252394,21443.55945595517,1600.7939399720537,94,vrp_raw,quantile
2019-04-24,12883.701008349435,20882.553595935202,1741.807949903801,94,vrp_raw,quantile
2019-04-25,-6593.21721968402,20484.733666251897,2024.01176335588,94,vrp_raw,quantile
2019-04-26,9373.302750072044,18709.135321989208,1141.300070937014,94,vrp_raw,quantile
2019-04-29,5784.727520460057,20000.0,8.526512829121202e-14,96,vrp_raw,quantile
2019-04-30,1674.0247275171032,19651.612879556356,-56.70099581139203,96,vrp_raw,quantile
2019-05-01,9687.215058980295,19233.65967614229,15.282652724288539,96,vrp_raw,quantile
2019-05-02,9895.366078959942,18735.543546131248,-66.87613284351536,96,vrp_raw,quantile
2019-05-03,5410.520350472071,18471.207062696172,-72.60073780972334,96,vrp_raw,quantile
2019-05-06,-2610.4054432372495,20000.0,-1.1368683772161603e-13,94,vrp_raw,quantile
2019-05-07,7285.155050028011,19857.03845808681,741.7017268147292,94,vrp_raw,quantile
2019-05-08,6392.7727382092935,19427.394236717846,698.2672581960192,94,vrp_raw,quantile
2019-05-09,-1252.9034282344728,18821.46808105208,561.3290292058582,94,vrp_raw,quantile
2019-05-10,-222.11058553111585,18298.392802378556,428.496315811262,94,vrp_raw,quantile
2019-05-13,-2117.393928788177,20000.0,1.7053025658242404e-13,94,vrp_raw,quantile
2019-05-14,4425.871132843179,21934.14911469678,1923.7669063681471,94,vrp_raw,quantile
2019-05-15,5548.101533219622,21453.12596597453,1703.921481583047,94,vrp_raw,quantile
2019-05-16,-3819.6849839354345,20632.994652388712,1014.195019340756,94,vrp_raw,quantile
2019-05-17,5089.370005190409,20542.318065877167,730.0675486250409,94,vrp_raw,quantile
2019-05-20,118.00290744128682,20000.0,2.842170943040401e-14,94,vrp_raw,quantile
2019-05-21,1680.264747287038,20347.801890089548,-54.18624338550899,94,vrp_raw,quantile
2019-05-22,626.3093669620239,19957.745896152926,8.971321979116851,94,vrp_raw,quantile
2019-05-23,3934.2802049465868,20122.28988163138,1840.5275398977851,94,vrp_raw,quantile
2019-05-24,4962.452574685561,19339.67830443267,1695.0559143666228,94,vrp_raw,quantile
2019-05-28,-475.9509462533905,20000.0,-1.7053025658242404e-13,94,vrp_raw,quantile
2019-05-29,-6882.067530547074,19912.50626871274,1126.257218427886,94,vrp_raw,quantile
2019-05-30,5552.438507285956,20661.55470245448,966.2011995528485,94,vrp_raw,quantile
2019-05-31,996.2343287170957,20582.799773233306,39.55670479894735,94,vrp_raw,quantile
2019-06-03,11865.372174292379,19791.666666666664,208.33333333333314,95,vrp_raw,quantile
2019-06-04,-3634.2414866390927,19454.32906894364,273.1354051865884,95,vrp_raw,quantile
2019-06-05,550.8768471300008,18884.810710590773,329.46660408401414,95,vrp_raw,quantile
2019-06-06,692.675438052139,18332.79126103321,309.8322367939753,95,vrp_raw,quantile
2019-06-07,1774.6812365206233,17656.183743513455,432.1852677322254,95,vrp_raw,quantile
2019-06-10,997.3426914105804,20000.0,8.526512829121202e-14,95,vrp_raw,quantile
2019-06-11,727.8797893098163,19566.68302018175,-296.8804600630243,94,vrp_raw,quantile
2019-06-12,-1090.7574220874003,19280.03160377355,-202.62644289283986,94,vrp_raw,quantile
2019-06-13,-1839.1176576782307,18588.934436181666,-295.36900558320514,94,vrp_raw,quantile
2019-06-14,1116.8666353666185,18872.6353483615,112.58331515535488,94,vrp_raw,quantile
2019-06-17,-4774.2393443347455,19787.23404255319,212.76595744680836,93,vrp_raw,quantile
2019-06-18,-3482.211270910766,18611.216298749296,215.47999075842992,93,vrp_raw,quantile
2019-06-19,-7369.361122533273,17700.63918286726,202.5588737062525,93,vrp_raw,quantile
2019-06-20,5391.765098299787,17407.210101672943,503.08458838295155,93,vrp_raw,quantile
2019-06-21,3092.862413380791,16621.91965559659,986.655423206291,93,vrp_raw,quantile
2019-06-24,1839.287542301744,20000.0,-5.684341886080802e-14,94,vrp_raw,quantile
2019-06-25,4180.633450755399,20680.705482729267,745.460646834713,94,vrp_raw,quantile
2019-06-26,68.65674086276272,20013.870345136656,93.00546513333518,94,vrp_raw,quantile
2019-06-27,907.0094385222005,18982.239858060737,1124.129165139242,94,vrp_raw,quantile
2019-06-28,-6218.368172491729,17901.39742948432,611.843752030456,94,vrp_raw,quantile
2019-07-01,-3701.481019657084,20000.0,-2.842170943040401e-14,94,vrp_raw,quantile
2019-07-02,-1007.7377801397427,19330.42427406888,-177.91767538624114,94,vrp_raw,quantile
2019-07-03,1988.7692037159277,20018.72770002986,997.6438553848875,94,vrp_raw,quantile
2019-07-05,56.33087929075036,19763.12081438947,1091.7526173668814,94,vrp_raw,quantile
2019-07-08,-1322.6039569431161,20000.0,-2.842170943040401e-14,94,vrp_raw,quantile
2019-07-09,-967.776128833946,19515.378872842382,-127.33709619963568,94,vrp_raw,quantile
2019-07-10,3362.8868315120794,18790.535267058804,-322.2137112606021,94,vrp_raw,quantile
2019-07-11,-646.2318873792387,18844.01617446393,-683.6000522265792,94,vrp_raw,quantile
2019-07-12,-933.8208875396068,18475.369129512732,-483.02066630440646,94,vrp_raw,quantile
2019-07-15,-2570.220202939608,19787.23404255319,-212.76595744680836,93,vrp_raw,quantile
2019-07-16,-1245.8631082394659,19651.75700627303,-324.7226914467998,93,vrp_raw,quantile
2019-07-17,925.6060083366625,19188.30472835059,-867.5695982026671,93,vrp_raw,quantile
2019-07-18,4174.110521847309,18363.531787649954,-821.0889464368474,93,vrp_raw,quantile
2019-07-19,-1601.717963641107,18537.234169905176,-1224.5060459204683,93,vrp_raw,quantile
2019-07-22,3347.8928499987933,20000.0,1.1368683772161603e-13,94,vrp_raw,quantile
2019-07-23,1652.063299612819,20153.6601294155,1268.2910479846387,94,vrp_raw,quantile
2019-07-24,-2614.720032962836,20939.401630086933,2931.1137010448706,94,vrp_raw,quantile
2019-07-25,4427.062582437711,19959.392127130675,2938.2564643070145,94,vrp_raw,quantile
2019-07-26,-5561.359222225145,19389.05457694261,2131.4278473233326,94,vrp_raw,quantile
2019-07-29,153.08453119826783,19999.999999999996,8.526512829121202e-14,96,vrp_raw,quantile
2019-07-30,5804.326001848714,19604.620176725966,97.31041823914879,96,vrp_raw,quantile
2019-07-31,11615.940925794037,19364.410644628275,96.5503837629472,96,vrp_raw,quantile
2019-08-01,-2721.8432249945217,18342.592648198584,-4.487210301115056,96,vrp_raw,quantile
2019-08-02,6636.393798104845,17501.97205210557,-28.51823539094994,96,vrp_raw,quantile
2019-08-05,667.6785536600306,20000.0,-1.4210854715202004e-13,96,vrp_raw,quantile
2019-08-06,-2902.7702364024735,20051.43117012175,-56.56425160332279,96,vrp_raw,quantile
2019-08-07,6733.152748648676,19870.930049421062,-354.3873380861764,96,vrp_raw,quantile
2019-08-08,1642.1076448493516,20276.65152909622,-765.6071206472567,96,vrp_raw,quantile
2019-08-09,619.2598495680659,19242.224701970805,-910.8081768141083,96,vrp_raw,quantile
2019-08-12,-1280.4484214780966,20000.0,8.526512829121202e-14,94,vrp_raw,quantile
2019-08-13,-2128.441682210051,20155.529142424046,-159.9782506292402,94,vrp_raw,quantile
2019-08-14,-5752.982640823306,19006.31283845914,988.2592900116186,94,vrp_raw,quantile
2019-08-15,4084.2025702548567,18690.22001834329,386.5337908509138,94,vrp_raw,quantile
2019-08-16,-7892.375665624295,18732.470912550438,91.2789174440693,94,vrp_raw,quantile
2019-08-19,-5483.078176433506,20000.0,5.684341886080802e-14,94,vrp_raw,quantile
2019-08-20,-1071.1418295129195,19584.430567617383,-594.9233376283019,94,vrp_raw,quantile
2019-08-21,-9469.503081499717,20880.60728917092,389.8386486510059,94,vrp_raw,quantile
2019-08-22,-14148.731116100971,20181.913806127173,313.98586872124247,94,vrp_raw,quantile
2019-08-23,26513.580359896478,19355.640234428185,191.7739782670083,94,vrp_raw,quantile
2019-08-26,-1806.3910974037335,20000.0,2.842170943040401e-14,96,vrp_raw,quantile
2019-08-27,-6874.749886020661,19369.086933979313,-685.9972505033398,96,vrp_raw,quantile
2019-08-28,6682.351392962199,18989.59898481364,-611.3433113812328,95,vrp_raw,quantile
2019-08-29,-5448.094128866627,18798.35733361339,135.29839805694832,95,vrp_raw,quantile
2019-08-30,-5978.17554017833,18161.609991040874,808.8554006475163,95,vrp_raw,quantile
2019-09-03,-7591.027695957831,20000.0,-5.684341886080802e-14,96,vrp_raw,quantile
2019-09-04,4063.6633788219256,19553.287586884664,-23.701890525887677,90,vrp_raw,quantile
2019-09-05,5263.98557621689,18973.612303435984,10.71441084343354,90,vrp_raw,quantile
2019-09-06,8906.29438143734,18484.465136873965,65.88670352484615,90,vrp_raw,quantile
2019-09-09,-5544.463101818042,20000.0,-2.842170943040401e-14,90,vrp_raw,quantile
2019-09-10,2266.4205423417393,18811.517732774075,13.52007572301872,90,vrp_raw,quantile
2019-09-11,502.41935272868926,18270.845550234022,461.001466973167,90,vrp_raw,quantile
2019-09-12,-5565.015903266685,18304.24516795845,434.4919611158158,90,vrp_raw,quantile
2019-09-13,9852.582177667984,18409.1116905031,795.2170644111714,90,vrp_raw,quantile
2019-09-16,4170.442397418924,20000.0,-8.526512829121202e-14,90,vrp_raw,quantile
2019-09-17,-4691.812521287168,20223.007073561046,-141.26566045065394,90,vrp_raw,quantile
2019-09-18,-12427.790949037755,20419.178969089575,-340.67386779356343,90,vrp_raw,quantile
2019-09-19,-12504.374530267532,20027.28032897701,-518.7828316925924,90,vrp_raw,quantile
2019-09-20,17214.361853280287,19073.922587633704,-143.7645194833904,90,vrp_raw,quantile
2019-09-23,6927.043274854201,19772.727272727272,-227.2727272727274,87,vrp_raw,quantile
2019-09-24,3513.28574392499,19907.99499344891,-179.06763975586168,87,vrp_raw,quantile
2019-09-25,2275.4462408581207,19045.298993594406,31.78822021274263,87,vrp_raw,quantile
2019-09-26,484.6010767013498,19110.06318571859,178.17981912587533,87,vrp_raw,quantile
2019-09-27,3780.0081165570095,18858.50308745204,98.26382775766473,87,vrp_raw,quantile
2019-09-30,-4069.4941865808205,20000.0,-2.842170943040401e-14,90,vrp_raw,quantile
2019-10-01,8292.023321864108,19737.340621542437,145.27273184165088,90,vrp_raw,quantile
2019-10-02,-985.4043145837705,18970.853620126778,175.51592430027458,90,vrp_raw,quantile
2019-10-03,1842.7998427994519,19013.979921154685,360.6341939111125,90,vrp_raw,quantile
2019-10-04,-4121.432911995652,18799.315522161443,258.4027723031181,90,vrp_raw,quantile
2019-10-07,-236.59370598631608,20000.0,0.0,90,vrp_raw,quantile
2019-10-08,3403.16438917136,19396.949895780777,268.16096864902886,90,vrp_raw,quantile
2019-10-09,350.6156035621925,19355.734532961513,424.50059315670364,90,vrp_raw,quantile
2019-10-10,-490.44195932652383,19286.206938958792,428.2150434639598,90,vrp_raw,quantile
2019-10-11,-8805.966455317697,19440.55040006866,400.44810777955195,90,vrp_raw,quantile
2019-10-14,9723.679614655708,20000.0,-2.842170943040401e-14,90,vrp_raw,quantile
2019-10-15,11383.088694585493,19315.275511061842,139.84542791794388,90,vrp_raw,quantile
2019-10-16,-8035.595280791103,19219.94396105624,467.8415906303932,90,vrp_raw,quantile
2019-10-17,-3912.4132155513403,18805.013087369523,383.0899315891413,90,vrp_raw,quantile
2019-10-18,-2915.0147614958623,18604.946911249423,522.2401424985367,90,vrp_raw,quantile
2019-10-21,-1348.9344307107294,20000.0,-1.1368683772161603e-13,90,vrp_raw,quantile
2019-10-22,-33166.8376548547,20345.185910546148,463.4674880410362,90,vrp_raw,quantile
2019-10-23,2547.1858137875824,20094.931791759827,366.15356478684043,90,vrp_raw,quantile
2019-10-24,-5.821153255870627,20049.115393381973,-202.84809328753312,90,vrp_raw,quantile
2019-10-25,-1844.1494649613383,20403.90228593913,270.3555127586254,90,vrp_raw,quantile
2019-10-28,4542.171184684901,20000.0,-2.842170943040401e-14,90,vrp_raw,quantile
2019-10-29,10508.589108116503,19726.418645925616,6.145510240668244,90,vrp_raw,quantile
2019-10-30,1425.9652598384937,19347.782288152746,26.42772669965197,90,vrp_raw,quantile
2019-10-31,1704.9204162068302,18863.835284774166,288.64137996637385,90,vrp_raw,quantile
2019-11-01,9774.055321190846,18864.89379803889,144.30375900171074,90,vrp_raw,quantile
2019-11-04,-14192.666028492913,20000.0,1.1368683772161603e-13,90,vrp_raw,quantile
2019-11-05,-633.1927254394311,19581.75328504598,317.5049163917871,90,vrp_raw,quantile
2019-11-06,-2537.255218994691,20108.992847439422,866.6026899415274,90,vrp_raw,quantile
2019-11-07,5542.6097684273545,19461.37707663985,1761.4938184329733,90,vrp_raw,quantile
2019-11-08,537.3192632971205,18853.142053656975,1859.3230569990767,90,vrp_raw,quantile
2019-11-11,-784.0478321655424,20000.0,2.842170943040401e-14,90,vrp_raw,quantile
2019-11-12,-4422.978836769344,19661.294338059033,-223.79564663168236,90,vrp_raw,quantile
2019-11-13,4726.803365889176,19541.410084473006,-198.8520417705044,90,vrp_raw,quantile
2019-11-14,7795.435218089728,19065.961952549413,-263.62266216353487,90,vrp_raw,quantile
2019-11-15,-5124.054292332691,18957.92089115744,286.1889313382918,90,vrp_raw,quantile
2019-11-18,7631.517947605883,20000.0,-8.526512829121202e-14,90,vrp_raw,quantile
2019-11-19,25286.37070113286,20370.396404382678,-173.414768277389,90,vrp_raw,quantile
2019-11-20,3434.0051215309472,20231.455240688443,-37.00194238891942,90,vrp_raw,quantile
2019-11-21,-24351.644418114844,20119.471427024426,215.47978349031337,90,vrp_raw,quantile
2019-11-22,3138.5199945952927,19612.21791518719,836.3343319725407,90,vrp_raw,quantile
2019-11-25,-626.9196797154482,20000.0,-2.842170943040401e-14,90,vrp_raw,quantile
2019-11-26,-13778.084005029545,19862.112416340045,-923.3546888935284,90,vrp_raw,quantile
2019-11-27,-1278.8020466634434,21002.18959591099,-3187.0918245636285,90,vrp_raw,quantile
2019-11-29,-303.176871872392,20536.37978142425,-3163.8021469053288,90,vrp_raw,quantile
2019-12-02,-4629.271860737305,20000.0,0.0,90,vrp_raw,quantile
2019-12-03,-2169.7753242430686,19528.957395218236,130.67002783971566,90,vrp_raw,quantile
2019-12-04,3154.8979859905535,19206.866364673086,61.011966072376055,90,vrp_raw,quantile
2019-12-05,6214.04805142167,18846.465097384622,-54.49711147138987,90,vrp_raw,quantile
2019-12-06,-591.2062675856556,18579.899669910552,-108.21836399412862,90,vrp_raw,quantile
2019-12-09,4240.084122770561,20000.0,-8.526512829121202e-14,90,vrp_raw,quantile
2019-12-10,-973.4100321826588,19811.27737055096,315.10743897735085,90,vrp_raw,quantile
2019-12-11,1261.2919598513631,19498.193507015683,282.7089415539241,90,vrp_raw,quantile
2019-12-12,-1250.6132968541203,18908.94430581473,250.44031118260477,90,vrp_raw,quantile
2019-12-13,6134.173026067812,18665.102344590316,559.7062558564878,90,vrp_raw,quantile
2019-12-16,-7237.9512626105225,20000.0,5.684341886080802e-14,90,vrp_raw,quantile
2019-12-17,8584.016728969125,19485.933536278782,-287.3266124179901,90,vrp_raw,quantile
2019-12-18,-2222.2295517758894,18573.924027287587,-554.3986152908867,90,vrp_raw,quantile
2019-12-19,-2037.1644275012,17461.716260776837,-520.6521229726296,90,vrp_raw,quantile
2019-12-20,-4022.2924442488757,17320.16513847042,332.2715371212108,90,vrp_raw,quantile
2019-12-23,-669.0334705477809,20000.0,-5.684341886080802e-14,88,vrp_raw,quantile
2019-12-24,-2351.7115939463138,19958.322766064834,653.4688742918905,88,vrp_raw,quantile
2019-12-26,10094.911440737931,18742.99862310979,628.4550364631323,88,vrp_raw,quantile
2019-12-27,15676.478685543048,18865.593689390345,973.68152176463,88,vrp_raw,quantile
2019-12-30,-6759.759608146975,20000.0,8.526512829121202e-14,90,vrp_raw,quantile
2019-12-31,-851.5337926955174,19708.486475081416,-101.86295765262764,90,vrp_raw,quantile
2020-01-02,3948.1404331559424,19080.21118105243,-159.066947268866,90,vrp_raw,quantile
2020-01-03,-4766.2905272768985,18874.252375531814,-0.15982239787993535,90,vrp_raw,quantile
2020-01-06,-2928.23898494073,19777.777777777777,222.22222222222217,89,vrp_raw,quantile
2020-01-07,13562.641984619751,19351.971348228297,78.59868469830167,89,vrp_raw,quantile
2020-01-08,-2493.152553757387,19011.697513763887,229.01299636318296,89,vrp_raw,quantile
2020-01-09,2797.1124384540817,18573.268929033584,235.53280593863693,89,vrp_raw,quantile
2020-01-10,-1345.000938245008,18232.75101898085,148.12863661302373,89,vrp_raw,quantile
2020-01-13,4779.11301395956,20000.0,2.842170943040401e-14,90,vrp_raw,quantile
2020-01-14,-3401.5704249269966,19922.231151272557,212.20183522736698,90,vrp_raw,quantile
2020-01-15,386.5343521969877,19015.851597384062,-36.31125986213476,90,vrp_raw,quantile
2020-01-16,7821.674608966741,18280.425566881084,-356.07732649942693,90,vrp_raw,quantile
2020-01-17,1326.5103355088272,17731.21598194764,-452.64645726893275,90,vrp_raw,quantile
2020-01-21,4699.599077846681,20000.0,1.1368683772161603e-13,90,vrp_raw,quantile
2020-01-22,-7489.734696516164,19622.70522865652,-331.61260910294305,90,vrp_raw,quantile
2020-01-23,13431.595369012484,18719.699904171543,-788.9747056835688,90,vrp_raw,quantile
2020-01-24,5604.352403100289,19265.20552854431,-194.26649572293994,90,vrp_raw,quantile
2020-01-27,-4613.486123327523,20000.0,1.4210854715202004e-13,90,vrp_raw,quantile
2020-01-28,300.3827859276824,19080.156583870223,-23.772983826040075,90,vrp_raw,quantile
2020-01-29,14151.961889984494,18888.493886490563,539.4088869687047,90,vrp_raw,quantile
2020-01-30,5276.220862337289,18154.373216471464,267.08182952628,90,vrp_raw,quantile
2020-01-31,1332.339547149927,19298.47413903488,2291.956692235106,90,vrp_raw,quantile
2020-02-03,725.6203939227719,20000.0,2.5579538487363607e-13,90,vrp_raw,quantile
2020-02-04,1142.6072757263396,19440.273836467255,-87.2505166467968,90,vrp_raw,quantile
2020-02-05,-6279.27797467843,18722.774193467558,-233.46089013498647,90,vrp_raw,quantile
2020-02-06,-3398.7687397530217,18369.6865744617,-98.81544917362285,90,vrp_raw,quantile
2020-02-07,12034.650481769122,18430.272034921083,175.05389665969247,90,vrp_raw,quantile
2020-02-10,-670.5800073057413,20000.0,8.526512829121202e-14,90,vrp_raw,quantile
2020-02-11,-4652.602953131722,19509.396828429424,93.56862468625442,90,vrp_raw,quantile
2020-02-12,-989.4047190044537,18196.50411374695,-89.93981685823766,90,vrp_raw,quantile
2020-02-13,10802.035404111775,18030.789684516745,347.51045438942214,90,vrp_raw,quantile
2020-02-14,8333.701515825975,17874.196957295906,663.1351646035953,90,vrp_raw,quantile
2020-02-18,-6233.670562472418,20000.0,-8.526512829121202e-14,90,vrp_raw,quantile
2020-02-19,-2835.021955904414,19538.27325995075,-277.3398458242742,90,vrp_raw,quantile
2020-02-20,-3014.368501222983,19320.341477989106,229.57600037123336,90,vrp_raw,quantile
2020-02-21,7635.020191878159,19419.00978406493,444.0239598824984,90,vrp_raw,quantile
2020-02-24,26581.17375871734,20000.0,5.684341886080802e-14,90,vrp_raw,quantile
2020-02-25,10497.511885796246,19601.211975926002,390.80091625303777,90,vrp_raw,quantile
2020-02-26,6762.324218094442,19052.51740656508,-318.5692875039245,90,vrp_raw,quantile
2020-02-27,567.3560369745313,19947.88571988796,2532.569712661511,90,vrp_raw,quantile
2020-02-28,12846.962953474169,20866.296458026096,3034.1343357125465,90,vrp_raw,quantile
2020-03-02,-36341.59244255288,20000.0,-8.526512829121202e-14,90,vrp_raw,quantile
2020-03-03,-1928.120443189663,19749.099354635997,-209.0828508424112,90,vrp_raw,quantile
2020-03-04,13582.315248192675,19112.053271803514,-758.3894505577771,90,vrp_raw,quantile
2020-03-05,-14902.525599385906,18918.108114811108,-100.47351297642439,90,vrp_raw,quantile
2020-03-06,-39464.3147604884,18713.747506723652,135.00546454938498,90,vrp_raw,quantile
2020-03-09,26234.45134352475,20000.0,-5.684341886080802e-14,92,vrp_raw,quantile
2020-03-10,-17624.218044560537,20369.785812841845,42.97465121008321,92,vrp_raw,quantile
2020-03-11,-11691.556092720482,19256.14725400128,149.085481787314,92,vrp_raw,quantile
2020-03-12,12608.66084654476,17906.180076047847,19.37792649835518,92,vrp_raw,quantile
2020-03-13,19734.11007552473,18139.38159759374,263.8515949131588,92,vrp_raw,quantile
2020-03-16,35906.31299412218,19791.666666666664,-208.3333333333332,96,vrp_raw,quantile
2020-03-17,11447.770800340586,19497.379279987847,-152.37148149699811,95,vrp_raw,quantile
2020-03-18,7942.302778630228,17999.805045288,-81.74641919657859,94,vrp_raw,quantile
2020-03-19,-35214.93140428341,17419.14805752086,326.6122391846683,93,vrp_raw,quantile
2020-03-20,29160.2356697602,17662.90186035155,-301.75045730436545,93,vrp_raw,quantile
2020-03-23,-8496.508369518102,19791.666666666664,-208.3333333333334,95,vrp_raw,quantile
2020-03-24,59129.217232465744,22608.614159482906,803.3447655263421,95,vrp_raw,quantile
2020-03-25,107025.40251310363,23606.22750144042,1772.4334740350564,94,vrp_raw,quantile
2020-03-26,10806.45675525571,24979.213965297717,2344.03095922895,94,vrp_raw,quantile
2020-03-27,69123.00332396069,24138.108285701604,1977.0443987409947,94,vrp_raw,quantile
2020-03-30,-27633.268360667775,19791.666666666664,208.3333333333333,95,vrp_raw,quantile
2020-03-31,-35384.07995930356,19300.944277120823,-79.22917220424466,94,vrp_raw,quantile
2020-04-01,47700.463514689385,18031.356196991164,-798.4312686785037,93,vrp_raw,quantile
2020-04-02,-2980.4047068068867,17732.481647941648,-717.1433914850372,93,vrp_raw,quantile
2020-04-03,19279.795356739454,17452.146163418045,-988.8528877294807,92,vrp_raw,quantile
2020-04-06,3761.4222196058654,19791.666666666664,-208.33333333333346,95,vrp_raw,quantile
2020-04-07,30223.36090598647,20656.69825494007,-326.18010009950444,95,vrp_raw,quantile
2020-04-08,49349.02893223342,22375.83369708645,802.6339087003159,95,vrp_raw,quantile
2020-04-09,7898.367573598817,23629.936808204984,1521.810226768013,95,vrp_raw,quantile
2020-04-13,-20204.60736263403,19999.999999999996,-5.684341886080802e-14,96,vrp_raw,quantile
2020-04-14,-29231.764283923643,19422.50896089155,774.8817605830081,96,vrp_raw,quantile
2020-04-15,1084.1539525974385,19206.00260702548,-199.78849842061967,96,vrp_raw,quantile
2020-04-16,-8033.175292903209,18252.540337690545,67.6755305838158,95,vrp_raw,quantile
2020-04-17,38834.2626073531,18635.07217093357,1008.8019628703817,95,vrp_raw,quantile
2020-04-20,-8911.34225806602,20000.0,0.0,96,vrp_raw,quantile
2020-04-21,-4645.980587067604,19972.825613105233,-582.0435745174616,96,vrp_raw,quantile
2020-04-22,-11583.469936207983,18925.606053973155,44.27011389060485,96,vrp_raw,quantile
2020-04-23,-9028.96131851632,18819.562174215742,-104.41601983474555,96,vrp_raw,quantile
2020-04-24,-18236.00953903286,19224.418911586265,-856.2707561180792,96,vrp_raw,quantile
2020-04-27,-7656.970033996706,20000.0,-1.7053025658242404e-13,96,vrp_raw,quantile
2020-04-28,10294.572600057612,19831.238437216474,140.4462456511753,96,vrp_raw,quantile
2020-04-29,46500.03235120388,19947.56487158388,606.5395278544593,96,vrp_raw,quantile
2020-04-30,9962.488370364226,19810.99615757189,616.5226313066839,96,vrp_raw,quantile
2020-05-01,21897.7084158646,19058.126216511984,362.2917663870535,96,vrp_raw,quantile
2020-05-04,-8328.994186577414,20000.0,8.526512829121202e-14,96,vrp_raw,quantile
2020-05-05,-8541.213729148383,19710.902709549173,-62.9804923648249,96,vrp_raw,quantile
2020-05-06,332.54600270117515,19224.486180452273,153.6762429313009,96,vrp_raw,quantile
2020-05-07,11163.137534431491,19147.171992037656,179.85272122633188,96,vrp_raw,quantile
2020-05-08,-4401.596271102135,19269.897191617507,376.6382216392083,96,vrp_raw,quantile
2020-05-11,-12542.256661294929,20000.0,-8.526512829121202e-14,96,vrp_raw,quantile
2020-05-12,3444.6257115100057,19061.274610728666,-65.44382261207292,96,vrp_raw,quantile
2020-05-13,31660.986221770057,18800.80391829031,73.90569880401998,96,vrp_raw,quantile
2020-05-14,8725.587264697579,18900.994622141057,372.9392544950665,96,vrp_raw,quantile
2020-05-15,-22657.09653565936,18577.760546924987,198.97693207414972,96,vrp_raw,quantile
2020-05-18,65648.04590156028,20000.0,-1.7053025658242404e-13,96,vrp_raw,quantile
2020-05-19,-2167.423629550507,19579.7936101209,601.1584829526768,96,vrp_raw,quantile
2020-05-20,4675.037833394179,19298.3922297906,461.72750185578695,96,vrp_raw,quantile
2020-05-21,6989.837422266278,19376.957205076345,556.3420210794789,96,vrp_raw,quantile
2020-05-22,-5695.268015564786,19340.606372502196,807.5689989866,96,vrp_raw,quantile
2020-05-26,3027.825573266012,20000.0,2.842170943040401e-14,96,vrp_raw,quantile
2020-05-27,10183.569701638724,21229.678545889295,1375.8878251249616,96,vrp_raw,quantile
2020-05-28,-3227.661420956343,21290.605998649276,1578.8537781665368,96,vrp_raw,quantile
2020-05-29,-3571.612236462801,20257.05508486512,1748.6522535464812,96,vrp_raw,quantile
2020-06-01,12963.957385329788,20000.0,5.684341886080802e-14,96,vrp_raw,quantile
2020-06-02,-2285.929533812657,19662.4952760664,169.60304934500462,96,vrp_raw,quantile
2020-06-03,23190.516329977814,19499.08100525956,521.5026327395567,96,vrp_raw,quantile
2020-06-04,-5002.0647213079255,19351.106046182595,773.4818853076622,96,vrp_raw,quantile
2020-06-05,59855.339503701915,20247.451308629184,1688.9937965757983,96,vrp_raw,quantile
2020-06-08,51919.32489262342,20000.0,-8.526512829121202e-14,96,vrp_raw,quantile
2020-06-09,18552.62109635315,20176.96429458485,154.11712174180883,96,vrp_raw,quantile
2020-06-10,13335.3275114201,19521.921441430393,156.1461377544787,96,vrp_raw,quantile
2020-06-11,52360.59407499929,18063.028503730842,-268.9519291771507,96,vrp_raw,quantile
2020-06-12,9750.269858127576,18007.3512538255,146.38991133507045,95,vrp_raw,quantile
2020-06-15,-4360.01907357842,19791.666666666664,208.33333333333354,95,vrp_raw,quantile
2020-06-16,2610.1592834148128,19595.052673251244,156.7591210858028,95,vrp_raw,quantile
2020-06-17,-5567.366954979563,19209.14790473843,201.85692028111697,95,vrp_raw,quantile
2020-06-18,-17135.158586958456,18711.55000053387,412.5484418044487,95,vrp_raw,quantile
2020-06-19,-12346.585192940316,18279.194406412473,226.7053431915153,95,vrp_raw,quantile
2020-06-22,-24547.66841977621,19999.999999999996,2.842170943040401e-14,96,vrp_raw,quantile
2020-06-23,-20215.64639965612,20099.566056352163,-505.25899241365244,96,vrp_raw,quantile
2020-06-24,40652.05162984056,19056.38028802369,-360.73822875303046,96,vrp_raw,quantile
2020-06-25,940.3853048816848,18793.555827057986,-254.93412627832467,96,vrp_raw,quantile
2020-06-26,1103.9521348652406,18913.875118646945,-276.73012976396666,96,vrp_raw,quantile
2020-06-29,11616.267675280533,20000.0,-5.684341886080802e-14,98,vrp_raw,quantile
2020-06-30,-9014.966310579246,19598.33159460726,-190.77468508276345,97,vrp_raw,quantile
2020-07-01,-26317.719232511525,19238.385207405652,-256.32745187600784,97,vrp_raw,quantile
2020-07-02,-34826.861549950714,18898.35288095255,-96.05861916913832,97,vrp_raw,quantile
2020-07-06,-10763.036230314801,19999.999999999996,-8.526512829121202e-14,96,vrp_raw,quantile
2020-07-07,33072.97569250119,19552.988743025482,-120.29240792877977,96,vrp_raw,quantile
2020-07-08,-3290.1047872692284,19365.71372055488,30.166024090275528,96,vrp_raw,quantile
2020-07-09,-11742.487175924178,18766.182485957757,35.585441491640495,96,vrp_raw,quantile
2020-07-10,25464.00552602319,18820.765205455336,328.05034121552666,96,vrp_raw,quantile
2020-07-13,-29088.90614047986,20000.0,2.842170943040401e-14,96,vrp_raw,quantile
2020-07-14,19771.73535067815,19628.62714160499,15.001880433367546,96,vrp_raw,quantile
2020-07-15,10605.894440399055,19586.6420990748,425.1180462414034,96,vrp_raw,quantile
2020-07-16,-2739.1826138053834,19284.48788260112,452.7161858213009,96,vrp_raw,quantile
2020-07-17,-13958.592465100031,18969.704951597803,311.69471034371435,96,vrp_raw,quantile
2020-07-20,-33128.24482835684,19795.918367346938,204.08163265306126,97,vrp_raw,quantile
2020-07-21,8712.09823255885,19444.501876860857,66.74983574521607,97,vrp_raw,quantile
2020-07-22,1760.4087970287117,18833.65667141094,11.639276518612576,97,vrp_raw,quantile
2020-07-23,8661.452317443165,19058.36133885268,-231.81550495962608,97,vrp_raw,quantile
2020-07-24,-15571.905663319829,18713.213378619363,-55.77974991737818,97,vrp_raw,quantile
2020-07-27,-5432.269921855303,19795.918367346938,204.08163265306104,97,vrp_raw,quantile
2020-07-28,-9042.081459947261,19540.097914505837,346.6427371690157,97,vrp_raw,quantile
2020-07-29,6657.957443727888,18850.350417786784,610.0582015893503,97,vrp_raw,quantile
2020-07-30,-8210.970928896446,19433.2502223195,-56.44907298304014,97,vrp_raw,quantile
2020-07-31,6705.3135303028785,18851.562983917946,359.1321707668463,97,vrp_raw,quantile
2020-08-03,-20227.592519201957,19795.918367346938,204.0816326530612,97,vrp_raw,quantile
2020-08-04,4346.238701336359,19366.98791144833,137.66603872679346,97,vrp_raw,quantile
2020-08-05,3090.546268519892,19034.624082996546,131.26968510389594,97,vrp_raw,quantile
2020-08-06,1101.3317285369046,18632.56672498291,386.0357167167733,97,vrp_raw,quantile
2020-08-07,-1928.0874379745778,18758.95375143785,1200.28796188921,97,vrp_raw,quantile
2020-08-10,109.4670991335153,20000.0,0.0,98,vrp_raw,quantile
2020-08-11,920.4657227839103,20003.759512225377,186.37623233922085,98,vrp_raw,quantile
2020-08-12,-55377.34783482905,19658.572317897284,209.56532287403283,98,vrp_raw,quantile
2020-08-13,3436.8141052181795,19641.53854413027,451.0545125395812,98,vrp_raw,quantile
2020-08-14,2548.8204305629665,19274.210078906162,327.4214000667596,98,vrp_raw,quantile
2020-08-17,55471.54501216611,19999.999999999996,0.0,96,vrp_raw,quantile
2020-08-18,13076.509907634549,19860.666993794755,29.345693318407797,96,vrp_raw,quantile
2020-08-19,8641.624034500568,19215.976604749525,-115.01969119362298,96,vrp_raw,quantile
2020-08-20,32.95524403935411,18778.987609156964,-365.30321274471913,96,vrp_raw,quantile
2020-08-21,15497.030015678925,18468.374992043337,-121.48612330079922,96,vrp_raw,quantile
2020-08-24,-27727.317636499287,20000.0,2.842170943040401e-14,96,vrp_raw,quantile
2020-08-25,10865.316467491626,19778.145052342465,169.311308138626,96,vrp_raw,quantile
2020-08-26,5494.486574696211,18842.57354995733,-151.54207167695856,95,vrp_raw,quantile
2020-08-27,-3416.6697091801616,18812.876655086333,-387.95167669114244,95,vrp_raw,quantile
2020-08-28,13225.92769535157,19230.461167456077,24.790635943289203,95,vrp_raw,quantile
2020-08-31,6808.5393921328405,19791.666666666664,208.33333333333343,95,vrp_raw,quantile
2020-09-01,-3655.5362839570153,19243.902193451624,413.18764474469333,94,vrp_raw,quantile
2020-09-02,-4610.163876392355,18887.562178431443,334.4376303332491,94,vrp_raw,quantile
2020-09-03,900.0702929443336,18790.94634234913,542.4198035428424,94,vrp_raw,quantile
2020-09-04,1927.8169475973123,18310.97530166773,496.27168775712937,94,vrp_raw,quantile
2020-09-08,6381.951066185435,19791.666666666664,208.33333333333343,95,vrp_raw,quantile
2020-09-09,11476.971740413477,19909.18456608509,462.5554926664698,95,vrp_raw,quantile
2020-09-10,9219.681193249151,19004.82698056835,111.51624193872277,95,vrp_raw,quantile
2020-09-11,16263.882687922642,18529.84182479524,268.7872739678586,95,vrp_raw,quantile
2020-09-14,2004.4399450822577,20000.0,5.684341886080802e-14,96,vrp_raw,quantile
2020-09-15,-9973.866832066333,20012.20838080377,395.1212852636465,96,vrp_raw,quantile
2020-09-16,-5631.6740074254685,19781.57988180633,61.77425839261858,96,vrp_raw,quantile
2020-09-17,4093.026430696251,19151.424981322456,193.64933296055338,95,vrp_raw,quantile
2020-09-18,-5006.674927140423,18387.252354518794,-67.47559561763768,95,vrp_raw,quantile
2020-09-21,-16347.22345765248,20000.0,2.842170943040401e-14,96,vrp_raw,quantile
2020-09-22,1525.235494839455,19723.926076687338,94.22780581872624,96,vrp_raw,quantile
2020-09-23,14604.863056894437,17811.1542085928,-275.61491323069436,96,vrp_raw,quantile
2020-09-24,-15524.494491655454,18001.162529528196,-602.7057922537167,95,vrp_raw,quantile
2020-09-25,2821.908192738294,18688.746015770303,-64.6713917409657,95,vrp_raw,quantile
2020-09-28,-3519.1561653977733,20000.0,-1.1368683772161603e-13,96,vrp_raw,quantile
2020-09-29,-7028.3403926028595,19704.922453464766,42.42473239425371,96,vrp_raw,quantile
2020-09-30,6261.0353100490465,19510.730381954316,31.338904126392976,96,vrp_raw,quantile
2020-10-01,14506.53729573926,19287.096440195925,2.4792123681536964,96,vrp_raw,quantile
2020-10-02,-2753.173277705451,19089.258403107855,-34.30009379033234,96,vrp_raw,quantile
2020-10-05,8382.669978526565,19999.999999999996,-5.684341886080802e-14,96,vrp_raw,quantile
2020-10-06,7310.937396310447,19743.74204695251,45.32230401869535,96,vrp_raw,quantile
2020-10-07,1967.32716006248,19416.23736913449,-134.4473281615972,96,vrp_raw,quantile
2020-10-08,-7069.227806993093,19055.68217606794,-272.63458781309623,96,vrp_raw,quantile
2020-10-09,-3727.4226144228496,18771.49323101885,-547.0264402492337,96,vrp_raw,quantile
2020-10-12,21979.821615430323,20000.0,-1.1368683772161603e-13,96,vrp_raw,quantile
2020-10-13,6306.28361877301,20283.446471424053,523.0220157164092,96,vrp_raw,quantile
2020-10-14,-2795.549779692735,20087.270326975773,496.3640721399805,96,vrp_raw,quantile
2020-10-15,3815.8834919522214,19541.91503577223,567.7196216279152,96,vrp_raw,quantile
2020-10-16,2551.9207679877873,19151.687339485306,489.8387376457833,96,vrp_raw,quantile
2020-10-19,-6559.223087638351,20000.0,5.684341886080802e-14,96,vrp_raw,quantile
2020-10-20,2123.510403272059,19717.412539545145,-133.1018341592038,96,vrp_raw,quantile
2020-10-21,12270.300931258724,19357.361462764115,-201.71473447115042,96,vrp_raw,quantile
2020-10-22,-20747.01077036394,19664.940280191455,-355.4552866181295,96,vrp_raw,quantile
2020-10-23,-1863.4942978645809,18795.71405201009,-411.5771469996366,96,vrp_raw,quantile
2020-10-26,-2585.889583704345,20000.0,-5.684341886080802e-14,96,vrp_raw,quantile
2020-10-27,17431.056319356747,21068.024834800795,953.1061860909042,96,vrp_raw,quantile
2020-10-28,1959.8967255065388,21373.298160690658,803.4043072861559,96,vrp_raw,quantile
2020-10-29,-2296.820358302602,20679.941973850462,-46.57869470613696,96,vrp_raw,quantile
2020-10-30,-3583.5156813725202,20350.060015989857,187.0437729644569,96,vrp_raw,quantile
2020-11-02,20234.003142225367,19791.666666666664,208.33333333333334,95,vrp_raw,quantile
2020-11-03,4094.671506299454,19377.913601577384,537.459006327098,94,vrp_raw,quantile
2020-11-04,3184.1493841643633,18924.834577128277,316.79827608884466,94,vrp_raw,quantile
2020-11-05,-2355.245798762645,18632.017081623097,442.0623861614665,94,vrp_raw,quantile
2020-11-06,-3768.7377996605655,18652.82008159023,343.21838019712527,94,vrp_raw,quantile
2020-11-09,-2285.2673837603807,20000.0,-5.684341886080802e-14,96,vrp_raw,quantile
2020-11-10,-12990.328242101674,21237.2455769255,12.146814581380312,96,vrp_raw,quantile
2020-11-11,87473.69600337718,21241.4919333644,-39.48431782675257,96,vrp_raw,quantile
2020-11-12,-2830.6485635479385,20984.586437412767,-48.89256095765151,96,vrp_raw,quantile
2020-11-13,125.50511109317057,20595.05884642818,-236.23252520929128,96,vrp_raw,quantile
2020-11-16,-5606.179481722366,19999.999999999996,-2.2737367544323206e-13,96,vrp_raw,quantile
2020-11-17,1499.5565376133343,20103.808320000662,78.78921348196727,96,vrp_raw,quantile
2020-11-18,-3186.7002759812417,20059.013154479948,104.50949261982001,96,vrp_raw,quantile
2020-11-19,98.9631284995574,19563.135475977575,548.2121053202804,96,vrp_raw,quantile
2020-11-20,-4110.5182184770665,19314.858999942924,416.1142159293517,96,vrp_raw,quantile
2020-11-23,12490.100511385863,20000.0,2.842170943040401e-14,98,vrp_raw,quantile
2020-11-24,26905.95839488127,20311.705201899877,50.26017672395176,98,vrp_raw,quantile
2020-11-25,808.8498926209069,20067.79037349911,459.9650392655757,98,vrp_raw,quantile
2020-11-27,-10582.605365723588,19590.474399754705,414.9137993703259,98,vrp_raw,quantile
2020-11-30,5323.295815101957,20000.0,-8.526512829121202e-14,96,vrp_raw,quantile
2020-12-01,-5348.262473062295,19569.51839246162,280.6784576483983,96,vrp_raw,quantile
2020-12-02,10049.628295826322,19395.745985051486,209.22331150627573,96,vrp_raw,quantile
2020-12-03,3006.5513034573964,19087.215658610883,382.4381371007529,96,vrp_raw,quantile
2020-12-04,9032.642070721278,18573.1822998947,811.2199403539596,96,vrp_raw,quantile
2020-12-07,-3495.286880039401,20000.0,2.842170943040401e-14,96,vrp_raw,quantile
2020-12-08,-6248.008197204875,19772.94726359574,354.6007259792857,96,vrp_raw,quantile
2020-12-09,1442.8252304053356,19559.497219628447,273.3806746218364,96,vrp_raw,quantile
2020-12-10,1395.2727752925907,19512.057884257458,-248.25331278823933,96,vrp_raw,quantile
2020-12-11,-4300.44524383725,19173.23365885513,4.985524055144424,96,vrp_raw,quantile
2020-12-14,-22834.529634523296,19999.999999999996,5.684341886080802e-14,96,vrp_raw,quantile
2020-12-15,4320.2317901368415,19419.344564844847,80.4988875050828,96,vrp_raw,quantile
2020-12-16,906.4263973093373,18688.76628360247,197.5986332845038,96,vrp_raw,quantile
2020-12-17,-2956.9317804320235,17979.11099614413,448.95165702376994,96,vrp_raw,quantile
2020-12-18,6061.076239260522,18829.484078412857,547.5544473161375,96,vrp_raw,quantile
2020-12-21,-2450.643946469627,19999.999999999996,8.526512829121202e-14,96,vrp_raw,quantile
2020-12-22,-14305.726848607781,19861.61522331606,-32.88137966292757,96,vrp_raw,quantile
2020-12-23,4498.62826678044,19629.037411833808,-9.737867988702249,96,vrp_raw,quantile
2020-12-24,6637.816190230417,18627.13893178531,342.7126453141428,96,vrp_raw,quantile
2020-12-28,-12211.810016789914,20000.0,8.526512829121202e-14,98,vrp_raw,quantile
2020-12-29,-949.5034306448903,19664.41448947516,1.3937309872140702,98,vrp_raw,quantile
2020-12-30,8419.712256676192,19555.908998690975,2.2816664856896125,98,vrp_raw,quantile
2020-12-31,5604.691352071778,19332.57680098225,-25.70315705815935,98,vrp_raw,quantile
2021-01-04,1256.3357781482619,19999.999999999996,2.842170943040401e-14,98,vrp_raw,quantile
2021-01-05,-1607.3947553233552,19838.137589237907,-122.21708164133207,98,vrp_raw,quantile
2021-01-06,4139.851997237158,19442.887587481873,-268.64396933307603,98,vrp_raw,quantile
2021-01-07,-2876.2295238958136,19157.971914346715,-247.0635176575191,98,vrp_raw,quantile
2021-01-08,-1629.4202570409532,18808.545059180407,-239.43633722313922,98,vrp_raw,quantile
2021-01-11,5509.011195985184,19999.999999999996,0.0,98,vrp_raw,quantile
2021-01-12,8778.455486252553,20102.282383256796,229.72064486656146,98,vrp_raw,quantile
2021-01-13,2598.4840162768187,19897.718202390937,306.76588621879023,98,vrp_raw,quantile
2021-01-14,-6730.43404830927,20156.044451590147,1014.3302503980584,98,vrp_raw,quantile
2021-01-15,8252.468599749856,20535.401940643776,1818.1651201019897,98,vrp_raw,quantile
2021-01-19,10941.471100537758,19999.999999999996,-5.684341886080802e-14,98,vrp_raw,quantile
2021-01-20,1176.3934098678599,19404.774918181458,121.36342203316286,98,vrp_raw,quantile
2021-01-21,-1529.4253994052804,19249.847072092474,67.29464837678614,98,vrp_raw,quantile
2021-01-22,1431.170754102545,19016.774963024076,-8.217115069227503,98,vrp_raw,quantile
2021-01-25,8010.229927542681,20000.0,1.4210854715202004e-13,96,vrp_raw,quantile
2021-01-26,8782.24333367487,20353.73000200514,696.2764461734226,96,vrp_raw,quantile
2021-01-27,-28301.947326790672,20476.966475338268,830.658963510295,96,vrp_raw,quantile
2021-01-28,-7762.87629122393,20140.33689704374,372.22848844763536,96,vrp_raw,quantile
2021-01-29,17169.197239646255,19268.68667689117,213.1265895253066,96,vrp_raw,quantile
2021-02-01,2669.25961258456,20000.0,1.1368683772161603e-13,96,vrp_raw,quantile
2021-02-02,8474.526125711534,19498.500277236722,296.59313656902106,95,vrp_raw,quantile
2021-02-03,-907.9695248702792,19330.73152455529,412.79908188244445,95,vrp_raw,quantile
2021-02-04,6216.831485301991,18917.87500049513,268.1343960787008,95,vrp_raw,quantile
2021-02-05,2884.6210587743403,18848.56234074854,319.90183817274897,95,vrp_raw,quantile
2021-02-08,8187.8297221476205,19999.999999999996,2.842170943040401e-14,98,vrp_raw,quantile
2021-02-09,-1500.9839023964453,19683.263910928865,-71.77339285071571,98,vrp_raw,quantile
2021-02-10,-2147.830467596667,19745.08471684878,95.48279562671485,98,vrp_raw,quantile
2021-02-11,7663.48537860013,19137.201127854958,393.68462939495,98,vrp_raw,quantile
2021-02-12,-2239.4701802366817,19056.06374789956,99.30751078120733,98,vrp_raw,quantile
2021-02-16,-30.362475084558426,20000.0,-2.5579538487363607e-13,96,vrp_raw,quantile
2021-02-17,8104.501921676178,20281.085558594637,291.25504286939895,96,vrp_raw,quantile
2021-02-18,426.07770186563675,19739.830340072524,227.17943323004624,96,vrp_raw,quantile
2021-02-19,-1537.42507487223,19815.424900132508,-537.2458003458368,96,vrp_raw,quantile
2021-02-22,-11508.35541344405,20000.0,-2.842170943040401e-14,98,vrp_raw,quantile
2021-02-23,-661.7376111432193,19653.447396884974,-231.12355121668537,98,vrp_raw,quantile
2021-02-24,1872.6912284822768,20743.5835657586,-93.25391418638569,98,vrp_raw,quantile
2021-02-25,10345.589114864497,21650.376150283657,1116.0355840672357,98,vrp_raw,quantile
2021-02-26,-4474.306810734872,21205.40221311799,1056.8607979418864,98,vrp_raw,quantile
2021-03-01,8518.697006454895,19999.999999999996,-5.684341886080802e-14,98,vrp_raw,quantile
2021-03-02,4389.162853781365,19811.69989750951,50.31474461926433,98,vrp_raw,quantile
2021-03-03,9726.977087293622,19385.324904873654,49.589870912446145,98,vrp_raw,quantile
2021-03-04,8474.495920075842,18679.563912605234,-159.71886622078415,98,vrp_raw,quantile
2021-03-05,-7721.57655700345,18742.2326148464,-19.69968760970289,98,vrp_raw,quantile
2021-03-08,15018.608124452348,19999.999999999996,-5.684341886080802e-14,96,vrp_raw,quantile
2021-03-09,4580.2339619622535,20704.014743257718,516.9191262041548,96,vrp_raw,quantile
2021-03-10,-3318.3897149307627,20236.325141209552,292.2069686173967,96,vrp_raw,quantile
2021-03-11,13005.854321784305,20130.31052412999,510.4192234286032,96,vrp_raw,quantile
2021-03-12,-1542.9613099128483,19501.484731099903,897.3171519617632,96,vrp_raw,quantile
2021-03-15,3586.1736754558124,19999.999999999996,0.0,98,vrp_raw,quantile
2021-03-16,-5329.95324539677,19973.797511681096,-16.731950405489982,98,vrp_raw,quantile
2021-03-17,10600.934411177413,19017.57455447275,-17.672195841702973,98,vrp_raw,quantile
2021-03-18,8341.981035247605,19127.43752617305,360.62085182323165,98,vrp_raw,quantile
2021-03-19,10863.66976574646,18772.230991204997,228.40176802807414,98,vrp_raw,quantile
2021-03-22,-3549.5029316033824,20000.0,1.4210854715202004e-13,98,vrp_raw,quantile
2021-03-23,-13134.117097074264,21414.027967077825,108.43556971338074,98,vrp_raw,quantile
2021-03-24,8014.719292225692,21487.24722830023,975.0513790354097,98,vrp_raw,quantile
2021-03-25,-8270.75398895981,20970.244732386414,773.2765364921416,98,vrp_raw,quantile
2021-03-26,14552.842538117819,19504.922583071067,417.2125170688606,98,vrp_raw,quantile
2021-03-29,-6950.5997187407165,20000.0,0.0,98,vrp_raw,quantile
2021-03-30,2476.3908805792244,19844.96092024289,-81.1947792454057,98,vrp_raw,quantile
2021-03-31,944.5211043712713,19767.355648257777,-173.50913518256917,98,vrp_raw,quantile
2021-04-01,9901.980837630545,19060.221908400625,97.96306691421589,98,vrp_raw,quantile
2021-04-05,-7811.907446819301,20000.0,5.684341886080802e-14,98,vrp_raw,quantile
2021-04-06,5535.537185094191,19913.99894600628,1.3441736108480882,98,vrp_raw,quantile
2021-04-07,-1981.31482677958,19749.140338025776,15.726358888268436,98,vrp_raw,quantile
2021-04-08,-1157.8501307093247,18834.245804827304,-48.18677653003155,98,vrp_raw,quantile
2021-04-09,107.72401585153426,18323.000426987706,-146.95172786477949,98,vrp_raw,quantile
2021-04-12,-3875.266694632488,20000.0,-1.1368683772161603e-13,98,vrp_raw,quantile
2021-04-13,54.20226192754387,19455.35110388336,190.01770980856182,98,vrp_raw,quantile
2021-04-14,-4137.603224810626,19475.278417743182,76.44294420059464,98,vrp_raw,quantile
2021-04-15,-1356.0357237140956,18815.108329594754,264.2767451902547,98,vrp_raw,quantile
2021-04-16,105.0065868151369,18457.80301938939,34.437489448467446,98,vrp_raw,quantile
2021-04-19,3781.8230540815152,19999.999999999996,2.842170943040401e-14,96,vrp_raw,quantile
2021-04-20,31479.855549950407,19645.70052226153,304.8614714420381,96,vrp_raw,quantile
2021-04-21,-4410.198724127368,18851.21801736169,72.41590523143844,96,vrp_raw,quantile
2021-04-22,-3216.632566392771,18672.862687470533,-77.12076200633345,96,vrp_raw,quantile
2021-04-23,563.536037152467,18411.297987548343,660.2335233139751,96,vrp_raw,quantile
2021-04-26,3146.3970086848844,20000.0,-2.842170943040401e-14,98,vrp_raw,quantile
2021-04-27,3837.9580339719,19794.773366836496,-415.47540249237295,98,vrp_raw,quantile
2021-04-28,-10109.898060999963,18864.15359928261,-499.17955846284906,98,vrp_raw,quantile
2021-04-29,7763.247961772973,17960.281149817678,-311.46117622613053,98,vrp_raw,quantile
2021-04-30,14496.561032084215,18173.97316948868,339.64802311044696,98,vrp_raw,quantile
2021-05-03,-25001.304904306446,19999.999999999996,2.842170943040401e-14,98,vrp_raw,quantile
2021-05-04,1527.031667264153,19234.78918504172,-24.67664754491102,98,vrp_raw,quantile
2021-05-05,1939.054771740756,19017.90657504868,-243.99697723232387,98,vrp_raw,quantile
2021-05-06,3918.687918832411,18632.385511156193,14.552425628693413,98,vrp_raw,quantile
2021-05-07,189.58389775699814,18252.999101071968,-154.2140827675963,98,vrp_raw,quantile
2021-05-10,7218.999153153603,20000.0,1.1368683772161603e-13,98,vrp_raw,quantile
2021-05-11,641.197825870908,20415.43618399099,891.9777441262449,98,vrp_raw,quantile
2021-05-12,6883.243499902211,20078.638565789104,1599.5982461731082,98,vrp_raw,quantile
2021-05-13,-7776.200380220001,19657.906384826165,1105.1331602556972,98,vrp_raw,quantile
2021-05-14,1857.3255356034936,19609.031615664262,1019.6153056963182,98,vrp_raw,quantile
2021-05-17,1756.4267732747296,19999.999999999996,0.0,96,vrp_raw,quantile
2021-05-18,4192.933008105239,19960.56016395271,170.75729077889162,96,vrp_raw,quantile
2021-05-19,-1841.6408069729982,20123.8369327755,439.0915644975014,96,vrp_raw,quantile
2021-05-20,2007.1354417649775,19665.176871645217,421.7295448460793,96,vrp_raw,quantile
2021-05-21,-1542.1494001255735,19859.668040857745,860.7486630449698,96,vrp_raw,quantile
2021-05-24,-1204.8400183521524,19999.999999999996,-2.842170943040401e-14,98,vrp_raw,quantile
2021-05-25,8449.864358379558,20197.596895142146,873.0809751894593,98,vrp_raw,quantile
2021-05-26,-14184.52209802522,19385.380887409556,431.22613434091136,98,vrp_raw,quantile
2021-05-27,-9012.245915909076,18457.036404472597,1039.6709696916741,98,vrp_raw,quantile
2021-05-28,-422.3438107133044,18305.027743433602,355.89530830880165,98,vrp_raw,quantile
2021-06-01,3623.261153638357,20000.0,-1.4210854715202004e-13,96,vrp_raw,quantile
2021-06-02,8315.333289761822,19641.319592302054,206.93797687350053,96,vrp_raw,quantile
2021-06-03,5949.103808301103,19477.232646048724,431.554970618026,96,vrp_raw,quantile
2021-06-04,4305.359670395012,19171.97059151955,467.61684442972785,96,vrp_raw,quantile
2021-06-07,-3581.74795922226,20000.0,5.684341886080802e-14,96,vrp_raw,quantile
2021-06-08,-1744.8898161474451,20050.141162925393,401.14193131930347,96,vrp_raw,quantile
2021-06-09,-5097.6185576593125,19355.404622935224,333.8022881364392,96,vrp_raw,quantile
2021-06-10,2165.375211003354,18603.237695425047,773.7160687893966,96,vrp_raw,quantile
2021-06-11,-10016.469809515273,18035.033700945663,642.9831892256302,96,vrp_raw,quantile
2021-06-14,7913.181178751018,20000.0,0.0,96,vrp_raw,quantile
2021-06-15,-4461.748944431799,20228.604676839237,579.4728547349621,96,vrp_raw,quantile
2021-06-16,-1172.808940063369,19645.519843421334,602.8294655429773,96,vrp_raw,quantile
2021-06-17,-8156.1506902829115,18974.612025963277,1561.6634373566255,96,vrp_raw,quantile
2021-06-18,1879.1096600387891,18835.723153447405,1724.2046543275665,96,vrp_raw,quantile
2021-06-21,-5002.9077525,19999.999999999996,1.4210854715202004e-13,96,vrp_raw,quantile
2021-06-22,-1508.150413851547,18904.077866588086,313.86987027712144,96,vrp_raw,quantile
2021-06-23,-6396.070630771294,18710.496919633617,40.85902584726347,96,vrp_raw,quantile
2021-06-24,17462.303438094248,19034.68789460029,570.3980370255233,96,vrp_raw,quantile
2021-06-25,-24204.350271308867,17865.479799668927,1034.5417579861446,96,vrp_raw,quantile
2021-06-28,215.90126648219086,20000.0,-5.684341886080802e-14,96,vrp_raw,quantile
2021-06-29,-2764.319424136333,19730.825849724144,6.494932608288877,96,vrp_raw,quantile
2021-06-30,-876.2291418669025,19560.711376504674,0.8937591670999723,96,vrp_raw,quantile
2021-07-01,4327.412112044861,19313.006380971725,-99.53433089401912,96,vrp_raw,quantile
2021-07-02,-1343.970521140149,18982.32515271988,-133.8033425273141,96,vrp_raw,quantile
2021-07-06,475.1016722713317,20000.0,2.842170943040401e-14,98,vrp_raw,quantile
2021-07-07,-5200.959633393211,19358.41263591158,-8.42461527545106,98,vrp_raw,quantile
2021-07-08,1258.3296442624342,18718.766828891705,-205.48404134162496,98,vrp_raw,quantile
2021-07-09,10716.705558133017,19017.24406181411,-43.945130541134006,98,vrp_raw,quantile
2021-07-12,3962.1655776230273,19999.999999999996,2.2737367544323206e-13,96,vrp_raw,quantile
2021-07-13,-3881.130201848299,19242.376483593536,199.57332110840136,96,vrp_raw,quantile
2021-07-14,-46.069285042577235,18871.61598760236,11.34252065779657,96,vrp_raw,quantile
2021-07-15,625.0858956843306,18518.243283294214,146.24028510217374,96,vrp_raw,quantile
2021-07-16,1990.0457953658097,17221.65487055341,51.401016110280295,96,vrp_raw,quantile
2021-07-19,14670.191673191,20000.0,1.9895196601282805e-13,96,vrp_raw,quantile
2021-07-20,2014.0928663122575,20744.53771185258,728.1485282080858,96,vrp_raw,quantile
2021-07-21,10702.227983575738,21134.302753386175,1206.292250329707,96,vrp_raw,quantile
2021-07-22,-529.5034477460597,19383.951760130512,1037.762127266777,96,vrp_raw,quantile
2021-07-23,-11019.124358181365,18889.114776536848,886.725802757723,96,vrp_raw,quantile
2021-07-26,2739.478686777488,20000.0,-2.5579538487363607e-13,98,vrp_raw,quantile
2021-07-27,-939.4375735598455,19768.154169425223,120.573607919073,98,vrp_raw,quantile
2021-07-28,-2135.426865292743,19146.32794061029,279.12665700331195,98,vrp_raw,quantile
2021-07-29,-18381.156756292305,17638.630503260716,491.8415226698597,98,vrp_raw,quantile
2021-07-30,8317.489734244482,16663.048434936267,647.237468803213,98,vrp_raw,quantile
2021-08-02,-1076.0782292371098,20000.0,0.0,98,vrp_raw,quantile
2021-08-03,6875.918346223974,19617.662291387584,308.84043839513964,98,vrp_raw,quantile
2021-08-04,-3949.8356189367637,19217.93988277051,454.89024152305876,98,vrp_raw,quantile
2021-08-05,1554.12059087947,18909.815705145502,526.1671434323073,98,vrp_raw,quantile
2021-08-06,6243.66903419254,18595.281355478794,489.2126620587401,98,vrp_raw,quantile
2021-08-09,4679.1386945114555,19999.999999999996,1.7053025658242404e-13,98,vrp_raw,quantile
2021-08-10,5051.699109817126,19813.097845143253,296.35817792841067,98,vrp_raw,quantile
2021-08-11,838.5985899003148,19331.132791984666,310.3137464819803,98,vrp_raw,quantile
2021-08-12,-3901.425431619794,18967.830860669637,496.8599247298697,98,vrp_raw,quantile
2021-08-13,-2216.7575126024426,18867.09027279881,476.7800076964093,98,vrp_raw,quantile
2021-08-16,-8642.621585298728,19999.999999999996,1.4210854715202004e-13,96,vrp_raw,quantile
2021-08-17,8636.671463944012,20169.430857587828,495.7759633953724,96,vrp_raw,quantile
2021-08-18,3448.438225899694,19273.394796625464,303.5133091812206,96,vrp_raw,quantile
2021-08-19,1025.4760403435262,19306.88910140012,914.5200543444187,96,vrp_raw,quantile
2021-08-20,-5035.441127470304,18816.80790540271,848.2376084650047,96,vrp_raw,quantile
2021-08-23,2085.6164348754273,20000.0,-1.1368683772161603e-13,98,vrp_raw,quantile
2021-08-24,-994.3711298952265,19575.388252650195,152.62371466450514,98,vrp_raw,quantile
2021-08-25,-2932.7652459259925,18961.290514832475,178.3686389237304,98,vrp_raw,quantile
2021-08-26,-1064.9307958486552,17995.755396576064,413.4898316945312,98,vrp_raw,quantile
2021-08-27,-1226.8819022019925,17203.22209651357,349.0424562915033,98,vrp_raw,quantile
2021-08-30,-2488.2526101489657,19999.999999999996,-5.684341886080802e-14,96,vrp_raw,quantile
2021-08-31,2854.1975616413647,19916.67895884449,272.8822566843014,96,vrp_raw,quantile
2021-09-01,-3296.3716715453743,19497.027521474833,294.58525717531353,96,vrp_raw,quantile
2021-09-02,-2889.482432667556,18829.365989683138,417.866918605943,96,vrp_raw,quantile
2021-09-03,1337.054502529052,18594.67967221644,198.90009847136423,96,vrp_raw,quantile
2021-09-07,1948.2720684379174,20000.0,0.0,98,vrp_raw,quantile
2021-09-08,5026.053914641978,19897.86746403036,561.2681032653577,98,vrp_raw,quantile
2021-09-09,620.0123160323727,19501.683072307773,707.829608871436,98,vrp_raw,quantile
2021-09-10,6180.551436643301,19133.949577467356,962.268146019155,98,vrp_raw,quantile
2021-09-13,-2310.614566982182,19999.999999999996,2.842170943040401e-14,98,vrp_raw,quantile
2021-09-14,13603.482836757586,19694.867788798103,113.28360161525563,98,vrp_raw,quantile
2021-09-15,674.8068470735333,19472.22277140491,-133.97758867963677,98,vrp_raw,quantile
2021-09-16,-1826.1140214759494,19148.097945871752,-156.9600681676343,98,vrp_raw,quantile
2021-09-17,3738.8815625339284,18956.92178779359,54.23879584022717,98,vrp_raw,quantile
2021-09-20,-7389.579017637082,19999.999999999996,-1.1368683772161603e-13,96,vrp_raw,quantile
2021-09-21,2002.6296658816157,17922.45070099964,-181.45452216031165,96,vrp_raw,quantile
2021-09-22,3741.8760386482913,17851.323479312294,-391.8062708839956,96,vrp_raw,quantile
2021-09-23,5697.73281977447,16898.341783412503,-822.4636624053089,96,vrp_raw,quantile
2021-09-24,1731.0084770408423,16263.558664279637,-1123.115885897666,96,vrp_raw,quantile
2021-09-27,3518.90304483289,19999.999999999996,8.526512829121202e-14,98,vrp_raw,quantile
2021-09-28,-812.2370738164938,19215.3863858684,202.0819123729181,98,vrp_raw,quantile
2021-09-29,9348.632485169725,19178.425237782198,462.09924667098426,98,vrp_raw,quantile
2021-09-30,-298.7560063990998,18429.008219282314,406.4083095162089,98,vrp_raw,quantile
2021-10-01,1060.8914412657582,18572.75026512267,630.4419227663498,98,vrp_raw,quantile
2021-10-04,-2305.6879024295367,19999.999999999996,2.2737367544323206e-13,98,vrp_raw,quantile
2021-10-05,3826.451417334444,20270.387731209565,69.53679996272808,98,vrp_raw,quantile
2021-10-06,-3288.0280547249886,20034.71058743052,-68.35181348818836,98,vrp_raw,quantile
2021-10-07,-1776.9428020513483,19963.38888700933,-166.31236152216005,98,vrp_raw,quantile
2021-10-08,6005.837892910845,19426.836778999488,-35.85273246028129,98,vrp_raw,quantile
2021-10-11,1809.5626774093641,20000.0,1.7053025658242404e-13,98,vrp_raw,quantile
2021-10-12,-2906.4703426596484,19438.18788625708,178.35860798416215,98,vrp_raw,quantile
2021-10-13,-4306.254496935447,19233.329139968995,204.51545749864354,98,vrp_raw,quantile
2021-10-14,2275.1935879445473,19064.030324613308,-145.13340822344873,98,vrp_raw,quantile
2021-10-15,-4306.204234646583,18521.961032171603,-309.39431707396824,98,vrp_raw,quantile
2021-10-18,-3777.226235187272,20000.0,5.684341886080802e-14,98,vrp_raw,quantile
2021-10-19,-17902.572655802407,19852.104305763118,-620.833450477904,98,vrp_raw,quantile
2021-10-20,7679.169583341945,19526.034948061933,-771.7924254833913,98,vrp_raw,quantile
2021-10-21,-1828.882771874063,19003.030807011655,-1174.9033113299677,98,vrp_raw,quantile
2021-10-22,-4062.511940474356,18442.23334817469,-1127.002768544592,98,vrp_raw,quantile
2021-10-25,3274.834215555836,19999.999999999996,-1.7053025658242404e-13,98,vrp_raw,quantile
2021-10-26,10538.660703891972,19894.26314476691,756.6691670456623,98,vrp_raw,quantile
2021-10-27,-5997.148050323252,18933.3452208949,1108.1957599225577,98,vrp_raw,quantile
2021-10-28,4514.471788949796,21661.221438624252,4310.468052609616,98,vrp_raw,quantile
2021-10-29,-6381.7441772414395,21183.59514545784,4490.081525770257,98,vrp_raw,quantile
2021-11-01,-7670.801348304929,20000.0,5.684341886080802e-14,98,vrp_raw,quantile
2021-11-02,-708.802036699288,19273.120888706308,238.23286219421945,98,vrp_raw,quantile
2021-11-03,-4056.8974349777445,19049.17588248735,265.82199337624985,98,vrp_raw,quantile
2021-11-04,9020.964299222715,18416.695041822146,298.40284065279957,98,vrp_raw,quantile
2021-11-05,-7029.3598165611065,17716.174183427625,360.0483247629113,98,vrp_raw,quantile
2021-11-08,-4722.901469594286,20000.0,8.526512829121202e-14,98,vrp_raw,quantile
2021-11-09,8513.186580118509,19825.382302681504,481.6262921634931,98,vrp_raw,quantile
2021-11-10,1921.272562404719,19552.529885941465,596.444388984642,98,vrp_raw,quantile
2021-11-11,-1943.12269866088,18878.577986873566,504.4435053171787,98,vrp_raw,quantile
2021-11-12,-6405.329291786579,18359.151024108258,384.67168543267366,98,vrp_raw,quantile
2021-11-15,-2743.5968530592245,20000.0,5.684341886080802e-14,96,vrp_raw,quantile
2021-11-16,4317.930609428689,19822.905662961377,-67.66138191982586,96,vrp_raw,quantile
2021-11-17,3420.7871173388116,19462.79829060236,-486.2984297977469,96,vrp_raw,quantile
2021-11-18,65152.01249649203,18568.42477557953,-533.3256308382671,96,vrp_raw,quantile
2021-11-19,-9859.212294166959,18650.505637038805,-150.24966218671656,96,vrp_raw,quantile
2021-11-22,2126.9287417304295,19999.999999999996,-8.526512829121202e-14,96,vrp_raw,quantile
2021-11-23,12096.670829020339,20545.97358646511,617.7875738395915,96,vrp_raw,quantile
2021-11-24,-7843.833025116442,20247.936223017587,755.0457758431522,96,vrp_raw,quantile
2021-11-26,-3111.1209570745427,23000.420621832196,4876.179892217375,96,vrp_raw,quantile
2021-11-29,4254.87775273189,20000.0,-2.842170943040401e-14,98,vrp_raw,quantile
2021-11-30,4536.39644472356,19248.707732671006,0.15995810588285053,98,vrp_raw,quantile
2021-12-01,2427.114607217758,18554.104586804795,25.78911339962167,98,vrp_raw,quantile
2021-12-02,-1723.6715920007798,19014.036293089226,53.81235457730088,98,vrp_raw,quantile
2021-12-03,7085.218562575319,18623.222400674033,97.51304603303149,98,vrp_raw,quantile
2021-12-06,3360.255544782504,20000.0,0.0,98,vrp_raw,quantile
2021-12-07,-11942.958798482823,19676.276108541304,-94.96273881411932,98,vrp_raw,quantile
2021-12-08,4915.957678594678,19307.174410918527,-132.9306477389889,98,vrp_raw,quantile
2021-12-09,3061.4974810339327,19016.264906278157,-137.78799059875166,98,vrp_raw,quantile
2021-12-10,-11947.311506348406,18334.84559416164,-13.605252080724085,98,vrp_raw,quantile
2021-12-13,285.1287071419624,19999.999999999996,8.526512829121202e-14,98,vrp_raw,quantile
2021-12-14,-2404.810589994696,19579.002584409584,-124.7464815188084,98,vrp_raw,quantile
2021-12-15,-3402.9818423192546,19055.1891842796,-63.48968341209013,98,vrp_raw,quantile
2021-12-16,3472.2640608105903,18444.390407063827,198.68791215045184,98,vrp_raw,quantile
2021-12-17,2981.828579291569,18364.071418702777,275.1399520666223,98,vrp_raw,quantile
2021-12-20,1885.3422256402441,19999.999999999996,5.684341886080802e-14,98,vrp_raw,quantile
2021-12-21,-2359.2870392251957,20171.707273719956,-427.95230544844605,98,vrp_raw,quantile
2021-12-22,-299.1670062954538,19623.345125159434,-30.069184671538324,98,vrp_raw,quantile
2021-12-23,-6979.938238168592,19520.390750905124,737.9572374323609,98,vrp_raw,quantile
2021-12-27,3253.791748829375,20000.0,-5.684341886080802e-14,98,vrp_raw,quantile
2021-12-28,2522.944511790859,19329.048191636703,455.8063905733421,98,vrp_raw,quantile
2021-12-29,-12046.242372330455,18351.98957531326,560.8568441543023,98,vrp_raw,quantile
2021-12-30,-2949.9111383984973,17603.27708223117,541.3824065034962,98,vrp_raw,quantile
2021-12-31,-4425.415367133513,17150.57887873698,372.99781399576096,98,vrp_raw,quantile
2022-01-03,351.05535350645266,20000.0,-5.684341886080802e-14,98,vrp_raw,quantile
2022-01-04,620.0312442581501,19677.352912376715,9.098833580370865,98,vrp_raw,quantile
2022-01-05,8395.230279191403,18921.58807028715,-251.6784006968703,98,vrp_raw,quantile
2022-01-06,-3456.889603340404,18514.805868599968,-152.0761660766141,98,vrp_raw,quantile
2022-01-07,-5226.472327055941,17822.924132233402,-290.2503993611297,98,vrp_raw,quantile
2022-01-10,-3644.606076643416,20000.0,1.1368683772161603e-13,98,vrp_raw,quantile
2022-01-11,-5131.845278624925,19857.397950256185,-116.28079570372512,98,vrp_raw,quantile
2022-01-12,-615.432479588314,19283.339486317436,-417.92828111224526,98,vrp_raw,quantile
2022-01-13,7849.784095916121,18658.43248685279,-216.26497667422316,98,vrp_raw,quantile
2022-01-14,-729.5549825039941,18217.826395636654,54.54528466507698,98,vrp_raw,quantile
2022-01-18,-9465.00290241385,20000.0,-1.1368683772161603e-13,97,vrp_raw,quantile
2022-01-19,210.2289705874943,19272.255631727796,-98.40921625185621,96,vrp_raw,quantile
2022-01-20,3896.619785686216,20498.11966754067,1711.3439157547512,96,vrp_raw,quantile
2022-01-21,11735.324813126834,20770.19126208823,2259.082797769582,96,vrp_raw,quantile
2022-01-24,2672.4343810980276,20000.0,1.7053025658242404e-13,98,vrp_raw,quantile
2022-01-25,7404.614753145738,19186.89870356616,248.71370567608693,98,vrp_raw,quantile
2022-01-26,-8416.545259736346,20003.408298718714,1285.9184883740281,98,vrp_raw,quantile
2022-01-27,4878.6240226787595,19060.93151394734,1175.4742553154995,98,vrp_raw,quantile
2022-01-28,-7163.445069484912,19321.783288111208,899.7394636685406,98,vrp_raw,quantile
2022-01-31,1690.601754180316,19999.999999999996,-1.4210854715202004e-13,98,vrp_raw,quantile
2022-02-01,-405.21405051370846,19722.400735683856,-380.028688818339,98,vrp_raw,quantile
2022-02-02,-1180.2445589176807,19139.226790599958,-445.19583719436037,98,vrp_raw,quantile
2022-02-03,7907.226009701237,19074.420636012317,-233.31384009617784,98,vrp_raw,quantile
2022-02-04,-651.6204113883439,18728.396877388437,-164.19797190930228,98,vrp_raw,quantile
2022-02-07,-21924.89381797177,20000.0,5.684341886080802e-14,98,vrp_raw,quantile
2022-02-08,-6357.3926698068335,19169.350579920298,-143.81398511295816,98,vrp_raw,quantile
2022-02-09,2115.22520621672,19237.23835978596,418.8465873969031,98,vrp_raw,quantile
2022-02-10,17403.73490889411,19194.30462410831,778.0289654195428,98,vrp_raw,quantile
2022-02-11,11942.48215895248,18971.88325280766,1008.4963908290671,98,vrp_raw,quantile
2022-02-14,-7952.102845532085,20000.0,5.684341886080802e-14,98,vrp_raw,quantile
2022-02-15,9693.866746363008,19488.80877074569,393.7677979961769,98,vrp_raw,quantile
2022-02-16,-1661.70461466207,18359.236993330713,728.3116732768995,98,vrp_raw,quantile
2022-02-17,-976.0973542622708,18382.40844823463,394.3570195175298,98,vrp_raw,quantile
2022-02-18,-4839.3875566208235,17835.546643724745,169.1244322238496,98,vrp_raw,quantile
2022-02-22,2067.745381041862,20000.0,-1.7053025658242404e-13,98,vrp_raw,quantile
2022-02-23,14457.057277060023,20263.350599046018,-324.1798965191661,98,vrp_raw,quantile
2022-02-24,18171.759294104366,20931.09904353658,185.98795090066116,98,vrp_raw,quantile
2022-02-25,-6943.653244467956,20171.052814469065,283.4418388117121,97,vrp_raw,quantile
2022-02-28,-4327.927477334768,19795.918367346938,-204.0816326530611,97,vrp_raw,quantile
2022-03-01,3539.66360209959,15526.763643742544,414.02188580468953,78,vrp_raw,quantile
2022-03-02,-7610.7523489562245,15630.75219332328,405.5192659546184,78,vrp_raw,quantile
2022-03-03,2708.1258696391787,15355.981698263024,382.4002560368074,78,vrp_raw,quantile
2022-03-04,-3365.7922284736273,15080.373892073321,303.3273643682885,78,vrp_raw,quantile
2022-03-07,-7955.318998188251,15102.04081632653,1.4210854715202004e-13,75,vrp_raw,quantile
2022-03-08,6835.150727680615,15000.365420428689,166.3279402502009,74,vrp_raw,quantile
2022-03-09,-2226.88649916352,15240.624298003064,65.96385696269749,74,vrp_raw,quantile
2022-03-10,-1641.8735074821868,14990.121223429956,123.59469852644929,74,vrp_raw,quantile
2022-03-11,6053.192918393197,14611.730824705011,119.54226362059566,74,vrp_raw,quantile
2022-03-14,624.8510100022701,15510.204081632652,-408.1632653061224,76,vrp_raw,quantile
2022-03-15,4480.0470556024275,15546.563219005058,-180.38408678770747,76,vrp_raw,quantile
2022-03-16,7927.130481345882,15779.877178838704,44.09823099412006,76,vrp_raw,quantile
2022-03-17,-6575.082995855547,15585.744715107585,54.4188563414705,76,vrp_raw,quantile
2022-03-18,-4247.3822810075335,15291.549070169387,69.26999923252401,76,vrp_raw,quantile
2022-03-21,-2530.0889533177788,20000.0,8.526512829121202e-14,96,vrp_raw,quantile
2022-03-22,-275.05645934433926,19677.193197727414,29.293992367375125,96,vrp_raw,quantile
2022-03-23,-939.7436095994774,19675.465503545107,52.264464134468255,96,vrp_raw,quantile
2022-03-24,2325.904220150298,19267.87908251635,246.29137753360357,96,vrp_raw,quantile
2022-03-25,-3036.5452183215784,18821.714310228115,463.14631778766284,96,vrp_raw,quantile
2022-03-28,-7133.827982935366,19999.999999999996,-1.4210854715202004e-13,98,vrp_raw,quantile
2022-03-29,329.33453849177863,20168.31485274159,-528.8985523390593,98,vrp_raw,quantile
2022-03-30,1007.7003184340357,19985.282051702558,-384.40272023199026,98,vrp_raw,quantile
2022-03-31,-5171.02612136209,20363.115249139573,-873.9483517714601,98,vrp_raw,quantile
2022-04-01,4216.468425312741,19964.919150903297,-691.6801409771009,98,vrp_raw,quantile
2022-04-04,-7893.4276074201425,19999.999999999996,5.684341886080802e-14,98,vrp_raw,quantile
2022-04-05,3140.3253080570703,19819.56708653616,129.26959692591032,98,vrp_raw,quantile
2022-04-06,5996.350679069372,20087.574032559827,-806.3890212189601,98,vrp_raw,quantile
2022-04-07,-1711.5684949856059,20225.23463764975,-711.9401690049256,98,vrp_raw,quantile
2022-04-08,-1841.223629198504,20055.007823149866,-1033.2651941131428,98,vrp_raw,quantile
2022-04-11,3814.843487968753,20000.0,-2.842170943040401e-14,99,vrp_raw,quantile
2022-04-12,-1093.9959157768046,19297.263345294537,-266.72597602528526,98,vrp_raw,quantile
2022-04-13,-854.5764309340489,19379.739989519967,324.48759703571784,98,vrp_raw,quantile
2022-04-14,-4241.22981391676,19093.3724411132,496.2082220305184,98,vrp_raw,quantile
2022-04-18,11737.459066407206,19999.999999999996,-1.4210854715202004e-13,98,vrp_raw,quantile
2022-04-19,-7532.898437958334,20305.471974892633,814.3655153299218,98,vrp_raw,quantile
2022-04-20,-196.1030214874915,19780.00948185904,1154.839375380585,98,vrp_raw,quantile
2022-04-21,-1431.2452761704337,19839.457982963708,1176.2783974112006,98,vrp_raw,quantile
2022-04-22,-3507.315144962522,20095.733470017945,1463.675165701651,98,vrp_raw,quantile
2022-04-25,-4282.521819115192,20000.0,1.9895196601282805e-13,98,vrp_raw,quantile
2022-04-26,-6695.59877060179,20339.032312454598,1262.5392507893216,98,vrp_raw,quantile
2022-04-27,1712.0463997629136,19506.75222086637,871.7915654276107,98,vrp_raw,quantile
2022-04-28,-1616.198513246001,19889.28832224254,1256.7129267704677,98,vrp_raw,quantile
2022-04-29,-3847.918406527646,19439.185416945227,1431.4837008945337,98,vrp_raw,quantile
2022-05-02,16233.71620997065,20000.0,-8.526512829121202e-14,98,vrp_raw,quantile
2022-05-03,1517.4496843871616,19956.852166703313,94.9275017358853,98,vrp_raw,quantile
2022-05-04,3551.2220835236776,19586.431091844184,-50.45790803040299,98,vrp_raw,quantile
2022-05-05,4340.074520823089,19445.608027663857,150.79443231423522,98,vrp_raw,quantile
2022-05-06,-9644.509301296657,18763.69391503307,368.56734754657896,98,vrp_raw,quantile
2022-05-09,-13991.307788861555,20000.0,8.526512829121202e-14,98,vrp_raw,quantile
2022-05-10,9869.659475166187,20140.390374940394,-91.95412125244167,98,vrp_raw,quantile
2022-05-11,3274.483273634663,19708.678492939776,-195.13466485569913,98,vrp_raw,quantile
2022-05-12,12249.726050166859,19454.066862975564,-183.97691429312675,98,vrp_raw,quantile
2022-05-13,-9917.030030214459,19421.52696521945,49.76262658086094,98,vrp_raw,quantile
2022-05-16,3268.6849160255097,19999.999999999996,-5.684341886080802e-14,98,vrp_raw,quantile
2022-05-17,-12469.566077657159,20090.998630059414,-201.98065774304786,98,vrp_raw,quantile
2022-05-18,-7952.350427013791,19214.549199166366,-126.33528775215828,98,vrp_raw,quantile
2022-05-19,6053.092100897263,18265.307279304274,289.70075325609,98,vrp_raw,quantile
2022-05-20,6602.280627116424,18346.409998666666,78.9519813025965,98,vrp_raw,quantile
2022-05-23,-8427.028352190036,20000.0,-8.526512829121202e-14,98,vrp_raw,quantile
2022-05-24,5288.750278604164,19682.523685835706,40.10432994538371,98,vrp_raw,quantile
2022-05-25,2478.5462012999756,19565.911307313847,5.151669159822092,98,vrp_raw,quantile
2022-05-26,-14597.377232244022,20476.67428767723,531.1204317655977,98,vrp_raw,quantile
2022-05-27,-1958.3255427795664,20016.901889992063,1360.9436212976975,98,vrp_raw,quantile
2022-05-31,10532.054125991526,20000.0,-1.1368683772161603e-13,98,vrp_raw,quantile
2022-06-01,3421.793282618543,19654.536933384963,52.352134543376195,98,vrp_raw,quantile
2022-06-02,12330.6763120754,19400.68116940231,-39.526322812347786,98,vrp_raw,quantile
2022-06-03,6784.016238447174,19064.51727728371,98.44815763980708,98,vrp_raw,quantile
2022-06-06,-16800.21993242482,19999.999999999996,1.9895196601282805e-13,98,vrp_raw,quantile
2022-06-07,1789.0875600716595,19959.53596093241,485.10802037108635,98,vrp_raw,quantile
2022-06-08,-9413.951937488953,19815.535723167683,527.3799763967597,98,vrp_raw,quantile
2022-06-09,-548.0807070144108,18864.458804905466,893.8406600993989,98,vrp_raw,quantile
2022-06-10,14872.329890332887,17844.447078031375,1019.9248516684734,98,vrp_raw,quantile
2022-06-13,23905.692536881834,19999.999999999996,0.0,98,vrp_raw,quantile
2022-06-14,-12004.426787882505,19469.498988030457,1189.202405126901,98,vrp_raw,quantile
2022-06-15,-8783.85233845264,19051.72772563003,779.5006153921552,97,vrp_raw,quantile
2022-06-16,971.8038053339438,20798.362825914533,-580.2374091124256,97,vrp_raw,quantile
2022-06-17,-22040.34336776837,22087.987123978975,-46.72452304825504,97,vrp_raw,quantile
2022-06-21,-5598.767908806097,20000.0,5.684341886080802e-14,98,vrp_raw,quantile
2022-06-22,-2635.273714042931,19329.086821918117,9.076623757587072,98,vrp_raw,quantile
2022-06-23,-2775.8416553127213,19110.925530069715,-81.86291311909656,98,vrp_raw,quantile
2022-06-24,8253.379775014668,19172.708630415214,-132.99513567200347,98,vrp_raw,quantile
2022-06-27,3452.5267396493964,20000.0,-2.8421709430404007e-13,96,vrp_raw,quantile
2022-06-28,4716.9441784205455,19758.037389022884,54.40918737664279,96,vrp_raw,quantile
2022-06-29,6820.550969244054,19333.262285311972,60.99255458451012,96,vrp_raw,quantile
2022-06-30,-808.1392608522551,18853.857529922723,72.66481594694352,96,vrp_raw,quantile
2022-07-01,4903.765704229835,18536.781030620456,-385.5818799815751,95,vrp_raw,quantile
2022-07-05,-11499.410435872549,20000.0,-5.684341886080802e-14,98,vrp_raw,quantile
2022-07-06,8779.129798185937,19681.05410847272,-154.31458044293043,98,vrp_raw,quantile
2022-07-07,-7924.551648637198,19694.913055953177,-30.542176074297004,98,vrp_raw,quantile
2022-07-08,-8195.778062529134,19394.964351433766,-107.25898356187614,98,vrp_raw,quantile
2022-07-11,668.901548215599,20000.0,-2.842170943040401e-14,96,vrp_raw,quantile
2022-07-12,4557.360733044417,19662.178607390775,-98.22956267587469,96,vrp_raw,quantile
2022-07-13,845.7343019690724,19427.199301822817,114.0926833305839,96,vrp_raw,quantile
2022-07-14,-14003.679816526133,18941.478459445898,76.77409360922789,96,vrp_raw,quantile
2022-07-15,10950.807632662212,18832.74887074086,177.28442073215083,96,vrp_raw,quantile
2022-07-18,4132.28972064448,20000.0,-5.684341886080802e-14,98,vrp_raw,quantile
2022-07-19,-33196.4835675845,20101.024858499455,-367.56310366009603,98,vrp_raw,quantile
2022-07-20,5159.154544079791,19445.12962768461,-129.74202770676462,98,vrp_raw,quantile
2022-07-21,3655.5422791180927,19118.126125251696,44.02227733296107,98,vrp_raw,quantile
2022-07-22,-14460.60274971044,19548.257871604077,-191.49747971633613,98,vrp_raw,quantile
2022-07-25,2538.6337272402743,20000.0,-1.9895196601282805e-13,98,vrp_raw,quantile
2022-07-26,5101.783665261984,19500.59252145565,-397.5878812833735,98,vrp_raw,quantile
2022-07-27,8038.533319259306,17781.431547618748,-378.90787607016364,97,vrp_raw,quantile
2022-07-28,-12121.053686073,17420.215695646348,-334.0845120285111,97,vrp_raw,quantile
2022-07-29,761.3082634755519,17887.36065208958,-872.1648169470014,97,vrp_raw,quantile
2022-08-01,-6480.624902784768,19999.999999999996,5.684341886080802e-14,96,vrp_raw,quantile
2022-08-02,-6476.515519514274,19943.860149177766,-249.01958115588727,96,vrp_raw,quantile
2022-08-03,4791.302820700956,19417.57239415622,-257.8595203542985,96,vrp_raw,quantile
2022-08-04,-3644.4214622373706,19008.02285391809,-244.8890826478513,96,vrp_raw,quantile
2022-08-05,3683.855749784976,18737.15862257644,-149.51392133097565,96,vrp_raw,quantile
2022-08-08,-16704.918165287298,19999.999999999996,-5.684341886080802e-14,96,vrp_raw,quantile
2022-08-09,19536.54602761232,19541.608912000167,44.219905924894704,96,vrp_raw,quantile
2022-08-10,10881.521809566239,19401.276762402977,456.8049645748464,96,vrp_raw,quantile
2022-08-11,31.962764000101345,19002.935493971916,753.2033785473898,96,vrp_raw,quantile
2022-08-12,3653.532384229384,18313.936936689868,807.557600124139,96,vrp_raw,quantile
2022-08-15,-13209.558038090132,19999.999999999996,1.4210854715202004e-13,96,vrp_raw,quantile
2022-08-16,-4590.2026157733635,19440.582018060766,444.29368558186775,96,vrp_raw,quantile
2022-08-17,9439.924744904021,19689.194388220836,743.2528994808312,96,vrp_raw,quantile
2022-08-18,-18977.836095796134,19369.69793153771,60.497779078694265,96,vrp_raw,quantile
2022-08-19,9211.513287831802,19882.706035648796,509.629155423362,96,vrp_raw,quantile
2022-08-22,23935.651248273854,20000.0,0.0,96,vrp_raw,quantile
2022-08-23,-17506.82036069931,19281.802900610768,63.492567783753344,96,vrp_raw,quantile
2022-08-24,-2819.113175463628,19599.335847334376,-599.985180868721,96,vrp_raw,quantile
2022-08-25,5541.180550493239,19138.04832542657,-448.27046637091524,96,vrp_raw,quantile
2022-08-26,12780.691332243654,18394.250105737876,-505.21185972784144,96,vrp_raw,quantile
2022-08-29,-1470.2052279455536,20000.0,-1.1368683772161603e-13,98,vrp_raw,quantile
2022-08-30,-4679.912562166585,19366.84570561962,-171.16919604002874,97,vrp_raw,quantile
2022-08-31,-1224.30127067113,18975.98393028675,-136.1327368223601,97,vrp_raw,quantile
2022-09-01,906.5711820523499,18470.308251945484,117.21554181946897,97,vrp_raw,quantile
2022-09-02,2941.361217850799,18013.84346981321,21.426492069207967,97,vrp_raw,quantile
2022-09-06,6159.353295873942,19999.999999999996,-2.842170943040401e-14,98,vrp_raw,quantile
2022-09-07,15154.107416889703,20414.38727886391,417.0467604405793,98,vrp_raw,quantile
2022-09-08,5127.200931878693,20363.042880724315,223.29938285474708,98,vrp_raw,quantile
2022-09-09,1734.7166366851961,20141.162917793936,154.14146582549742,98,vrp_raw,quantile
2022-09-12,1960.9201878115261,20000.0,8.526512829121202e-14,98,vrp_raw,quantile
2022-09-13,11548.221955085979,20529.970252560135,748.6671643839538,98,vrp_raw,quantile
2022-09-14,-1113.0019278948596,20042.13316969583,848.2379460537985,98,vrp_raw,quantile
2022-09-15,-11568.733625963814,19677.35427256472,605.0925267665582,98,vrp_raw,quantile
2022-09-16,-5451.044151356642,19105.75385264784,591.6356269805519,98,vrp_raw,quantile
2022-09-19,3559.5729347756933,19999.999999999996,0.0,98,vrp_raw,quantile
2022-09-20,-8458.769893357696,19329.31664549927,-402.35181059986576,98,vrp_raw,quantile
2022-09-21,-4922.754514542357,18751.500604650195,-385.38235144409555,98,vrp_raw,quantile
2022-09-22,5117.531168484141,18213.869286408422,-21.549432903731486,98,vrp_raw,quantile
2022-09-23,-9455.862123609846,18734.96956130136,-136.16961229444672,98,vrp_raw,quantile
2022-09-26,-3053.3203161622437,20000.0,0.0,98,vrp_raw,quantile
2022-09-27,15378.285679961109,20392.676584928264,508.5794051172105,98,vrp_raw,quantile
2022-09-28,-28489.110431851772,21300.87911283425,64.16012551884734,98,vrp_raw,quantile
2022-09-29,5296.647754946092,20564.342956703604,175.29255789052962,98,vrp_raw,quantile
2022-09-30,7270.126680868931,20517.537732710964,674.4726054902037,98,vrp_raw,quantile
2022-10-03,16387.77241865263,19999.999999999996,8.526512829121202e-14,98,vrp_raw,quantile
2022-10-04,10968.65450970537,19859.62980360506,378.3044887284524,98,vrp_raw,quantile
2022-10-05,-4827.957924006396,19762.74741333527,397.4625568873231,98,vrp_raw,quantile
2022-10-06,5610.7773004282635,19361.36128061124,213.80772056284408,98,vrp_raw,quantile
2022-10-07,1446.9023920156496,18769.06190728772,-279.3275808793233,98,vrp_raw,quantile
2022-10-10,-94.86809534910532,19999.999999999996,5.684341886080802e-14,98,vrp_raw,quantile
2022-10-11,1239.5372675267286,19709.49534493992,29.252273143438174,98,vrp_raw,quantile
2022-10-12,503.1212065381408,19277.875622709485,-71.38193040667343,98,vrp_raw,quantile
2022-10-13,4412.561702661412,19554.88044645862,266.8477527268502,98,vrp_raw,quantile
2022-10-14,-7863.386398848448,18955.930188577066,383.1068600488933,98,vrp_raw,quantile
2022-10-17,1675.330989009907,20000.0,-8.526512829121202e-14,98,vrp_raw,quantile
2022-10-18,1669.6613226004783,20447.74296983246,592.1649855035996,98,vrp_raw,quantile
2022-10-19,-3938.5167776876956,19794.23682001328,373.9785356594305,98,vrp_raw,quantile
2022-10-20,2532.8778458359943,19219.14865636172,10.089992413999823,98,vrp_raw,quantile
2022-10-21,-3695.672901569311,19090.55058397448,63.08215880048638,98,vrp_raw,quantile
2022-10-24,-825.8392989834464,20000.0,1.1368683772161603e-13,98,vrp_raw,quantile
2022-10-25,-15769.697257341842,19428.46431635953,67.91220506546532,98,vrp_raw,quantile
2022-10-26,7908.413499081073,18541.1145882017,157.41257460486327,98,vrp_raw,quantile
2022-10-27,-17845.962612324012,18760.182383224554,135.1214281916347,98,vrp_raw,quantile
2022-10-28,-22587.351624189603,18941.185176514777,912.6709524961934,98,vrp_raw,quantile
2022-10-31,-12125.190400696883,20000.0,2.842170943040401e-14,98,vrp_raw,quantile
2022-11-01,-2067.4199110662566,19533.755963197746,56.80698910251354,98,vrp_raw,quantile
2022-11-02,-4202.288338640404,18774.95225487104,38.58834408444187,98,vrp_raw,quantile
2022-11-03,-5577.5288933347965,17992.92506252408,330.779745971396,98,vrp_raw,quantile
2022-11-04,5033.444432156594,18211.009639953605,45.26183316815454,98,vrp_raw,quantile
2022-11-07,369.6043999673735,20000.0,-5.684341886080802e-14,98,vrp_raw,quantile
2022-11-08,-8983.089544445593,20800.57106505824,-208.24197098826008,98,vrp_raw,quantile
2022-11-09,-4006.803925202902,20534.7902901832,-231.8265127392553,98,vrp_raw,quantile
2022-11-10,28198.64035598781,20494.763842286204,70.17020405097153,98,vrp_raw,quantile
2022-11-11,-2641.8712452154105,20759.42269612519,-153.8364384176715,98,vrp_raw,quantile
2022-11-14,-185.72808389988052,19999.999999999996,8.526512829121202e-14,98,vrp_raw,quantile
2022-11-15,6685.919043192794,19448.730043631855,461.2607185704073,98,vrp_raw,quantile
2022-11-16,-6056.5743892423325,19632.01612855955,418.02572798334654,98,vrp_raw,quantile
2022-11-17,-5201.275104110279,19223.715873244804,588.1572869803852,98,vrp_raw,quantile
2022-11-18,4864.952159794223,19359.94676572497,923.0367593060655,98,vrp_raw,quantile
2022-11-21,-2596.88891881198,20000.0,-1.1368683772161603e-13,98,vrp_raw,quantile
2022-11-22,-8380.998651814962,18878.804895902937,933.789576938975,98,vrp_raw,quantile
2022-11-23,-5547.148909874435,19027.81744775375,1361.9068024264764,98,vrp_raw,quantile
2022-11-25,-415.84223694635796,17961.03713853719,1428.5251219196214,98,vrp_raw,quantile
2022-11-28,23556.173032672315,19999.999999999996,2.842170943040401e-14,98,vrp_raw,quantile
2022-11-29,-5277.556658854363,19669.612851697762,-46.49622584414246,98,vrp_raw,quantile
2022-11-30,16310.829814070523,19015.85893640758,90.26622225000335,98,vrp_raw,quantile
2022-12-01,-1399.9001255633434,18613.19098615585,-114.95907048330079,98,vrp_raw,quantile
2022-12-02,5702.514046630698,18269.14382744707,-47.32494002795039,98,vrp_raw,quantile
2022-12-05,-5870.46206808582,20000.0,-8.526512829121202e-14,98,vrp_raw,quantile
2022-12-06,3208.665737474892,19956.888270672516,364.55395149239223,98,vrp_raw,quantile
2022-12-07,-7652.196866528947,19820.49885783706,446.11125648369676,98,vrp_raw,quantile
2022-12-08,9889.934431440966,19412.7993244494,412.92026209624123,98,vrp_raw,quantile
2022-12-09,-5908.315436350468,19247.21535267469,395.1352056382227,98,vrp_raw,quantile
2022-12-12,1146.1321847328018,20000.0,-2.842170943040401e-14,98,vrp_raw,quantile
2022-12-13,-1989.945390974734,19221.45117844381,-75.72742152992544,98,vrp_raw,quantile
2022-12-14,-3051.0052857275864,18851.612185913324,129.32453327013096,98,vrp_raw,quantile
2022-12-15,5929.736003563573,18623.369294919274,418.349298503848,98,vrp_raw,quantile
2022-12-16,3171.4805289053193,18173.290134026694,509.11533888228564,98,vrp_raw,quantile
2022-12-19,-5792.816082810062,19999.999999999996,8.526512829121202e-14,98,vrp_raw,quantile
2022-12-20,5902.916972255052,19514.381735079278,-22.58095994250951,98,vrp_raw,quantile
2022-12-21,-3634.6674903468643,19273.103096570165,4.7186090653295025,98,vrp_raw,quantile
2022-12-22,4296.727768701146,18659.021224244694,331.15054886481255,98,vrp_raw,quantile
2022-12-23,-2348.187395897358,18527.773639959694,-286.9211506024572,98,vrp_raw,quantile
2022-12-27,1795.404791750073,20000.0,-1.1368683772161603e-13,98,vrp_raw,quantile
2022-12-28,-10601.53536411093,19645.911783452033,-218.60444671854924,98,vrp_raw,quantile
2022-12-29,34.59040916655738,19769.575761428387,-79.06720175236717,98,vrp_raw,quantile
2022-12-30,8445.359347986616,19301.091460979398,112.22728124375075,98,vrp_raw,quantile
2023-01-03,5763.345522262554,20000.0,-1.9895196601282805e-13,98,vrp_raw,quantile
2023-01-04,-3250.2203069543607,19619.032660040837,52.62066291283034,98,vrp_raw,quantile
2023-01-05,-1929.973061127285,19159.043854906933,57.356453593500845,98,vrp_raw,quantile
2023-01-06,10313.481135990578,18477.452329248794,138.26849948042528,98,vrp_raw,quantile
2023-01-09,3766.4766438527117,20000.0,-1.7053025658242404e-13,98,vrp_raw,quantile
2023-01-10,1414.3073429562116,20074.07807569367,409.0427917943033,98,vrp_raw,quantile
2023-01-11,1278.6284939883385,19445.064638695505,378.9024667408523,98,vrp_raw,quantile
2023-01-12,560.835940781076,19259.471414403157,-280.4085300222224,98,vrp_raw,quantile
2023-01-13,3880.367442778771,18752.999137121864,-88.29675294668058,98,vrp_raw,quantile
2023-01-17,10627.749981962419,20000.0,1.4210854715202004e-13,98,vrp_raw,quantile
2023-01-18,-11967.893364801443,20622.974130269155,136.38466718408702,98,vrp_raw,quantile
2023-01-19,-2627.739440489052,20689.571651398743,398.92284454040566,98,vrp_raw,quantile
2023-01-20,-1813.8413423964425,19514.405414906665,438.12272356907226,98,vrp_raw,quantile
2023-01-23,-1676.7309140596533,19999.999999999996,1.7053025658242404e-13,98,vrp_raw,quantile
2023-01-24,3564.209522641018,19650.003099635815,-204.6267565274593,98,vrp_raw,quantile
2023-01-25,2009.2610054978045,20131.81190356597,-64.14221408216113,98,vrp_raw,quantile
2023-01-26,-21287.799183660878,19315.60412015643,-558.5156060757986,98,vrp_raw,quantile
2023-01-27,15062.651436595075,19669.789563439215,-68.56747091883182,98,vrp_raw,quantile
2023-01-30,1327.0635767223412,20000.0,0.0,98,vrp_raw,quantile
2023-01-31,-6115.073520036531,19157.539431560635,-74.26110713230315,98,vrp_raw,quantile
2023-02-01,-4549.919400230275,18415.559922877645,109.04823759731741,98,vrp_raw,quantile
2023-02-02,18868.614417642097,17962.576290052337,121.83898291589156,98,vrp_raw,quantile
2023-02-03,-11455.917663334865,18426.15074335346,-142.67715904920502,98,vrp_raw,quantile
2023-02-06,-813.1443235634842,20000.0,-2.5579538487363607e-13,98,vrp_raw,quantile
2023-02-07,577.7452049339573,19529.33149177706,28.814502705674386,98,vrp_raw,quantile
2023-02-08,4907.3350995824985,19447.656848993083,68.27142840967042,98,vrp_raw,quantile
2023-02-09,14659.942830030755,19291.82911557711,191.37054678930474,98,vrp_raw,quantile
2023-02-10,-6629.467680979223,19071.95550467284,160.38679522886463,98,vrp_raw,quantile
2023-02-13,-2353.6427028410308,20000.0,-1.7053025658242404e-13,98,vrp_raw,quantile
2023-02-14,3882.301886140994,19810.862888511856,665.972617628376,98,vrp_raw,quantile
2023-02-15,-5853.222152977529,19454.54475283241,203.47632966319105,98,vrp_raw,quantile
2023-02-16,4630.104308978944,18997.877411637026,51.48603562087314,98,vrp_raw,quantile
2023-02-17,-5485.221024254748,18845.778406222176,193.67521774807238,98,vrp_raw,quantile
2023-02-21,5507.855674424973,20000.0,-1.4210854715202004e-13,96,vrp_raw,quantile
2023-02-22,6491.155377461589,19280.46418525365,158.77192676145708,96,vrp_raw,quantile
2023-02-23,12528.126504431368,19062.685275262036,977.7975622960564,96,vrp_raw,quantile
2023-02-24,-2570.233869421697,18863.046036577187,-19.436147514589024,96,vrp_raw,quantile
2023-02-27,14782.601752053131,20000.0,1.1368683772161603e-13,98,vrp_raw,quantile
2023-02-28,142.80080523184245,19695.717698498287,53.052823625436105,98,vrp_raw,quantile
2023-03-01,5400.232713731634,19338.459952626843,105.64179083940772,98,vrp_raw,quantile
2023-03-02,-1256.4075022812187,18889.300609641075,296.4774720359353,98,vrp_raw,quantile
2023-03-03,4096.129512448432,18255.19884243115,157.66936513062234,98,vrp_raw,quantile
2023-03-06,2992.7195775782534,20000.0,1.7053025658242404e-13,98,vrp_raw,quantile
2023-03-07,-7657.217049907382,19547.246672932353,-29.979659934013398,98,vrp_raw,quantile
2023-03-08,-400.487821718184,19173.95463560082,25.009944809895984,98,vrp_raw,quantile
2023-03-09,1523.7471713144998,18583.727734414035,154.63730763863558,98,vrp_raw,quantile
2023-03-10,5119.957665361507,18136.53431961228,587.16548998739,98,vrp_raw,quantile
2023-03-13,-10088.560150983785,19999.999999999996,1.7053025658242404e-13,98,vrp_raw,quantile
2023-03-14,5817.392288852029,19870.353287433878,-23.62049571945863,98,vrp_raw,quantile
2023-03-15,-2573.1443787355056,19455.969275562988,-278.1978069113036,98,vrp_raw,quantile
2023-03-16,394.9519235609249,19652.942775427233,-791.8753982614198,98,vrp_raw,quantile
2023-03-17,-7737.792047112898,18560.496486810258,-637.7296981618833,98,vrp_raw,quantile
2023-03-20,6188.504886091339,20000.0,-2.842170943040401e-14,99,vrp_raw,quantile
2023-03-21,660.7019520685117,20157.08297439932,-155.50814115946957,98,vrp_raw,quantile
2023-03-22,4799.214492328924,18505.788951119903,569.9218357407232,98,vrp_raw,quantile
2023-03-23,-12674.150735230189,18725.709928040502,16.023800065853777,98,vrp_raw,quantile
2023-03-24,3146.4714995384184,18479.530619467845,88.90931789070933,98,vrp_raw,quantile
2023-03-27,-5718.95548375369,20000.0,0.0,98,vrp_raw,quantile
2023-03-28,-23931.42884976149,19396.44162415752,-169.95332661601856,98,vrp_raw,quantile
2023-03-29,-859.557427486093,20510.062975780813,1081.3398465272096,98,vrp_raw,quantile
2023-03-30,-7111.263786820379,19634.141070384325,1019.1836071551347,98,vrp_raw,quantile
2023-03-31,-6955.390141394607,19831.899550897688,1418.6911651751673,98,vrp_raw,quantile
2023-04-03,-613.1595749709322,20000.0,5.684341886080802e-14,98,vrp_raw,quantile
2023-04-04,11341.252549347908,19462.790658830138,137.3066331883543,97,vrp_raw,quantile
2023-04-05,-481.38619484575213,19229.179772578307,469.99801728417367,97,vrp_raw,quantile
2023-04-06,-3140.816892818636,18933.20082437755,597.3976595888415,97,vrp_raw,quantile
2023-04-10,-5035.772529567653,19795.918367346938,204.08163265306112,97,vrp_raw,quantile
2023-04-11,-11608.859501929765,19619.888038648824,66.23997223226627,97,vrp_raw,quantile
2023-04-12,-4821.24782286101,19272.872331519666,293.1889022763695,97,vrp_raw,quantile
2023-04-13,-8849.987963520414,18960.73348347799,2.7024823909609097,97,vrp_raw,quantile
2023-04-14,2931.162627118471,18477.66670173542,-107.69805402705532,97,vrp_raw,quantile
2023-04-17,-9072.802079159632,20000.0,-2.842170943040401e-14,98,vrp_raw,quantile
2023-04-18,-3269.5441475536536,21532.54002811063,1907.2541066443928,98,vrp_raw,quantile
2023-04-19,-2989.5309264176353,20950.680974136696,1782.4858924744065,98,vrp_raw,quantile
2023-04-20,4122.7048940274335,20549.211209431403,2001.7563425455296,98,vrp_raw,quantile
2023-04-21,9025.779579605907,20146.958542118933,2101.8558536410897,98,vrp_raw,quantile
2023-04-24,-3261.2701361799045,19999.999999999996,-8.526512829121202e-14,98,vrp_raw,quantile
2023-04-25,-17519.244020249917,19644.816813610603,797.0884062505711,98,vrp_raw,quantile
2023-04-26,-7049.775418302249,18984.80688670932,1038.7026364029452,98,vrp_raw,quantile
2023-04-27,-10819.910259879094,18552.45715103449,1381.5906313263408,98,vrp_raw,quantile
2023-04-28,-11142.507877988715,18106.856042517422,929.5118255799347,98,vrp_raw,quantile
2023-05-01,-3794.5943161137075,19999.999999999996,8.526512829121202e-14,98,vrp_raw,quantile
2023-05-02,-11423.452571316018,19318.707681977998,624.4021938252042,98,vrp_raw,quantile
2023-05-03,-4783.289796281448,18544.256918239662,976.8445575523237,97,vrp_raw,quantile
2023-05-04,-4917.042164271271,18292.22021246043,1131.2680075957608,97,vrp_raw,quantile
2023-05-05,-7704.372065744236,18348.036600843006,685.973823031497,97,vrp_raw,quantile
2023-05-08,15264.884728496972,20000.0,5.684341886080802e-14,98,vrp_raw,quantile
2023-05-09,7629.085355849673,19517.67245961909,247.145549526292,98,vrp_raw,quantile
2023-05-10,6394.47097218241,18560.673239043444,344.63192759983883,98,vrp_raw,quantile
2023-05-11,6740.4087393241225,18369.724150388134,239.8475688314492,98,vrp_raw,quantile
2023-05-12,1415.9168039751466,18204.25211096614,678.5192307757942,98,vrp_raw,quantile
2023-05-15,-14240.232688951468,19999.999999999996,8.526512829121202e-14,96,vrp_raw,quantile
2023-05-16,1487.3015344753578,19429.987148227596,-227.2784961174574,96,vrp_raw,quantile
2023-05-17,1495.981441472808,19534.961474149353,-104.63704054050837,96,vrp_raw,quantile
2023-05-18,-18893.7029909109,19444.208804795682,935.8292105510405,96,vrp_raw,quantile
2023-05-19,16113.971276525912,19606.074253994688,1886.3652017144811,96,vrp_raw,quantile
2023-05-22,-814.3596354825081,20000.0,-8.526512829121202e-14,98,vrp_raw,quantile
2023-05-23,-2113.266419367019,20355.390277812126,-984.6415508511375,98,vrp_raw,quantile
2023-05-24,9227.587289144567,21450.268963095146,103.0318212781954,98,vrp_raw,quantile
2023-05-25,-6000.643148314745,22095.633477440108,1170.4683583207077,98,vrp_raw,quantile
2023-05-26,9013.207150071794,21755.510399721366,1624.3358025631123,98,vrp_raw,quantile
2023-05-30,4242.1713373470575,19999.999999999996,-5.684341886080802e-14,98,vrp_raw,quantile
2023-05-31,-2606.856512454934,19417.598284787622,-136.93211631829814,98,vrp_raw,quantile
2023-06-01,-3439.3221042241703,19229.897226435223,114.07218978798804,98,vrp_raw,quantile
2023-06-02,2190.24990354532,18979.374633925585,601.562604970466,98,vrp_raw,quantile
2023-06-05,7607.550718607913,19999.999999999996,1.7053025658242404e-13,98,vrp_raw,quantile
2023-06-06,-129.56269979339595,19307.00126386083,234.15835221660896,98,vrp_raw,quantile
2023-06-07,-2206.797833504511,18579.808008681648,119.08519359788781,98,vrp_raw,quantile
2023-06-08,2490.625939182021,18438.405363816753,173.31243746432042,98,vrp_raw,quantile
2023-06-09,-6551.044378391593,18104.90348556386,104.09400437746825,98,vrp_raw,quantile
2023-06-12,4523.247161891972,20000.0,5.684341886080802e-14,96,vrp_raw,quantile
2023-06-13,-2114.764096519091,19125.807224203632,-647.144148712575,96,vrp_raw,quantile
2023-06-14,2383.4955573592847,19031.217262634447,-388.5870983665791,96,vrp_raw,quantile
2023-06-15,-7389.2821833473645,18973.350473833165,352.24377277681924,96,vrp_raw,quantile
2023-06-16,4916.86338850178,18699.18396098612,431.6105895619635,96,vrp_raw,quantile
2023-06-20,-2559.995169124654,20000.0,-5.684341886080802e-14,96,vrp_raw,quantile
2023-06-21,2819.461637005247,19727.104949276294,758.8400290603732,96,vrp_raw,quantile
2023-06-22,-3758.8345848060762,19002.894739442716,494.7383412115826,96,vrp_raw,quantile
2023-06-23,-8578.728734088396,18928.574516485165,375.3743871029551,96,vrp_raw,quantile
2023-06-26,4695.849864800855,20000.0,0.0,98,vrp_raw,quantile
2023-06-27,-11636.908369124305,18992.621180615894,-13.368310663665994,98,vrp_raw,quantile
2023-06-28,180.3998989507885,18189.58148043273,-36.09761713487481,98,vrp_raw,quantile
2023-06-29,9900.827565470676,17354.45449537244,-102.37609369866291,98,vrp_raw,quantile
2023-06-30,-3723.88463185668,16101.996098775853,-988.3334422387854,98,vrp_raw,quantile
2023-07-03,5568.802365198747,19999.999999999996,0.0,98,vrp_raw,quantile
2023-07-05,5147.012702986215,19591.834973676378,24.947691452373846,98,vrp_raw,quantile
2023-07-06,5215.804843502584,19217.78044249181,-50.41849258709152,98,vrp_raw,quantile
2023-07-07,4207.539028658202,19076.818313392843,-102.81594805280434,98,vrp_raw,quantile
2023-07-10,-3342.9466494966364,19999.999999999996,1.4210854715202004e-13,98,vrp_raw,quantile
2023-07-11,-6271.334909571286,20018.521210240982,575.9438285107916,98,vrp_raw,quantile
2023-07-12,4766.560952793499,19765.558580393637,596.8333864686642,98,vrp_raw,quantile
2023-07-13,-7087.024843437791,19326.675221449786,735.3968934493008,98,vrp_raw,quantile
2023-07-14,8865.412798259695,19276.926501029902,694.3822504416595,98,vrp_raw,quantile
2023-07-17,-13185.800819974302,20000.0,-1.1368683772161603e-13,98,vrp_raw,quantile
2023-07-18,7102.171694335474,19578.10555963024,-77.25189899777439,98,vrp_raw,quantile
2023-07-19,-2112.912749823084,19115.733049293547,-203.06456540642222,98,vrp_raw,quantile
2023-07-20,-8725.873039587723,18678.771926685906,-457.9817219919239,98,vrp_raw,quantile
2023-07-21,-1989.9575671839564,18311.77008965671,-500.7189192203027,98,vrp_raw,quantile
2023-07-24,3649.1541349496824,19999.999999999996,2.842170943040401e-14,98,vrp_raw,quantile
2023-07-25,9455.382277125851,22284.89991675816,3176.212912991415,98,vrp_raw,quantile
2023-07-26,-1038.6623110811433,22496.58131771852,3566.7677434874613,98,vrp_raw,quantile
2023-07-27,-6046.351184109696,22016.683609158357,3911.0146506277615,98,vrp_raw,quantile
2023-07-28,-1737.257139610535,21198.660250853125,3993.9909129572275,98,vrp_raw,quantile
2023-07-31,3949.1712699033314,19999.999999999996,8.526512829121202e-14,98,vrp_raw,quantile
2023-08-01,1103.4606651523113,19769.9101180332,-13.12073807026178,98,vrp_raw,quantile
2023-08-02,-13377.285816472542,19366.463427458795,430.09770813186935,98,vrp_raw,quantile
2023-08-03,2550.1183308220043,19022.254898832278,606.481603835955,98,vrp_raw,quantile
2023-08-04,-7674.474888730932,18708.23742841373,635.2187959500316,98,vrp_raw,quantile
2023-08-07,-19445.742796299153,20000.0,-2.842170943040401e-14,98,vrp_raw,quantile
2023-08-08,2809.8900641385426,19194.843155224684,419.25430438017554,98,vrp_raw,quantile
2023-08-09,-712.875368246658,18926.9022778697,647.5165250517347,98,vrp_raw,quantile
2023-08-10,-94.5866919754864,18654.964045230558,717.5278329565961,98,vrp_raw,quantile
2023-08-11,-2515.286027759529,18262.05330121114,1081.181549394554,98,vrp_raw,quantile
2023-08-14,-4025.0410348547894,20000.0,2.842170943040401e-14,98,vrp_raw,quantile
2023-08-15,23147.971090936808,23038.643310744395,3547.0952128242097,98,vrp_raw,quantile
2023-08-16,-15401.198769656534,22236.25259503256,3076.88453024147,98,vrp_raw,quantile
2023-08-17,-4267.363118297497,21401.882054820126,3062.96865059032,98,vrp_raw,quantile
2023-08-18,23065.521852741153,21243.189317138553,3657.041996896387,98,vrp_raw,quantile
2023-08-21,-12616.90945934978,19999.999999999996,-1.4210854715202004e-13,96,vrp_raw,quantile
2023-08-22,-9728.777325065981,20046.706456249933,220.02289187303074,96,vrp_raw,quantile
2023-08-23,46541.991680248066,20937.467224326854,835.7466219379024,96,vrp_raw,quantile
2023-08-24,-7645.32234673067,19893.08807169013,1104.6722399075938,96,vrp_raw,quantile
2023-08-25,21285.5912298977,18991.901321257006,740.3119566440225,96,vrp_raw,quantile
2023-08-28,-10364.480758931884,19999.999999999996,-8.526512829121202e-14,98,vrp_raw,quantile
2023-08-29,367.73107854498556,19494.806595210524,-148.22113124370105,98,vrp_raw,quantile
2023-08-30,4857.097065177478,19151.83793628552,-79.49740524265425,98,vrp_raw,quantile
2023-08-31,986.1703466451115,18748.134373586516,-4.957910977679603,98,vrp_raw,quantile
2023-09-01,-1183.3463880969202,18168.369597887784,-178.07835214707399,98,vrp_raw,quantile
2023-09-05,-3330.4411543600813,20000.0,1.1368683772161603e-13,98,vrp_raw,quantile
2023-09-06,591.1485428296431,19595.301531146066,115.28021032358754,98,vrp_raw,quantile
2023-09-07,9560.852328288018,19184.238632716955,350.6567773906319,98,vrp_raw,quantile
2023-09-08,-1087.9194143447753,18798.102181252078,539.2755476260086,98,vrp_raw,quantile
2023-09-11,3186.2619205472242,20000.0,-8.526512829121202e-14,98,vrp_raw,quantile
2023-09-12,801.6853650327832,19275.529872816296,-225.49623157676103,98,vrp_raw,quantile
2023-09-13,-598.0877557862098,18584.702434441173,-80.9277917204248,98,vrp_raw,quantile
2023-09-14,-5920.463843042885,18140.257711669918,-52.206241954914276,98,vrp_raw,quantile
2023-09-15,767.3049627638748,17934.863308823442,-286.07554111814,98,vrp_raw,quantile
2023-09-18,3935.2723611763163,20000.0,1.1368683772161603e-13,96,vrp_raw,quantile
2023-09-19,-1145.2832774571543,19854.316656650637,-111.60594483221479,96,vrp_raw,quantile
2023-09-20,-3457.3665695547293,19079.458804686878,14.27379005522522,96,vrp_raw,quantile
2023-09-21,4185.430592718505,21183.179774679473,1805.9107121770805,96,vrp_raw,quantile
2023-09-22,4495.95884074426,19892.17489460593,1811.5040693640851,96,vrp_raw,quantile
2023-09-25,-2967.603139427263,20000.0,2.842170943040401e-14,98,vrp_raw,quantile
2023-09-26,-3664.252599623926,20544.74811995549,-801.0471705824067,98,vrp_raw,quantile
2023-09-27,4223.36020202091,21491.89710853556,-33.3335199300796,98,vrp_raw,quantile
2023-09-28,-8047.6898047644145,21378.75749159889,-242.20350424386686,98,vrp_raw,quantile
2023-09-29,13772.82910745997,20680.894166859314,-251.25363031482718,98,vrp_raw,quantile
2023-10-02,10611.964592726265,20000.0,1.1368683772161603e-13,98,vrp_raw,quantile
2023-10-03,-4620.6662754472145,19580.734265820232,86.6922277978837,98,vrp_raw,quantile
2023-10-04,764.8682817580313,19443.444322542793,-54.108601573432566,98,vrp_raw,quantile
2023-10-05,1499.520649117543,19250.38825140215,81.0987402962102,98,vrp_raw,quantile
2023-10-06,3720.4481278046214,18981.924096943476,-27.687756393803312,98,vrp_raw,quantile
2023-10-09,1120.1627138934593,20000.0,8.526512829121202e-14,98,vrp_raw,quantile
2023-10-10,-2283.775539945136,19783.298464893778,-35.63251973356458,98,vrp_raw,quantile
2023-10-11,-5000.797046359534,18911.023942687676,-335.8329724254576,98,vrp_raw,quantile
2023-10-12,7799.524931374063,18364.88894740246,-552.2550103231313,98,vrp_raw,quantile
2023-10-13,-2276.494388186906,18095.043058915606,-564.9460203471583,98,vrp_raw,quantile
2023-10-16,1708.454482702212,20000.0,-5.684341886080802e-14,98,vrp_raw,quantile
2023-10-17,-3315.0876756252546,19656.94116588675,239.2253950460277,98,vrp_raw,quantile
2023-10-18,-4954.221493701662,19378.83984499089,407.14801480826816,98,vrp_raw,quantile
2023-10-19,-7800.468135883998,19292.77832096547,167.34978566595984,98,vrp_raw,quantile
2023-10-20,-4731.920284499394,19557.466945811993,1034.5315563460092,98,vrp_raw,quantile
2023-10-23,-22047.427330395916,19999.999999999996,2.842170943040401e-14,98,vrp_raw,quantile
2023-10-24,7056.4361894661915,20011.66414868792,-119.92556336390066,98,vrp_raw,quantile
2023-10-25,13895.95438222209,19452.858767365677,890.0806925447612,98,vrp_raw,quantile
2023-10-26,-25074.40120835392,18497.950528746835,574.327810447142,98,vrp_raw,quantile
2023-10-27,14280.39289394859,18472.488579619992,636.5317537339783,98,vrp_raw,quantile
2023-10-30,-10938.946089005123,20000.0,-1.9895196601282805e-13,98,vrp_raw,quantile
2023-10-31,7091.684921983855,19641.139356977837,-483.6818900257671,98,vrp_raw,quantile
2023-11-01,4866.764002449393,18988.892601903695,-630.5073258444711,98,vrp_raw,quantile
2023-11-02,3017.735164453165,18910.453719993202,-390.5104659830889,98,vrp_raw,quantile
2023-11-03,-28921.529951110693,18478.862888087537,-939.223788228755,98,vrp_raw,quantile
2023-11-06,-42.355840116713466,20000.0,-8.526512829121202e-14,98,vrp_raw,quantile
2023-11-07,-2212.196364013391,20549.825671313283,645.0304208651789,98,vrp_raw,quantile
2023-11-08,8245.34712376073,19657.952814751286,-80.86871614184389,98,vrp_raw,quantile
2023-11-09,5306.179125072261,19926.78454801317,962.7054536215562,98,vrp_raw,quantile
2023-11-10,-5696.702682903291,19639.62776818741,1352.2125201908236,98,vrp_raw,quantile
2023-11-13,1929.9170172409993,20000.0,2.842170943040401e-14,98,vrp_raw,quantile
2023-11-14,18202.949164663874,22294.816121871187,2841.536479804548,98,vrp_raw,quantile
2023-11-15,-733.6401392687353,23827.350931945806,4362.419897222718,98,vrp_raw,quantile
2023-11-16,-17870.714583986595,23302.075027148378,4593.390209020896,98,vrp_raw,quantile
2023-11-17,-5740.890796175296,22709.638685642687,4206.458955013446,98,vrp_raw,quantile
2023-11-20,-4467.633791189206,19999.999999999996,2.842170943040401e-14,96,vrp_raw,quantile
2023-11-21,21236.24016059097,19871.593596711245,1217.415051632947,96,vrp_raw,quantile
2023-11-22,-6835.677140401997,18405.2883658848,349.3305383458691,96,vrp_raw,quantile
2023-11-24,8733.296506949175,17042.162046009737,893.5155582277574,96,vrp_raw,quantile
2023-11-27,-7728.116097805963,20000.0,2.842170943040401e-14,98,vrp_raw,quantile
2023-11-28,-4653.341974949544,19702.37545629268,-95.25461537610252,98,vrp_raw,quantile
2023-11-29,5165.685558652432,18950.76665532699,125.9765235291581,98,vrp_raw,quantile
2023-11-30,-5887.706060764561,18614.53904973393,58.50303035880529,98,vrp_raw,quantile
2023-12-01,6786.718157029408,17548.212502070215,-558.7746494211495,98,vrp_raw,quantile
2023-12-04,-1809.604821228374,20000.0,-1.4210854715202004e-13,98,vrp_raw,quantile
2023-12-05,15378.646484231014,20642.917798541483,1147.5601556787249,98,vrp_raw,quantile
2023-12-06,-17406.603710881405,20081.162536200543,1579.103661896039,98,vrp_raw,quantile
2023-12-07,1441.5170155492683,20007.99452780437,1685.0423432952193,98,vrp_raw,quantile
2023-12-08,-208.68080804752213,19471.56070707038,1340.8149808409405,98,vrp_raw,quantile
2023-12-11,-4057.0478613451783,20000.0,2.842170943040401e-14,98,vrp_raw,quantile
2023-12-12,-10876.355620859802,19277.271295482762,624.4273811703342,98,vrp_raw,quantile
2023-12-13,18859.65074682505,19614.862006596606,1674.2557252998618,98,vrp_raw,quantile
2023-12-14,13456.539923793503,22529.232516496468,3838.75600172968,98,vrp_raw,quantile
2023-12-15,902.8039973056989,22585.89939012118,4275.543175374924,98,vrp_raw,quantile
2023-12-18,-11893.127625535002,20000.0,2.2737367544323206e-13,98,vrp_raw,quantile
2023-12-19,3087.5520957354524,19409.355348595465,447.9102813771573,98,vrp_raw,quantile
2023-12-20,7988.1221318350035,21995.529959516854,-373.4542804088878,98,vrp_raw,quantile
2023-12-21,-37775.444880608105,21065.505747495637,-1016.8920124171118,98,vrp_raw,quantile
2023-12-22,6307.872460053981,22038.831864092797,-408.04058580523656,98,vrp_raw,quantile
2023-12-26,-1198.988345096738,19999.999999999996,0.0,98,vrp_raw,quantile
2023-12-27,-21866.881382436175,19989.933795453304,-444.4261102378664,98,vrp_raw,quantile
2023-12-28,1816.9005270815787,19160.809696865832,214.55529078937695,98,vrp_raw,quantile
2023-12-29,934.720043318754,19201.129639483148,-114.30075195623672,98,vrp_raw,quantile
2024-01-02,33278.2634381651,20000.0,-5.684341886080802e-14,98,vrp_raw,quantile
2024-01-03,4096.929234700659,19352.404066539406,-100.86040416500964,98,vrp_raw,quantile
2024-01-04,-1925.0784237055568,19214.15943755377,-139.76662417213566,98,vrp_raw,quantile
2024-01-05,-868.5332803643274,19012.075416295516,-162.81812280317362,98,vrp_raw,quantile
2024-01-08,-6687.784373991099,20000.0,-1.1368683772161603e-13,98,vrp_raw,quantile
2024-01-09,-13503.814427903706,19765.930278923373,-165.96981992031235,98,vrp_raw,quantile
2024-01-10,392.930003144552,19182.234732179473,-120.61510357428642,98,vrp_raw,quantile
2024-01-11,3802.2286688486006,18582.822410925484,-174.04127817142898,98,vrp_raw,quantile
2024-01-12,1823.361335235039,18127.07357563836,-342.13627580075104,98,vrp_raw,quantile
2024-01-16,4130.643212496879,19999.999999999996,2.842170943040401e-14,98,vrp_raw,quantile
2024-01-17,-4043.129403597708,19239.941354891787,-356.5421113597224,98,vrp_raw,quantile
2024-01-18,1298.9172690661483,18895.013734108277,-271.2242096110166,98,vrp_raw,quantile
2024-01-19,3449.077621599226,18621.450856188654,-171.32854756778477,98,vrp_raw,quantile
2024-01-22,-7670.975773585971,19999.999999999996,-5.684341886080802e-14,98,vrp_raw,quantile
2024-01-23,-11482.790304767348,19990.193358310433,21.225565969536007,98,vrp_raw,quantile
2024-01-24,-1302.323254607029,19504.610073635646,384.97713809565226,98,vrp_raw,quantile
2024-01-25,10144.785728034207,19771.514337487955,510.921907998048,98,vrp_raw,quantile
2024-01-26,7227.422431971686,19063.16616813252,664.4204311850216,98,vrp_raw,quantile
2024-01-29,-13490.088046721057,19999.999999999996,-5.684341886080802e-14,98,vrp_raw,quantile
2024-01-30,-2073.097180752088,19744.869093556954,-208.02116398239642,98,vrp_raw,quantile
2024-01-31,8626.18910325962,19551.300413347104,166.90316631194088,98,vrp_raw,quantile
2024-02-01,-16071.171925093699,18820.443758446527,-221.6760571749805,98,vrp_raw,quantile
2024-02-02,-233.5583638595357,18315.881536418776,-22.629648100937004,98,vrp_raw,quantile
2024-02-05,1150.733017088232,19999.999999999996,0.0,98,vrp_raw,quantile
2024-02-06,-19291.68057296814,22254.138390385313,-322.6998700145743,98,vrp_raw,quantile
2024-02-07,-32161.10904099023,22028.476237886498,-984.5736690250268,98,vrp_raw,quantile
2024-02-08,5306.647119536236,21199.779449147496,-801.4380287035194,98,vrp_raw,quantile
2024-02-09,24443.74183325424,20365.784592049207,-362.97673454009634,98,vrp_raw,quantile
2024-02-12,-33453.66357718868,20000.0,-2.842170943040401e-14,98,vrp_raw,quantile
2024-02-13,19898.24607973668,19677.869681516288,1355.1468993230192,98,vrp_raw,quantile
2024-02-14,2614.114371693864,19148.440386168983,1048.4200785649698,98,vrp_raw,quantile
2024-02-15,-55.38796079743952,19175.258944383662,758.1553545236899,98,vrp_raw,quantile
2024-02-16,-1099.615712017355,19100.849318509867,901.5996779570071,98,vrp_raw,quantile
2024-02-20,15122.078976899082,20000.0,-5.684341886080802e-14,98,vrp_raw,quantile
2024-02-21,-18579.887684654706,19024.28138201459,-798.7056996764891,98,vrp_raw,quantile
2024-02-22,-1228.3800152394626,18161.71656739534,-843.2738641733899,98,vrp_raw,quantile
2024-02-23,-4311.541535002188,18281.197746299677,-96.82948002599258,98,vrp_raw,quantile
2024-02-26,354.14826065875434,19999.999999999996,5.684341886080802e-14,98,vrp_raw,quantile
2024-02-27,-10156.322811808108,19814.246454279804,-179.6325876967425,98,vrp_raw,quantile
2024-02-28,6850.721242865037,19577.768823698934,-227.70148054117075,98,vrp_raw,quantile
2024-02-29,3959.130871004921,19082.735786023084,-192.37340251367362,98,vrp_raw,quantile
2024-03-01,3479.342937496388,18615.588217833705,47.95039139256133,98,vrp_raw,quantile
2024-03-04,-3146.328982756205,19999.999999999996,1.1368683772161603e-13,98,vrp_raw,quantile
2024-03-05,-11042.006112901863,20285.2718779533,72.0135765870177,98,vrp_raw,quantile
2024-03-06,8979.127585571756,19645.069006989255,140.74866454504124,98,vrp_raw,quantile
2024-03-07,1346.8263658328751,18930.812142454884,-46.688158615405285,98,vrp_raw,quantile
2024-03-08,-978.404923856418,19280.270200773524,494.433357463997,98,vrp_raw,quantile
2024-03-11,-3540.2249927558028,19999.999999999996,2.842170943040401e-14,98,vrp_raw,quantile
2024-03-12,10254.443925975751,18928.331456875476,512.1096464033845,98,vrp_raw,quantile
2024-03-13,-6573.458260143882,18481.024357888575,772.8630865941625,98,vrp_raw,quantile
2024-03-14,11366.122775065569,18917.106308392107,1315.4710489392505,98,vrp_raw,quantile
2024-03-15,-17805.906745668726,18293.09356210889,1242.447813779908,98,vrp_raw,quantile
2024-03-18,2487.1843087199204,20000.0,5.684341886080802e-14,98,vrp_raw,quantile
2024-03-19,-10757.115932472592,19473.339490452094,97.91506703750858,98,vrp_raw,quantile
2024-03-20,5738.109790641354,18626.774903939324,867.9787354717014,98,vrp_raw,quantile
2024-03-21,-10429.555847788291,17561.294502820514,372.22295784617813,98,vrp_raw,quantile
2024-03-22,-5271.725700764099,17765.932185834718,401.55273744879855,98,vrp_raw,quantile
2024-03-25,-8564.384569767908,20000.0,0.0,98,vrp_raw,quantile
2024-03-26,22839.362473778485,23100.58066326441,2207.338480062504,98,vrp_raw,quantile
2024-03-27,431.3514383190284,18656.45776827292,1372.724244464267,98,vrp_raw,quantile
2024-03-28,19946.14865091923,23404.510276855282,7953.976003230877,98,vrp_raw,quantile
2024-04-01,-10966.462367266831,19999.999999999996,-2.842170943040401e-14,98,vrp_raw,quantile
2024-04-02,3508.0442865400482,19402.40159148744,197.88822756752876,97,vrp_raw,quantile
2024-04-03,6408.84994825681,19071.368215329916,159.26947121991148,97,vrp_raw,quantile
2024-04-04,-7934.456820554441,18617.39587964115,260.73546045217626,97,vrp_raw,quantile
2024-04-05,8825.143395744022,18300.823983175134,334.5146358352274,97,vrp_raw,quantile
2024-04-08,-6122.0926235905845,20000.0,5.684341886080802e-14,98,vrp_raw,quantile
2024-04-09,-9463.708883835516,19632.634756018135,-6.067509839426123,98,vrp_raw,quantile
2024-04-10,12200.721319300275,18868.22017490448,-317.53438442770357,98,vrp_raw,quantile
2024-04-11,-4398.455581150056,18343.630661128012,-480.4803287909693,98,vrp_raw,quantile
2024-04-12,8912.052054929174,18009.0177933168,69.47422619027188,98,vrp_raw,quantile
2024-04-15,516.6379192085276,20000.0,1.4210854715202004e-13,98,vrp_raw,quantile
2024-04-16,10998.126008070198,19887.19832149064,643.2402438299998,98,vrp_raw,quantile
2024-04-17,-5672.132648945944,19121.44134601812,1030.894795124806,98,vrp_raw,quantile
2024-04-18,-665.1164716939718,19158.003141656813,1061.7228381875248,98,vrp_raw,quantile
2024-04-19,-11437.054131294153,19086.173627330278,1502.6395083622056,98,vrp_raw,quantile
2024-04-22,11625.27873954062,20000.0,0.0,98,vrp_raw,quantile
2024-04-23,-23228.50257229443,20201.53780885627,-813.3806946669284,98,vrp_raw,quantile
2024-04-24,-7749.444848030762,19888.791611578938,-1920.3290183316558,98,vrp_raw,quantile
2024-04-25,-1034.144247642878,19319.040915274563,-1206.5525873005788,98,vrp_raw,quantile
2024-04-26,12204.098478329779,18749.799323442916,-1378.1003116081083,98,vrp_raw,quantile
2024-04-29,-7537.007528140456,20000.0,-8.526512829121202e-14,98,vrp_raw,quantile
2024-04-30,1230.016758808135,19362.612573001534,254.6183205086839,98,vrp_raw,quantile
2024-05-01,-8722.114930897875,18969.758668047176,237.4687211824111,98,vrp_raw,quantile
2024-05-02,1185.7138777693501,18461.533470638045,393.6236973936051,98,vrp_raw,quantile
2024-05-03,-3049.5023697308193,17945.680340983465,254.5393489561763,98,vrp_raw,quantile
2024-05-06,1818.7774174119286,20000.0,-1.1368683772161603e-13,98,vrp_raw,quantile
2024-05-07,1517.4883916774725,19216.275055683556,-268.1391394704177,98,vrp_raw,quantile
2024-05-08,1455.239736088327,18782.54348862443,-131.39785062209398,98,vrp_raw,quantile
2024-05-09,2548.17227162274,17785.56134997856,95.84225269949411,98,vrp_raw,quantile
2024-05-10,786.1455515699317,17496.338375932868,317.2676995273067,98,vrp_raw,quantile
2024-05-13,5756.191979303856,19999.999999999996,-2.842170943040401e-14,98,vrp_raw,quantile
2024-05-14,-31168.020957137698,19483.606230235986,-94.21256877939297,98,vrp_raw,quantile
2024-05-15,46611.76108980988,21409.360943208274,2557.6823883078323,98,vrp_raw,quantile
2024-05-16,-1333.8790162429739,20772.976701997686,2625.0617534800285,98,vrp_raw,quantile
2024-05-17,7203.751312309093,21977.512471508726,3288.1845938865345,98,vrp_raw,quantile
2024-05-20,-19324.268982239068,19999.999999999996,1.7053025658242404e-13,96,vrp_raw,quantile
2024-05-21,17685.309105897253,18977.52867939577,380.5307246799124,96,vrp_raw,quantile
2024-05-22,-12374.747134323585,19618.524830351962,-560.99966150949,96,vrp_raw,quantile
2024-05-23,1797.628905744215,20555.409759911647,604.8149871486874,96,vrp_raw,quantile
2024-05-24,197.4020218624444,20721.5612158985,2213.168152103435,96,vrp_raw,quantile
2024-05-28,-4090.35147632289,20000.0,2.842170943040401e-14,98,vrp_raw,quantile
2024-05-29,1436.3735868647896,20267.932284328253,1092.331434808495,98,vrp_raw,quantile
2024-05-30,-33025.22954670816,20075.34414357816,1103.3864696440799,98,vrp_raw,quantile
2024-05-31,4766.813875588328,19942.18747731966,-151.5114955148086,98,vrp_raw,quantile
2024-06-03,-13006.779878384717,20000.0,1.1368683772161603e-13,98,vrp_raw,quantile
2024-06-04,-751.6885224913252,19516.289861216228,195.2861146583113,97,vrp_raw,quantile
2024-06-05,6525.319795856066,19130.63959565095,167.62199359886574,97,vrp_raw,quantile
2024-06-06,48.07682470059649,18825.260420397786,218.34118864946416,97,vrp_raw,quantile
2024-06-07,-1372.508196586147,18495.492240374322,114.48619719446023,97,vrp_raw,quantile
2024-06-10,697.8137638146717,19999.999999999996,1.4210854715202004e-13,98,vrp_raw,quantile
2024-06-11,-7085.096314709134,20237.388326994107,307.7910127864652,98,vrp_raw,quantile
2024-06-12,-6540.154510029371,19728.583461067952,634.1165480426066,98,vrp_raw,quantile
2024-06-13,-3430.8891424996996,19488.15428138113,813.6643093773478,98,vrp_raw,quantile
2024-06-14,1426.781158203203,19645.174573397468,913.675598674641,98,vrp_raw,quantile
2024-06-17,2080.881415045717,20000.0,-2.842170943040401e-14,96,vrp_raw,quantile
2024-06-18,7998.803054218613,19253.376805748136,-111.31110082645282,96,vrp_raw,quantile
2024-06-20,-8431.787973891574,19306.107829376695,-318.9219722306574,96,vrp_raw,quantile
2024-06-21,8176.057731157869,18541.385167397148,-319.12036400631655,96,vrp_raw,quantile
2024-06-24,13393.734121298112,19999.999999999996,2.842170943040401e-14,98,vrp_raw,quantile
2024-06-25,-8002.613735820964,19694.98839604909,-137.03211731220674,98,vrp_raw,quantile
2024-06-26,-6582.427498665011,19627.075727330426,-575.2831228802361,98,vrp_raw,quantile
2024-06-27,2180.9598603878267,19379.25955581555,-743.5698462083416,98,vrp_raw,quantile
2024-06-28,-4896.3049019881355,19278.041330931916,-576.0623938886446,98,vrp_raw,quantile
2024-07-01,-1229.1111781893262,19999.999999999996,-5.684341886080802e-14,98,vrp_raw,quantile
2024-07-02,-3478.4992016566803,20611.040642632717,-996.3420916862601,98,vrp_raw,quantile
2024-07-03,17.946372296730203,20121.097191725796,-1446.923140059713,98,vrp_raw,quantile
2024-07-05,4645.0624451817985,19515.3614566839,-1392.7622544542303,98,vrp_raw,quantile
2024-07-08,591.1417544905709,19999.999999999996,-8.526512829121202e-14,98,vrp_raw,quantile
2024-07-09,-4361.306426904412,19609.90120323832,-80.63907222647822,98,vrp_raw,quantile
2024-07-10,2808.550460139296,21197.03244811808,1666.5083030793353,98,vrp_raw,quantile
2024-07-11,11799.233589371548,20529.84382953142,1403.0051875571498,98,vrp_raw,quantile
2024-07-12,-17271.712608777016,19916.36552255585,926.0957512463848,98,vrp_raw,quantile
2024-07-15,27291.837890326533,19999.999999999996,5.684341886080802e-14,98,vrp_raw,quantile
2024-07-16,9547.653352990235,19119.406860400934,-300.41863481303744,98,vrp_raw,quantile
2024-07-17,-27267.52220046188,19899.01169101003,243.9370535419284,98,vrp_raw,quantile
2024-07-18,586.819195050504,20571.32015597545,1087.6290734031654,98,vrp_raw,quantile
2024-07-19,-3647.505361911998,20390.94468086894,1124.6351139748745,98,vrp_raw,quantile
2024-07-22,390.80497281252275,19999.999999999996,-1.4210854715202004e-13,98,vrp_raw,quantile
2024-07-23,11509.444712992312,20260.174040917977,-396.7693566052928,98,vrp_raw,quantile
2024-07-24,-7911.202578869894,22510.551289756335,-823.9993421588508,98,vrp_raw,quantile
2024-07-25,21644.242798579347,22146.247645932926,-577.2334070877794,98,vrp_raw,quantile
2024-07-26,-2204.8684807108834,22668.70552339732,271.1615110847856,98,vrp_raw,quantile
2024-07-29,2943.993346634489,19999.999999999996,-5.684341886080802e-14,98,vrp_raw,quantile
2024-07-30,12495.266159247103,19391.29176959346,-194.28896916968714,98,vrp_raw,quantile
2024-07-31,5974.664783207706,19077.69703462394,-149.8831345048239,98,vrp_raw,quantile
2024-08-01,7349.0180932481235,18752.69074039268,50.59949708046179,98,vrp_raw,quantile
2024-08-02,10665.923510593648,18420.58199717736,5.475913053923591,98,vrp_raw,quantile
2024-08-05,3214.228974102847,20000.0,-8.526512829121202e-14,98,vrp_raw,quantile
2024-08-06,-12755.417552959661,19568.499864450827,112.31865423252259,97,vrp_raw,quantile
2024-08-07,830.8681721971267,19219.839149726027,172.08656514384435,97,vrp_raw,quantile
2024-08-08,-9560.954125619077,19339.028174645508,393.781775076921,97,vrp_raw,quantile
2024-08-09,9764.873274466707,18605.872342393657,357.46183624101076,97,vrp_raw,quantile
2024-08-12,-2074.420341235478,20000.0,-1.1368683772161603e-13,98,vrp_raw,quantile
2024-08-13,-9325.932874768005,19844.34453718594,-308.5797511681065,98,vrp_raw,quantile
2024-08-14,12676.321444704932,19027.60921524306,-0.9919146883088104,98,vrp_raw,quantile
2024-08-15,-387.49396095213535,18715.01722025774,-507.1825468159636,98,vrp_raw,quantile
2024-08-16,-1786.925047296313,18187.47710351534,-483.02430676362155,98,vrp_raw,quantile
2024-08-19,6244.354810234741,19999.999999999996,-2.842170943040401e-14,96,vrp_raw,quantile
2024-08-20,10490.534125717853,20710.5100098666,695.8080170823248,96,vrp_raw,quantile
2024-08-21,4695.357615210009,19049.12087719304,600.1306960694805,96,vrp_raw,quantile
2024-08-22,11165.11258317706,19772.33777372336,2068.5422312362275,96,vrp_raw,quantile
2024-08-23,-16372.568361172891,19476.646759652016,2312.813679471928,96,vrp_raw,quantile
2024-08-26,6522.248309060742,19999.999999999996,5.684341886080802e-14,98,vrp_raw,quantile
2024-08-27,8166.662571917057,19775.932566694722,386.6933853657828,98,vrp_raw,quantile
2024-08-28,951.0807926149367,19456.19245955661,646.5897378197524,98,vrp_raw,quantile
2024-08-29,-16999.32551092306,18449.754519115897,555.2456904667777,98,vrp_raw,quantile
2024-08-30,12496.439952924082,16857.89280030386,525.9931500999535,98,vrp_raw,quantile
2024-09-03,-1446.5075630327108,20000.0,-2.842170943040401e-14,98,vrp_raw,quantile
2024-09-04,-16037.611179010832,20019.079603528236,302.25638891002245,98,vrp_raw,quantile
2024-09-05,4387.188292514209,19547.014588478312,406.73259074146677,97,vrp_raw,quantile
2024-09-06,795.6045845077949,19331.702774217476,2.181313848440311,97,vrp_raw,quantile
2024-09-09,-1962.644153187882,19795.918367346938,204.08163265306112,97,vrp_raw,quantile
2024-09-10,3150.3057956107905,19385.233019639145,311.19803186128274,97,vrp_raw,quantile
2024-09-11,2021.8410626176621,19194.017581844928,657.49189108723,97,vrp_raw,quantile
2024-09-12,-6109.433842127904,19316.324158063875,448.3750913677484,97,vrp_raw,quantile
2024-09-13,-9281.379597143587,18954.428529960514,17.78367542800342,97,vrp_raw,quantile
2024-09-16,15539.289905129506,20000.0,0.0,98,vrp_raw,quantile
2024-09-17,-8847.535358355659,19843.7137995711,-37.07296637179829,98,vrp_raw,quantile
2024-09-18,-1434.5988958384949,19581.140109959073,-95.38958221935584,98,vrp_raw,quantile
2024-09-19,10455.162028344903,18855.987286241154,105.90981990543355,98,vrp_raw,quantile
2024-09-20,-7701.580706434678,18542.55967457233,179.93453847006955,98,vrp_raw,quantile
2024-09-23,1977.5077220131764,20000.0,-5.684341886080802e-14,98,vrp_raw,quantile
2024-09-24,-10347.219001524736,19608.084477824606,414.79034656905236,98,vrp_raw,quantile
2024-09-25,2264.2331590971253,19087.50641328709,572.9508808504081,98,vrp_raw,quantile
2024-09-26,-10507.463468227352,18766.616551791536,257.93015853238757,98,vrp_raw,quantile
2024-09-27,-5344.350201512096,18886.328265258337,225.9592155714645,98,vrp_raw,quantile
2024-09-30,-2597.9999074419034,20000.0,-8.526512829121202e-14,98,vrp_raw,quantile
2024-10-01,13186.908069234774,19192.761417553706,465.20895996143537,96,vrp_raw,quantile
2024-10-02,5123.093440470314,18714.423220933983,204.3243340747613,96,vrp_raw,quantile
2024-10-03,896.5339534115822,18318.6515834968,113.28913105287975,96,vrp_raw,quantile
2024-10-04,3568.037780436538,17869.10399698063,42.59010408093769,96,vrp_raw,quantile
2024-10-07,-6339.203193527842,19795.918367346938,204.08163265306118,97,vrp_raw,quantile
2024-10-08,2630.369511203059,19720.06119988793,-260.42847895669547,97,vrp_raw,quantile
2024-10-09,1478.924366826637,19360.891913923642,-184.34695191285988,97,vrp_raw,quantile
2024-10-10,87.43369356002417,19333.541714277646,-479.8892461445247,97,vrp_raw,quantile
2024-10-11,-6965.658919333343,19118.600403596312,-401.052965399679,97,vrp_raw,quantile
2024-10-14,1150.8989201359504,20000.0,8.526512829121202e-14,98,vrp_raw,quantile
2024-10-15,-18093.131264925858,19780.56963134855,-361.7174392970488,98,vrp_raw,quantile
2024-10-16,21876.10177080168,19547.093966516113,-291.96347458863215,98,vrp_raw,quantile
2024-10-17,-2170.204571970346,18962.82402434772,-327.0300973471436,98,vrp_raw,quantile
2024-10-18,-14287.532006831838,18456.22036237728,-466.7716474539938,98,vrp_raw,quantile
2024-10-21,9298.889741721916,19999.999999999996,-2.842170943040401e-14,98,vrp_raw,quantile
2024-10-22,2172.445499290173,20599.965564030797,780.9614157267254,98,vrp_raw,quantile
2024-10-23,12195.01536339725,20851.66540324942,1287.6756403727288,98,vrp_raw,quantile
2024-10-24,-16736.239131303544,20826.976603768406,921.5542892569645,98,vrp_raw,quantile
2024-10-25,7617.905479014529,20607.27819026502,904.132537915847,98,vrp_raw,quantile
2024-10-28,9704.759797958623,20000.0,-1.4210854715202004e-13,98,vrp_raw,quantile
2024-10-29,-3146.232843064354,19303.506132129023,342.0085602476068,97,vrp_raw,quantile
2024-10-30,1769.4142400634719,18955.687765478437,480.52483106092086,97,vrp_raw,quantile
2024-10-31,-6213.710630427213,18592.967006560168,409.2351895151663,97,vrp_raw,quantile
2024-11-01,-240.8368110383792,18377.558924157358,361.11722178103685,97,vrp_raw,quantile
2024-11-04,1725.8565569525645,20000.0,-1.4210854715202004e-13,98,vrp_raw,quantile
2024-11-05,3386.8380730131025,19415.627044463283,-212.80696361664667,98,vrp_raw,quantile
2024-11-06,10654.834728486467,18427.146417517357,-224.4263217075851,98,vrp_raw,quantile
2024-11-07,2364.8789521276017,18274.280538829746,394.58638927217845,98,vrp_raw,quantile
2024-11-08,-12027.377070244016,17906.68979047333,25.266207491818193,98,vrp_raw,quantile
2024-11-11,5788.982203283021,20000.0,-5.684341886080802e-14,98,vrp_raw,quantile
2024-11-12,-5684.143983754859,19709.65422704153,-15.247669988426878,98,vrp_raw,quantile
2024-11-13,13607.125979888282,20002.548856279824,1276.380060182894,98,vrp_raw,quantile
2024-11-14,-4528.166136216257,19452.32819293162,1167.3057784487162,98,vrp_raw,quantile
2024-11-15,7509.426440094526,19636.45335360952,1150.9156958433935,98,vrp_raw,quantile
2024-11-18,-17302.863123212275,19999.999999999996,-1.4210854715202004e-13,98,vrp_raw,quantile
2024-11-19,3116.1055162160565,20189.466179413783,118.01374917838214,98,vrp_raw,quantile
2024-11-20,-10933.114034146169,20087.77314048152,208.96097704090718,98,vrp_raw,quantile
2024-11-21,6284.329406307712,19045.726008212383,218.7975949226264,98,vrp_raw,quantile
2024-11-22,24221.42768630657,19436.78179792348,707.806487153007,98,vrp_raw,quantile
2024-11-25,-27923.785489469665,19999.999999999996,5.684341886080802e-14,98,vrp_raw,quantile
2024-11-26,31165.221876220417,19999.333749278016,1178.4652247657752,98,vrp_raw,quantile
2024-11-27,-621.9585940609192,19545.197734333582,885.0882990107177,98,vrp_raw,quantile
2024-11-29,-26849.158230027482,18127.598963302116,299.1566928902593,98,vrp_raw,quantile
2024-12-02,14567.573079398542,19999.999999999996,1.7053025658242404e-13,98,vrp_raw,quantile
2024-12-03,6510.138298636155,19954.46916151618,303.32227603648687,97,vrp_raw,quantile
2024-12-04,5620.60774949791,19675.542752916328,548.3879870213149,97,vrp_raw,quantile
2024-12-05,4499.845621720699,19107.012295004904,654.2744080003503,97,vrp_raw,quantile
2024-12-06,13807.682133759678,18911.795126208563,856.3714121895891,97,vrp_raw,quantile
2024-12-09,-6818.774695151005,19795.918367346938,204.0816326530611,97,vrp_raw,quantile
2024-12-10,10218.511438171467,19304.976763095532,422.68649457097223,97,vrp_raw,quantile
2024-12-11,-77.84901887177338,19107.806680394147,169.56992063749075,97,vrp_raw,quantile
2024-12-12,731.9994215263846,18405.056014601516,241.40035027800715,97,vrp_raw,quantile
2024-12-13,-7647.5689406388665,18676.188444823296,-87.37072096543847,97,vrp_raw,quantile
2024-12-16,5520.983165954399,19999.999999999996,1.4210854715202004e-13,98,vrp_raw,quantile
2024-12-17,3742.464891567744,19592.737380521437,425.0018598909516,98,vrp_raw,quantile
2024-12-18,-6301.864631669411,18954.255410447,2131.3086648847466,98,vrp_raw,quantile
2024-12-19,-12896.472142559303,19522.312140558275,1503.6459126036805,98,vrp_raw,quantile
2024-12-20,-4862.934136210887,18981.424267372582,770.461139946043,98,vrp_raw,quantile
2024-12-23,14638.831539271234,19999.999999999996,-1.1368683772161603e-13,98,vrp_raw,quantile
2024-12-24,2251.1889648569154,18846.508881081278,-507.3285803044779,98,vrp_raw,quantile
2024-12-26,2898.4804157975564,18763.050777850105,-424.46264346309476,98,vrp_raw,quantile
2024-12-27,9453.539887987534,18161.881375932215,-298.0354669333028,98,vrp_raw,quantile
2024-12-30,-6565.570500619198,20000.0,-1.1368683772161603e-13,98,vrp_raw,quantile
2024-12-31,5652.361927938238,20061.722750234218,254.95553028930465,98,vrp_raw,quantile
2025-01-02,-5204.881252148504,19607.26720596757,156.2723976940922,98,vrp_raw,quantile
2025-01-03,2304.5920477287536,19310.61152301437,119.16471170774614,98,vrp_raw,quantile
2025-01-06,6506.108253151142,19999.999999999996,-1.4210854715202004e-13,98,vrp_raw,quantile
2025-01-07,2242.6055181402935,19998.073265483985,67.07482981875765,98,vrp_raw,quantile
2025-01-08,-421.7891935685352,19516.634306649023,75.16502623732308,98,vrp_raw,quantile
2025-01-10,-4897.880287464858,18761.074831777398,-332.29201820055266,98,vrp_raw,quantile
2025-01-13,-5002.934536778463,20000.0,-2.842170943040401e-14,98,vrp_raw,quantile
2025-01-14,187.29380913605203,19826.444004036457,111.14476117875196,98,vrp_raw,quantile
2025-01-15,11291.710342121603,19092.99654934822,193.70642865646863,98,vrp_raw,quantile
2025-01-16,1749.4326388017912,18609.557560656864,209.0581618588521,98,vrp_raw,quantile
2025-01-17,3063.8341373177186,18135.778541911284,211.62336824623185,98,vrp_raw,quantile
2025-01-21,4733.586664131797,20000.0,5.684341886080802e-14,98,vrp_raw,quantile
2025-01-22,18732.430942122737,20416.838667498567,1112.4812284066675,98,vrp_raw,quantile
2025-01-23,-19412.648284549883,19678.93068547448,378.3468742070609,98,vrp_raw,quantile
2025-01-24,13606.090709716289,18945.129222107924,44.51927624078755,98,vrp_raw,quantile
2025-01-27,36651.49764612023,19999.999999999996,-8.526512829121202e-14,98,vrp_raw,quantile
2025-01-28,-18651.03876283174,19897.75549540746,602.0633706678375,98,vrp_raw,quantile
2025-01-29,29465.08691755903,19998.78213552406,1457.6288665108784,98,vrp_raw,quantile
2025-01-30,-36865.93594425091,18596.066960160326,19.60758522082753,98,vrp_raw,quantile
2025-01-31,7909.652669235863,18348.13128060785,422.7200815115991,98,vrp_raw,quantile
2025-02-03,-10482.483197553913,20000.0,2.842170943040401e-14,98,vrp_raw,quantile
2025-02-04,-6252.0355178616555,19905.21888579233,-52.573243839994745,98,vrp_raw,quantile
2025-02-05,-5902.301381625679,19368.368491810623,25.579038450394904,98,vrp_raw,quantile
2025-02-06,-22512.211200024245,18911.94724242186,-68.54530389698152,98,vrp_raw,quantile
2025-02-07,1630.817510469358,18730.200667322148,161.5927645663846,98,vrp_raw,quantile
2025-02-10,-1287.5054132387893,19999.999999999996,1.1368683772161603e-13,98,vrp_raw,quantile
2025-02-11,5227.585120820399,19747.065271772255,183.56278226264698,98,vrp_raw,quantile
2025-02-12,4530.852703618778,19443.77417676472,278.948511119362,98,vrp_raw,quantile
2025-02-13,3880.090649946566,19104.96041054,242.4818834336213,98,vrp_raw,quantile
2025-02-14,-13213.691074792681,18546.349565188983,14.763505671837066,98,vrp_raw,quantile
2025-02-18,5779.053661590713,20000.0,0.0,98,vrp_raw,quantile
2025-02-19,-7909.35810764,19973.72025603167,676.52725646884,98,vrp_raw,quantile
2025-02-20,-3021.6028111283385,19710.747184018674,859.5889811657162,98,vrp_raw,quantile
2025-02-21,23129.07027923545,22738.674064379426,3697.225581302569,98,vrp_raw,quantile
2025-02-24,-7700.089713725234,19999.999999999996,8.526512829121202e-14,98,vrp_raw,quantile
2025-02-25,-7972.8632984696915,20229.366759821398,533.1295791785724,98,vrp_raw,quantile
2025-02-26,4877.602282482619,21183.43842455797,1590.2649118222166,98,vrp_raw,quantile
2025-02-27,8257.055432302323,20547.0585272432,1567.0853828552688,98,vrp_raw,quantile
2025-02-28,-11838.417523182461,19928.036167822935,1077.490917998863,98,vrp_raw,quantile
2025-03-03,12982.83617831619,20000.0,5.684341886080802e-14,98,vrp_raw,quantile
2025-03-04,-321.09777831168424,19652.498993462807,319.3581912183568,98,vrp_raw,quantile
2025-03-05,-2.725317938481453,19210.3024861508,76.03493265576839,98,vrp_raw,quantile
2025-03-06,-6806.992255823952,18638.52076656331,0.17652112226230088,98,vrp_raw,quantile
2025-03-07,-4478.157672212821,18102.16555900692,-18.37713157053099,98,vrp_raw,quantile
2025-03-10,13628.311849447551,19999.999999999996,-1.4210854715202004e-13,98,vrp_raw,quantile
2025-03-11,-9322.592186089138,20101.328132257782,-143.30284744542834,98,vrp_raw,quantile
2025-03-12,19641.51177437049,19779.421138670645,174.26790739036485,98,vrp_raw,quantile
2025-03-13,-13809.572708485885,19663.454916815386,414.5446281018769,98,vrp_raw,quantile
2025-03-14,4128.29007375226,19900.51298264765,443.38257310482584,98,vrp_raw,quantile
2025-03-17,-2057.3793746786937,20000.0,1.1368683772161603e-13,98,vrp_raw,quantile
2025-03-18,756.1757407045538,20190.786864577018,-79.64558597550413,98,vrp_raw,quantile
2025-03-19,-10622.501333419003,19971.31438551827,-154.90495950364678,98,vrp_raw,quantile
2025-03-20,7397.4006331850205,19483.912293581176,255.19352847739734,98,vrp_raw,quantile
2025-03-21,3390.0743946328525,19338.530813660404,321.5601136512579,98,vrp_raw,quantile
2025-03-24,-2360.486822036578,20000.0,8.526512829121202e-14,98,vrp_raw,quantile
2025-03-25,-3146.9087716276626,19541.71971352401,-177.97553226938737,98,vrp_raw,quantile
2025-03-26,-5042.078294102152,19369.000434488404,37.12364267801905,98,vrp_raw,quantile
2025-03-27,-1129.3273365415685,19064.57269653769,33.32359851573574,98,vrp_raw,quantile
2025-03-28,-1587.1479992784812,30417.86965282326,-3430.245807308991,98,vrp_raw,quantile
2025-03-31,-3182.2385128440997,20000.0,1.1368683772161603e-13,98,vrp_raw,quantile
2025-04-01,-3106.48776670187,19760.879268254743,106.36293756941402,98,vrp_raw,quantile
2025-04-02,-4531.947086115205,19317.216430447323,273.2328229950773,98,vrp_raw,quantile
2025-04-03,77370.56581357942,18143.06412942897,-438.19498884835605,98,vrp_raw,quantile
2025-04-04,12461.074782086684,18442.718491562486,-33.442945897501204,98,vrp_raw,quantile
2025-04-07,-4913.371576105797,20000.0,8.526512829121202e-14,100,vrp_raw,quantile
2025-04-08,2616.651854961215,19627.728749638532,-259.4480702176188,100,vrp_raw,quantile
2025-04-09,35280.08170365339,20704.505237576002,-473.57336673332946,100,vrp_raw,quantile
2025-04-10,61814.98934744296,20350.101661764613,-75.13274985450508,100,vrp_raw,quantile
2025-04-11,-17305.80101971694,20197.87321632883,-128.29756464898645,100,vrp_raw,quantile
2025-04-14,-26562.75656366093,20000.0,0.0,100,vrp_raw,quantile
2025-04-15,-10438.692992117405,19340.440906486485,272.56648899849193,100,vrp_raw,quantile
2025-04-16,1211.086682225808,19254.345748779324,587.9779581576709,100,vrp_raw,quantile
2025-04-17,-7855.000321274622,18891.050177670444,565.9380159888904,100,vrp_raw,quantile
2025-04-21,-6230.900001446828,19999.999999999996,8.526512829121202e-14,98,vrp_raw,quantile
2025-04-22,-15116.680599130043,20185.196031094685,-288.6386124331408,98,vrp_raw,quantile
2025-04-23,-2613.7523997407807,20368.267947815617,-127.32657714143,98,vrp_raw,quantile
2025-04-24,21199.80422692484,19915.497149557228,154.60619113953027,98,vrp_raw,quantile
2025-04-25,-2710.2367044743796,19487.101444454776,670.7561172681384,98,vrp_raw,quantile
2025-04-28,11167.573116803533,20000.0,2.842170943040401e-14,100,vrp_raw,quantile
2025-04-29,-6761.563947600423,19539.196691671037,69.35146573503539,100,vrp_raw,quantile
2025-04-30,-1451.230060909796,19057.380975421904,241.02320104775154,100,vrp_raw,quantile
2025-05-01,1718.3449956886845,18871.398610337306,310.6734124368666,100,vrp_raw,quantile
2025-05-02,-1134.024721694839,18497.507623892576,292.99583468966466,100,vrp_raw,quantile
2025-05-05,-8694.901735848556,19999.999999999996,0.0,98,vrp_raw,quantile
2025-05-06,-8142.304775827036,19556.90509008191,163.31684441896715,98,vrp_raw,quantile
2025-05-07,11047.814162773991,19158.88347087082,403.2252548817251,98,vrp_raw,quantile
2025-05-08,-11750.30385389876,18736.303522979455,-37.82910504704034,98,vrp_raw,quantile
2025-05-09,893.3553294918372,18135.723747495736,-77.80417772217308,98,vrp_raw,quantile
2025-05-12,19150.20363092888,19999.999999999996,2.842170943040401e-14,98,vrp_raw,quantile
2025-05-13,-11967.694909028047,19604.83012649487,1627.611529600843,98,vrp_raw,quantile
2025-05-14,2533.364596274034,20269.7049909547,2411.384576584018,98,vrp_raw,quantile
2025-05-15,-12917.274281037917,20639.094713576294,1565.5360110540691,98,vrp_raw,quantile
2025-05-16,-3405.48509401434,20205.775950304767,1269.0532491162394,98,vrp_raw,quantile
2025-05-19,-494.35262219906076,19999.999999999996,2.842170943040401e-14,98,vrp_raw,quantile
2025-05-20,2962.3538441354526,20063.700394906136,342.96391597417835,98,vrp_raw,quantile
2025-05-21,16774.38603834311,21408.014979833802,1498.665447511198,98,vrp_raw,quantile
2025-05-22,8494.766721985254,20579.515003204117,1436.3468816338932,98,vrp_raw,quantile
2025-05-23,3031.0894473808753,20678.44892730043,1885.859590569094,98,vrp_raw,quantile
2025-05-27,-8981.458371439523,20000.0,0.0,98,vrp_raw,quantile
2025-05-28,4623.798737492231,20470.635577163943,810.4648396310653,98,vrp_raw,quantile
2025-05-29,7006.606502421477,19512.732014732657,1031.8403802222485,98,vrp_raw,quantile
2025-05-30,-16073.794413647467,19703.797620773763,220.93978344043725,98,vrp_raw,quantile
2025-06-02,11460.871402216011,20000.0,-5.684341886080802e-14,98,vrp_raw,quantile
2025-06-03,1289.3050868471285,19600.339483990334,16.7869870994123,98,vrp_raw,quantile
2025-06-04,-3434.493721424769,19492.235553335755,-206.35938570733737,98,vrp_raw,quantile
2025-06-05,2928.767380199425,19677.988121624163,-91.2891711474463,98,vrp_raw,quantile
2025-06-06,-1293.513443318603,19230.65860388454,-197.17812455220974,98,vrp_raw,quantile
2025-06-09,-1152.1561103564825,19999.999999999996,-5.684341886080802e-14,98,vrp_raw,quantile
2025-06-10,-1366.9552259097734,20972.20109209438,1576.5885981719475,98,vrp_raw,quantile
2025-06-11,-2368.5737057906877,21084.702626257673,1641.346016809362,98,vrp_raw,quantile
2025-06-12,-997.6871289976359,20821.875724280337,1488.7829393959391,98,vrp_raw,quantile
2025-06-13,-281.7437855558358,20630.68681312555,1476.763071331061,98,vrp_raw,quantile
2025-06-16,1781.4520438367435,19999.999999999996,-5.684341886080802e-14,98,vrp_raw,quantile
2025-06-17,15184.658330781009,19643.193677469724,312.4488628894974,98,vrp_raw,quantile
2025-06-18,-3183.0458836251737,19699.46957960076,-447.89658886105155,98,vrp_raw,quantile
2025-06-20,760.0846775285765,19288.138665954353,-778.0322649415009,98,vrp_raw,quantile
2025-06-23,863.6552038623557,20000.0,-5.684341886080802e-14,100,vrp_raw,quantile
2025-06-24,-15164.65551263345,19500.49062757786,-265.8420480445575,100,vrp_raw,quantile
2025-06-25,6002.504474250276,19313.40737722035,-545.2954538139602,100,vrp_raw,quantile
2025-06-26,-1411.8878518475299,18758.046801633347,-217.0187708751418,100,vrp_raw,quantile
2025-06-27,-4587.50353191555,18390.154433123345,-181.3069785738582,100,vrp_raw,quantile
2025-06-30,-3269.05994583848,20000.0,1.7053025658242404e-13,98,vrp_raw,quantile
2018-07-09,0.0,19999.999969030847,499.9999999665671,481,vrp_raw,mvo
2018-07-10,-3987.4840473750996,19227.595006804077,61.26675904236761,481,vrp_raw,mvo
2018-07-11,5508.310446939498,19103.338229765737,-147.1713451146832,481,vrp_raw,mvo
2018-07-12,-4355.408362361362,18413.499511287886,-471.7183747266201,481,vrp_raw,mvo
2018-07-13,-856.0896233216076,17961.72603796864,-500.1018938813833,481,vrp_raw,mvo
2018-07-16,-4650.980859289341,20000.000015851707,-499.9999972866541,484,vrp_raw,mvo
2018-07-17,6608.573012492352,19540.768325644836,-382.88475736367894,484,vrp_raw,mvo
2018-07-18,-13312.263852901635,18228.84012046021,-276.92861913920797,483,vrp_raw,mvo
2018-07-19,9323.425863794098,18102.234887467366,-260.0698376030683,483,vrp_raw,mvo
2018-07-20,-4970.702111243921,17364.237764502173,-614.572454508267,483,vrp_raw,mvo
2018-07-23,13654.205788422685,19999.99978410257,-499.99998651800854,483,vrp_raw,mvo
2018-07-24,-1176.7165946357882,19064.772904502333,-1314.0583584822639,483,vrp_raw,mvo
2018-07-25,-22924.24962849728,16594.49386581337,-2254.649324140891,483,vrp_raw,mvo
2018-07-26,78328.80350831027,15903.71392347596,-1600.5506301231683,483,vrp_raw,mvo
2018-07-27,-23538.243809833246,14873.042004804343,-1343.3643910087956,483,vrp_raw,mvo
2018-07-30,-1311.5010714744476,19999.99965800075,499.9999871133284,484,vrp_raw,mvo
2018-07-31,7423.381986985677,19589.187021486567,374.13065787517303,484,vrp_raw,mvo
2018-08-01,-947.1126929279334,19296.781970864035,290.5598807160811,484,vrp_raw,mvo
2018-08-02,9095.358499231672,18996.662464164623,785.3468376773543,484,vrp_raw,mvo
2018-08-03,-18153.00055932224,18393.197718184274,636.4583898664554,484,vrp_raw,mvo
2018-08-06,1538.599129976504,19999.999585898644,-226.42756720187788,487,vrp_raw,mvo
2018-08-07,-631.2226315788869,19425.184127851902,-668.6301538650736,487,vrp_raw,mvo
2018-08-08,21880.336221016954,19648.593802343257,68.54767766798646,487,vrp_raw,mvo
2018-08-09,2213.5251156697254,18917.911860354558,-521.4435601481933,487,vrp_raw,mvo
2018-08-10,-12285.80212044867,20056.36186805296,1004.1187183200052,487,vrp_raw,mvo
2018-08-13,14677.875439317173,20000.00045802229,499.999999151964,487,vrp_raw,mvo
2018-08-14,-7517.103381612529,19016.45911896888,819.0141262360394,487,vrp_raw,mvo
2018-08-15,-18086.775494911242,18475.386655346218,583.2327278773028,487,vrp_raw,mvo
2018-08-16,8264.508498964111,17622.497755915134,470.7158149711088,487,vrp_raw,mvo
2018-08-17,-12423.31823531082,17335.653265062232,448.4632770527673,487,vrp_raw,mvo
2018-08-20,3914.043335136212,20000.00024258504,499.99999803807106,488,vrp_raw,mvo
2018-08-21,27231.503889836935,19620.604489009445,1225.415867541174,488,vrp_raw,mvo
2018-08-22,3357.5312291296455,19647.928845420603,1959.8902352979785,488,vrp_raw,mvo
2018-08-23,-6475.7139418656425,18828.549000957886,1285.518516054241,488,vrp_raw,mvo
2018-08-24,19844.971698926547,18511.516499854068,1210.057848755704,488,vrp_raw,mvo
2018-08-27,3454.823966008501,20000.000033416174,499.9999992468198,489,vrp_raw,mvo
2018-08-28,-7998.594303175231,18821.558582856836,905.9222971825075,489,vrp_raw,mvo
2018-08-29,21857.015903644253,17682.100907312404,1114.9171256014852,489,vrp_raw,mvo
2018-08-30,-17019.526802499404,17121.944785885364,1917.7290194334187,489,vrp_raw,mvo
2018-08-31,23266.14807659248,17459.70275621262,2501.029407158821,489,vrp_raw,mvo
2018-09-04,-3808.0131199514453,19999.998609677412,499.9999966252455,489,vrp_raw,mvo
2018-09-05,11896.305515014385,19894.662563793005,981.2457966880424,489,vrp_raw,mvo
2018-09-06,1138.9341230752339,19650.736603330628,1054.2040102881422,488,vrp_raw,mvo
2018-09-07,-4839.004305506165,19091.940883190004,1245.5876733614189,488,vrp_raw,mvo
2018-09-10,11168.957603495757,19999.999553111833,193.66978658587175,488,vrp_raw,mvo
2018-09-11,5984.236517192249,19710.651890243316,281.2522816850438,488,vrp_raw,mvo
2018-09-12,-306.93282111752706,19612.023230935472,-49.56655370750439,488,vrp_raw,mvo
2018-09-13,-9761.913062523192,19250.26124767628,126.25445174105442,488,vrp_raw,mvo
2018-09-14,-1914.2451989075637,18764.99304801517,261.91479162159925,488,vrp_raw,mvo
2018-09-17,14170.062460834359,20000.00026858162,-499.9999955615016,489,vrp_raw,mvo
2018-09-18,-20269.60549526579,19724.748366589025,-410.89172198422875,489,vrp_raw,mvo
2018-09-19,2764.925229542951,19670.438887862496,-438.65442721540194,489,vrp_raw,mvo
2018-09-20,-7714.831044645492,18740.554491140236,13.148199989769505,489,vrp_raw,mvo
2018-09-21,30231.69076905897,18103.541762062374,144.10310171637127,489,vrp_raw,mvo
2018-09-24,-11220.109525904874,19999.99963859836,-499.99999363940316,489,vrp_raw,mvo
2018-09-25,6840.012473433961,19719.627651896855,-620.6663950179972,489,vrp_raw,mvo
2018-09-26,6868.937778094383,19691.88543822817,-586.9413617664591,489,vrp_raw,mvo
2018-09-27,-14187.91455318369,18937.3112430895,-835.5182228660258,489,vrp_raw,mvo
2018-09-28,-11879.491274408867,17918.04717721351,-156.53538863936458,489,vrp_raw,mvo
2018-10-01,29447.76981251091,19999.998529125893,-499.9997935400523,489,vrp_raw,mvo
2018-10-02,7892.849172536058,19348.53548402155,-485.7422254813275,489,vrp_raw,mvo
2018-10-03,-16282.859919789124,19511.138917768752,-492.11576272860344,489,vrp_raw,mvo
2018-10-04,1442.6104799105349,18843.11539579405,-423.7374746830985,489,vrp_raw,mvo
2018-10-05,214.5479426229783,18430.990474399394,-413.8401207143901,489,vrp_raw,mvo
2018-10-08,3536.015786816185,20000.000079915728,-499.99999362235786,489,vrp_raw,mvo
2018-10-09,10464.071147839393,19421.81127165685,-655.5656428157724,488,vrp_raw,mvo
2018-10-10,-2606.5575403392327,17947.055673642295,-1153.8283930144853,488,vrp_raw,mvo
2018-10-11,15794.471570670832,18068.060733865244,-285.2059154753619,488,vrp_raw,mvo
2018-10-12,-19915.546640508874,18135.401448606153,-275.30164244264057,488,vrp_raw,mvo
2018-10-15,-4621.753226873993,19999.999980387653,-499.9999952076528,488,vrp_raw,mvo
2018-10-16,838.8037203989579,20544.063133396645,89.9048447734875,488,vrp_raw,mvo
2018-10-17,-3251.9558992863367,19795.63820351795,120.82504021635404,488,vrp_raw,mvo
2018-10-18,4125.161334613618,18772.31455781013,-1028.577244993887,488,vrp_raw,mvo
2018-10-19,-3834.263575435556,22825.952705538897,3352.1620261896305,487,vrp_raw,mvo
2018-10-22,-19568.6706884281,19999.999660791247,-499.99998929216383,487,vrp_raw,mvo
2018-10-23,12581.004799802218,19163.665748687432,-197.45470758777705,487,vrp_raw,mvo
2018-10-24,-12123.893674320992,19357.164479709154,309.6608266948711,487,vrp_raw,mvo
2018-10-25,17488.341380408674,19550.173430788116,-147.86008931838256,487,vrp_raw,mvo
2018-10-26,1565.7417443990428,20111.565799916636,556.4426766705197,487,vrp_raw,mvo
2018-10-29,-21382.269542844188,20000.000233252184,499.99999039849223,487,vrp_raw,mvo
2018-10-30,77741.80617711684,20040.083734313193,710.285111049385,487,vrp_raw,mvo
2018-10-31,267008.1008452037,23681.398804640252,4663.323598741437,487,vrp_raw,mvo
2018-11-01,21822.306171551456,22778.41851966194,4236.486191653577,487,vrp_raw,mvo
2018-11-02,-10937.023206201055,22334.71197107247,4239.694775709243,487,vrp_raw,mvo
2018-11-05,-1121.2993546532336,20000.000076725933,499.99999915546135,487,vrp_raw,mvo
2018-11-06,16733.129185946695,19521.06606441038,802.9740153308514,487,vrp_raw,mvo
2018-11-07,-8816.348713093583,18500.817249319636,345.22849268139254,487,vrp_raw,mvo
2018-11-08,-5797.834006617859,18263.621843745626,638.711114877345,487,vrp_raw,mvo
2018-11-09,6745.476990439811,19377.20581728239,517.4278850285717,487,vrp_raw,mvo
2018-11-12,9049.71588352571,19999.999897747457,499.99999913323745,487,vrp_raw,mvo
2018-11-13,-5942.421183192597,19657.78020394925,555.8517853143469,486,vrp_raw,mvo
2018-11-14,9548.854368287351,19702.486306581573,299.6159933191795,486,vrp_raw,mvo
2018-11-15,12845.952623852318,19049.6025046093,535.3988941602593,486,vrp_raw,mvo
2018-11-16,-14467.992068853295,19007.23442068966,673.2238668132583,486,vrp_raw,mvo
2018-11-19,16267.92322431106,19999.999667828855,499.9999864251535,487,vrp_raw,mvo
2018-11-20,-3632.086507546771,19089.045856613775,1119.4140827817912,487,vrp_raw,mvo
2018-11-21,-22966.24822643579,19101.356929377085,1149.6185447596906,487,vrp_raw,mvo
2018-11-23,-14374.373531618337,18512.247473916268,1160.9684417357912,487,vrp_raw,mvo
2018-11-26,-6433.117341650269,19999.999122542355,499.9999957270143,488,vrp_raw,mvo
2018-11-27,25303.20831252103,19291.658934829742,436.44682171139476,488,vrp_raw,mvo
2018-11-28,-9704.024250293813,19304.48361604992,-491.3083747669729,488,vrp_raw,mvo
2018-11-29,-11559.681871541756,19811.01808969133,-1198.7447115465711,488,vrp_raw,mvo
2018-11-30,20552.020337596852,18659.41875564674,-681.7522069131644,488,vrp_raw,mvo
2018-12-03,-8439.239537713807,19999.996341010097,499.9999863426811,488,vrp_raw,mvo
2018-12-04,12432.885162761357,19307.121678381714,383.0569144740641,488,vrp_raw,mvo
2018-12-06,29110.233623860247,18973.44468797409,1179.6485132749137,487,vrp_raw,mvo
2018-12-07,4474.674132710417,18464.897100257505,978.3215188088914,487,vrp_raw,mvo
2018-12-10,2503.8811529333298,20000.00042762978,499.9999734946182,486,vrp_raw,mvo
2018-12-11,-47645.455839753835,20242.92962333664,732.5980665505659,486,vrp_raw,mvo
2018-12-12,26749.506602703877,20227.94605893606,523.9750099182494,486,vrp_raw,mvo
2018-12-13,-23662.45053077346,19276.662740930282,379.1220405601616,486,vrp_raw,mvo
2018-12-14,-9128.303800342876,18720.02219471264,25.767973214625325,486,vrp_raw,mvo
2018-12-17,46818.12398833056,19999.994899437672,141.43771417269642,486,vrp_raw,mvo
2018-12-18,-15671.589432573142,19941.12823339297,79.90721798859911,486,vrp_raw,mvo
2018-12-19,-9166.208906466789,20080.06472548753,424.89945408303953,486,vrp_raw,mvo
2018-12-20,-11953.979024736005,21488.89103116716,213.23337467484092,485,vrp_raw,mvo
2018-12-21,-43973.537305087186,20461.01292501975,565.0273372796144,485,vrp_raw,mvo
2018-12-24,7276.729314626829,20000.000159233707,-499.99999771092473,485,vrp_raw,mvo
2018-12-26,61063.356086328764,21292.841491384654,-1307.4833360905184,485,vrp_raw,mvo
2018-12-27,-11751.938663826408,21159.18347043244,-1111.5604167711176,485,vrp_raw,mvo
2018-12-28,26898.998309091603,21191.243076014347,-538.4099358959455,485,vrp_raw,mvo
2018-12-31,-16280.324144372202,19999.999369744426,-499.99999340071776,485,vrp_raw,mvo
2019-01-02,-754.572954196802,19662.340655272816,-251.54132318486873,484,vrp_raw,mvo
2019-01-03,3579.3086080208504,19214.26083230587,-273.85108970152817,484,vrp_raw,mvo
2019-01-04,-12264.423248955822,19536.407928484914,-775.83878876441,484,vrp_raw,mvo
2019-01-07,-20472.563274801763,19999.99376059951,-499.99994600659966,484,vrp_raw,mvo
2019-01-08,2716.194123676071,19715.802516831445,-456.7027422967679,484,vrp_raw,mvo
2019-01-09,5902.492323986,17805.024741615693,-666.3942383329673,484,vrp_raw,mvo
2019-01-10,-14514.10797153769,17374.358030054205,-763.790520890356,476,vrp_raw,mvo
2019-01-11,-3287.6364819290616,16860.964449991843,-718.1329533892022,476,vrp_raw,mvo
2019-01-14,-4865.985772258261,19999.99618476967,499.9999505352019,476,vrp_raw,mvo
2019-01-15,2315.2311171973356,19165.566668234558,213.78613913528628,476,vrp_raw,mvo
2019-01-16,14929.872295170155,18910.377256595595,886.7516614667516,476,vrp_raw,mvo
2019-01-17,-19014.247175904005,18584.58251121359,832.8491594598335,476,vrp_raw,mvo
2019-01-18,-77.04222965460598,17637.554215320775,771.1223098057015,476,vrp_raw,mvo
2019-01-22,-5577.2713166587655,20000.00015075636,499.99999704034803,476,vrp_raw,mvo
2019-01-23,-36739.510157221725,20122.29197965571,465.4881630797722,476,vrp_raw,mvo
2019-01-24,191936.39321929793,20004.342798465845,618.6600028648437,476,vrp_raw,mvo
2019-01-25,-125833.25194975369,20161.660611054373,687.4949366390794,476,vrp_raw,mvo
2019-01-28,10920.218531810864,19999.99959404202,-242.19794192176562,476,vrp_raw,mvo
2019-01-29,-19886.979355488224,19696.947615880075,-319.6441003111686,476,vrp_raw,mvo
2019-01-30,-16331.647208957638,19025.982025743913,-490.12883741479783,476,vrp_raw,mvo
2019-01-31,-3501.13452144226,18598.771770708554,-45.84827991775758,476,vrp_raw,mvo
2019-02-01,-2413.248051392194,18514.069273880013,-742.2323417157643,476,vrp_raw,mvo
2019-02-04,-1570.245320783794,19999.99898990763,20.382712205596924,476,vrp_raw,mvo
2019-02-05,-1547.1956262076062,19553.557064130768,220.91738563353394,476,vrp_raw,mvo
2019-02-06,-574.2170632578498,19507.962351866572,-462.45557782884725,476,vrp_raw,mvo
2019-02-07,-9611.800352307406,19675.10437402145,-216.23870927178862,476,vrp_raw,mvo
2019-02-08,-17257.57260980472,19753.092077858157,110.62986348403392,476,vrp_raw,mvo
2019-02-11,3754.5278015275053,19999.99925975821,499.99988451144185,476,vrp_raw,mvo
2019-02-12,34337.39103409168,19014.432168084222,740.6220908415904,476,vrp_raw,mvo
2019-02-13,18836.304324439017,18317.910469926243,923.5026926776625,476,vrp_raw,mvo
2019-02-14,-1885.9606043216365,17879.610183052748,762.7645542797947,476,vrp_raw,mvo
2019-02-15,-6957.174906677652,16752.012728852245,619.6934951085633,476,vrp_raw,mvo
2019-02-19,4356.924852993429,20000.00019152716,499.9999904984843,476,vrp_raw,mvo
2019-02-20,-8096.942968518503,18858.190384451715,-202.9642796979199,476,vrp_raw,mvo
2019-02-21,-16348.564036634349,19022.23812117855,-792.355592208743,476,vrp_raw,mvo
2019-02-22,12227.414418771725,18273.887616680568,-437.15520083469636,476,vrp_raw,mvo
2019-02-25,-20049.895049070892,19688.350609421726,-94.46084544588054,475,vrp_raw,mvo
2019-02-26,-727.9248841942774,19409.60686302882,-4.031149130370656,475,vrp_raw,mvo
2019-02-27,-9387.428904144932,19145.898164182807,-65.65001304944681,475,vrp_raw,mvo
2019-02-28,11229.412306666072,18910.44461601574,-93.01535433596142,475,vrp_raw,mvo
2019-03-01,-9550.020541515194,18342.71271809576,481.8194271005435,475,vrp_raw,mvo
2019-03-04,305.7641250022848,20000.00000019768,499.99999871523994,475,vrp_raw,mvo
2019-03-05,-2369.820241128215,19685.6663187046,417.48348006763933,475,vrp_raw,mvo
2019-03-06,6467.414548336566,19461.561724201554,800.7355719370489,475,vrp_raw,mvo
2019-03-07,10985.893221326502,18137.64008679988,140.82330227927156,475,vrp_raw,mvo
2019-03-08,17913.85809040629,19374.883744146944,1702.939022936354,475,vrp_raw,mvo
2019-03-11,-27205.410934918975,19999.9992716856,499.9999951170236,475,vrp_raw,mvo
2019-03-12,665.7247689307595,19666.062896521664,278.53370128905436,475,vrp_raw,mvo
2019-03-13,-32.70375255666605,19504.046417174275,511.5158977952984,475,vrp_raw,mvo
2019-03-14,-3538.34361649504,18739.307522512125,390.9240862053928,475,vrp_raw,mvo
2019-03-15,-1330.2169430012864,18199.031591685296,524.6322147572791,475,vrp_raw,mvo
2019-03-18,-14858.030662442341,19999.999830458684,-499.99996964351016,475,vrp_raw,mvo
2019-03-19,-17813.404640321405,20771.347385704663,72.8650860912684,475,vrp_raw,mvo
2019-03-20,-11728.008374269475,20573.825658959977,-637.623675534634,475,vrp_raw,mvo
2019-03-21,-15534.618604449206,21089.672540746382,-123.61395445961588,475,vrp_raw,mvo
2019-03-22,17787.494935629555,21105.630035663606,-1489.7253183601415,475,vrp_raw,mvo
2019-03-25,10334.344957328114,20000.00005953549,-486.10899298910647,475,vrp_raw,mvo
2019-03-26,-6266.655886568595,19828.405284830154,15.97170773298554,475,vrp_raw,mvo
2019-03-27,2356.456448813977,19062.835581482774,-7.343872295706473,474,vrp_raw,mvo
2019-03-28,-16773.984284737555,19441.322159213327,-926.9907396231911,474,vrp_raw,mvo
2019-03-29,2506.4912836254234,31421.396322116372,-2791.151197083562,474,vrp_raw,mvo
2019-04-01,19556.07349097811,20000.0000509694,499.9999966970828,474,vrp_raw,mvo
2019-04-02,1225.7896609646937,19808.958190554964,565.7465727531526,474,vrp_raw,mvo
2019-04-03,-4121.886971136951,19441.01561107289,469.03969485923074,474,vrp_raw,mvo
2019-04-04,-110.10956361596267,18995.04661870674,505.31617995863496,474,vrp_raw,mvo
2019-04-05,4993.981498730448,18700.058865189127,513.2436460257622,474,vrp_raw,mvo
2019-04-08,-3662.0992060175267,19999.999620416307,428.78895522379054,474,vrp_raw,mvo
2019-04-09,-4067.968379973962,20040.67903385408,496.0463495702641,474,vrp_raw,mvo
2019-04-10,11151.922907182008,19081.18625631178,-126.04885510724661,474,vrp_raw,mvo
2019-04-11,5017.149002937116,18935.81018100391,23.38881114451491,474,vrp_raw,mvo
2019-04-12,-5786.223642176688,18537.101878653186,-360.209788051202,474,vrp_raw,mvo
2019-04-15,-4345.979084826747,20000.000081506016,499.9999994493946,474,vrp_raw,mvo
2019-04-16,3024.805465988206,19305.866449563247,409.78421741003444,474,vrp_raw,mvo
2019-04-17,9410.631000078462,18302.060476989816,-449.27212687160636,474,vrp_raw,mvo
2019-04-18,83.09828672161352,17985.41844797729,-380.8887488369667,474,vrp_raw,mvo
2019-04-22,4714.349804621596,20000.000146876646,499.99999965343,474,vrp_raw,mvo
2019-04-23,-33260.960471456565,21483.34176215641,610.016335779234,474,vrp_raw,mvo
2019-04-24,14417.23736904164,19892.901766105704,-206.68796374998664,474,vrp_raw,mvo
2019-04-25,7363.746534937511,20541.85150100433,812.5679790349883,474,vrp_raw,mvo
2019-04-26,22559.277491738252,19667.42806557735,534.5401557096254,474,vrp_raw,mvo
2019-04-29,6262.562390348286,19999.99870902407,499.9999985283159,474,vrp_raw,mvo
2019-04-30,-6734.338027714349,19555.060876131884,524.5854292221837,474,vrp_raw,mvo
2019-05-01,13727.56587642167,19240.64764245033,498.88737036802576,474,vrp_raw,mvo
2019-05-02,15293.577005477073,18705.329706820103,308.8856036853382,474,vrp_raw,mvo
2019-05-03,-418.50756324356706,18312.070840265096,408.309528783423,474,vrp_raw,mvo
2019-05-06,-11139.368338303171,19999.9963957737,499.99998838983174,475,vrp_raw,mvo
2019-05-07,14305.926356517608,20044.5774409457,1048.6607369525366,475,vrp_raw,mvo
2019-05-08,16850.480747341615,19576.700046602975,713.6150400897383,475,vrp_raw,mvo
2019-05-09,6587.391686110566,19069.39318533539,783.1183914406782,475,vrp_raw,mvo
2019-05-10,-1897.5863651105235,18605.24687469202,1109.0856018221984,475,vrp_raw,mvo
2019-05-13,5677.451026042144,20000.000536329968,499.99999360468615,475,vrp_raw,mvo
2019-05-14,9622.410504385925,20351.49278784345,538.7617269475813,475,vrp_raw,mvo
2019-05-15,638.9324136642263,20299.266305017747,317.62367001798293,475,vrp_raw,mvo
2019-05-16,13227.456094951287,19365.419711391183,-288.4771352119249,475,vrp_raw,mvo
2019-05-17,-18127.317884253458,18588.1997458083,-1067.2679595632032,475,vrp_raw,mvo
2019-05-20,20322.87281814853,19999.999221189228,499.9999901280137,475,vrp_raw,mvo
2019-05-21,7560.667863603636,20491.922360731063,1060.4519103625228,475,vrp_raw,mvo
2019-05-22,7135.160971458863,21184.9199744598,2431.5469044984166,475,vrp_raw,mvo
2019-05-23,2847.1767294461306,19688.141672489757,2091.5324664615932,475,vrp_raw,mvo
2019-05-24,11287.61138123758,18346.947736492984,1342.2786913323073,475,vrp_raw,mvo
2019-05-28,5551.942550270093,19999.998842936766,499.99998343818953,475,vrp_raw,mvo
2019-05-29,-15236.317137378823,21615.07270601768,-965.3326072247662,475,vrp_raw,mvo
2019-05-30,-3923.30155381975,23087.208792809437,-1554.3644920855672,475,vrp_raw,mvo
2019-05-31,-1010.2583647912345,21987.84418724428,-1923.5110370978207,475,vrp_raw,mvo
2019-06-03,2685.1117909712625,20000.000109794273,499.99999600255086,475,vrp_raw,mvo
2019-06-04,-380.7420311992912,20029.177402024514,41.5773213700768,475,vrp_raw,mvo
2019-06-05,-15843.120049398793,19248.374950201684,223.24449360966332,475,vrp_raw,mvo
2019-06-06,-11264.15795989435,18758.049591768457,421.50532396298894,475,vrp_raw,mvo
2019-06-07,4500.803476739274,18173.7220516313,303.9500745317414,475,vrp_raw,mvo
2019-06-10,2979.524453767684,19735.41329251555,-764.5864550146595,475,vrp_raw,mvo
2019-06-11,1635.5442592088013,19169.21213138189,-876.0928506364695,474,vrp_raw,mvo
2019-06-12,-2213.7236678357876,19193.070351410264,-666.4673904560011,474,vrp_raw,mvo
2019-06-13,-586.0546591680978,18264.676071981306,-505.71406535927684,474,vrp_raw,mvo
2019-06-14,1865.801928042524,18131.76087962871,-538.255777415975,474,vrp_raw,mvo
2019-06-17,-7145.245114782999,19999.99928879049,-499.9998996545136,474,vrp_raw,mvo
2019-06-18,2742.135867128342,18617.286350164024,-1064.7821604841768,474,vrp_raw,mvo
2019-06-19,-18076.057202023872,17326.76852647989,-1224.2977056199616,474,vrp_raw,mvo
2019-06-20,9735.538327421125,19073.542248055728,88.63269271933666,474,vrp_raw,mvo
2019-06-21,10373.319773695079,18072.693883590073,438.7783250745473,474,vrp_raw,mvo
2019-06-24,6131.926763360043,19999.999931037895,-499.9999982438292,474,vrp_raw,mvo
2019-06-25,7863.601397515299,20150.10609929916,150.27285357811266,474,vrp_raw,mvo
2019-06-26,1883.7706642848334,19106.250529345158,-377.5192201941812,474,vrp_raw,mvo
2019-06-27,-6328.098132291716,18816.887740083923,1818.3858141662095,474,vrp_raw,mvo
2019-06-28,10687.214875559532,17134.38728025842,1802.8276063939102,474,vrp_raw,mvo
2019-07-01,-13094.29433814069,19999.999950156118,180.48454068017904,491,vrp_raw,mvo
2019-07-02,3219.4994573903955,19124.67245823212,-388.9761343232965,491,vrp_raw,mvo
2019-07-03,9409.152941357419,18481.713493828356,-688.6890791246271,491,vrp_raw,mvo
2019-07-05,2633.7489673617624,18289.789146466646,-240.86060371372233,491,vrp_raw,mvo
2019-07-08,-1376.0569403350958,19999.999977625826,-499.9999993617794,492,vrp_raw,mvo
2019-07-09,-11658.767783650363,18900.155831209406,-1321.218888417196,492,vrp_raw,mvo
2019-07-10,3955.2332348223417,18430.40759723604,-1540.6472205327598,491,vrp_raw,mvo
2019-07-11,2026.1014751209464,18688.914277761614,-1055.1337907773272,491,vrp_raw,mvo
2019-07-12,4625.101960637244,18283.43039987323,-923.3869195076312,491,vrp_raw,mvo
2019-07-15,-10724.837575807522,19999.999184198525,-499.99999629283667,491,vrp_raw,mvo
2019-07-16,2555.2413746897673,19838.190386133014,-462.40560668501047,491,vrp_raw,mvo
2019-07-17,5063.390922979426,19032.276390827483,-494.69125219177556,490,vrp_raw,mvo
2019-07-18,-5999.17364097625,18097.25654942113,-669.0708873129116,490,vrp_raw,mvo
2019-07-19,-236.75477767327106,17615.66363591525,-635.0993387368487,490,vrp_raw,mvo
2019-07-22,183.69595396215925,19999.998547245985,-499.9999942772836,490,vrp_raw,mvo
2019-07-23,-5364.872099662769,19803.998848537394,123.42388092678317,490,vrp_raw,mvo
2019-07-24,13821.2235088259,19263.90352550276,525.0795983674324,490,vrp_raw,mvo
2019-07-25,8440.841723330677,19069.00108962149,865.4797981596198,490,vrp_raw,mvo
2019-07-26,-8116.214439169925,17791.50749601253,453.00633470067976,490,vrp_raw,mvo
2019-07-29,2488.7020328573217,20000.000032654683,-499.9999979932147,491,vrp_raw,mvo
2019-07-30,-8591.824505347475,19384.692737358084,-143.09097234849315,491,vrp_raw,mvo
2019-07-31,51984.44865362797,19079.409894558306,-54.34400320681568,491,vrp_raw,mvo
2019-08-01,-14201.802265998287,18301.452350512733,113.31081816516316,491,vrp_raw,mvo
2019-08-02,16025.405218856335,17871.28607047305,-222.43681932870882,491,vrp_raw,mvo
2019-08-05,-940.1902218484147,20000.00001468424,499.99998720790336,491,vrp_raw,mvo
2019-08-06,12230.511331751455,19681.014816743253,338.94473810660395,491,vrp_raw,mvo
2019-08-07,-10797.072786532592,19674.444706288214,342.49019968923153,491,vrp_raw,mvo
2019-08-08,472.16735513297834,20368.77502259083,273.36657971434636,491,vrp_raw,mvo
2019-08-09,6863.105569279307,19091.281953511425,-338.76408034329955,491,vrp_raw,mvo
2019-08-12,-17155.294964137047,19999.99970462468,499.9999840638979,491,vrp_raw,mvo
2019-08-13,-12850.312721414719,20403.55106671992,-91.15382114720732,491,vrp_raw,mvo
2019-08-14,-19750.588567266437,19319.711600362654,-130.22952773004224,491,vrp_raw,mvo
2019-08-15,286.3080659521107,19436.494857666843,-969.1783719473898,491,vrp_raw,mvo
2019-08-16,-13687.495736531595,19456.119938757773,-1518.310904394253,491,vrp_raw,mvo
2019-08-19,1259.414824229472,20000.000158165276,499.99999902480147,490,vrp_raw,mvo
2019-08-20,-3771.173064905353,19353.602327964145,298.3712323273472,490,vrp_raw,mvo
2019-08-21,14679.707906325022,19329.961772805054,1114.3885497797135,490,vrp_raw,mvo
2019-08-22,-31815.030588009355,19233.49162945484,969.2770308522404,490,vrp_raw,mvo
2019-08-23,-25750.677733472872,19229.356423469544,-497.8128378171307,490,vrp_raw,mvo
2019-08-26,-81.45917081554782,20000.000474426924,499.9999990832208,490,vrp_raw,mvo
2019-08-27,-71.98839404388455,19497.28504621963,688.5312291689562,490,vrp_raw,mvo
2019-08-28,6889.019223854296,18908.567624382114,238.89708251522174,490,vrp_raw,mvo
2019-08-29,-3750.0986135807784,19266.05540201384,1248.783974337221,490,vrp_raw,mvo
2019-08-30,-914.7243420637948,19311.11183534454,2148.761080148726,490,vrp_raw,mvo
2019-09-03,6105.0376074891155,19961.90435266303,461.90519986472157,490,vrp_raw,mvo
2019-09-04,8834.049233873613,19386.80277084123,181.41681497403627,462,vrp_raw,mvo
2019-09-05,10997.912506492023,18260.43400354933,-251.25316112028267,462,vrp_raw,mvo
2019-09-06,14980.956043839833,17992.604338127305,103.84235480987996,462,vrp_raw,mvo
2019-09-09,-14958.68644890333,19999.9995678227,499.99998556178537,463,vrp_raw,mvo
2019-09-10,28281.965134617938,20904.19042025689,3191.0491215621028,463,vrp_raw,mvo
2019-09-11,6418.167611206547,20131.502167481965,2623.390848082631,463,vrp_raw,mvo
2019-09-12,-13589.728949204882,20387.5784649695,2377.1306134774363,463,vrp_raw,mvo
2019-09-13,9657.11170009498,19648.071045482426,2887.1205438396214,463,vrp_raw,mvo
2019-09-16,2641.5744184724995,20000.00046809507,499.9999843389553,463,vrp_raw,mvo
2019-09-17,-39956.757163795024,19825.525868604604,-1605.666815314725,463,vrp_raw,mvo
2019-09-18,-29719.395300299984,20620.913550756144,-1877.6649034604322,463,vrp_raw,mvo
2019-09-19,-33205.958488101984,20652.504429427354,-2464.0413944787506,463,vrp_raw,mvo
2019-09-20,90722.26039163284,19080.53822145942,-894.493899355196,463,vrp_raw,mvo
2019-09-23,3065.7196902990454,20000.00013250106,-417.13144693899903,463,vrp_raw,mvo
2019-09-24,1509.5820598840935,20215.790825990807,-297.48992292294434,463,vrp_raw,mvo
2019-09-25,-12469.854100023684,19222.812523592565,-184.48066734590915,463,vrp_raw,mvo
2019-09-26,4423.775133485326,19012.167596026102,-614.6376955086686,462,vrp_raw,mvo
2019-09-27,20317.52782675485,19293.313472515267,-537.5797352825914,462,vrp_raw,mvo
2019-09-30,-795.3949855845792,20000.000277938314,-499.99999805355253,462,vrp_raw,mvo
2019-10-01,14372.266097467804,19528.750156231145,-815.7449917271143,462,vrp_raw,mvo
2019-10-02,-3315.8573941063287,18881.578691823357,-547.5021516909328,462,vrp_raw,mvo
2019-10-03,4724.052555812737,18891.149050454474,-377.0114843454329,462,vrp_raw,mvo
2019-10-04,-4851.799172275107,18641.987169902044,-603.9565752599383,462,vrp_raw,mvo
2019-10-07,8009.716787026617,19999.999577566698,-499.99998902384397,462,vrp_raw,mvo
2019-10-08,-7626.0667934353,19226.473792697743,-310.0494462329272,462,vrp_raw,mvo
2019-10-09,-1669.3106603399149,19385.80945952737,-230.36230204820166,462,vrp_raw,mvo
2019-10-10,-5527.567607827494,18937.13571156133,-322.2409970681704,462,vrp_raw,mvo
2019-10-11,1550.6670315848116,18875.508831908683,-426.23843600240934,462,vrp_raw,mvo
2019-10-14,5805.260371368616,19999.999880755036,302.93163763721856,462,vrp_raw,mvo
2019-10-15,15767.613929244348,18881.584780338882,600.7381530694571,462,vrp_raw,mvo
2019-10-16,-14971.47233832618,18657.897802886586,426.0825720193201,462,vrp_raw,mvo
2019-10-17,-6221.013477597904,18552.47579307788,24.266286887450647,462,vrp_raw,mvo
2019-10-18,3115.358803388618,17518.602909177618,-399.49449717082155,462,vrp_raw,mvo
2019-10-21,-3310.4488042905477,19999.999816049338,-499.99999864128233,462,vrp_raw,mvo
2019-10-22,-26989.35848693842,21574.293836597888,2202.7837049466552,462,vrp_raw,mvo
2019-10-23,-2663.2669655713803,31432.583619199795,11838.666680870845,462,vrp_raw,mvo
2019-10-24,7562.6214842706195,31834.44070033857,10877.661622962149,462,vrp_raw,mvo
2019-10-25,5521.494763899053,30832.9315477405,10414.834642293368,462,vrp_raw,mvo
2019-10-28,-7745.487191543383,19999.999850528086,499.9999852374203,462,vrp_raw,mvo
2019-10-29,12183.506927929842,19838.164118170207,614.1419006171149,462,vrp_raw,mvo
2019-10-30,7662.99467965921,19449.265454325745,599.4841799299202,462,vrp_raw,mvo
2019-10-31,-11757.6176196548,19195.276293849274,962.2689953747639,462,vrp_raw,mvo
2019-11-01,4125.145106380723,18740.868258274593,551.0713215944604,462,vrp_raw,mvo
2019-11-04,-26160.472472873906,20000.000250898684,499.999998792019,462,vrp_raw,mvo
2019-11-05,11653.181237384148,19586.13299978827,756.408415204972,462,vrp_raw,mvo
2019-11-06,-4274.626600898122,20286.884235691283,1684.933351229194,462,vrp_raw,mvo
2019-11-07,20990.66849518946,19193.735458648785,2183.0657154515006,462,vrp_raw,mvo
2019-11-08,-9373.08004528077,18725.894123528902,2273.1910170558945,462,vrp_raw,mvo
2019-11-11,-3868.0268583546067,20000.000135001166,499.9999997176306,462,vrp_raw,mvo
2019-11-12,-5394.404368940447,20233.534592688073,-165.85978657340902,462,vrp_raw,mvo
2019-11-13,1014.0516472437511,19837.24980506682,-461.11433916974477,462,vrp_raw,mvo
2019-11-14,-3306.9592077263715,19558.571932407114,-301.05522536862253,462,vrp_raw,mvo
2019-11-15,-7372.6312046394705,19058.670332899685,-128.5795869752952,462,vrp_raw,mvo
2019-11-18,732.3026992069164,20000.00017086205,499.99999989671494,462,vrp_raw,mvo
2019-11-19,-12507.576355604504,22372.73458326639,-2683.311738294265,462,vrp_raw,mvo
2019-11-20,-27502.573226619817,21932.205744343766,-2364.3317166097772,462,vrp_raw,mvo
2019-11-21,2380.683949138464,21701.062034007115,-2203.445202363627,462,vrp_raw,mvo
2019-11-22,38506.27190583592,20494.86545329154,-1340.7383493258965,462,vrp_raw,mvo
2019-11-25,-7980.87462098464,19999.9997083587,500.00000026528176,463,vrp_raw,mvo
2019-11-26,21387.840064380078,18831.9403223893,-414.2154307213814,463,vrp_raw,mvo
2019-11-27,4213.2691368762935,18100.636172213697,-547.9493478340261,463,vrp_raw,mvo
2019-11-29,5432.335716703707,16874.104351017828,112.64870669797543,463,vrp_raw,mvo
2019-12-02,-9716.811065803859,20000.00008945207,500.00000272546254,462,vrp_raw,mvo
2019-12-03,-399.68437610896325,19624.25240650367,693.776002503009,462,vrp_raw,mvo
2019-12-04,-5320.539324889492,19386.998550236818,341.0602111392972,462,vrp_raw,mvo
2019-12-05,4298.022038312365,18923.928119074266,197.12371867466823,462,vrp_raw,mvo
2019-12-06,1965.667311174567,18425.45422432535,121.53077864945249,462,vrp_raw,mvo
2019-12-09,-2964.5558426936077,19999.99954151598,499.99999661338956,462,vrp_raw,mvo
2019-12-10,6154.918378841797,20291.345519232193,1077.952374569513,462,vrp_raw,mvo
2019-12-11,-8247.168213257295,20174.27593265679,1332.7021924749233,462,vrp_raw,mvo
2019-12-12,-8179.817165490219,18960.02151557603,657.1083184120373,462,vrp_raw,mvo
2019-12-13,1351.0399328534636,18892.069025299363,1248.4583646809958,461,vrp_raw,mvo
2019-12-16,789.8462358232334,20000.00060343034,499.99999741123776,461,vrp_raw,mvo
2019-12-17,6330.417404272089,19470.04306480599,258.9935821589168,460,vrp_raw,mvo
2019-12-18,1250.4646541607744,19099.63802529819,379.10117559401505,460,vrp_raw,mvo
2019-12-19,4448.713568143183,18325.150469299802,333.1360459421884,460,vrp_raw,mvo
2019-12-20,-695.772829004151,17432.98941269895,52.90983066015808,460,vrp_raw,mvo
2019-12-23,-1063.3136544447204,20000.00002733886,280.8830783287279,460,vrp_raw,mvo
2019-12-24,-2569.643683736022,20040.86102575846,808.4705399076827,460,vrp_raw,mvo
2019-12-26,8175.130407978939,18364.05724568677,723.1114520761116,460,vrp_raw,mvo
2019-12-27,30888.744490531524,18244.92646821642,1080.351242011173,460,vrp_raw,mvo
2019-12-30,-13157.61668819204,19999.99995198232,-499.9999970971109,460,vrp_raw,mvo
2019-12-31,-512.5389824535794,19795.489112380998,-557.1962391661906,460,vrp_raw,mvo
2020-01-02,257.30129832710617,19371.9228712986,-527.754891610071,460,vrp_raw,mvo
2020-01-03,-1395.4233337542184,19238.648694510168,-435.7593253772767,460,vrp_raw,mvo
2020-01-06,1936.1889544743024,19999.999441169806,-499.9999900718514,460,vrp_raw,mvo
2020-01-07,63855.760161046615,19937.300814547132,-273.1577205799401,460,vrp_raw,mvo
2020-01-08,-1292.4310313077474,19431.506974250984,-393.13177962921634,460,vrp_raw,mvo
2020-01-09,-5240.029135965561,18833.419808629696,-354.1550684268366,460,vrp_raw,mvo
2020-01-10,-3222.580347915561,18385.169516286875,-663.0300396528198,451,vrp_raw,mvo
2020-01-13,4957.471727974321,19999.999568311192,-499.9999964728159,451,vrp_raw,mvo
2020-01-14,8607.835467957793,19457.623882683838,-978.5900726592233,451,vrp_raw,mvo
2020-01-15,-5728.3806302503235,19169.38151641634,-750.4897887434671,451,vrp_raw,mvo
2020-01-16,13842.896761845923,18138.207657777213,-640.1229604516233,451,vrp_raw,mvo
2020-01-17,-488.74330605230733,18173.92556656067,-320.0811816057397,451,vrp_raw,mvo
2020-01-21,12834.559602767227,19999.998895784236,-449.34794332445284,451,vrp_raw,mvo
2020-01-22,-11695.575699121458,19643.495493752915,-1007.767739407568,451,vrp_raw,mvo
2020-01-23,-8551.080957934444,19162.446810199213,-1179.9540191813944,451,vrp_raw,mvo
2020-01-24,-9184.002692109345,19480.45777887134,-1750.5970854251789,451,vrp_raw,mvo
2020-01-27,12236.211601038198,19999.999345800377,-499.9997190382383,451,vrp_raw,mvo
2020-01-28,3244.0310006894306,19084.41415697693,-745.0891120459827,451,vrp_raw,mvo
2020-01-29,9047.007049535283,19335.062358269442,838.4539266147191,451,vrp_raw,mvo
2020-01-30,8970.257612235433,18139.27878411771,1165.8683657892361,451,vrp_raw,mvo
2020-01-31,7663.106589430715,18498.27083610659,1371.174753403965,451,vrp_raw,mvo
2020-02-03,-9235.152498320851,19999.999195564673,296.05933202889275,451,vrp_raw,mvo
2020-02-04,-1765.6632807794224,19824.77166775387,495.086655596271,451,vrp_raw,mvo
2020-02-05,-37160.15578332349,18946.052149708903,149.87658953998624,451,vrp_raw,mvo
2020-02-06,-2336.8729709440345,18490.131626896473,285.3328066264715,451,vrp_raw,mvo
2020-02-07,22386.14879331546,18520.86949144694,750.3217328230307,451,vrp_raw,mvo
2020-02-10,4604.520113442284,20000.00014855808,116.71737396063514,452,vrp_raw,mvo
2020-02-11,-13025.28299533659,19450.4106784426,526.2609503238427,452,vrp_raw,mvo
2020-02-12,-1331.7027942804057,18647.13970256826,0.5617868431354017,452,vrp_raw,mvo
2020-02-13,-203.6885260691701,18131.428671047208,238.24831203550826,452,vrp_raw,mvo
2020-02-14,18372.575330829408,18074.244297699424,837.7059228290184,452,vrp_raw,mvo
2020-02-18,-2502.950122258261,20000.000039400307,499.999997971892,452,vrp_raw,mvo
2020-02-19,14871.399721350139,19155.0790187316,495.30044398163227,452,vrp_raw,mvo
2020-02-20,-6117.24772823861,19817.51880161032,946.8854446838104,452,vrp_raw,mvo
2020-02-21,-1796.171030973724,19717.95795834213,1740.204446595159,452,vrp_raw,mvo
2020-02-24,7861.761080479806,19999.99996345131,499.9999977432507,452,vrp_raw,mvo
2020-02-25,407.69852178107885,21203.239837925797,-2633.3661413806976,452,vrp_raw,mvo
2020-02-26,1206.6369723651064,20264.0602873316,-2784.2432374817436,452,vrp_raw,mvo
2020-02-27,-31796.546235364647,22016.782432173062,1699.7087005551732,452,vrp_raw,mvo
2020-02-28,9721.5586832367,23467.039090818078,1618.9548317102467,451,vrp_raw,mvo
2020-03-02,-9227.33495271091,19999.999653271963,499.9997128557497,451,vrp_raw,mvo
2020-03-03,-4582.986336884941,19643.303384123978,164.35185852756464,451,vrp_raw,mvo
2020-03-04,-6293.119970978104,19417.859953437754,208.67491052340756,451,vrp_raw,mvo
2020-03-05,-6754.922592862773,19105.8966716626,576.9727974520982,451,vrp_raw,mvo
2020-03-06,-92901.26601595903,18649.996876960548,549.4051023555771,450,vrp_raw,mvo
2020-03-09,61780.664507130175,19629.292875936324,-499.99999961542693,451,vrp_raw,mvo
2020-03-10,-32597.57447415073,20121.49886859987,-380.4920855010286,451,vrp_raw,mvo
2020-03-11,-26761.48854400019,19036.58463643622,-428.8629428509814,451,vrp_raw,mvo
2020-03-12,-33285.40554696467,17768.588018689956,-67.44052862709172,451,vrp_raw,mvo
2020-03-13,110154.80583904524,18160.48709102171,-161.33838360701708,451,vrp_raw,mvo
2020-03-16,56111.0840984943,19291.946329118215,-208.05338269507783,477,vrp_raw,mvo
2020-03-17,-59832.205002156385,19173.09200231294,-209.72684440092732,476,vrp_raw,mvo
2020-03-18,6666.322716849504,18069.4672872288,-179.9355370909413,474,vrp_raw,mvo
2020-03-19,-7155.965272398101,17137.161166562357,934.3585128673651,473,vrp_raw,mvo
2020-03-20,68037.95605644003,16794.566163373667,959.5825289462795,473,vrp_raw,mvo
2020-03-23,-26246.372509327146,20000.000151565266,499.99999967609494,476,vrp_raw,mvo
2020-03-24,61723.08975033721,23388.727684399895,2129.254475316921,475,vrp_raw,mvo
2020-03-25,129965.84440372454,24144.949618607254,2526.8352360808103,474,vrp_raw,mvo
2020-03-26,1173.2269973123045,25282.67748018525,3356.591097350828,474,vrp_raw,mvo
2020-03-27,-16999.31502546874,24265.568920348887,3074.1175993619177,474,vrp_raw,mvo
2020-03-30,49164.24848589435,20000.000123039754,499.999999329819,476,vrp_raw,mvo
2020-03-31,-31652.013520748173,19344.52031563395,-59.63839924405813,475,vrp_raw,mvo
2020-04-01,31112.489379151757,17506.662773660017,-597.9693225534572,474,vrp_raw,mvo
2020-04-02,22984.121111719043,17414.971097656744,-202.6584032069718,474,vrp_raw,mvo
2020-04-03,14166.736727581736,17461.4520805035,-40.5172602943833,473,vrp_raw,mvo
2020-04-06,-40077.69635507266,20000.000212260144,499.9999765445905,475,vrp_raw,mvo
2020-04-07,55207.03123555944,20834.43912710373,1001.6534615130113,474,vrp_raw,mvo
2020-04-08,21953.499478113725,23588.561200168773,2823.9198211277967,474,vrp_raw,mvo
2020-04-09,3121.4346424222726,24575.33880109056,2251.342727997679,474,vrp_raw,mvo
2020-04-13,-33022.70145916995,20000.000198938105,499.99999831059114,477,vrp_raw,mvo
2020-04-14,-46153.112041217086,20182.066493330756,1104.3965310237177,476,vrp_raw,mvo
2020-04-15,11176.079398477297,19287.893533293314,440.48793177652726,476,vrp_raw,mvo
2020-04-16,-38770.39783556907,18338.69059688235,607.2719974757042,475,vrp_raw,mvo
2020-04-17,69605.4107529481,18707.486718528115,1220.0176776069757,474,vrp_raw,mvo
2020-04-20,5946.949678705246,19999.999889999435,499.999983982467,475,vrp_raw,mvo
2020-04-21,-6146.184645556995,19432.688163320083,137.73204283830617,475,vrp_raw,mvo
2020-04-22,-25576.79516323119,19048.154552342054,386.98505015926736,474,vrp_raw,mvo
2020-04-23,1585.1081170450618,19089.579705932432,312.53856990418143,474,vrp_raw,mvo
2020-04-24,-18444.0616572286,18996.364924660204,-594.0277888910989,474,vrp_raw,mvo
2020-04-27,-6111.722147324577,20000.000258413882,-499.9999959941292,476,vrp_raw,mvo
2020-04-28,11864.5169372322,20204.662164401478,-344.6299461417258,476,vrp_raw,mvo
2020-04-29,65584.41917715444,20581.14989543837,475.8944080327008,476,vrp_raw,mvo
2020-04-30,-5257.276693390022,20281.01579379128,496.9334321757076,476,vrp_raw,mvo
2020-05-01,18551.007946343223,19416.85047406702,178.62474928070395,476,vrp_raw,mvo
2020-05-04,-15063.171082503632,19999.999658959576,499.99999431849284,477,vrp_raw,mvo
2020-05-05,1719.2144109214203,19763.225266341262,339.1506030533773,477,vrp_raw,mvo
2020-05-06,-3209.470471440051,19131.03017936205,262.122198781083,477,vrp_raw,mvo
2020-05-07,10314.079479898586,19400.756800992618,224.02581090657378,477,vrp_raw,mvo
2020-05-08,-5959.441903434585,19630.67200995411,259.04482394137347,477,vrp_raw,mvo
2020-05-11,1781.418394086649,20000.00026245306,-499.99999034569123,477,vrp_raw,mvo
2020-05-12,-10577.616446289265,19185.333140932074,-507.06585765810814,477,vrp_raw,mvo
2020-05-13,26988.242638816162,18598.75231783868,-491.88970189351386,477,vrp_raw,mvo
2020-05-14,2572.612810339412,18773.1944156755,-355.64050600870934,476,vrp_raw,mvo
2020-05-15,-11304.521999145143,18441.50507831965,-442.4348579906706,476,vrp_raw,mvo
2020-05-18,63959.831014188116,19980.625902763677,204.74940087023762,476,vrp_raw,mvo
2020-05-19,24275.158815599385,20052.152005374563,537.5552546080688,475,vrp_raw,mvo
2020-05-20,6267.352851714082,19481.631635068847,455.6768991097199,475,vrp_raw,mvo
2020-05-21,3288.4451855446773,20094.104718133247,277.33272040415943,475,vrp_raw,mvo
2020-05-22,-6211.493458574512,19981.28390215091,562.4449717021363,475,vrp_raw,mvo
2020-05-26,6296.011279208527,20000.00017286047,499.99999798771177,476,vrp_raw,mvo
2020-05-27,-9316.022214363098,22368.622617463447,203.30270271221434,476,vrp_raw,mvo
2020-05-28,-11429.609659385866,22217.51175360866,1272.2819157609933,476,vrp_raw,mvo
2020-05-29,5242.152817937031,20655.058406251115,1534.0909955627471,476,vrp_raw,mvo
2020-06-01,29352.66530052525,20000.000130762262,499.9999968615037,476,vrp_raw,mvo
2020-06-02,-9073.929364545638,19832.878570466695,606.8268314771345,476,vrp_raw,mvo
2020-06-03,18425.506809235983,19691.186516034017,1268.568861142393,476,vrp_raw,mvo
2020-06-04,-58096.01880184729,19832.413997308373,1314.6784306638183,476,vrp_raw,mvo
2020-06-05,72129.77618350241,21104.14145931317,1891.2648818791076,476,vrp_raw,mvo
2020-06-08,42184.29516260979,20000.00059187392,499.99999667789695,478,vrp_raw,mvo
2020-06-09,17494.624098768094,20268.8428007963,206.35826401605198,478,vrp_raw,mvo
2020-06-10,19073.234725267186,19466.64995486724,-145.710740510317,478,vrp_raw,mvo
2020-06-11,35052.53224442118,17933.36126237166,-504.4666818901207,478,vrp_raw,mvo
2020-06-12,2552.910512990258,17530.454841371084,-40.430182431312595,477,vrp_raw,mvo
2020-06-15,-4388.715400396928,20000.00055179578,499.99999708799623,477,vrp_raw,mvo
2020-06-16,2069.357862182144,19755.836851626787,510.13441017799903,477,vrp_raw,mvo
2020-06-17,9545.59689217084,19386.298732559473,551.48424729342,477,vrp_raw,mvo
2020-06-18,-26136.963646135944,19088.680794021304,520.3259134475111,477,vrp_raw,mvo
2020-06-19,-7325.6826943750675,18563.93616299609,378.0643878208935,477,vrp_raw,mvo
2020-06-22,-14327.950627973261,20000.00028081709,499.9999985387807,478,vrp_raw,mvo
2020-06-23,-27850.06042021334,19632.949062520926,537.3619006487962,478,vrp_raw,mvo
2020-06-24,46311.24394818844,18707.852520286608,172.68283084107824,478,vrp_raw,mvo
2020-06-25,-17734.53575688657,18247.199114528554,341.1007862738449,478,vrp_raw,mvo
2020-06-26,25701.62680379387,19165.604822317728,681.1372362479171,478,vrp_raw,mvo
2020-06-29,3068.46394020125,20000.00046856032,499.99999856047225,493,vrp_raw,mvo
2020-06-30,-12518.36818394124,19738.79660895892,539.0120408616,491,vrp_raw,mvo
2020-07-01,-36477.97981051366,19322.088720219217,478.54375029249263,491,vrp_raw,mvo
2020-07-02,-36616.46666406883,18922.36975731261,659.561327789327,491,vrp_raw,mvo
2020-07-06,-13745.603959464805,20000.000257647465,499.9999989046231,492,vrp_raw,mvo
2020-07-07,47955.50656495582,19576.78136549982,395.77254779658597,492,vrp_raw,mvo
2020-07-08,1867.9250065712288,19309.546704520384,621.3163967644444,492,vrp_raw,mvo
2020-07-09,-19993.480368942197,18749.497985358317,490.06667703237935,492,vrp_raw,mvo
2020-07-10,41576.04812910093,19300.29340106674,424.5561710391744,491,vrp_raw,mvo
2020-07-13,-55136.98006275829,20000.00015088807,-499.9999980521276,492,vrp_raw,mvo
2020-07-14,22673.744602323113,19693.7919031865,-380.4909296724168,492,vrp_raw,mvo
2020-07-15,38639.08552616979,20273.241476941075,-22.811586473150992,492,vrp_raw,mvo
2020-07-16,9913.77790746045,19812.891999678923,-94.06069183851298,492,vrp_raw,mvo
2020-07-17,-21377.035587923132,19255.421544643254,-34.05838573020798,492,vrp_raw,mvo
2020-07-20,-23003.70560992697,20000.00003117531,-499.99999626273876,493,vrp_raw,mvo
2020-07-21,175.36781099947424,20362.729502242775,-545.6877280412402,493,vrp_raw,mvo
2020-07-22,22274.175751299717,19959.137912403614,-244.9340536405637,493,vrp_raw,mvo
2020-07-23,32647.772385545508,19651.574728013846,-426.8300436881385,493,vrp_raw,mvo
2020-07-24,-8241.712423546176,19330.439090048265,-381.76034575150743,493,vrp_raw,mvo
2020-07-27,7976.017438388968,20000.000204127376,499.9999989512267,493,vrp_raw,mvo
2020-07-28,2627.522426443326,19372.166362207157,1142.0641309393284,493,vrp_raw,mvo
2020-07-29,-8708.187182972906,19927.9369642558,379.07588846118597,493,vrp_raw,mvo
2020-07-30,-5644.498362110531,20380.558787475205,-12.722237154288944,493,vrp_raw,mvo
2020-07-31,20850.287905715104,19826.301592582167,139.70611822514235,493,vrp_raw,mvo
2020-08-03,-32648.626600931773,20000.000102054222,499.9999949587459,493,vrp_raw,mvo
2020-08-04,1947.0392729366697,19572.018016134552,440.7486191512897,492,vrp_raw,mvo
2020-08-05,-4491.153589361292,19287.57269816577,305.75163103323064,492,vrp_raw,mvo
2020-08-06,9432.581258517042,18871.367061482753,465.59038759760335,492,vrp_raw,mvo
2020-08-07,9304.981959117968,19783.0047791455,1559.7683499734976,492,vrp_raw,mvo
2020-08-10,-1604.224353044363,19999.998133351084,499.99999635448944,493,vrp_raw,mvo
2020-08-11,-3284.419157783714,19561.467397140466,60.08252330948224,493,vrp_raw,mvo
2020-08-12,13985.827537293833,19331.33214800273,154.8185199972197,493,vrp_raw,mvo
2020-08-13,11381.466559673021,20237.311778395306,1389.303089399608,493,vrp_raw,mvo
2020-08-14,-3169.8479599574393,19136.269593155543,322.3842579703834,493,vrp_raw,mvo
2020-08-17,5249.121444977319,20000.000190543364,-499.99999727803583,493,vrp_raw,mvo
2020-08-18,4896.236532201283,19605.334805148163,-578.54055452916,493,vrp_raw,mvo
2020-08-19,15056.297908862714,19118.613494733032,-531.4936742251723,493,vrp_raw,mvo
2020-08-20,-1994.7029207716814,18734.06035935926,-625.6222351814858,493,vrp_raw,mvo
2020-08-21,19166.636003875756,18195.183351661995,-885.7934735767243,493,vrp_raw,mvo
2020-08-24,-33829.6318311224,20000.000295995313,-499.99999845903886,495,vrp_raw,mvo
2020-08-25,5089.905976571959,19353.327857991648,-582.6685876963554,495,vrp_raw,mvo
2020-08-26,15959.361020239312,18790.946074695155,-942.3574786188134,494,vrp_raw,mvo
2020-08-27,6569.686586324234,19044.65913384082,33.941146266604164,494,vrp_raw,mvo
2020-08-28,11513.319776299582,19451.23673792871,-507.8215943662564,494,vrp_raw,mvo
2020-08-31,18039.17456844098,20000.000156206443,-499.99999931619624,494,vrp_raw,mvo
2020-09-01,1593.3651940742038,19209.45213435032,-82.73727445885156,493,vrp_raw,mvo
2020-09-02,5398.907711715316,18955.916255009924,-73.70231901810945,493,vrp_raw,mvo
2020-09-03,-3893.5012340989906,18772.798118461014,-131.38762047718083,493,vrp_raw,mvo
2020-09-04,-738.882172165089,18359.720788663977,-311.7495112678529,493,vrp_raw,mvo
2020-09-08,13977.11120752552,20000.000109658184,-499.99999753531546,494,vrp_raw,mvo
2020-09-09,28806.890420575783,20075.74742534441,-59.39192099497495,494,vrp_raw,mvo
2020-09-10,17893.83127398061,19316.44680965854,-126.88218270094572,494,vrp_raw,mvo
2020-09-11,16406.639176556506,18909.817547032446,-201.8758796881835,494,vrp_raw,mvo
2020-09-14,18567.322548688455,19999.999945080475,-499.9999989223362,494,vrp_raw,mvo
2020-09-15,27775.8188812788,19904.66025137276,-251.89484115970274,494,vrp_raw,mvo
2020-09-16,-6189.095514137718,19456.006743967566,-854.2883623193544,494,vrp_raw,mvo
2020-09-17,9824.122668497044,19432.01218677201,-487.83199252746317,494,vrp_raw,mvo
2020-09-18,6668.058596929908,19030.08890114527,-489.2867200878684,494,vrp_raw,mvo
2020-09-21,-26694.955249025308,20000.000128884007,-499.9999997391755,495,vrp_raw,mvo
2020-09-22,7797.1735324282845,19918.47306924268,-360.1944354149033,495,vrp_raw,mvo
2020-09-23,21658.542007762746,18328.357162840442,-647.9017898301427,495,vrp_raw,mvo
2020-09-24,-25319.6598574812,18383.646716760497,-1172.4252633058377,494,vrp_raw,mvo
2020-09-25,-732.3917111886171,18971.945178221686,-841.9706037716254,494,vrp_raw,mvo
2020-09-28,9749.015147907927,19999.999968334094,-499.9999987031447,496,vrp_raw,mvo
2020-09-29,-17210.56287803063,19585.82190482039,-367.0499827459579,496,vrp_raw,mvo
2020-09-30,9550.64169516842,19436.470828109657,-370.56801717990095,496,vrp_raw,mvo
2020-10-01,10944.712124249889,19386.79930569161,-397.44852205879494,496,vrp_raw,mvo
2020-10-02,-4648.522423645276,19216.99547999312,-526.3378214845695,496,vrp_raw,mvo
2020-10-05,18380.800266398095,20000.000199814414,-499.9999994711907,496,vrp_raw,mvo
2020-10-06,5748.539971588909,19696.395308776213,-378.0197296203546,496,vrp_raw,mvo
2020-10-07,-6158.649492343187,19523.32380545169,-748.7286469182012,496,vrp_raw,mvo
2020-10-08,-7772.36348217909,19198.544973705208,-993.1501923127831,496,vrp_raw,mvo
2020-10-09,-10549.202958045704,19190.18257535278,-1317.4276250203038,496,vrp_raw,mvo
2020-10-12,18216.1100912788,20000.000071734845,-499.99999945742735,497,vrp_raw,mvo
2020-10-13,3984.8647230198894,19986.829578675475,81.12011727254261,497,vrp_raw,mvo
2020-10-14,15900.997086258114,19889.024078977483,247.3317030105269,497,vrp_raw,mvo
2020-10-15,6153.429082933251,19537.779499744804,467.2718459062686,497,vrp_raw,mvo
2020-10-16,1663.9860906924425,19554.576608765863,238.22741460550282,497,vrp_raw,mvo
2020-10-19,-11740.003126217087,19999.999894391203,-499.9999970361591,497,vrp_raw,mvo
2020-10-20,1659.3249909956728,20718.322524630596,-38.28521474163677,497,vrp_raw,mvo
2020-10-21,25974.2192168886,20063.349647122363,-242.12937966211524,497,vrp_raw,mvo
2020-10-22,-6938.122415877556,20321.989394096505,-223.6672140066851,497,vrp_raw,mvo
2020-10-23,-6868.570098470937,19761.90453785074,-1173.10520688534,497,vrp_raw,mvo
2020-10-26,-14957.599588677343,20000.00032037671,-499.9999978242853,497,vrp_raw,mvo
2020-10-27,19300.652852767416,22462.66813577363,1469.4548439958785,497,vrp_raw,mvo
2020-10-28,1309.6738913376505,22242.788690752717,1287.4319998850483,497,vrp_raw,mvo
2020-10-29,-11039.739699700294,21879.892661190406,923.6721001960018,497,vrp_raw,mvo
2020-10-30,3236.7613640659933,21342.694879225957,752.4731944354206,497,vrp_raw,mvo
2020-11-02,24586.32380734543,19855.44110160446,-212.41678884148877,496,vrp_raw,mvo
2020-11-03,3584.6034243535623,19283.581147754376,268.28073082781714,495,vrp_raw,mvo
2020-11-04,-25236.38088308783,19322.527458456894,7.505521284297931,495,vrp_raw,mvo
2020-11-05,-8917.04199879278,18777.06330290066,135.86547902404538,495,vrp_raw,mvo
2020-11-06,132.50690740201847,18733.934891319954,20.56616963041985,495,vrp_raw,mvo
2020-11-09,4869.524651555904,19957.06944167578,542.9306277235406,495,vrp_raw,mvo
2020-11-10,-30872.599578587582,21112.269557273623,804.9902106988162,495,vrp_raw,mvo
2020-11-11,66306.40921424807,20914.80327112268,301.1750993056109,495,vrp_raw,mvo
2020-11-12,-19808.328671323714,20484.859007248848,461.7493507578053,495,vrp_raw,mvo
2020-11-13,-7390.779207779649,20244.857844215112,20.674639804599053,495,vrp_raw,mvo
2020-11-16,1523.1027747659232,19999.999985537946,499.9999989846264,496,vrp_raw,mvo
2020-11-17,-4656.250122353577,20479.78825534677,537.5869642885978,496,vrp_raw,mvo
2020-11-18,-8123.328270085491,20595.56895290237,122.5687356504214,496,vrp_raw,mvo
2020-11-19,7725.373325744719,20261.118657773146,406.71755728475824,496,vrp_raw,mvo
2020-11-20,-5361.842256767405,20092.57989252194,300.09686527523183,496,vrp_raw,mvo
2020-11-23,2764.1407162936353,20000.00014735891,499.9999996648628,497,vrp_raw,mvo
2020-11-24,16881.196365319203,20855.70363753137,-13.964491982900661,497,vrp_raw,mvo
2020-11-25,2046.0987707048007,20728.578460263197,-1.1193928679796201,497,vrp_raw,mvo
2020-11-27,-14181.324964416774,20324.628034311154,-303.7023328307037,497,vrp_raw,mvo
2020-11-30,-3849.9608452553766,20000.00017338655,499.9999998151683,497,vrp_raw,mvo
2020-12-01,-2551.691933323016,19657.10126161309,789.0789247008476,497,vrp_raw,mvo
2020-12-02,18499.445207679117,19314.217496666206,758.8930890776086,497,vrp_raw,mvo
2020-12-03,4235.07032436632,19110.071295616708,728.1076702474121,497,vrp_raw,mvo
2020-12-04,4529.545836719133,18889.210800680677,1082.3973360446917,497,vrp_raw,mvo
2020-12-07,-11793.277633544276,20000.00019081742,499.999997859421,497,vrp_raw,mvo
2020-12-08,-13231.788776224932,19687.123736623635,762.6867555680788,497,vrp_raw,mvo
2020-12-09,-16061.06426530358,19377.85431799994,668.9002163383473,497,vrp_raw,mvo
2020-12-10,1568.4148259255453,19287.318260109154,609.3449244146304,497,vrp_raw,mvo
2020-12-11,-5441.907683058839,18976.834632796777,626.0577731632142,497,vrp_raw,mvo
2020-12-14,-8643.296856178775,20000.000150452895,499.9999989240251,497,vrp_raw,mvo
2020-12-15,10921.862825467479,19442.281456220073,656.0555803034272,497,vrp_raw,mvo
2020-12-16,944.7689458749397,19023.430109100038,617.1394350164001,497,vrp_raw,mvo
2020-12-17,-9846.72445546742,18550.716421621793,681.7883911827253,497,vrp_raw,mvo
2020-12-18,51872.907376518815,19159.528529832634,413.10095425256094,497,vrp_raw,mvo
2020-12-21,-37689.226725672626,17233.69482932847,499.99998496755063,497,vrp_raw,mvo
2020-12-22,-7529.267883977031,16515.187286064327,-80.4574600540905,497,vrp_raw,mvo
2020-12-23,6494.7837100081515,16299.651545270865,-3.8941930480248024,497,vrp_raw,mvo
2020-12-24,4409.032352521163,15609.11738668661,317.7011836959078,497,vrp_raw,mvo
2020-12-28,-2705.9000652308496,17098.560219006642,499.9999980763616,497,vrp_raw,mvo
2020-12-29,5950.356097493515,16812.88685946073,466.59198752332793,497,vrp_raw,mvo
2020-12-30,-3437.8747687152454,16699.504102367042,495.7536836528776,497,vrp_raw,mvo
2020-12-31,-934.3154312212496,16573.430269660777,523.3786086696585,497,vrp_raw,mvo
2021-01-04,-1697.6764176761194,16002.502699136352,417.350098896283,497,vrp_raw,mvo
2021-01-05,510.1775851139677,15768.713433432458,397.22668328414585,497,vrp_raw,mvo
2021-01-06,16064.119283933638,15512.658258965896,485.93490762320783,497,vrp_raw,mvo
2021-01-07,-8409.253720632745,15608.011461980115,1053.0089678700094,497,vrp_raw,mvo
2021-01-08,-3038.976546111159,15496.937877806555,1069.8153137477157,497,vrp_raw,mvo
2021-01-11,-10946.195192842111,19552.28211884126,446.28501333245043,497,vrp_raw,mvo
2021-01-12,6564.872944661627,20423.186579080313,1313.6857385137343,485,vrp_raw,mvo
2021-01-13,1739.7395801319626,20469.09396333645,1373.1719732790623,485,vrp_raw,mvo
2021-01-14,-12444.996269917723,20364.882323908547,1806.753801045279,485,vrp_raw,mvo
2021-01-15,13174.371222227379,20174.90992703466,1783.968082283673,484,vrp_raw,mvo
2021-01-19,21696.475719438662,20000.000059912098,79.86995224007697,484,vrp_raw,mvo
2021-01-20,3557.63923382875,19471.761966506845,198.9773829725882,484,vrp_raw,mvo
2021-01-21,-7143.93310908548,19133.566185900352,-73.51339272188923,484,vrp_raw,mvo
2021-01-22,16989.35588191019,19035.027737111737,142.6724530065893,484,vrp_raw,mvo
2021-01-25,531.3528302490085,20000.000278241212,214.9397367277893,484,vrp_raw,mvo
2021-01-26,13115.780478228216,21326.11121533243,1837.6823238549646,484,vrp_raw,mvo
2021-01-27,-40176.23563862213,21072.42531760272,1610.3948680005285,483,vrp_raw,mvo
2021-01-28,-24344.372542029523,20722.499950638306,1361.0029338204276,483,vrp_raw,mvo
2021-01-29,15083.179495684337,19438.30012203074,878.8942050955429,483,vrp_raw,mvo
2021-02-01,30298.636067995125,20000.00020486201,-177.1504758415114,483,vrp_raw,mvo
2021-02-02,11251.821655781738,20050.04801802512,208.2791058081905,482,vrp_raw,mvo
2021-02-03,5076.449756361255,19985.206963069242,454.66905753414574,482,vrp_raw,mvo
2021-02-04,7118.753121030754,19941.189020155027,201.56551406117939,482,vrp_raw,mvo
2021-02-05,11206.692546886687,20021.853722839653,360.1272314313731,482,vrp_raw,mvo
2021-02-08,13300.605564351888,20000.000133399924,297.45301777320464,482,vrp_raw,mvo
2021-02-09,-3260.61005034491,20007.727712990552,262.39093883369287,482,vrp_raw,mvo
2021-02-10,9598.85285052828,19779.391151055064,91.01068577462044,482,vrp_raw,mvo
2021-02-11,-6184.242827855969,19494.800848157898,144.750791737039,482,vrp_raw,mvo
2021-02-12,3285.960378182172,19293.177896710873,-279.6762411839604,482,vrp_raw,mvo
2021-02-16,-3971.1790976607417,19999.999195791785,499.99999605316066,482,vrp_raw,mvo
2021-02-17,14069.742345565472,20811.753351960353,1462.29454727178,482,vrp_raw,mvo
2021-02-18,1005.8334246367576,20020.955287714514,1087.8604271220756,482,vrp_raw,mvo
2021-02-19,4864.943313736063,21084.36247250187,-741.7803450967959,482,vrp_raw,mvo
2021-02-22,-10829.905627198008,19999.999937971723,-499.99999166598496,482,vrp_raw,mvo
2021-02-23,-4735.187476416592,19247.015819686858,-854.8425122283105,482,vrp_raw,mvo
2021-02-24,-7101.821702239796,19159.099005822653,-1316.5009940821556,482,vrp_raw,mvo
2021-02-25,-468.2755878717724,20656.888023390748,98.61280896808347,482,vrp_raw,mvo
2021-02-26,-10524.369126548781,20288.862830514674,-101.8718209272566,482,vrp_raw,mvo
2021-03-01,14491.222956675316,20000.00012491265,-499.9999994834658,482,vrp_raw,mvo
2021-03-02,32499.244394496196,19986.621098442,-99.1483472478877,482,vrp_raw,mvo
2021-03-03,4545.528218463408,19801.04804450257,305.67389175049095,482,vrp_raw,mvo
2021-03-04,-8460.830401070289,19167.327225511923,-44.03352657087297,482,vrp_raw,mvo
2021-03-05,4696.757609970617,18738.84257751649,-23.296301701670973,482,vrp_raw,mvo
2021-03-08,-6058.775683970072,20000.000058457437,-499.9999885112861,482,vrp_raw,mvo
2021-03-09,8955.420812540204,20054.251077240624,-532.8469962431302,482,vrp_raw,mvo
2021-03-10,-3153.5696305962556,19941.57149096431,-1042.319382321845,482,vrp_raw,mvo
2021-03-11,13413.07801833179,19462.00558393609,-1017.5838365324475,482,vrp_raw,mvo
2021-03-12,424.78820741193266,19100.181266925614,-376.5160731047742,482,vrp_raw,mvo
2021-03-15,1676.230672259925,19999.999869501666,-499.99999862236007,483,vrp_raw,mvo
2021-03-16,-5044.645829091225,20110.983829210498,-570.3862128685943,483,vrp_raw,mvo
2021-03-17,34685.11200569291,19198.64591210733,-869.8412648527894,483,vrp_raw,mvo
2021-03-18,896.1865098322469,19774.178328290014,-559.3817285247841,483,vrp_raw,mvo
2021-03-19,22110.595390072,19463.846305741725,-862.3969647880646,483,vrp_raw,mvo
2021-03-22,7608.2163683176295,19999.99996505566,-495.03690405112866,483,vrp_raw,mvo
2021-03-23,-12678.208033494533,20568.39750731822,18.414019960115777,483,vrp_raw,mvo
2021-03-24,437.92507988632934,19966.84716520667,241.6384776386604,483,vrp_raw,mvo
2021-03-25,-13454.719640743373,19956.753109333917,424.9925805232087,483,vrp_raw,mvo
2021-03-26,24310.606821722336,18688.60906281039,398.45044754559666,483,vrp_raw,mvo
2021-03-29,14598.879497502083,19999.999929485515,499.99998952484964,483,vrp_raw,mvo
2021-03-30,1783.3850752640612,19835.376235049727,537.4520695006642,483,vrp_raw,mvo
2021-03-31,6047.785476668386,19626.842735476017,683.4891262674279,483,vrp_raw,mvo
2021-04-01,9868.483310986072,19227.353715252426,853.3852105245427,483,vrp_raw,mvo
2021-04-05,-5864.494382767389,19999.999542376812,499.9999811440722,483,vrp_raw,mvo
2021-04-06,7729.949410762384,19927.597740015743,583.7267489319437,483,vrp_raw,mvo
2021-04-07,605.281821896151,19715.592178191713,638.0535379562202,483,vrp_raw,mvo
2021-04-08,7948.348223036328,19004.682237563524,588.9981014298297,483,vrp_raw,mvo
2021-04-09,-3510.447807366722,18641.492908432854,494.6628818869568,483,vrp_raw,mvo
2021-04-12,-3635.756995466353,19999.999504218296,388.48869393594714,483,vrp_raw,mvo
2021-04-13,-13030.452231901012,19738.36266418456,262.6345942889913,483,vrp_raw,mvo
2021-04-14,-262.45452991048694,19429.826073559725,143.3691944063666,483,vrp_raw,mvo
2021-04-15,2022.5786569466898,19223.403890446316,-169.90406594364063,483,vrp_raw,mvo
2021-04-16,3689.5252170117406,18541.423294890756,-338.34933167046614,483,vrp_raw,mvo
2021-04-19,490.2483651200367,20000.000029997544,-499.99998139646436,484,vrp_raw,mvo
2021-04-20,36822.54621593933,19393.388206591324,-750.430628706639,484,vrp_raw,mvo
2021-04-21,11540.971181121557,19025.33342899023,-1168.9738834000889,484,vrp_raw,mvo
2021-04-22,-834.7810813076227,18979.00787509141,-1257.2000309222185,484,vrp_raw,mvo
2021-04-23,3583.7539807037674,18289.833465173448,-1214.4740160950264,483,vrp_raw,mvo
2021-04-26,2527.3094437794134,20000.0001248729,-499.99999674308606,483,vrp_raw,mvo
2021-04-27,2544.949156957904,19451.4932684328,-1.6348476974890167,483,vrp_raw,mvo
2021-04-28,-8329.472750869721,18528.81148375929,18.230615599538307,483,vrp_raw,mvo
2021-04-29,-9810.341814800442,17967.236463399346,-289.51503168445083,483,vrp_raw,mvo
2021-04-30,12474.614740295536,18333.210950434517,36.0173047699724,483,vrp_raw,mvo
2021-05-03,-20516.06232608689,19999.999779557424,-499.99999281585116,483,vrp_raw,mvo
2021-05-04,10863.513278650837,19369.98649740685,-477.7079548625686,483,vrp_raw,mvo
2021-05-05,-4852.729290551999,19199.71053100019,-840.9489827148346,483,vrp_raw,mvo
2021-05-06,551.039801877828,18708.567440488827,-767.2298558534377,483,vrp_raw,mvo
2021-05-07,7069.624400044401,17991.577703978888,-971.1807914734485,483,vrp_raw,mvo
2021-05-10,-294.37775964499934,19999.99955578202,499.99999688210124,483,vrp_raw,mvo
2021-05-11,11563.495445902932,20200.10775262478,1174.156628386501,483,vrp_raw,mvo
2021-05-12,2769.1652682145664,20041.250378583347,1346.0663773211659,483,vrp_raw,mvo
2021-05-13,-11035.19211966007,19343.616776723433,688.6936895862524,483,vrp_raw,mvo
2021-05-14,3766.391091777934,18994.186832637162,731.8906006322218,483,vrp_raw,mvo
2021-05-17,16058.414113545765,20000.00016036948,499.99999868729503,484,vrp_raw,mvo
2021-05-18,-8099.379545087117,19972.130015378436,548.4478581415565,484,vrp_raw,mvo
2021-05-19,-1325.6155265770242,20258.490358698265,447.97849019296297,484,vrp_raw,mvo
2021-05-20,19744.415801452735,19637.392839386554,927.4788423881957,484,vrp_raw,mvo
2021-05-21,-12181.18203464579,19458.30522264158,721.4127074154429,484,vrp_raw,mvo
2021-05-24,-6323.473181440085,19999.99930435888,462.3296557180258,483,vrp_raw,mvo
2021-05-25,-4168.817232143969,19888.227647157997,1046.441163961122,483,vrp_raw,mvo
2021-05-26,-9727.402102656017,19011.359148500196,966.2005329478667,483,vrp_raw,mvo
2021-05-27,-8747.178593506982,18736.591058165614,871.266695266474,483,vrp_raw,mvo
2021-05-28,-6492.441637130684,18487.48916910605,666.3730469116242,483,vrp_raw,mvo
2021-06-01,-9920.876613747656,20000.000192294043,499.99985587185057,483,vrp_raw,mvo
2021-06-02,10065.718909733194,19303.787214417713,649.149007998633,483,vrp_raw,mvo
2021-06-03,9975.49814691988,19005.143707754523,400.0609748129404,483,vrp_raw,mvo
2021-06-04,-10136.572493863167,18583.340190904335,437.00117080310395,483,vrp_raw,mvo
2021-06-07,27093.2810133293,20000.000128235602,286.6031160755777,483,vrp_raw,mvo
2021-06-08,1481.7443668477717,19740.583249626397,736.1862388501014,483,vrp_raw,mvo
2021-06-09,-1450.8765946153878,19171.70413340102,657.7263796749849,483,vrp_raw,mvo
2021-06-10,-7897.608516631146,18293.103948889457,845.6128299964641,483,vrp_raw,mvo
2021-06-11,-20759.746178139445,17752.32560863567,1247.3432940184935,483,vrp_raw,mvo
2021-06-14,31321.296408268667,19999.999779311398,499.999998919043,483,vrp_raw,mvo
2021-06-15,-20378.017945978423,20763.78478922232,1529.861748267705,483,vrp_raw,mvo
2021-06-16,-1173.0218053659382,20745.410277129165,978.7765068512284,483,vrp_raw,mvo
2021-06-17,-6681.633457976926,20279.23467399212,43.643774025206056,483,vrp_raw,mvo
2021-06-18,7679.3686210175565,19836.079277377547,37.35771068492632,483,vrp_raw,mvo
2021-06-21,-15548.538186406058,19999.999805150415,499.99999819142397,483,vrp_raw,mvo
2021-06-22,-1451.6471103923318,20459.534981452565,3022.432757554226,483,vrp_raw,mvo
2021-06-23,-6220.117623874074,20090.010473449474,2803.0905614298235,483,vrp_raw,mvo
2021-06-24,19724.55141201907,22527.03315127933,2223.5783626272087,483,vrp_raw,mvo
2021-06-25,-14873.111152336689,20551.16887618498,1211.7250243313617,483,vrp_raw,mvo
2021-06-28,1219.4676288686087,19999.99981556556,499.99999378144145,501,vrp_raw,mvo
2021-06-29,1272.897842372972,19694.25030048567,474.53819480703964,501,vrp_raw,mvo
2021-06-30,1178.1761607047001,19571.025417133467,519.9870036038601,501,vrp_raw,mvo
2021-07-01,4447.010650450214,19210.6284695324,336.12515236281155,501,vrp_raw,mvo
2021-07-02,2736.096514051195,18840.58827686032,239.68594164342718,501,vrp_raw,mvo
2021-07-06,-8132.4784379440725,19999.99936206212,499.999983356418,501,vrp_raw,mvo
2021-07-07,-10005.065116684938,19404.14109327682,483.51448946232057,501,vrp_raw,mvo
2021-07-08,720.3923736967873,18760.017342884927,325.5264943111348,501,vrp_raw,mvo
2021-07-09,18290.65410441228,18910.599328827553,340.4479616089221,501,vrp_raw,mvo
2021-07-12,-154.5890146940642,20000.000090515758,499.99998799205895,501,vrp_raw,mvo
2021-07-13,-1362.373140730289,19443.351704656758,924.1598999683207,501,vrp_raw,mvo
2021-07-14,-6369.640130444509,19099.22140981437,670.9314416499565,501,vrp_raw,mvo
2021-07-15,807.261925454094,18762.293094836255,753.2927946925744,501,vrp_raw,mvo
2021-07-16,-190.0924820819974,17442.25067253701,910.4222482946076,501,vrp_raw,mvo
2021-07-19,5072.334109216476,19999.999966323616,-209.22500551739233,501,vrp_raw,mvo
2021-07-20,8323.822336553176,20524.46671176515,-231.6465347540181,501,vrp_raw,mvo
2021-07-21,4285.040807343167,21008.174897773086,-54.788240691860494,501,vrp_raw,mvo
2021-07-22,8266.46510198913,19128.45504606614,-767.1187083849854,501,vrp_raw,mvo
2021-07-23,2888.546176461309,18779.24393497402,-1414.873289193425,501,vrp_raw,mvo
2021-07-26,345.30752425508706,20000.000202070423,499.9999990099672,501,vrp_raw,mvo
2021-07-27,-8641.798962587147,19580.464181306317,114.46295856128705,501,vrp_raw,mvo
2021-07-28,2.394907357743641,19192.205467041313,24.70035357287124,501,vrp_raw,mvo
2021-07-29,-35954.950986261625,17316.912220843424,-671.4795321592812,500,vrp_raw,mvo
2021-07-30,35481.580047497955,16175.986528198806,152.54807612943003,500,vrp_raw,mvo
2021-08-02,-9.96058095434962,20000.000258076394,499.9999977042969,500,vrp_raw,mvo
2021-08-03,-1112.996698134347,19440.308490047526,1151.017650562181,500,vrp_raw,mvo
2021-08-04,-10935.112995142284,19558.415486387144,698.8889862162308,500,vrp_raw,mvo
2021-08-05,16040.401752141797,19324.973076318474,825.9456058147496,500,vrp_raw,mvo
2021-08-06,8135.005648316567,18846.291544257358,928.595122976766,500,vrp_raw,mvo
2021-08-09,1008.6843186720366,19052.50464008938,499.99999950701,500,vrp_raw,mvo
2021-08-10,8152.088515851541,18716.823803573545,580.4657999209622,500,vrp_raw,mvo
2021-08-11,-10573.140884191833,18094.115516608334,462.7777864294683,500,vrp_raw,mvo
2021-08-12,-1959.2001468121703,17868.95157470969,596.307916327601,500,vrp_raw,mvo
2021-08-13,-1093.327968459086,17542.243159183552,654.8886078884184,500,vrp_raw,mvo
2021-08-16,-9812.237209226687,18406.425358784014,499.99999999929895,500,vrp_raw,mvo
2021-08-17,-1933.8100388220284,18446.373613395783,690.3005079202381,500,vrp_raw,mvo
2021-08-18,925.3441387887441,17985.813681598327,811.8374606351464,500,vrp_raw,mvo
2021-08-19,7958.165894693298,17376.625529551227,1391.4524909811057,500,vrp_raw,mvo
2021-08-20,-11080.282808273842,17391.928877525454,855.244064874997,500,vrp_raw,mvo
2021-08-23,9315.414905777843,18034.97524450889,499.99999952282764,500,vrp_raw,mvo
2021-08-24,-10914.363032734778,17551.892915311066,540.6295676718221,500,vrp_raw,mvo
2021-08-25,-6054.919939035691,18233.355518616878,-284.58086078322845,500,vrp_raw,mvo
2021-08-26,-2771.894961286277,17780.85161595561,154.13867101860424,500,vrp_raw,mvo
2021-08-27,11925.066398368357,17794.479327663164,75.24030202697321,500,vrp_raw,mvo
2021-08-30,-11805.73588949709,17720.725834119043,499.9999996317424,500,vrp_raw,mvo
2021-08-31,2190.9521546613873,17525.345122871626,371.0993636781561,500,vrp_raw,mvo
2021-09-01,-4590.648957284385,17218.233931061666,486.6529729042352,500,vrp_raw,mvo
2021-09-02,-4151.971859034175,17046.4847666451,585.2649153149493,500,vrp_raw,mvo
2021-09-03,7633.872553740172,16656.147920579755,689.0453900640448,499,vrp_raw,mvo
2021-09-07,723.2630188549024,19999.999666739284,499.9999957383609,499,vrp_raw,mvo
2021-09-08,14613.620099725527,19369.449571247573,76.0148817777552,499,vrp_raw,mvo
2021-09-09,9981.445877349453,18854.468862356036,706.9178228226192,499,vrp_raw,mvo
2021-09-10,-12598.931528175173,17894.740056000897,656.4392155806594,499,vrp_raw,mvo
2021-09-13,6137.0380616135935,19999.999886159294,-14.358260293964257,499,vrp_raw,mvo
2021-09-14,12698.27991021576,18919.32239571744,646.3697771493415,499,vrp_raw,mvo
2021-09-15,-25622.167048353644,19646.223779104024,-1075.984681635273,499,vrp_raw,mvo
2021-09-16,669.4843067143481,19355.756479797903,-1191.9758636413967,499,vrp_raw,mvo
2021-09-17,-497.58241199628065,19200.41439344289,-996.1381900960992,499,vrp_raw,mvo
2021-09-20,-3076.0382374260566,19999.999346968474,-119.0293707592081,499,vrp_raw,mvo
2021-09-21,-3874.0773742620845,18604.173444454027,-423.0654970754991,499,vrp_raw,mvo
2021-09-22,-16295.880391850624,18092.770706456395,-519.425332780445,499,vrp_raw,mvo
2021-09-23,8280.945161742804,16648.63996158116,-833.9858442648544,499,vrp_raw,mvo
2021-09-24,12892.122730971687,16064.092327242523,-575.8424932974173,499,vrp_raw,mvo
2021-09-27,-11839.651378059769,19999.998835759103,499.99968244852806,499,vrp_raw,mvo
2021-09-28,-3517.78519612565,19473.70914640075,608.882634010678,499,vrp_raw,mvo
2021-09-29,27813.93882000472,20195.85304532074,1673.3552932484656,499,vrp_raw,mvo
2021-09-30,4429.612482089636,19280.66632150873,1118.2477231412197,499,vrp_raw,mvo
2021-10-01,3077.8912232763882,19607.98951054256,1272.0831119028987,499,vrp_raw,mvo
2021-10-04,-5967.854010963495,20000.000015176087,499.99998713276585,499,vrp_raw,mvo
2021-10-05,7710.984922731022,20241.534780108286,481.7771840802638,499,vrp_raw,mvo
2021-10-06,-11074.328715802469,19646.17480512894,-54.183064572158656,499,vrp_raw,mvo
2021-10-07,1498.5287980325945,19965.9194403309,158.09749293369046,499,vrp_raw,mvo
2021-10-08,8533.314745546324,19299.468454915776,-36.46847265066528,499,vrp_raw,mvo
2021-10-11,-3065.0633680266415,19999.999538641194,-235.8816138247437,500,vrp_raw,mvo
2021-10-12,-9708.97952173544,19765.709670115182,-400.75036284492944,500,vrp_raw,mvo
2021-10-13,-5993.621505549997,19668.32523554905,-842.8520453385601,500,vrp_raw,mvo
2021-10-14,7590.122690566555,19365.337488276735,-1154.004603652092,500,vrp_raw,mvo
2021-10-15,-7810.510798104627,18759.631702795898,-1367.4463391635757,500,vrp_raw,mvo
2021-10-18,-3140.726317476881,19999.99798216128,-499.9999927435488,500,vrp_raw,mvo
2021-10-19,-21231.656744729946,20648.332900230154,-1770.821562506617,500,vrp_raw,mvo
2021-10-20,20324.78848914309,20698.158086626387,-1333.744194792979,500,vrp_raw,mvo
2021-10-21,9907.72553270232,20270.995023695097,-941.4085923401092,500,vrp_raw,mvo
2021-10-22,5220.362767562523,19703.09068945363,-877.711683764546,500,vrp_raw,mvo
2021-10-25,-16535.822690411944,19999.999641886912,-499.9999962725542,500,vrp_raw,mvo
2021-10-26,-9186.085157491965,19895.075696378375,-183.212956155013,500,vrp_raw,mvo
2021-10-27,-39484.83645771605,19353.600690602507,407.5697600153882,500,vrp_raw,mvo
2021-10-28,7944.659587850682,19018.029186540913,-310.5139164837488,500,vrp_raw,mvo
2021-10-29,-15117.577462362819,18708.683038058705,137.01582597559516,500,vrp_raw,mvo
2021-11-01,1704.9682539575115,19999.998108749653,-281.3400963692373,500,vrp_raw,mvo
2021-11-02,19833.041853742223,19534.17050287931,-134.00897099877633,500,vrp_raw,mvo
2021-11-03,-5475.39543472646,19236.99705552279,-257.757738702985,500,vrp_raw,mvo
2021-11-04,20368.286467445734,18329.39563341175,-456.84082182707186,500,vrp_raw,mvo
2021-11-05,16373.962270480386,17932.28447883653,-356.6890836467566,500,vrp_raw,mvo
2021-11-08,-16874.913215465032,19999.999719604875,499.9999849460641,500,vrp_raw,mvo
2021-11-09,-7541.904614132149,20107.727063139504,666.4190021720219,500,vrp_raw,mvo
2021-11-10,16008.968043548359,19903.469016086903,813.5581974262216,500,vrp_raw,mvo
2021-11-11,3469.52079267205,19554.86789319354,525.7046222458489,500,vrp_raw,mvo
2021-11-12,-7676.0676275421265,19035.110833571383,335.89577664901753,500,vrp_raw,mvo
2021-11-15,1516.8629074591092,20000.00023035576,499.99999931185124,500,vrp_raw,mvo
2021-11-16,6788.106762200116,21111.201159138927,-739.1893362343166,500,vrp_raw,mvo
2021-11-17,5170.888721941225,20518.451965109703,-1190.9202740171916,500,vrp_raw,mvo
2021-11-18,270290.20816319616,19800.878762846405,-1403.8181591626928,500,vrp_raw,mvo
2021-11-19,-9845.35771433779,21522.276229398918,1294.6048358327505,500,vrp_raw,mvo
2021-11-22,15942.288486622654,20000.000170314826,499.99999908650625,500,vrp_raw,mvo
2021-11-23,-4392.318127412432,20219.09082818686,556.7147510389586,500,vrp_raw,mvo
2021-11-24,-920.2888772034427,19882.624484624615,737.7374574331196,500,vrp_raw,mvo
2021-11-26,12312.659431301461,18623.67182648989,916.0381958146363,500,vrp_raw,mvo
2021-11-29,-12518.649139164709,20000.00002197876,366.1536126527302,500,vrp_raw,mvo
2021-11-30,8995.644554475506,19352.152419724836,167.55991381998317,500,vrp_raw,mvo
2021-12-01,7555.036598740147,18248.39620736418,153.92293785656355,500,vrp_raw,mvo
2021-12-02,-3828.2632291855093,18573.054729384592,-113.69464506912146,500,vrp_raw,mvo
2021-12-03,-1646.0906267479859,18017.882761329256,-241.1043228638185,500,vrp_raw,mvo
2021-12-06,23836.80511790952,19999.999243956387,-499.99968339663565,500,vrp_raw,mvo
2021-12-07,-2690.1060414013045,19891.453257841513,-746.5493167452908,500,vrp_raw,mvo
2021-12-08,-2938.6457392890766,19663.32636664751,-800.9213126866835,500,vrp_raw,mvo
2021-12-09,11603.644250580877,19165.925169680908,-649.8843758548237,500,vrp_raw,mvo
2021-12-10,9820.52271961171,18513.343989144607,-778.1313020766142,500,vrp_raw,mvo
2021-12-13,4205.24023400288,19999.998688744156,-173.25168102300884,501,vrp_raw,mvo
2021-12-14,-10864.5743276172,19973.433657865113,43.69981306628629,501,vrp_raw,mvo
2021-12-15,-22169.845990411017,19445.019577438623,-320.03618825508113,501,vrp_raw,mvo
2021-12-16,4586.475181049587,19205.307546082822,54.59842330640039,501,vrp_raw,mvo
2021-12-17,11384.63280466115,19451.368865680426,720.6582703233428,501,vrp_raw,mvo
2021-12-20,16845.622504297582,20000.000209630154,-499.9999983310063,501,vrp_raw,mvo
2021-12-21,-4922.372205117218,20027.436041297147,-1370.7475529864596,501,vrp_raw,mvo
2021-12-22,-881.419098624199,19098.331160376798,-1727.0270058767462,500,vrp_raw,mvo
2021-12-23,-2457.1155617329127,18576.41238682781,-1589.8105388950553,500,vrp_raw,mvo
2021-12-27,3595.923686214996,19999.99996417116,-499.9999968268166,500,vrp_raw,mvo
2021-12-28,-25023.78312339946,19881.16442404759,-836.0146053121624,500,vrp_raw,mvo
2021-12-29,-10529.182398156194,18886.033228566423,-374.30180963845834,500,vrp_raw,mvo
2021-12-30,4222.7660424831765,18600.016762127874,-475.6752292196222,500,vrp_raw,mvo
2021-12-31,5546.41756505533,18269.721020765202,-468.4272343241554,500,vrp_raw,mvo
2022-01-03,-1118.5524744194552,19999.999547504754,-499.9999975456848,500,vrp_raw,mvo
2022-01-04,334.6099590687609,19945.98074826008,-266.3904129664834,500,vrp_raw,mvo
2022-01-05,6518.833638948739,19114.03379156111,-216.16609809480127,500,vrp_raw,mvo
2022-01-06,-5200.453567834773,18834.968430716068,-372.27564404761057,500,vrp_raw,mvo
2022-01-07,1719.3635297863145,18191.16504469763,-369.4392807741443,500,vrp_raw,mvo
2022-01-10,-4218.049622901738,19759.93561643639,-454.65084873905914,503,vrp_raw,mvo
2022-01-11,-10273.848208565152,19557.037009814976,-524.2743669532366,491,vrp_raw,mvo
2022-01-12,9655.3999863394,19106.58460552866,-530.2419201873279,491,vrp_raw,mvo
2022-01-13,8399.41372622302,18900.499573911216,-117.96039526935877,491,vrp_raw,mvo
2022-01-14,-3629.426800330208,18412.139251285367,35.40003890381254,491,vrp_raw,mvo
2022-01-18,-1620.0044364862706,20000.00011530497,499.9999985397199,492,vrp_raw,mvo
2022-01-19,10162.50833137014,20132.523005452615,-1.3892647386530341,491,vrp_raw,mvo
2022-01-20,6512.79578957195,19419.03132824642,-286.4819093774936,491,vrp_raw,mvo
2022-01-21,23963.747866078593,19292.486929998413,196.982760833992,491,vrp_raw,mvo
2022-01-24,-8692.689933623977,20000.000040359977,499.99999603787455,491,vrp_raw,mvo
2022-01-25,27280.172557979273,18993.22163477313,599.7783388962795,491,vrp_raw,mvo
2022-01-26,-19670.850284045937,18303.37895391579,615.0355980201214,491,vrp_raw,mvo
2022-01-27,1402.361274904836,18313.560069865965,773.3835678800318,491,vrp_raw,mvo
2022-01-28,674.5839864992148,18508.014760254067,772.5232108179031,491,vrp_raw,mvo
2022-01-31,28.648804428402105,19999.999828647866,499.999997865358,492,vrp_raw,mvo
2022-02-01,-16499.764773810533,20013.137712449152,-15.821495453977201,492,vrp_raw,mvo
2022-02-02,3490.865904458939,19834.044515681908,-19.358251947522664,492,vrp_raw,mvo
2022-02-03,6423.865465175333,19264.733482644908,-230.75080384270765,492,vrp_raw,mvo
2022-02-04,3140.8218296426544,18703.20449686208,61.1858191168579,492,vrp_raw,mvo
2022-02-07,-27057.770534442105,19999.998896052533,500.00000619879637,492,vrp_raw,mvo
2022-02-08,7700.65388757498,19413.976830587762,335.95834252920423,491,vrp_raw,mvo
2022-02-09,6873.222955686078,20461.129994267318,1931.854073844131,491,vrp_raw,mvo
2022-02-10,2328.0983629452135,20192.68047615864,2058.1575772660594,491,vrp_raw,mvo
2022-02-11,17740.88897725261,19727.83259602547,2857.463471663643,491,vrp_raw,mvo
2022-02-14,-25634.49779294537,19999.998415537106,499.99999698698326,491,vrp_raw,mvo
2022-02-15,665.6211773677788,19452.206466732787,384.5408505573712,491,vrp_raw,mvo
2022-02-16,2059.4733822846483,19030.88122251663,245.5569966773991,491,vrp_raw,mvo
2022-02-17,7937.52268722259,18573.373933016013,87.61969474350559,491,vrp_raw,mvo
2022-02-18,-7250.601596037068,17912.443714190995,-54.225400397408926,491,vrp_raw,mvo
2022-02-22,10569.922273735352,19850.26772208801,649.7327741330284,491,vrp_raw,mvo
2022-02-23,24588.02206201561,21487.34678098402,-652.3420573660451,490,vrp_raw,mvo
2022-02-24,-24173.665297639993,22132.597906747575,-349.92904266934545,488,vrp_raw,mvo
2022-02-25,3956.5240892651923,21864.795320286343,209.9914864637166,487,vrp_raw,mvo
2022-02-28,6408.01234517236,19999.99940295783,499.9999921232852,487,vrp_raw,mvo
2022-03-01,4494.735562528752,13154.215752408296,2258.3833186872284,385,vrp_raw,mvo
2022-03-02,-11138.538935076209,13202.979201797074,2137.085957485702,385,vrp_raw,mvo
2022-03-03,3081.5942875376745,12910.75454983367,2028.007103473339,385,vrp_raw,mvo
2022-03-04,14308.461415697935,12663.858435861646,1928.8250375838045,385,vrp_raw,mvo
2022-03-07,8601.59518740819,18607.759781905574,-598.0843055684059,385,vrp_raw,mvo
2022-03-08,13774.113777282197,18461.141942435985,-592.7046176165279,383,vrp_raw,mvo
2022-03-09,3089.114784512206,18602.588712689794,-379.6556848776826,383,vrp_raw,mvo
2022-03-10,1223.6098781238504,18257.529840334922,-469.04215091010093,383,vrp_raw,mvo
2022-03-11,6413.260219953858,17706.75837596939,-545.2672011383739,383,vrp_raw,mvo
2022-03-14,-2614.0496146667906,19999.992299568246,-35.42128573856538,388,vrp_raw,mvo
2022-03-15,7121.827611443666,20213.011421123905,113.05752244002068,388,vrp_raw,mvo
2022-03-16,14383.163066454861,20546.965836585503,286.3305202198691,388,vrp_raw,mvo
2022-03-17,-9770.190645470966,20457.944983458878,313.23122152062615,388,vrp_raw,mvo
2022-03-18,-1490.5379509863058,20171.441640615034,164.46854508519948,388,vrp_raw,mvo
2022-03-21,-6844.993959535197,20000.000178430204,499.9998996692937,485,vrp_raw,mvo
2022-03-22,3813.587394408941,19452.412386330478,556.5833529943457,485,vrp_raw,mvo
2022-03-23,-5911.564831412229,19438.024459199496,462.91232760007256,485,vrp_raw,mvo
2022-03-24,-409.0347153287944,19185.581972381628,962.2659292040611,485,vrp_raw,mvo
2022-03-25,-7149.0004773625915,19009.378762257405,833.2406020758776,485,vrp_raw,mvo
2022-03-28,5806.835844694933,19999.99969085056,383.8712977039939,488,vrp_raw,mvo
2022-03-29,29313.44510084474,19750.95180041998,-370.9565203295294,488,vrp_raw,mvo
2022-03-30,-5237.033339853393,19447.605339783433,-118.74678239179707,488,vrp_raw,mvo
2022-03-31,-4452.168682759845,20049.985267170836,-400.9544664018699,488,vrp_raw,mvo
2022-04-01,3777.962438688769,19518.071977251788,-23.815720340147642,488,vrp_raw,mvo
2022-04-04,10486.65255549629,19999.999534901443,-81.25532923565781,489,vrp_raw,mvo
2022-04-05,-791.6774588107672,20269.352282721044,111.45921396173098,489,vrp_raw,mvo
2022-04-06,3840.374854998327,19922.857924166106,-847.3256568131425,489,vrp_raw,mvo
2022-04-07,-1789.875885874995,19889.23532560686,-231.26994676407318,489,vrp_raw,mvo
2022-04-08,4126.073273002484,19335.252014999463,-100.97089201770028,489,vrp_raw,mvo
2022-04-11,4512.242048945473,19902.614484387446,597.385689172005,489,vrp_raw,mvo
2022-04-12,-9901.28158143912,19040.373611480918,-38.54558183052959,488,vrp_raw,mvo
2022-04-13,2674.3284741290386,19348.82049670111,769.0765493245159,488,vrp_raw,mvo
2022-04-14,-8865.099409431588,19049.152551560845,802.6774629906804,488,vrp_raw,mvo
2022-04-18,24354.34301527372,19999.999826348536,499.9999935081385,488,vrp_raw,mvo
2022-04-19,-20914.985131918053,19262.59779041366,888.1884422845994,488,vrp_raw,mvo
2022-04-20,14229.739275175489,18827.548557661736,986.5756283782328,486,vrp_raw,mvo
2022-04-21,-2891.1045209235704,18944.27307575763,844.3120543132515,486,vrp_raw,mvo
2022-04-22,-25965.694336516754,19254.33931163316,388.94944926563653,486,vrp_raw,mvo
2022-04-25,-29986.54282496498,19999.99768275805,499.99999418285506,486,vrp_raw,mvo
2022-04-26,-13644.317009249313,19757.17253023615,708.0085442676032,486,vrp_raw,mvo
2022-04-27,19000.71478995338,19034.718996742944,135.2389971696951,486,vrp_raw,mvo
2022-04-28,7147.57877720528,19097.400009014164,438.2477267975331,486,vrp_raw,mvo
2022-04-29,-22021.817694236186,18780.555997777312,375.0760644618877,486,vrp_raw,mvo
2022-05-02,37628.229176835106,19999.999790301696,-499.9999890848808,486,vrp_raw,mvo
2022-05-03,-7137.949588013951,19871.10971434035,-441.395967127638,486,vrp_raw,mvo
2022-05-04,1277.9664236165013,19436.49360250193,-98.3363372188471,486,vrp_raw,mvo
2022-05-05,18950.658528336488,19093.907765385462,8.705045706142963,486,vrp_raw,mvo
2022-05-06,-22168.545727291166,18160.387543760764,81.33086679065886,486,vrp_raw,mvo
2022-05-09,7740.271955351703,20000.000225471173,499.99997360773034,486,vrp_raw,mvo
2022-05-10,19904.43953426066,20148.494785485425,-15.765483556345918,486,vrp_raw,mvo
2022-05-11,-23340.406488816756,19599.241671828793,-547.2806686434334,486,vrp_raw,mvo
2022-05-12,37376.76980122019,19540.85901457517,-329.34363911148046,486,vrp_raw,mvo
2022-05-13,-8210.878062326296,19518.119252561264,463.86530861323155,486,vrp_raw,mvo
2022-05-16,6012.134579647285,19999.999862456825,499.9999957876628,486,vrp_raw,mvo
2022-05-17,-14857.526549933362,20540.083200168378,-625.8573812583205,486,vrp_raw,mvo
2022-05-18,-20770.324283378694,20158.29741305463,-942.0777159540032,486,vrp_raw,mvo
2022-05-19,17962.65691188848,19199.494616280495,-818.0727757773019,486,vrp_raw,mvo
2022-05-20,23441.683097150544,19722.688990330098,-1205.2152971545038,486,vrp_raw,mvo
2022-05-23,-24623.468798322596,20000.00020638745,499.99999655690254,486,vrp_raw,mvo
2022-05-24,8898.136558576058,19889.471277980367,228.66429593477582,486,vrp_raw,mvo
2022-05-25,27331.517146197828,19227.144725837188,440.1039823617956,486,vrp_raw,mvo
2022-05-26,-39642.147962166324,20742.70328159887,719.3921042146115,486,vrp_raw,mvo
2022-05-27,-8705.027386846039,21155.732316439193,1431.7830464452554,486,vrp_raw,mvo
2022-05-31,6982.192813201583,19999.998809530276,499.9999961993362,486,vrp_raw,mvo
2022-06-01,5357.13304625837,19863.291222540513,353.4379517105645,486,vrp_raw,mvo
2022-06-02,10932.853610289892,19758.078607043146,499.4736484438006,486,vrp_raw,mvo
2022-06-03,10034.280598820744,19423.299197566386,410.2473964894019,486,vrp_raw,mvo
2022-06-06,-3242.2519162898993,19999.99979674833,499.99999438481905,486,vrp_raw,mvo
2022-06-07,3005.347712593083,19706.535957111595,672.9431588128241,486,vrp_raw,mvo
2022-06-08,851.0072297791311,19315.48195277068,938.0535204816448,486,vrp_raw,mvo
2022-06-09,-17190.981847568175,19072.04170589324,920.9941752658082,486,vrp_raw,mvo
2022-06-10,43759.341783394564,17691.914764163666,568.3200640916544,486,vrp_raw,mvo
2022-06-13,-8568.514021352745,18900.82282356613,499.9999980010527,487,vrp_raw,mvo
2022-06-14,-15462.236738655854,18205.711926345997,927.2373520828265,487,vrp_raw,mvo
2022-06-15,-11255.373263643984,17403.875284694936,359.4762783698601,486,vrp_raw,mvo
2022-06-16,19118.50128134316,19716.14121411025,-827.5499610932953,485,vrp_raw,mvo
2022-06-17,-12673.47312894245,20209.028131026615,-1346.667476798066,485,vrp_raw,mvo
2022-06-21,2205.001968292535,18727.06918657715,-428.195569805354,486,vrp_raw,mvo
2022-06-22,-33411.36298570255,18166.526035911626,-719.9499006598403,486,vrp_raw,mvo
2022-06-23,29614.763760569436,17816.89031513893,272.26380719161995,486,vrp_raw,mvo
2022-06-24,-9862.828838583173,17761.00027029578,953.7417598954505,486,vrp_raw,mvo
2022-06-27,-11518.853002242702,16970.10001794292,-499.99999923396115,486,vrp_raw,mvo
2022-06-28,536.7556145292505,16593.402550500145,-663.9004850521011,486,vrp_raw,mvo
2022-06-29,11215.400275416727,16253.785105836228,-775.2840191443593,486,vrp_raw,mvo
2022-06-30,2655.0128732726694,15976.252559440329,-843.5831249004951,486,vrp_raw,mvo
2022-07-01,1495.7346762227262,15994.397426937405,-830.3212191362898,485,vrp_raw,mvo
2022-07-05,10020.810570739342,15686.973949033867,-499.9999585563835,491,vrp_raw,mvo
2022-07-06,-1771.6831306988795,15330.776414847714,-284.2283351669265,491,vrp_raw,mvo
2022-07-07,-3061.0167332067576,15359.293934608699,-448.0874243523298,491,vrp_raw,mvo
2022-07-08,-724.485584041522,15145.265805846679,-397.4428485868882,491,vrp_raw,mvo
2022-07-11,5982.311572736968,15122.667750475533,-1019.0696237479253,491,vrp_raw,mvo
2022-07-12,4358.667342133951,14689.019897628043,-920.8775397537864,491,vrp_raw,mvo
2022-07-13,5495.742378239745,14408.048271707532,-1029.9775468237647,491,vrp_raw,mvo
2022-07-14,-12064.076298172053,13967.364524782484,-1099.2875905250694,491,vrp_raw,mvo
2022-07-15,-3335.470890009868,14084.134236202277,-1090.4719944572805,491,vrp_raw,mvo
2022-07-18,20161.573741972126,19999.998440923187,-499.9999869424738,496,vrp_raw,mvo
2022-07-19,-77869.33212599639,21403.000490609295,-1225.3356963538838,496,vrp_raw,mvo
2022-07-20,30891.848010659436,21134.27732112457,-444.5735879722204,496,vrp_raw,mvo
2022-07-21,-3384.7409931667594,20790.586195388056,-570.6156132902402,496,vrp_raw,mvo
2022-07-22,-6355.659554257343,21293.557847386568,-1539.5721964155487,496,vrp_raw,mvo
2022-07-25,9837.387561099476,20000.000206878107,-499.99998556418785,498,vrp_raw,mvo
2022-07-26,23657.55305114898,19170.65706076933,-1023.6005372896365,498,vrp_raw,mvo
2022-07-27,4739.057004586964,16964.69791681898,-1092.1797560383784,497,vrp_raw,mvo
2022-07-28,-34281.71490039376,17675.279163067276,-558.1325005380238,497,vrp_raw,mvo
2022-07-29,-9192.770452076491,18441.9830559046,1055.500105817303,497,vrp_raw,mvo
2022-08-01,-17956.83781719856,20000.000397277636,-499.99999796424277,498,vrp_raw,mvo
2022-08-02,543.5524135741447,21073.49457537455,-1746.2301822360964,498,vrp_raw,mvo
2022-08-03,34512.2418990758,20766.38608391391,-1760.9004916592494,498,vrp_raw,mvo
2022-08-04,6250.79362607501,20517.475362308523,-1466.675137559866,498,vrp_raw,mvo
2022-08-05,-4903.095388986433,19755.820028920003,-1060.3662873505157,498,vrp_raw,mvo
2022-08-08,-53138.200222366,20000.00018770187,499.99999913400137,499,vrp_raw,mvo
2022-08-09,45447.403366194165,19420.854466353187,658.4626723390783,499,vrp_raw,mvo
2022-08-10,21930.674540698146,19476.029237417337,1666.720207843131,499,vrp_raw,mvo
2022-08-11,-8807.281015625638,18777.041716777498,1696.7944363992578,499,vrp_raw,mvo
2022-08-12,2373.6677151513477,17732.91120194986,2054.29657820572,498,vrp_raw,mvo
2022-08-15,-22902.925226432384,19999.999506371976,499.99998862606566,498,vrp_raw,mvo
2022-08-16,-31739.19425940964,20582.21105344466,611.3291487783165,498,vrp_raw,mvo
2022-08-17,10494.976463437872,21489.730352280563,668.4597218508424,498,vrp_raw,mvo
2022-08-18,1136.718586558147,21119.154403607554,302.3570307200409,498,vrp_raw,mvo
2022-08-19,6811.549544424716,20775.609016818096,701.3823258075447,498,vrp_raw,mvo
2022-08-22,27901.066999669438,20000.000354313517,499.9999994936535,499,vrp_raw,mvo
2022-08-23,-30410.065644406863,19966.194730822543,177.9289279435222,499,vrp_raw,mvo
2022-08-24,2061.739219680244,19400.989293984654,332.6458726567479,499,vrp_raw,mvo
2022-08-25,-1206.4802572016542,18602.507789712265,772.890388294709,499,vrp_raw,mvo
2022-08-26,6485.22389370521,19658.038158171996,1598.8601599762917,499,vrp_raw,mvo
2022-08-29,17964.236092209358,19999.99922899443,499.99999402970064,499,vrp_raw,mvo
2022-08-30,-6338.806943791548,18833.171805793252,109.71951921861181,497,vrp_raw,mvo
2022-08-31,7747.419782471279,19033.012360844274,564.3036694690354,497,vrp_raw,mvo
2022-09-01,15777.69263412719,18504.025347498988,497.2541345215942,497,vrp_raw,mvo
2022-09-02,-10836.826249825226,18063.27509857164,361.77664904541444,497,vrp_raw,mvo
2022-09-06,17307.087010767562,20000.00012077623,-499.99999879356295,499,vrp_raw,mvo
2022-09-07,15388.75879100452,20083.59774638065,-452.57387511312305,499,vrp_raw,mvo
2022-09-08,1157.087361676501,20538.49918741973,-1153.9647068007616,499,vrp_raw,mvo
2022-09-09,-5405.980131598468,20224.45718098521,-1596.8009563189705,499,vrp_raw,mvo
2022-09-12,10771.196906337615,19999.99987593186,-499.99999898477404,499,vrp_raw,mvo
2022-09-13,1730.4949446660935,20000.035328327565,84.92404875033905,499,vrp_raw,mvo
2022-09-14,3734.9826497555773,19411.0208685407,-40.30394860495231,498,vrp_raw,mvo
2022-09-15,-19502.929213974374,19521.969720320652,-71.63949247132497,498,vrp_raw,mvo
2022-09-16,-2909.9974281901864,18990.032674135,-215.72773347711302,498,vrp_raw,mvo
2022-09-19,9182.218259671905,19999.99990728003,-499.99999795063826,498,vrp_raw,mvo
2022-09-20,-6747.364382960197,18484.601263834145,-153.6011873637844,498,vrp_raw,mvo
2022-09-21,-16661.373072549286,18552.82761898204,-352.01071188584507,498,vrp_raw,mvo
2022-09-22,-1374.2301088636914,18554.620229560023,-1071.5283432225933,498,vrp_raw,mvo
2022-09-23,2881.116451114261,18851.54996113885,-1289.9578938946702,498,vrp_raw,mvo
2022-09-26,-16613.43962331702,19999.999859234355,-499.99999143087445,499,vrp_raw,mvo
2022-09-27,20618.739841975235,19795.394483348686,-232.5125209885258,499,vrp_raw,mvo
2022-09-28,-106000.16910437385,21690.01514824342,-1215.4527559743783,499,vrp_raw,mvo
2022-09-29,-5946.061921125873,21181.66503551126,-1669.9574682002046,499,vrp_raw,mvo
2022-09-30,-14232.183438331826,20379.345614407317,-2689.95316130501,498,vrp_raw,mvo
2022-10-03,48814.26373114464,19999.999484885455,499.99998713854706,498,vrp_raw,mvo
2022-10-04,52379.579080340074,20220.685175361756,503.9008946966758,497,vrp_raw,mvo
2022-10-05,-14559.101022217952,19978.552482447103,369.38337751534635,497,vrp_raw,mvo
2022-10-06,-10523.5362126865,19926.705821071628,848.2540094959643,497,vrp_raw,mvo
2022-10-07,702.0185609624672,19333.32284569988,627.4740399238713,497,vrp_raw,mvo
2022-10-10,10524.330045656885,19999.999743624998,499.99999562913143,498,vrp_raw,mvo
2022-10-11,-9990.246580753063,19647.346524836088,456.6123988113825,497,vrp_raw,mvo
2022-10-12,10877.854471363813,19538.145125011077,647.1739190919554,497,vrp_raw,mvo
2022-10-13,8236.506671033487,19618.406484525523,821.5374571417732,497,vrp_raw,mvo
2022-10-14,-10331.65134799173,19008.684152613896,798.4099804638482,497,vrp_raw,mvo
2022-10-17,2372.830317981442,19999.999501773364,499.99997664044366,497,vrp_raw,mvo
2022-10-18,5892.509944060993,20121.86910703674,824.719852211275,497,vrp_raw,mvo
2022-10-19,-4053.9467961733017,19560.444667079384,607.5440543166674,497,vrp_raw,mvo
2022-10-20,5969.85777650813,19664.109792517134,241.85879089838497,496,vrp_raw,mvo
2022-10-21,12866.690877690744,19713.25418140859,367.03427880370873,496,vrp_raw,mvo
2022-10-24,-4486.96329755047,19999.99969552023,499.9999772316675,496,vrp_raw,mvo
2022-10-25,-15166.194756421934,20027.12705347133,-388.40961614001105,496,vrp_raw,mvo
2022-10-26,36891.114282377006,19317.301588177612,310.28632280094075,496,vrp_raw,mvo
2022-10-27,-45885.72796566348,19823.45233206561,-881.7375529491941,496,vrp_raw,mvo
2022-10-28,25157.448684038976,20806.494961986427,247.55931991977658,496,vrp_raw,mvo
2022-10-31,-20938.422156829223,20000.00014094461,499.99999666315216,497,vrp_raw,mvo
2022-11-01,7458.190708473472,19618.373991020446,687.3144473254625,496,vrp_raw,mvo
2022-11-02,-6534.596613743955,19149.27240303837,381.0974262577738,496,vrp_raw,mvo
2022-11-03,-267.33962373136234,18219.745040316335,302.12643344674103,496,vrp_raw,mvo
2022-11-04,1449.149303995546,18160.38231019601,273.26365694472605,496,vrp_raw,mvo
2022-11-07,-3501.388024653896,20000.00011388301,298.40343148178255,497,vrp_raw,mvo
2022-11-08,-10051.88517216314,20004.059524978344,179.31007403019197,497,vrp_raw,mvo
2022-11-09,17755.559091413637,18991.54170468452,-157.50826674999624,497,vrp_raw,mvo
2022-11-10,26752.659812536585,20246.368049746652,1387.3491408095854,497,vrp_raw,mvo
2022-11-11,-24861.04062620208,20720.9797833265,296.4778418702671,497,vrp_raw,mvo
2022-11-14,15467.46988696821,19099.8294499226,499.9999903714006,497,vrp_raw,mvo
2022-11-15,13208.76265881644,18834.787996192987,94.728080293271,497,vrp_raw,mvo
2022-11-16,10119.282609971513,19119.051458906622,134.61983877379905,497,vrp_raw,mvo
2022-11-17,-3701.4313186281615,18625.36899870985,-101.90866328938108,497,vrp_raw,mvo
2022-11-18,25801.691711415388,19017.763804966737,-726.8323870181766,497,vrp_raw,mvo
2022-11-21,-6423.206042754629,18267.57634238798,499.99999821061476,497,vrp_raw,mvo
2022-11-22,-10374.658696230308,17790.988794520537,268.7470198787949,497,vrp_raw,mvo
2022-11-23,488.62270318493887,17221.705940800242,290.9379815295465,497,vrp_raw,mvo
2022-11-25,-10534.517046819803,15978.846155867453,26.370834357467732,497,vrp_raw,mvo
2022-11-28,50565.4809369672,17591.600786169056,202.80286140114717,497,vrp_raw,mvo
2022-11-29,-9813.872031609775,17229.744692013555,83.09830940550974,497,vrp_raw,mvo
2022-11-30,29945.735175704107,16738.077491345477,-287.3126274297558,497,vrp_raw,mvo
2022-12-01,-14728.791254080843,15853.381276056482,-1052.7626547825698,497,vrp_raw,mvo
2022-12-02,3682.6845535502575,15975.003237762494,-640.4297901690264,497,vrp_raw,mvo
2022-12-05,416.8057074850191,15436.47179096072,-499.99999845145214,496,vrp_raw,mvo
2022-12-06,3856.4248755116355,15576.80889722991,-67.56904795101434,496,vrp_raw,mvo
2022-12-07,4824.895118677881,15406.959327024066,9.743610616170848,496,vrp_raw,mvo
2022-12-08,19598.194971490302,14764.242145392356,-426.38198620722676,496,vrp_raw,mvo
2022-12-09,-2483.2412995010177,14811.980718727398,-727.0442334629148,496,vrp_raw,mvo
2022-12-12,-7296.051080342648,19999.999745902416,499.9999933935001,497,vrp_raw,mvo
2022-12-13,-16058.403658455076,19662.100464738876,668.9527100726709,497,vrp_raw,mvo
2022-12-14,-7728.588044981808,19195.07915747412,840.9963516367543,497,vrp_raw,mvo
2022-12-15,12431.970701782777,18724.840189853443,605.3005221606717,497,vrp_raw,mvo
2022-12-16,10977.352754286625,18772.09468837205,911.0568835862332,497,vrp_raw,mvo
2022-12-19,-13983.888462963652,20000.00000253992,499.99999876668545,498,vrp_raw,mvo
2022-12-20,4325.587641933043,19350.43931521366,191.8231424160378,498,vrp_raw,mvo
2022-12-21,5628.7183750088725,19158.506624247897,50.47858478697099,498,vrp_raw,mvo
2022-12-22,-2477.4907504116877,18585.465241731108,350.90855779564464,498,vrp_raw,mvo
2022-12-23,1500.3091209663671,18694.47262314812,-6.66866345611577,497,vrp_raw,mvo
2022-12-27,4945.743701509715,19999.999990105724,499.99623430533035,497,vrp_raw,mvo
2022-12-28,-854.6567234584695,19435.622565749192,922.4293791606893,497,vrp_raw,mvo
2022-12-29,-19148.18371206588,19502.298233993224,628.4525243578485,497,vrp_raw,mvo
2022-12-30,8850.51198198496,19239.29304502747,730.8871575761625,497,vrp_raw,mvo
2023-01-03,7113.260088767996,19999.999815625815,-499.99999368488443,495,vrp_raw,mvo
2023-01-04,-9232.618005878267,19810.35724314718,-634.2300421966555,495,vrp_raw,mvo
2023-01-05,1063.779129298501,19413.26392260111,-493.8594360636927,495,vrp_raw,mvo
2023-01-06,8773.365693927071,19209.989209344403,-675.8326393720279,495,vrp_raw,mvo
2023-01-09,2540.9164634436215,19999.999812507707,-499.99999741861023,495,vrp_raw,mvo
2023-01-10,-2921.4507730783575,19130.580666583333,-737.9996265181295,495,vrp_raw,mvo
2023-01-11,-3679.0030587474735,18543.54563433977,-729.4721620308073,490,vrp_raw,mvo
2023-01-12,-2919.8477053420797,20161.855480211925,-2918.343305896594,490,vrp_raw,mvo
2023-01-13,5015.240569395906,19718.509815720183,-2987.5255789103403,490,vrp_raw,mvo
2023-01-17,3115.6044230305297,19999.999470815255,-499.9999970243725,490,vrp_raw,mvo
2023-01-18,-23253.91256025973,20676.048684367575,-1041.4749327327845,490,vrp_raw,mvo
2023-01-19,-3898.2753010603096,20778.224764091512,-731.9641458761421,490,vrp_raw,mvo
2023-01-20,-8762.055530484442,19734.41101781023,-668.2733166145233,490,vrp_raw,mvo
2023-01-23,16467.21840854225,19999.999784343865,-499.999990242776,490,vrp_raw,mvo
2023-01-24,-611.5339769104669,20163.348709966544,-657.5292386937177,490,vrp_raw,mvo
2023-01-25,10272.935506587337,21831.045097805356,-685.3994976327457,490,vrp_raw,mvo
2023-01-26,-31717.743012145074,21563.1196531524,-1409.2437625638888,490,vrp_raw,mvo
2023-01-27,23934.88498492109,21437.52872503838,-1161.0087469424002,490,vrp_raw,mvo
2023-01-30,6456.021806361669,19999.99892360461,-116.2973180544749,490,vrp_raw,mvo
2023-01-31,-3272.5100005057657,19476.27334756583,-78.27913240064409,490,vrp_raw,mvo
2023-02-01,-1096.3063544689398,18572.49836270804,-235.76294308391462,490,vrp_raw,mvo
2023-02-02,39486.503559880286,17831.625345887212,-399.03566575373844,490,vrp_raw,mvo
2023-02-03,-31242.280197996348,19076.596404658732,-574.8714931899598,490,vrp_raw,mvo
2023-02-06,-28228.553415024922,20000.00022017465,499.99999393162636,490,vrp_raw,mvo
2023-02-07,-11369.504388894507,19498.157480145142,266.71246451548836,490,vrp_raw,mvo
2023-02-08,-16615.735356236255,19400.532884156433,239.83486893067953,490,vrp_raw,mvo
2023-02-09,26798.635816176167,18890.23413785776,-350.44496550069977,490,vrp_raw,mvo
2023-02-10,127.97805216323455,18645.448126588417,-237.0997564757237,490,vrp_raw,mvo
2023-02-13,-756.2194036521038,20000.00000441484,499.99999951220224,490,vrp_raw,mvo
2023-02-14,13882.73889750797,19845.9318948179,713.9554273025483,490,vrp_raw,mvo
2023-02-15,-8310.022602313074,18653.82025921294,366.87304292391036,490,vrp_raw,mvo
2023-02-16,-10539.673158013917,18145.516029695737,263.4230256213794,490,vrp_raw,mvo
2023-02-17,-18546.369342381044,17418.338282287936,164.88190352616132,490,vrp_raw,mvo
2023-02-21,12962.672624356412,20000.000264377795,499.99999965479753,490,vrp_raw,mvo
2023-02-22,2725.2526444501973,19236.250188654387,361.6123922887887,490,vrp_raw,mvo
2023-02-23,39037.5539426939,19207.36849549706,-224.71890126116483,490,vrp_raw,mvo
2023-02-24,-7489.262964610951,18308.871985128055,-489.4207812596378,490,vrp_raw,mvo
2023-02-27,10105.6925807014,19999.99975661148,499.9999959942888,490,vrp_raw,mvo
2023-02-28,9571.59692108921,19635.238155728748,644.274017396459,490,vrp_raw,mvo
2023-03-01,3216.868221650553,19139.93628936819,543.5116248210733,490,vrp_raw,mvo
2023-03-02,-6646.072449196569,18773.729211334652,598.5055794326662,490,vrp_raw,mvo
2023-03-03,11357.205441722557,18250.803715768587,438.01715257258616,490,vrp_raw,mvo
2023-03-06,-994.7311597677688,19999.99928737848,499.9999978039811,490,vrp_raw,mvo
2023-03-07,1821.6675783283006,19409.192057025102,98.06465867904247,490,vrp_raw,mvo
2023-03-08,2026.5250780479917,19290.931406260075,440.23010628572473,490,vrp_raw,mvo
2023-03-09,11181.063602896795,18217.56260686446,535.6492785096175,490,vrp_raw,mvo
2023-03-10,19274.214340737322,17960.298147616482,1039.9737464122484,490,vrp_raw,mvo
2023-03-13,6808.399674157502,19999.99864601672,-220.14626098813622,490,vrp_raw,mvo
2023-03-14,11707.822194500512,19830.175379174747,-298.0810190281659,490,vrp_raw,mvo
2023-03-15,9356.240759291508,20142.090087943052,59.221482790125634,490,vrp_raw,mvo
2023-03-16,-99.75530179104042,19653.372906121866,23.015110392752344,490,vrp_raw,mvo
2023-03-17,5784.837448738996,18890.218425725932,-76.9167915492055,489,vrp_raw,mvo
2023-03-20,-19682.933167111307,19937.64212219411,562.3573344356462,489,vrp_raw,mvo
2023-03-21,-20203.169724948224,20324.025465916646,613.4544122979185,488,vrp_raw,mvo
2023-03-22,26524.669726150132,18998.230152357744,1100.6200211355579,488,vrp_raw,mvo
2023-03-23,2871.3974315787927,18511.94036192025,383.9012091923566,488,vrp_raw,mvo
2023-03-24,3563.390050383409,18226.973797578015,916.8905209229445,488,vrp_raw,mvo
2023-03-27,-54942.44165582991,19999.999957138567,-499.99936489764605,489,vrp_raw,mvo
2023-03-28,-50442.683020125965,19758.78894496893,-821.9072799091181,489,vrp_raw,mvo
2023-03-29,-19422.19163435947,19599.35028957465,-655.9332137470915,489,vrp_raw,mvo
2023-03-30,-5595.122769041466,19146.660417975,-1074.9135175419633,489,vrp_raw,mvo
2023-03-31,-10179.856073874282,19724.38823013021,-609.5875607049898,489,vrp_raw,mvo
2023-04-03,-44676.76536470988,19999.999887784157,-499.9999925878124,489,vrp_raw,mvo
2023-04-04,23038.18636795711,18650.96780776346,130.9189105568068,488,vrp_raw,mvo
2023-04-05,6668.336818325606,18918.221047161318,686.0764837343207,488,vrp_raw,mvo
2023-04-06,4489.569655875262,18818.954215847178,730.7943847733983,488,vrp_raw,mvo
2023-04-10,-7722.326436073639,19999.985828612666,491.10372477102345,488,vrp_raw,mvo
2023-04-11,-16697.39396283021,19777.97394682534,452.12381214493007,488,vrp_raw,mvo
2023-04-12,-27985.680818797784,19389.859501199437,625.7138151807194,488,vrp_raw,mvo
2023-04-13,-1798.1290372363899,19078.508649172098,568.4176824872227,488,vrp_raw,mvo
2023-04-14,-14608.737529891774,18779.326191926913,574.4443992604503,488,vrp_raw,mvo
2023-04-17,-25322.308952733893,19999.999836374467,-499.99999703744487,489,vrp_raw,mvo
2023-04-18,-16730.445998178984,19624.083053063103,-480.6372733514775,489,vrp_raw,mvo
2023-04-19,6340.537446675569,19471.798578378115,-34.890585259676875,489,vrp_raw,mvo
2023-04-20,-11133.914261213571,19306.640336074037,-128.51613223861304,489,vrp_raw,mvo
2023-04-21,28392.436238665658,18578.564633557544,-488.28551463761397,489,vrp_raw,mvo
2023-04-24,-24355.209744226326,19999.998810802237,-257.86830549231354,489,vrp_raw,mvo
2023-04-25,-15885.32657377331,21057.416234770837,1494.1547605780343,489,vrp_raw,mvo
2023-04-26,-26080.960673197045,20562.073742737153,1160.939327967492,489,vrp_raw,mvo
2023-04-27,-7174.296344695056,21210.90183503263,1360.9549930715814,489,vrp_raw,mvo
2023-04-28,-49739.23402600771,20198.81954621704,85.76565075191236,489,vrp_raw,mvo
2023-05-01,-3941.0065035925945,19999.99943058171,216.03984916174977,489,vrp_raw,mvo
2023-05-02,18656.8619436262,18703.646402036666,689.766781528727,489,vrp_raw,mvo
2023-05-03,19872.645707788994,17887.50122769581,743.3754211579377,488,vrp_raw,mvo
2023-05-04,2640.7168570013687,17378.065815689988,848.5804059279576,488,vrp_raw,mvo
2023-05-05,-26706.761550522544,17701.541822683637,1017.6143412232859,488,vrp_raw,mvo
2023-05-08,56702.75334472115,20000.00045673417,499.99999812446765,488,vrp_raw,mvo
2023-05-09,-13353.87689545989,19021.58844643027,1032.1460824560288,488,vrp_raw,mvo
2023-05-10,13938.877370182623,19155.931788803333,626.900676471122,488,vrp_raw,mvo
2023-05-11,15029.434287560132,18704.911150443822,592.0276755876142,488,vrp_raw,mvo
2023-05-12,1497.1097177118954,18205.64338777955,431.74181859047985,488,vrp_raw,mvo
2023-05-15,-5629.803288068602,20000.000088939145,499.9999995979454,488,vrp_raw,mvo
2023-05-16,-6055.349340069084,20014.558641233336,-164.2163515155503,488,vrp_raw,mvo
2023-05-17,-12940.49976489803,19530.595546029163,-241.11289205237847,488,vrp_raw,mvo
2023-05-18,-14703.767558750762,18912.428261613197,-269.95699682565737,488,vrp_raw,mvo
2023-05-19,25703.280591519797,20403.00281855879,1746.2282553334876,488,vrp_raw,mvo
2023-05-22,1501.4821188154815,19999.999817754906,499.99999938812726,488,vrp_raw,mvo
2023-05-23,-9200.97409140993,20123.10322159112,-61.92068216694101,488,vrp_raw,mvo
2023-05-24,28749.95356179722,19707.68689871576,630.3973869952509,488,vrp_raw,mvo
2023-05-25,-49467.721314224094,19425.33290692548,258.3268123529945,488,vrp_raw,mvo
2023-05-26,15312.838118248967,19453.32603705715,647.4732934152283,488,vrp_raw,mvo
2023-05-30,9382.981755581928,19999.99995886606,499.9999978195902,488,vrp_raw,mvo
2023-05-31,5372.223194656704,19670.80742012278,452.78063602656766,487,vrp_raw,mvo
2023-06-01,2307.9769652350788,19353.206196094594,686.848643333601,487,vrp_raw,mvo
2023-06-02,-19102.669815246092,18969.65267853069,703.2097541151886,487,vrp_raw,mvo
2023-06-05,-5381.325790054556,20000.000346577126,499.99999894107196,488,vrp_raw,mvo
2023-06-06,-7578.501023357336,19992.57538201952,-82.51162448063289,488,vrp_raw,mvo
2023-06-07,9097.190654986178,18995.465059755352,-374.36200034188647,488,vrp_raw,mvo
2023-06-08,5320.9382141861715,19109.424949509328,-535.5006284442163,488,vrp_raw,mvo
2023-06-09,-22034.468157220315,18650.903778214284,-326.52453697216765,488,vrp_raw,mvo
2023-06-12,9972.753610957205,19999.999953437167,333.22016233103903,488,vrp_raw,mvo
2023-06-13,8302.628809121477,19316.373393486574,346.1186260709203,488,vrp_raw,mvo
2023-06-14,2952.137311198659,19472.23076326135,-381.9380727322899,488,vrp_raw,mvo
2023-06-15,-9934.143870179008,18511.971876947093,-479.4421804691421,487,vrp_raw,mvo
2023-06-16,11328.204344116912,17811.00091299109,-252.96594330632652,487,vrp_raw,mvo
2023-06-20,559.8173706028911,19999.9994941429,-499.99999077889214,487,vrp_raw,mvo
2023-06-21,3202.209590771623,19366.210048600526,-912.6970212925604,487,vrp_raw,mvo
2023-06-22,-7987.99060734335,18498.56245108358,-2018.9180647565502,487,vrp_raw,mvo
2023-06-23,10446.762790540432,17923.806811251547,-1462.9967731340735,487,vrp_raw,mvo
2023-06-26,-13887.054886958344,19999.999012507877,-499.99997142599545,487,vrp_raw,mvo
2023-06-27,897.1269980037796,18663.202849584348,-1052.157629509469,487,vrp_raw,mvo
2023-06-28,4830.364076132303,18876.85591193275,-1413.1982887164445,487,vrp_raw,mvo
2023-06-29,10430.009063403728,18291.61948963874,-429.86880785089437,487,vrp_raw,mvo
2023-06-30,-20657.46733021986,16354.672984863739,-2532.161415468816,487,vrp_raw,mvo
2023-07-03,23027.718039300755,19999.999452685046,44.477373151420124,499,vrp_raw,mvo
2023-07-05,2114.722209201677,19616.092471372816,118.19402851973561,498,vrp_raw,mvo
2023-07-06,-605.0293351414376,19476.95804514113,195.6832849861667,498,vrp_raw,mvo
2023-07-07,15483.951851349038,19857.910840895143,-338.2659604901936,498,vrp_raw,mvo
2023-07-10,-15162.921343336324,19999.99981617873,-499.99999651048074,500,vrp_raw,mvo
2023-07-11,-8191.394771853593,20259.906457082612,522.7513388936779,500,vrp_raw,mvo
2023-07-12,9441.208359504613,20148.221501064712,678.555057094018,500,vrp_raw,mvo
2023-07-13,-6410.502296939153,19742.5226388178,734.6028032175828,500,vrp_raw,mvo
2023-07-14,14503.462300589363,19216.282320834245,414.07865431057604,500,vrp_raw,mvo
2023-07-17,-31076.863264946358,19999.999863410118,-499.999966649435,500,vrp_raw,mvo
2023-07-18,8477.703188636888,19909.743619159566,-432.94183386531967,500,vrp_raw,mvo
2023-07-19,4874.84129176474,19927.330485258422,-274.38626503094207,500,vrp_raw,mvo
2023-07-20,2862.0214673738196,19312.44063290562,-672.2996213040858,500,vrp_raw,mvo
2023-07-21,-2882.6620037333023,18731.01836774175,-1004.7443579798888,500,vrp_raw,mvo
2023-07-24,-6747.0671004617425,20000.0004064155,499.99999189549226,500,vrp_raw,mvo
2023-07-25,-13456.053281211733,24234.13858016833,4706.42793433156,500,vrp_raw,mvo
2023-07-26,24803.42569971251,23905.62308561071,5466.900822069489,500,vrp_raw,mvo
2023-07-27,3920.8310891046644,23133.42123696162,5337.473120329616,500,vrp_raw,mvo
2023-07-28,-8029.430726698357,21643.542588613913,5085.928990382392,499,vrp_raw,mvo
2023-07-31,27849.50995466381,20000.000088795565,499.9999890313363,499,vrp_raw,mvo
2023-08-01,18561.913963004634,19822.476496445124,606.3946744594704,499,vrp_raw,mvo
2023-08-02,4925.977895613962,19200.233175303427,419.5860496723191,499,vrp_raw,mvo
2023-08-03,-6574.101069924108,18706.785378410314,279.02884558883903,499,vrp_raw,mvo
2023-08-04,10833.852856074789,18386.73167971486,471.4369071462331,499,vrp_raw,mvo
2023-08-07,-20286.079850379676,20000.00001740116,499.9999997123833,500,vrp_raw,mvo
2023-08-08,-2352.903558815452,19298.54071297312,522.7791044579534,500,vrp_raw,mvo
2023-08-09,2023.038828451383,18822.791693205505,436.13188690779646,500,vrp_raw,mvo
2023-08-10,38150.82745435083,18332.41693832468,920.7671669305623,500,vrp_raw,mvo
2023-08-11,-18863.56174059743,19662.756156018204,1894.4343136559612,500,vrp_raw,mvo
2023-08-14,10576.710950535506,20000.000037265985,499.9999993330499,500,vrp_raw,mvo
2023-08-15,11487.193368033264,19606.26857508001,-212.14075617495342,500,vrp_raw,mvo
2023-08-16,27389.32093407427,18541.857026807986,-1244.053786062802,499,vrp_raw,mvo
2023-08-17,-12093.202699652695,17791.15017535394,-1631.438458810081,499,vrp_raw,mvo
2023-08-18,17504.45151970232,17231.4942961172,-979.851447555391,499,vrp_raw,mvo
2023-08-21,-9103.983413102309,20000.000429870324,499.99999978106086,499,vrp_raw,mvo
2023-08-22,-12130.616992140036,19615.010892083345,-223.60409762766363,499,vrp_raw,mvo
2023-08-23,43382.07200823088,21162.11719412195,1049.7460810597895,499,vrp_raw,mvo
2023-08-24,11669.958967888184,19858.82961876426,1035.4707888790088,499,vrp_raw,mvo
2023-08-25,10100.356434209076,19687.058637159582,566.9114467646956,499,vrp_raw,mvo
2023-08-28,-14279.441932738753,20000.000151644814,499.9999986362178,500,vrp_raw,mvo
2023-08-29,12005.660582891987,19433.920777109855,447.32777752481724,500,vrp_raw,mvo
2023-08-30,4845.660902139563,18966.943957635223,445.7975980882145,500,vrp_raw,mvo
2023-08-31,-2666.763630934817,18348.296187728498,523.9956455064013,500,vrp_raw,mvo
2023-09-01,5932.369411080094,17741.703508545103,120.21090282692714,500,vrp_raw,mvo
2023-09-05,-1294.5913829025824,19999.998405738825,499.99999456904015,501,vrp_raw,mvo
2023-09-06,340.15575419306697,19179.319874115485,461.6530530406985,501,vrp_raw,mvo
2023-09-07,6085.867438555597,19401.97279285475,1067.5826512114822,501,vrp_raw,mvo
2023-09-08,3751.0974221717097,19002.177932226205,1141.2843319992023,501,vrp_raw,mvo
2023-09-11,-119.30070092887955,19999.999719213,499.99999220542804,501,vrp_raw,mvo
2023-09-12,4583.568133072092,19753.085478498208,759.8482289941054,501,vrp_raw,mvo
2023-09-13,-3268.362146536658,18977.380952292595,266.7785632936348,501,vrp_raw,mvo
2023-09-14,-8158.707161516938,18579.10880325946,92.36322889819718,501,vrp_raw,mvo
2023-09-15,9712.983172122866,18296.49866623347,352.62793287361234,501,vrp_raw,mvo
2023-09-18,2351.8825165691387,19999.99975645168,-499.9999807043595,501,vrp_raw,mvo
2023-09-19,-20562.9464448042,19805.629044867845,-811.0731537063541,501,vrp_raw,mvo
2023-09-20,-11699.949555006078,19312.17743294717,-1178.7989163445416,501,vrp_raw,mvo
2023-09-21,1630.1345065224473,21858.521331525826,-1861.3337267538434,501,vrp_raw,mvo
2023-09-22,14689.371888928583,21011.810130900805,-1772.955746517329,501,vrp_raw,mvo
2023-09-25,-6675.518950369434,19999.999406969975,-499.9999957032188,501,vrp_raw,mvo
2023-09-26,-26733.492254941986,20017.26928489579,-2098.2164275522023,501,vrp_raw,mvo
2023-09-27,2158.097221495719,20775.07162049936,-2186.5488559952496,501,vrp_raw,mvo
2023-09-28,18328.49466984091,21203.809872792015,-2375.7467397487812,501,vrp_raw,mvo
2023-09-29,29621.457504934933,20768.616755675106,-2836.5180767960073,501,vrp_raw,mvo
2023-10-02,-3164.0762740772834,20000.000226932076,-371.9557956256689,501,vrp_raw,mvo
2023-10-03,-18338.91100641153,19355.47815639668,-69.10391518889186,501,vrp_raw,mvo
2023-10-04,-16.272481498508018,19369.807361313895,-149.93965232728726,501,vrp_raw,mvo
2023-10-05,5671.748374263603,18989.502070963492,-248.57179895916963,501,vrp_raw,mvo
2023-10-06,-4362.310804948317,18644.845750187553,-389.1069579244867,501,vrp_raw,mvo
2023-10-09,-8323.503428148453,19115.38617457874,384.6142412367606,500,vrp_raw,mvo
2023-10-10,3499.2386303465996,19057.353361168414,417.88290238148335,500,vrp_raw,mvo
2023-10-11,13189.06975859773,18286.072501495586,185.6917604921201,500,vrp_raw,mvo
2023-10-12,7943.941779384817,17642.299614813895,-218.77654690952699,500,vrp_raw,mvo
2023-10-13,4354.375649602494,17627.366032365724,23.539093747978104,500,vrp_raw,mvo
2023-10-16,1993.4783894478644,20000.000394494928,-499.99999668892247,501,vrp_raw,mvo
2023-10-17,-2592.0456589409314,19797.758969713348,-418.30001710213264,501,vrp_raw,mvo
2023-10-18,-4324.082419757377,19378.611074393946,-674.3703941411893,501,vrp_raw,mvo
2023-10-19,5020.47716258647,19298.70497843788,-826.7291646451873,501,vrp_raw,mvo
2023-10-20,-28084.827409487225,19269.176362982547,-630.4011086518633,501,vrp_raw,mvo
2023-10-23,-12937.861871456522,20000.000077074874,499.999999607999,500,vrp_raw,mvo
2023-10-24,3254.948406051327,20258.44101946486,93.44981751030916,500,vrp_raw,mvo
2023-10-25,28350.000053337433,21681.854218353288,2857.0328616246848,500,vrp_raw,mvo
2023-10-26,-22198.75536191052,20863.121666502622,2555.9291090682473,500,vrp_raw,mvo
2023-10-27,14807.15197342061,20966.140806466752,2005.156843125304,500,vrp_raw,mvo
2023-10-30,-18245.428786835706,20000.000046207704,499.9999986347762,500,vrp_raw,mvo
2023-10-31,-6349.062562105746,19953.026702101793,443.2932265994247,500,vrp_raw,mvo
2023-11-01,-20988.734761491272,19571.68522007784,676.9702194088812,500,vrp_raw,mvo
2023-11-02,5213.593749415779,18470.260344779716,298.0049936675494,500,vrp_raw,mvo
2023-11-03,-24967.623949262656,17970.650850006205,351.64279897181024,500,vrp_raw,mvo
2023-11-06,-31265.24927644991,19999.999039291615,500.000000923361,501,vrp_raw,mvo
2023-11-07,-5144.633425719039,19867.96270342907,622.771747421447,501,vrp_raw,mvo
2023-11-08,9864.309454962728,17692.69027030573,1512.5710476392599,500,vrp_raw,mvo
2023-11-09,-4144.9821858291125,17613.96768416758,1606.3197709609258,500,vrp_raw,mvo
2023-11-10,2614.1231947259894,17642.871125474707,1648.719804601501,500,vrp_raw,mvo
2023-11-13,4107.077162837048,19999.998768162855,500.0000007913068,501,vrp_raw,mvo
2023-11-14,21336.674827872223,20496.152942693225,-1911.9099382885393,501,vrp_raw,mvo
2023-11-15,23819.54230086327,22552.76692434108,275.5552638434235,501,vrp_raw,mvo
2023-11-16,-4676.478922582393,22470.07383383035,194.990926281652,501,vrp_raw,mvo
2023-11-17,-564.4271638887982,21786.992482432077,349.43838820095476,501,vrp_raw,mvo
2023-11-20,-14773.1030761959,20000.000910945833,500.000000938873,502,vrp_raw,mvo
2023-11-21,560.5574806114469,20752.77774442437,-92.77632130324429,502,vrp_raw,mvo
2023-11-22,6948.541448383814,19709.180463291832,838.3302907295345,502,vrp_raw,mvo
2023-11-24,-1070.1086762810896,17844.462546904117,395.61584307571985,501,vrp_raw,mvo
2023-11-27,-11527.373423769393,20000.00133338668,499.9999995950787,501,vrp_raw,mvo
2023-11-28,-9224.776374327548,19762.041904442864,407.1741364135246,501,vrp_raw,mvo
2023-11-29,13151.013597711883,19300.202971612063,722.5280325480966,501,vrp_raw,mvo
2023-11-30,-8534.95504733075,18891.257350495045,876.8585892460244,501,vrp_raw,mvo
2023-12-01,18775.153482485337,17155.757361035947,1145.2704326138112,501,vrp_raw,mvo
2023-12-04,-6691.017244606965,20000.00064806631,499.9999997829589,502,vrp_raw,mvo
2023-12-05,22992.985512391264,21450.987675528944,1618.7896352411287,502,vrp_raw,mvo
2023-12-06,-31521.08481837659,21277.87327289693,594.1261699156539,502,vrp_raw,mvo
2023-12-07,16478.662304801357,20944.70856677416,1027.4164365221359,502,vrp_raw,mvo
2023-12-08,12121.737814294198,20791.384228999366,524.8964083043008,502,vrp_raw,mvo
2023-12-11,996.5226760057243,20000.000798251396,499.9999992202139,502,vrp_raw,mvo
2023-12-12,-3412.3874160161445,20143.478376207364,1082.0831222348584,502,vrp_raw,mvo
2023-12-13,22899.20004101702,20996.701310199212,4017.2018449888014,502,vrp_raw,mvo
2023-12-14,14475.39007397516,22863.785295005287,2264.65960429286,502,vrp_raw,mvo
2023-12-15,-17830.240036524418,22826.20014378207,2112.2022149190357,501,vrp_raw,mvo
2023-12-18,5189.13907363694,20000.000206736735,255.99993314362598,501,vrp_raw,mvo
2023-12-19,-27920.3839936921,20067.645052440967,-322.70927614892776,501,vrp_raw,mvo
2023-12-20,-33299.40558474037,21612.302457585323,-1913.121625992494,501,vrp_raw,mvo
2023-12-21,-131321.4212350255,25341.755689047917,-6883.250793325793,501,vrp_raw,mvo
2023-12-22,281.11880912668806,25956.573509537953,-8101.509311062236,501,vrp_raw,mvo
2023-12-26,-1256.6348824958122,19999.99993932085,499.99999778765607,502,vrp_raw,mvo
2023-12-27,-17469.677600795945,20673.96531468957,-509.8964616978123,501,vrp_raw,mvo
2023-12-28,-8416.125412701118,19487.59512666148,-249.86353734194302,501,vrp_raw,mvo
2023-12-29,11175.229110077491,19795.43223587707,-222.1527525826458,501,vrp_raw,mvo
2024-01-02,13198.910155806465,20000.00007979865,499.9999938931315,503,vrp_raw,mvo
2024-01-03,-1017.0551601780535,19635.018732628097,350.7602339808977,503,vrp_raw,mvo
2024-01-04,711.8581792982851,19352.397352705768,455.7253557177123,503,vrp_raw,mvo
2024-01-05,-3617.112570794043,19129.435919576852,436.48833611185506,503,vrp_raw,mvo
2024-01-08,-16901.751766415167,19999.999241910875,499.9999846938092,504,vrp_raw,mvo
2024-01-09,-5170.487154449364,18426.497271676173,908.207848699373,504,vrp_raw,mvo
2024-01-10,3425.4244371700706,18204.28944287068,897.9114910932332,493,vrp_raw,mvo
2024-01-11,-268.8814262411102,17904.864685332792,1031.6708828708554,493,vrp_raw,mvo
2024-01-12,11029.231978777836,17411.89355287119,762.3089155272723,493,vrp_raw,mvo
2024-01-16,4726.034835426082,19999.99983248483,499.99999279002367,493,vrp_raw,mvo
2024-01-17,-10171.219420510455,19456.822314148492,429.29442805896974,493,vrp_raw,mvo
2024-01-18,407.81689577870003,18877.96862874561,-118.29045508346094,493,vrp_raw,mvo
2024-01-19,1851.9511763005637,18741.97744064793,112.16637313409844,493,vrp_raw,mvo
2024-01-22,-5400.335422849366,19999.99981762784,-238.46727751140034,493,vrp_raw,mvo
2024-01-23,-6762.473904521568,20519.095467236726,-5.784952131788368,493,vrp_raw,mvo
2024-01-24,-2623.6157090829183,19672.891092201673,-176.2975295229699,493,vrp_raw,mvo
2024-01-25,14394.564318531839,19398.97055141094,-234.11007379306517,493,vrp_raw,mvo
2024-01-26,11734.660917851732,18279.9072507667,-207.70304872816666,493,vrp_raw,mvo
2024-01-29,-4293.6517977788835,20000.00030656014,-321.3378077169343,493,vrp_raw,mvo
2024-01-30,-11076.326286633408,20736.579369529605,-784.766776544011,493,vrp_raw,mvo
2024-01-31,22989.2525374006,20419.745073195874,-615.2989231903995,493,vrp_raw,mvo
2024-02-01,-15550.700890091057,19903.49308323297,-1180.6335762781755,493,vrp_raw,mvo
2024-02-02,5430.884693356656,19639.459740574228,-955.9868228681394,493,vrp_raw,mvo
2024-02-05,193.93114083909873,20000.00031467881,499.9999981436264,493,vrp_raw,mvo
2024-02-06,-3072.3346104553193,22950.999518736204,3008.6467282843364,493,vrp_raw,mvo
2024-02-07,-8326.18660094932,21728.069978999978,2195.7590787706777,493,vrp_raw,mvo
2024-02-08,46634.857329542916,20747.868595011398,2166.718566026717,493,vrp_raw,mvo
2024-02-09,9494.640964959804,19946.929914678058,2785.1050654679066,492,vrp_raw,mvo
2024-02-12,-53804.5174386645,19999.99987867141,499.9999980950136,492,vrp_raw,mvo
2024-02-13,23184.84634072791,19497.143694984316,1133.13418598381,492,vrp_raw,mvo
2024-02-14,-5926.670177958411,18202.921381254768,1053.928981994798,492,vrp_raw,mvo
2024-02-15,-1319.0504098950007,18419.612004508133,408.49777644896193,492,vrp_raw,mvo
2024-02-16,-462.98077544481015,19026.632104057626,1453.8742443516344,492,vrp_raw,mvo
2024-02-20,23864.30101932714,19999.999919362534,499.99999881276716,492,vrp_raw,mvo
2024-02-21,1201.8846826806378,18907.13020527528,466.20974376802025,492,vrp_raw,mvo
2024-02-22,2951.0694523906623,17822.48236599242,-41.83522831465969,492,vrp_raw,mvo
2024-02-23,-8969.057956290828,16032.885639734395,-363.71434500292986,492,vrp_raw,mvo
2024-02-26,5076.425904546165,19752.59640721279,747.4036414849924,491,vrp_raw,mvo
2024-02-27,-6126.479269033734,19817.487230076327,337.5405800881809,491,vrp_raw,mvo
2024-02-28,5834.544047601497,19948.725536309314,-145.33935859376948,491,vrp_raw,mvo
2024-02-29,-5025.51043985493,19497.859493382806,-226.37660062927952,491,vrp_raw,mvo
2024-03-01,4926.1170815847,18961.710837134473,198.01912772618212,491,vrp_raw,mvo
2024-03-04,-10746.370209581066,19999.998981303324,499.9999985378714,491,vrp_raw,mvo
2024-03-05,-29765.548587832825,20894.27814025756,144.48990190869642,491,vrp_raw,mvo
2024-03-06,23456.015791252325,19876.844839506964,182.71742873928108,491,vrp_raw,mvo
2024-03-07,3446.9759800210154,19650.253881140983,101.32057058454251,491,vrp_raw,mvo
2024-03-08,-11108.525436525177,19611.43133686478,273.13542336119593,491,vrp_raw,mvo
2024-03-11,-2341.084920214089,19999.99907978674,499.9999650050129,492,vrp_raw,mvo
2024-03-12,10515.943083678088,19387.021196014313,456.9726401622611,491,vrp_raw,mvo
2024-03-13,93.87430528104068,18260.56114836933,331.5869143569822,491,vrp_raw,mvo
2024-03-14,-4517.267990144514,18496.323282673417,91.03319089547074,491,vrp_raw,mvo
2024-03-15,-18672.944115448183,18592.022673803585,59.67337245107973,491,vrp_raw,mvo
2024-03-18,20415.99831377245,20000.000634238124,499.99999828855783,491,vrp_raw,mvo
2024-03-19,-1584.6388461002268,19852.65909997646,597.4042103108465,491,vrp_raw,mvo
2024-03-20,-5111.846092330321,19809.65093599014,585.5818731923408,491,vrp_raw,mvo
2024-03-21,624.2633990932668,18532.01444541892,1694.7696364401675,491,vrp_raw,mvo
2024-03-22,570.6477076074258,19194.09266912076,1800.1981401424866,491,vrp_raw,mvo
2024-03-25,-60.59117164809036,19999.999981412042,499.9999859745734,492,vrp_raw,mvo
2024-03-26,-44556.81157876058,21251.90519264037,-29.99892689980509,492,vrp_raw,mvo
2024-03-27,80096.96657456568,17562.482644873246,1856.7897545098112,492,vrp_raw,mvo
2024-03-28,-18907.16917616366,17332.868041058977,2200.863139228834,492,vrp_raw,mvo
2024-04-01,6696.292627598031,20000.000286214912,278.423401326541,492,vrp_raw,mvo
2024-04-02,7082.968515669886,18649.31806287318,1333.6358838717374,491,vrp_raw,mvo
2024-04-03,4595.177993823248,18370.00865752308,1235.6664664789007,490,vrp_raw,mvo
2024-04-04,-6901.969612576797,18278.894393139653,1452.2034933330506,490,vrp_raw,mvo
2024-04-05,24287.188756815012,17707.17027205999,1535.477050465941,490,vrp_raw,mvo
2024-04-08,-10566.275139621901,20000.00020276047,461.07502877503543,491,vrp_raw,mvo
2024-04-09,-16460.22949381559,19820.481405933882,666.90565853706,491,vrp_raw,mvo
2024-04-10,7250.781400404326,19282.662578336807,554.3828162410209,491,vrp_raw,mvo
2024-04-11,-8661.360153417481,18757.382168709264,553.4277774194406,491,vrp_raw,mvo
2024-04-12,9297.181245422158,18225.05183493648,770.5137442253043,491,vrp_raw,mvo
2024-04-15,-648.180147483692,19999.999892183543,499.9999942322298,491,vrp_raw,mvo
2024-04-16,9497.22630937441,19757.59115071096,-333.23015491908427,491,vrp_raw,mvo
2024-04-17,3446.901778026163,18827.748810053166,-570.3767318164198,491,vrp_raw,mvo
2024-04-18,-383.3296410306286,19467.175126562397,190.5593954614885,491,vrp_raw,mvo
2024-04-19,10160.950418447568,18668.218853814717,-564.8193099672252,491,vrp_raw,mvo
2024-04-22,15231.38925803984,19999.998349411635,-495.6634800040725,492,vrp_raw,mvo
2024-04-23,8743.659518283883,18884.13414053085,-1195.0656561807452,492,vrp_raw,mvo
2024-04-24,-11790.839803370864,18500.32392575613,-1350.502656608836,492,vrp_raw,mvo
2024-04-25,11438.526090704061,18137.469464206217,-1893.9083234461286,492,vrp_raw,mvo
2024-04-26,1191.3869644278627,17231.774944475346,-1962.205311877823,492,vrp_raw,mvo
2024-04-29,-714.3248795471834,19999.998111117588,499.99990664093104,492,vrp_raw,mvo
2024-04-30,-14320.314791419552,19341.662845296,278.25591124634377,492,vrp_raw,mvo
2024-05-01,308.88220214326327,19019.9022403416,57.52460417721946,492,vrp_raw,mvo
2024-05-02,2502.097545852251,18862.44704060549,288.164207511591,492,vrp_raw,mvo
2024-05-03,-10303.037994886823,17425.505269541598,-540.4141735168454,492,vrp_raw,mvo
2024-05-06,1004.3817000690564,19999.99978169712,499.99999596915,492,vrp_raw,mvo
2024-05-07,-8863.672463614477,18724.177382630332,-68.54098422555816,492,vrp_raw,mvo
2024-05-08,26959.767761372175,18713.094399050202,738.0339329904442,492,vrp_raw,mvo
2024-05-09,7983.761035806456,18567.50807294474,831.7803399411437,492,vrp_raw,mvo
2024-05-10,6831.609414223993,17983.171301191865,646.2552479607781,492,vrp_raw,mvo
2024-05-13,-4501.621673922873,20000.000145558184,500.00000089838477,491,vrp_raw,mvo
2024-05-14,-36621.53200739688,19697.849750211495,204.36974372525745,491,vrp_raw,mvo
2024-05-15,43654.20665862701,23799.866214356527,4016.6781222950303,491,vrp_raw,mvo
2024-05-16,-377.19014782946573,22552.891654842235,4346.696364283253,491,vrp_raw,mvo
2024-05-17,-8497.810206108188,21658.085791388057,4089.2586431318637,491,vrp_raw,mvo
2024-05-20,8117.756033059986,20000.000231246566,499.99999759623284,491,vrp_raw,mvo
2024-05-21,-2581.56490014075,19038.41039305307,-106.62984244041921,491,vrp_raw,mvo
2024-05-22,0.3433744495613869,19113.06664452954,-25.12856308448211,491,vrp_raw,mvo
2024-05-23,7145.67706285474,21503.700015614537,-763.384170244891,491,vrp_raw,mvo
2024-05-24,-5558.1004363426155,20077.42094144417,-330.59249080836065,491,vrp_raw,mvo
2024-05-28,208.05205724619012,20000.00022424919,499.99999666656396,491,vrp_raw,mvo
2024-05-29,-1066.1825711769927,21315.893603951055,1789.295381482376,491,vrp_raw,mvo
2024-05-30,1316.6423604386503,21411.728802970403,1832.6050386882928,491,vrp_raw,mvo
2024-05-31,13139.407174097985,20734.528169804395,800.7993299162858,491,vrp_raw,mvo
2024-06-03,-12348.302810261885,19999.999854117155,499.999995368081,491,vrp_raw,mvo
2024-06-04,10923.536025612453,19056.06929256378,1147.9787767738194,489,vrp_raw,mvo
2024-06-05,13735.629335260253,18481.159349256755,640.7815636495498,489,vrp_raw,mvo
2024-06-06,-729.3271787483635,17958.465258875076,985.5715342030007,489,vrp_raw,mvo
2024-06-07,2708.725475537678,17519.641691778706,663.383457448167,489,vrp_raw,mvo
2024-06-10,3094.67675836029,19999.99974375857,499.99999428597744,491,vrp_raw,mvo
2024-06-11,-2285.101224515793,21843.16084577485,1617.1933036986989,491,vrp_raw,mvo
2024-06-12,-6408.325302500783,21200.494262821394,1879.7165381442849,491,vrp_raw,mvo
2024-06-13,-25374.89682610435,20292.68802333803,787.9375069809497,491,vrp_raw,mvo
2024-06-14,11122.11285619645,22382.282128848914,2308.626953577689,491,vrp_raw,mvo
2024-06-17,8201.824644133996,20000.000082544633,-79.44737649293472,491,vrp_raw,mvo
2024-06-18,40211.701664960194,19285.28789100672,111.69911906723152,491,vrp_raw,mvo
2024-06-20,-7650.779412066328,18454.66098681831,-310.0511503192159,491,vrp_raw,mvo
2024-06-21,-13334.786775675651,17962.921758537406,-871.316135358788,491,vrp_raw,mvo
2024-06-24,31196.309319705942,19999.99976247516,499.9999874432308,491,vrp_raw,mvo
2024-06-25,-4942.437675867942,18598.472931430304,-350.7735379158206,491,vrp_raw,mvo
2024-06-26,-4232.522304955802,18431.435088751532,-643.8411672761823,491,vrp_raw,mvo
2024-06-27,8097.8214839097345,16933.743779775326,-1181.2334103695687,491,vrp_raw,mvo
2024-06-28,-375.95573887264726,17605.669262368625,-1022.7700350509107,491,vrp_raw,mvo
2024-07-01,-387.27115092350573,20000.000182089992,499.9999991378029,503,vrp_raw,mvo
2024-07-02,-9476.719353270259,23825.31084455849,-3888.756665712965,501,vrp_raw,mvo
2024-07-03,10317.56594494874,23250.30043670314,-3974.1855559702576,501,vrp_raw,mvo
2024-07-05,24916.239332241792,22566.48148449873,-4012.6776769564453,501,vrp_raw,mvo
2024-07-08,-15493.80538976634,20000.00033649089,-499.9999953604062,502,vrp_raw,mvo
2024-07-09,1975.7833163923763,19784.090552960835,-352.4876311834028,502,vrp_raw,mvo
2024-07-10,-3871.5332368600843,20655.4323074694,705.9970000998658,502,vrp_raw,mvo
2024-07-11,12734.539651732659,19321.3780538443,1665.6118955993059,502,vrp_raw,mvo
2024-07-12,-24974.598896748557,18957.765803584498,1286.4295506789163,502,vrp_raw,mvo
2024-07-15,8257.793397233467,19999.998774493306,249.1275439823565,502,vrp_raw,mvo
2024-07-16,-21315.701837132045,19723.980635143238,-469.4760883539819,502,vrp_raw,mvo
2024-07-17,-15435.378455505394,21040.948206012148,-200.10159162803123,502,vrp_raw,mvo
2024-07-18,2094.853248090029,21203.044105127206,-276.1111571009648,502,vrp_raw,mvo
2024-07-19,25002.239260678143,20442.815831365715,-121.17196710228842,502,vrp_raw,mvo
2024-07-22,-12804.730136670787,20000.00008748124,-129.52068128035972,502,vrp_raw,mvo
2024-07-23,53184.82329661852,20957.843730484674,1305.524184667707,502,vrp_raw,mvo
2024-07-24,-28369.938209741314,21307.370609699108,-255.1231119697333,502,vrp_raw,mvo
2024-07-25,29707.83672271653,19710.16057422093,-888.971891043518,502,vrp_raw,mvo
2024-07-26,22946.635105308185,21051.897102400326,1588.955414059613,502,vrp_raw,mvo
2024-07-29,-31470.47794926771,20000.00005659841,499.99999978043957,503,vrp_raw,mvo
2024-07-30,7756.441841849832,19072.812910349996,691.6781180553511,502,vrp_raw,mvo
2024-07-31,-10490.32131287168,18720.39384288863,722.8792596337393,502,vrp_raw,mvo
2024-08-01,9123.389631775493,18549.976938196396,712.2191976173795,502,vrp_raw,mvo
2024-08-02,13772.801225426536,18267.71218221444,934.1446672050047,502,vrp_raw,mvo
2024-08-05,6232.411218740476,19999.99974512043,499.99998192500516,504,vrp_raw,mvo
2024-08-06,-7482.929391179971,19832.2946325866,539.5812718603207,503,vrp_raw,mvo
2024-08-07,-29493.727354542305,19537.8427563388,276.1216595612769,503,vrp_raw,mvo
2024-08-08,1252.0328313848067,19948.75157213567,267.155859165688,503,vrp_raw,mvo
2024-08-09,32346.015248480446,19038.21177189554,326.65196243352153,503,vrp_raw,mvo
2024-08-12,-1177.0466926053557,19999.99992188146,499.9999969790823,504,vrp_raw,mvo
2024-08-13,-9404.479465123839,20034.53301633384,513.498104713355,504,vrp_raw,mvo
2024-08-14,13352.446623178255,19131.074368117203,617.4790842672884,504,vrp_raw,mvo
2024-08-15,-21820.51509941447,18217.1297072163,-330.1594715441583,504,vrp_raw,mvo
2024-08-16,6953.047272156444,18422.38753785227,-303.3447359393392,504,vrp_raw,mvo
2024-08-19,17431.04868237454,20000.000040667655,499.9999998578004,504,vrp_raw,mvo
2024-08-20,8368.73245005285,20229.72123951626,551.2342539842915,504,vrp_raw,mvo
2024-08-21,-3379.8021310335766,19022.928341562227,726.7267457749358,504,vrp_raw,mvo
2024-08-22,12785.272457230578,19541.632311062465,1298.306578333616,504,vrp_raw,mvo
2024-08-23,-25637.579356337254,18483.560614542133,1646.8383121631848,504,vrp_raw,mvo
2024-08-26,-59.93284352247649,19999.999715865084,499.9999993526414,504,vrp_raw,mvo
2024-08-27,21855.491911088146,20544.793210403725,1266.1685205156937,504,vrp_raw,mvo
2024-08-28,-17072.600457185636,19890.290979675836,624.2696791104885,504,vrp_raw,mvo
2024-08-29,-1155.6096568388293,19539.573777482176,1223.5230008735539,504,vrp_raw,mvo
2024-08-30,10876.815923652843,17602.001414916027,516.1083324247917,504,vrp_raw,mvo
2024-09-03,-13131.357674259049,19999.999483300562,499.9999985365896,504,vrp_raw,mvo
2024-09-04,-25852.342847615757,20701.690794417707,-758.2019633524941,503,vrp_raw,mvo
2024-09-05,-16633.66542326576,20169.93489058228,-275.1069849427638,502,vrp_raw,mvo
2024-09-06,-27105.010473437174,20927.241439509708,-1096.8138050705927,502,vrp_raw,mvo
2024-09-09,33427.66416602246,19999.999860572523,499.99999911564674,502,vrp_raw,mvo
2024-09-10,-5963.837554987839,19150.360287558255,-62.45358261852543,502,vrp_raw,mvo
2024-09-11,-5240.498876874062,18832.09186301325,247.68113525755004,502,vrp_raw,mvo
2024-09-12,-1149.7310891840111,19704.70416109743,150.3410931182896,502,vrp_raw,mvo
2024-09-13,-21694.959950310233,19983.88713620638,-373.8047458580473,502,vrp_raw,mvo
2024-09-16,46491.38117664237,19999.999815879044,499.9999932435673,503,vrp_raw,mvo
2024-09-17,-20534.233383195548,20116.405493951446,-166.4993048168153,503,vrp_raw,mvo
2024-09-18,-7559.339784016398,19725.540649129736,-288.5658821257687,503,vrp_raw,mvo
2024-09-19,9270.27854437046,19238.209001078903,-113.07625678117365,503,vrp_raw,mvo
2024-09-20,-3677.9201106722353,18646.349804139736,25.214801819070434,503,vrp_raw,mvo
2024-09-23,17746.147842688566,19999.999974211336,-375.76050996473424,505,vrp_raw,mvo
2024-09-24,-31741.394210590573,19885.77530135907,-366.5852576536742,505,vrp_raw,mvo
2024-09-25,13265.209412100316,20358.732956686104,745.2464340424443,505,vrp_raw,mvo
2024-09-26,-34487.68710037526,21140.24966955796,-266.58809415436826,505,vrp_raw,mvo
2024-09-27,-3375.5299609923504,21004.27425195992,-434.5959645712524,505,vrp_raw,mvo
2024-09-30,4136.596793915302,19999.999782748993,-499.99998749938663,507,vrp_raw,mvo
2024-10-01,29576.35882942762,18527.90220399356,846.4178473533228,505,vrp_raw,mvo
2024-10-02,9947.954404242573,18068.065986991674,606.0227444954334,505,vrp_raw,mvo
2024-10-03,14031.956147142873,17650.025793519493,849.8862167585082,505,vrp_raw,mvo
2024-10-04,-10781.563595251286,17440.620379227417,777.3742104319457,505,vrp_raw,mvo
2024-10-07,6175.973666209683,19999.999526690866,-499.9999643733203,505,vrp_raw,mvo
2024-10-08,7460.7854802020065,19180.499975686427,-613.7421936635757,505,vrp_raw,mvo
2024-10-09,-8613.859037117716,18934.22536823259,-646.4421054336547,505,vrp_raw,mvo
2024-10-10,-17246.35832540488,19760.930696120515,-1531.7433927075556,505,vrp_raw,mvo
2024-10-11,-16732.87371232136,19163.073882162455,-1847.5674680600234,505,vrp_raw,mvo
2024-10-14,19902.047822014167,20000.000082609175,-499.9999988905897,506,vrp_raw,mvo
2024-10-15,-26998.898998676414,20456.218483878303,-1334.0638489416265,506,vrp_raw,mvo
2024-10-16,28103.81713700293,20286.510304935182,-726.9221622343221,506,vrp_raw,mvo
2024-10-17,19370.115256973248,19652.813502176472,118.18431855791313,506,vrp_raw,mvo
2024-10-18,-37184.150300522815,20252.13877581897,-941.6343286392462,506,vrp_raw,mvo
2024-10-21,12819.256480382854,20000.00018827404,-499.99999779913776,506,vrp_raw,mvo
2024-10-22,36123.8178982881,19852.72459373943,-502.05597299105455,506,vrp_raw,mvo
2024-10-23,2773.9515386207495,20158.703847614233,66.92684866422589,506,vrp_raw,mvo
2024-10-24,-32797.16449224201,19879.07871970505,208.22556532322383,506,vrp_raw,mvo
2024-10-25,63300.06454111198,19648.565619137968,33.51180422242058,506,vrp_raw,mvo
2024-10-28,-8033.268976566801,20000.000071819293,499.99999867284316,506,vrp_raw,mvo
2024-10-29,1693.34187889254,19299.694634719155,857.8775085952653,505,vrp_raw,mvo
2024-10-30,-88.5098296157364,19020.311180582386,913.253971262037,505,vrp_raw,mvo
2024-10-31,-22898.944135633177,18762.601898948906,819.3537748664096,505,vrp_raw,mvo
2024-11-01,7246.5225229096395,18605.666161460103,668.9031800012069,505,vrp_raw,mvo
2024-11-04,-26.00806362621309,19999.999775741544,499.99999897839064,506,vrp_raw,mvo
2024-11-05,6632.311797867287,19653.16186984976,299.4761896177626,506,vrp_raw,mvo
2024-11-06,20361.384430027534,18318.8670386094,-1460.8943113970777,506,vrp_raw,mvo
2024-11-07,-8831.627763672863,18626.478782225102,-1400.734813476188,506,vrp_raw,mvo
2024-11-08,-9245.787927726284,17592.91554229528,-1024.6056760143267,506,vrp_raw,mvo
2024-11-11,-12491.570222677705,19999.999997080286,499.99999960551406,507,vrp_raw,mvo
2024-11-12,-13915.20613214237,19487.49944067291,273.5446830493894,507,vrp_raw,mvo
2024-11-13,21500.06895958673,20281.68903557296,1180.1298351402784,507,vrp_raw,mvo
2024-11-14,-1051.6292145014338,19923.291507274385,1074.2470631586727,507,vrp_raw,mvo
2024-11-15,28908.03402462751,21081.468629534702,2550.9288770155576,507,vrp_raw,mvo
2024-11-18,-26677.09857325509,20000.000156959904,499.9999994220771,507,vrp_raw,mvo
2024-11-19,12261.902506996566,20694.6203793434,1995.7913486428363,507,vrp_raw,mvo
2024-11-20,-773.2493843582442,20846.712487967867,2132.0356913631513,507,vrp_raw,mvo
2024-11-21,17256.956121545496,19340.607585880374,1540.2376944864889,507,vrp_raw,mvo
2024-11-22,23907.275951196087,19608.794717916157,2106.9543427682097,507,vrp_raw,mvo
2024-11-25,-42764.376642972085,20000.00018130128,499.99999920408635,507,vrp_raw,mvo
2024-11-26,22240.68682709169,19218.995600873623,256.1148117659344,507,vrp_raw,mvo
2024-11-27,-1777.8961168130606,18665.141428600018,559.667465912695,507,vrp_raw,mvo
2024-11-29,26157.102254196387,17709.07864747218,980.0137108868922,507,vrp_raw,mvo
2024-12-02,-8035.595654375546,20000.00000061791,499.99999809215154,507,vrp_raw,mvo
2024-12-03,1118.0616680069904,19041.227855458797,1040.6981718583002,505,vrp_raw,mvo
2024-12-04,35126.76137612361,18716.88676803018,1056.8714566625488,505,vrp_raw,mvo
2024-12-05,9777.387227781448,18230.484100585898,986.4642855281845,505,vrp_raw,mvo
2024-12-06,11387.97151724667,18069.608296605533,1226.7924135280432,505,vrp_raw,mvo
2024-12-09,-3133.7028915422775,19999.99897902816,499.99998397334014,505,vrp_raw,mvo
2024-12-10,6829.821306518009,19460.33306016754,105.89787159537016,505,vrp_raw,mvo
2024-12-11,-7103.985382038176,18766.941292437048,200.02198193271738,505,vrp_raw,mvo
2024-12-12,18540.31641993656,19242.160555259135,1011.3819681547963,505,vrp_raw,mvo
2024-12-13,-7407.860047818488,19093.49110707713,913.9480061406603,505,vrp_raw,mvo
2024-12-16,12551.222360378943,20000.000431169196,499.9999982182971,506,vrp_raw,mvo
2024-12-17,19838.57379967333,20023.562664858164,1427.1920488473634,506,vrp_raw,mvo
2024-12-18,-4623.789900012481,20426.282864978137,2770.450117235068,506,vrp_raw,mvo
2024-12-19,-30183.80958342358,19998.051469690756,1966.5592514949267,506,vrp_raw,mvo
2024-12-20,-2813.036614530186,19500.39186908109,1280.409670048495,506,vrp_raw,mvo
2024-12-23,-3250.0692016454113,20000.00020851121,499.99999001516926,506,vrp_raw,mvo
2024-12-24,6751.515007838707,18508.772153513095,-587.1747731697697,506,vrp_raw,mvo
2024-12-26,-5083.8742224745465,17855.53323034935,-912.550129371372,506,vrp_raw,mvo
2024-12-27,23052.62558289483,17562.164316018112,-231.14699072300186,505,vrp_raw,mvo
2024-12-30,2808.231956424976,20000.000382734575,-499.99998942637353,505,vrp_raw,mvo
2024-12-31,4668.522708565396,19893.01257604123,-379.29105457865677,505,vrp_raw,mvo
2025-01-02,-12021.720836089951,19620.943818279615,-409.1406897589915,505,vrp_raw,mvo
2025-01-03,-3978.8731225905262,19180.67262498158,-654.4914617241826,505,vrp_raw,mvo
2025-01-06,14972.493452142327,20000.00007037358,-499.99999030905764,505,vrp_raw,mvo
2025-01-07,13251.732703418742,20658.319567096667,-340.5572785528365,505,vrp_raw,mvo
2025-01-08,-19146.384277310568,19988.5301605897,-92.33914285974454,505,vrp_raw,mvo
2025-01-10,-17708.230565123304,19353.43394231587,-698.9343347021571,505,vrp_raw,mvo
2025-01-13,-22327.372158018024,19784.78857906938,-574.8463235167412,494,vrp_raw,mvo
2025-01-14,2961.6780127784036,19559.403443764495,-514.8455767923124,494,vrp_raw,mvo
2025-01-15,23305.26397136656,18784.35533739062,-504.5577868874526,494,vrp_raw,mvo
2025-01-16,3797.0499324032908,18017.822186594025,-493.49591076564263,494,vrp_raw,mvo
2025-01-17,11176.693038657824,18016.573563397804,-335.2726508999282,494,vrp_raw,mvo
2025-01-21,17696.546453114956,19999.999667979577,-499.99996719082054,494,vrp_raw,mvo
2025-01-22,21331.895396744112,20044.2794773644,115.72215209777647,494,vrp_raw,mvo
2025-01-23,-16112.646841652855,19828.310709805595,-262.12354252444203,494,vrp_raw,mvo
2025-01-24,272.77471668110985,18770.710136170797,-684.6927849060431,494,vrp_raw,mvo
2025-01-27,89642.32248254305,19999.9995901807,-499.99999435825623,494,vrp_raw,mvo
2025-01-28,-17512.805433623795,20776.201088253707,-602.8953676187454,494,vrp_raw,mvo
2025-01-29,30745.488833749154,20485.72360071062,41.69030520528936,494,vrp_raw,mvo
2025-01-30,-21054.387972970384,19332.835763115676,-683.8494650572529,494,vrp_raw,mvo
2025-01-31,46411.967035891576,19901.754236817178,170.8382452814821,494,vrp_raw,mvo
2025-02-03,-50770.05564759191,20000.000013580666,330.84260914157255,494,vrp_raw,mvo
2025-02-04,-17632.780903197217,19983.11967829945,627.1196099258261,494,vrp_raw,mvo
2025-02-05,-4355.930707018039,19102.08667626785,306.50088518906693,494,vrp_raw,mvo
2025-02-06,-3249.033815000242,18681.56863314024,45.00063062684213,494,vrp_raw,mvo
2025-02-07,945.0479630104186,18879.81053817302,395.998161828981,494,vrp_raw,mvo
2025-02-10,-736.3313204449825,19999.999916834888,499.9999974218897,494,vrp_raw,mvo
2025-02-11,-61.23111158826503,19492.898570894482,450.99362249780427,494,vrp_raw,mvo
2025-02-12,19983.914652385938,19209.86676064793,315.39667972340237,494,vrp_raw,mvo
2025-02-13,-19402.797922246493,19074.31864542628,-121.80545507700826,494,vrp_raw,mvo
2025-02-14,-25816.39953124363,18982.997765819902,-108.24029458676195,494,vrp_raw,mvo
2025-02-18,18947.342812584488,19999.999835668732,-499.99998965981024,494,vrp_raw,mvo
2025-02-19,-38112.12607770119,20265.539265873253,92.18263425926125,494,vrp_raw,mvo
2025-02-20,-4613.695032252297,20291.3248009202,-424.9624378614557,494,vrp_raw,mvo
2025-02-21,25964.02999771153,20165.781301277148,-847.2801087183992,494,vrp_raw,mvo
2025-02-24,21323.77535413342,20000.00006410135,499.9999988100327,494,vrp_raw,mvo
2025-02-25,-3765.9531449867072,19161.05536755026,380.7547039222604,494,vrp_raw,mvo
2025-02-26,1744.6472983898595,20151.64422036074,736.4948711223501,494,vrp_raw,mvo
2025-02-27,4452.137887433805,19588.049740274782,1013.3535459431583,494,vrp_raw,mvo
2025-02-28,10855.792983134847,19096.06060821874,1049.0797997791792,494,vrp_raw,mvo
2025-03-03,27969.278405472593,20000.00016515434,499.9999997075049,494,vrp_raw,mvo
2025-03-04,-7401.887959251455,20197.80981104981,932.2836605164852,494,vrp_raw,mvo
2025-03-05,24415.68450494403,19762.465506849225,724.9831547728706,494,vrp_raw,mvo
2025-03-06,1157.8906009586635,19495.050541612978,810.2395031345654,494,vrp_raw,mvo
2025-03-07,-3606.145185621658,18770.052228279586,603.1615497332019,494,vrp_raw,mvo
2025-03-10,4334.489885789872,19999.999751904266,499.9999909021743,494,vrp_raw,mvo
2025-03-11,-2960.7666773704145,20023.881004656138,795.9374068604076,494,vrp_raw,mvo
2025-03-12,4527.930532194004,19803.498804973082,1566.3061521089803,494,vrp_raw,mvo
2025-03-13,2119.6391574819327,19132.059988480487,1454.6791308411007,494,vrp_raw,mvo
2025-03-14,5988.942020871457,18854.238640894328,722.6083744918832,494,vrp_raw,mvo
2025-03-17,-19316.765178171605,20000.00009110824,499.9999711566677,494,vrp_raw,mvo
2025-03-18,4103.593934318939,19711.427662054688,408.37350547657763,494,vrp_raw,mvo
2025-03-19,-15395.470060501028,19845.12256613931,194.237496230641,494,vrp_raw,mvo
2025-03-20,22367.49126603376,19406.14417287003,646.0966895514742,494,vrp_raw,mvo
2025-03-21,-278.4517264111495,19444.806312126788,194.16351936260392,494,vrp_raw,mvo
2025-03-24,-27451.272195705373,20000.000033794262,499.9999967894747,495,vrp_raw,mvo
2025-03-25,19242.376526498265,19493.10033390774,621.6130717217632,495,vrp_raw,mvo
2025-03-26,-10834.213761977911,19057.61442406087,163.55817911825844,495,vrp_raw,mvo
2025-03-27,-14913.138695737785,18887.517282217606,304.5951769361829,495,vrp_raw,mvo
2025-03-28,942.0746756009271,31522.66218124022,2749.9516108981525,495,vrp_raw,mvo
2025-03-31,-9201.7426713745,20000.000222629682,499.9999974323529,495,vrp_raw,mvo
2025-04-01,-4641.073563392387,19732.51110546609,473.4880903168044,495,vrp_raw,mvo
2025-04-02,2285.6573779134105,19419.363902575697,543.1937806019,495,vrp_raw,mvo
2025-04-03,59610.498434801164,18020.756800340565,15.564618082075917,495,vrp_raw,mvo
2025-04-04,16188.76484916404,18825.006685014832,1246.3368149641433,495,vrp_raw,mvo
2025-04-07,-48862.41520304468,20000.000061165145,-499.9999996741284,495,vrp_raw,mvo
2025-04-08,12544.385367695266,19464.663785619894,-198.12439581172328,495,vrp_raw,mvo
2025-04-09,68721.68937569468,21388.8300310907,185.13009592529602,495,vrp_raw,mvo
2025-04-10,53150.282671033485,20770.510563024887,295.2769375195417,495,vrp_raw,mvo
2025-04-11,-6275.441806004788,20616.3560367282,298.0142773874701,495,vrp_raw,mvo
2025-04-14,-26863.52759907926,19999.999877915703,-499.99999487090315,495,vrp_raw,mvo
2025-04-15,-10427.576662469175,19500.148747170413,-352.15156241797945,495,vrp_raw,mvo
2025-04-16,10768.555024255682,19276.615805463247,-624.9915159501563,495,vrp_raw,mvo
2025-04-17,-9039.539012635416,18942.459829369083,-531.98069907501,495,vrp_raw,mvo
2025-04-21,-10728.624806720893,20000.000043804772,-499.99999721163874,495,vrp_raw,mvo
2025-04-22,-25632.941048760706,20682.38422116486,-1065.6091466626865,495,vrp_raw,mvo
2025-04-23,-6222.53866096699,20504.970487985487,-922.4646314227641,495,vrp_raw,mvo
2025-04-24,27121.865588016095,19544.59634131866,-694.4679495768263,495,vrp_raw,mvo
2025-04-25,-11718.775254822587,19103.458670828175,-422.01381195198206,495,vrp_raw,mvo
2025-04-28,27409.274530881466,19999.999617890433,-499.9999949831748,495,vrp_raw,mvo
2025-04-29,-4554.433518907651,19346.08762886705,-192.43458840821222,495,vrp_raw,mvo
2025-04-30,2067.2264618390236,18894.066021326114,-129.91142731025417,495,vrp_raw,mvo
2025-05-01,26063.67857570376,18699.912156833187,127.0463123603387,495,vrp_raw,mvo
2025-05-02,-7011.1616083381805,18507.25105203219,-247.50060548296136,495,vrp_raw,mvo
2025-05-05,-11419.079970213137,19999.999747781436,-499.99999475722177,495,vrp_raw,mvo
2025-05-06,-9055.439371190256,19637.437023336446,-234.08733631090846,495,vrp_raw,mvo
2025-05-07,14411.309937165819,19282.188919107495,34.43774597918145,495,vrp_raw,mvo
2025-05-08,-3690.247612811934,18665.314999176422,-265.68944375035204,495,vrp_raw,mvo
2025-05-09,1551.6987619480965,18012.20952431855,-43.40337028990305,495,vrp_raw,mvo
2025-05-12,9621.116007006001,19999.99984518308,-499.9999737552828,495,vrp_raw,mvo
2025-05-13,-72356.32630310385,19852.17416461466,72.94373372139097,495,vrp_raw,mvo
2025-05-14,4766.715138431674,21690.87683869105,950.7292249485248,495,vrp_raw,mvo
2025-05-15,-46566.441733917876,21477.11632865017,786.2300884559166,495,vrp_raw,mvo
2025-05-16,11430.900234312792,20852.970128478788,870.9908614376709,495,vrp_raw,mvo
2025-05-19,22064.70963684093,20000.00002010477,348.8966264826644,495,vrp_raw,mvo
2025-05-20,-4089.4544347908204,20273.00365546471,868.4384605503358,495,vrp_raw,mvo
2025-05-21,19780.86671251739,21489.7303725906,1826.6877001359878,495,vrp_raw,mvo
2025-05-22,3215.4993121592834,20496.447396199976,1813.9335757009342,495,vrp_raw,mvo
2025-05-23,4328.628872877137,20759.979192055474,2131.9129283945085,495,vrp_raw,mvo
2025-05-27,-15538.296982583975,20000.00030144781,499.99999137516863,495,vrp_raw,mvo
2025-05-28,-16640.456695614943,19971.334345429466,1048.72107401698,494,vrp_raw,mvo
2025-05-29,7467.119373338182,18983.00221655207,1220.0822802431067,494,vrp_raw,mvo
2025-05-30,3946.233355586341,18867.451674789478,1139.4142166139059,494,vrp_raw,mvo
2025-06-02,-14781.385236610653,20000.00014733354,499.9999973623373,494,vrp_raw,mvo
2025-06-03,11199.586711249027,19594.78106907439,838.2817477745447,493,vrp_raw,mvo
2025-06-04,-9139.769541651454,19382.183001866717,793.980642684603,493,vrp_raw,mvo
2025-06-05,14404.640561830514,19533.450594361755,1282.4577623329487,493,vrp_raw,mvo
2025-06-06,-8847.432261725715,19332.733844912367,1280.0123766628542,493,vrp_raw,mvo
2025-06-09,-2512.0346781932403,20000.000221053233,499.99999851976344,494,vrp_raw,mvo
2025-06-10,-3993.7329841546234,19254.152483516824,372.7406474724818,494,vrp_raw,mvo
2025-06-11,-2621.367113474831,19744.750310250998,176.85370337704643,494,vrp_raw,mvo
2025-06-12,-6005.496617863651,19629.10491186618,155.15518015616567,494,vrp_raw,mvo
2025-06-13,15889.738636833454,19278.303428256004,248.20360270595432,494,vrp_raw,mvo
2025-06-16,-14127.968911836848,19999.999770571343,499.9999987078989,494,vrp_raw,mvo
2025-06-17,40096.249304005185,19284.62323806701,919.3544791952519,494,vrp_raw,mvo
2025-06-18,-15162.177318400036,19352.824130741625,200.24273906312516,494,vrp_raw,mvo
2025-06-20,4533.071223282687,18226.925836074195,450.69429826517404,494,vrp_raw,mvo
2025-06-23,4142.4032650852205,20000.00010252915,499.99999931352284,494,vrp_raw,mvo
2025-06-24,3364.146316435414,19813.21027933358,40.64611752213697,494,vrp_raw,mvo
2025-06-25,-18770.028502906996,20398.000834716262,291.28515927549216,494,vrp_raw,mvo
2025-06-26,12048.13459888973,19619.881498378738,1149.2441819639184,494,vrp_raw,mvo
2025-06-27,-10129.88068513632,19552.606036648504,740.1137239017161,494,vrp_raw,mvo
2025-06-30,-8462.513120667558,20000.00013362907,-194.28614155096722,509,vrp_raw,mvo
2018-07-09,0.0,19999.999746947655,499.9999996661277,481,vrp_raw,mvo_factor_neutral
2018-07-10,-1509.1782568285248,19334.979588568,162.5194135991281,481,vrp_raw,mvo_factor_neutral
2018-07-11,3255.0936968729043,19092.028627957618,-160.78900405751588,481,vrp_raw,mvo_factor_neutral
2018-07-12,-3204.054678857232,18414.47358863888,-479.9980016518762,481,vrp_raw,mvo_factor_neutral
2018-07-13,-361.92996764338,17952.21012383419,-506.9758418482775,481,vrp_raw,mvo_factor_neutral
2018-07-16,-5039.619364797852,20000.00017449866,-499.9999877730684,484,vrp_raw,mvo_factor_neutral
2018-07-17,7824.44678820163,19517.45537535774,-355.5807816292645,484,vrp_raw,mvo_factor_neutral
2018-07-18,-12114.742106603762,18205.495564041095,-259.8561557455039,483,vrp_raw,mvo_factor_neutral
2018-07-19,8997.167206376162,18077.29393461553,-194.07038663175322,483,vrp_raw,mvo_factor_neutral
2018-07-20,-4898.160966041259,17409.790084638928,-456.5476871681926,483,vrp_raw,mvo_factor_neutral
2018-07-23,12219.40034880725,20000.000040017196,-455.4826084092203,483,vrp_raw,mvo_factor_neutral
2018-07-24,-845.3251455829113,19072.283809670254,-1284.5562466370152,483,vrp_raw,mvo_factor_neutral
2018-07-25,-22926.93851787869,16585.23402018761,-2221.0788679478524,483,vrp_raw,mvo_factor_neutral
2018-07-26,79000.69768980573,15887.965159102976,-1559.6950319328378,483,vrp_raw,mvo_factor_neutral
2018-07-27,-23105.187801121585,14888.626726795015,-1322.253286660842,483,vrp_raw,mvo_factor_neutral
2018-07-30,-1599.9880979276609,19999.99990818574,499.9645830763868,484,vrp_raw,mvo_factor_neutral
2018-07-31,7295.1434280432395,19579.38712265694,357.6912383741846,484,vrp_raw,mvo_factor_neutral
2018-08-01,1174.88709205358,19259.87378554469,273.44902210482996,484,vrp_raw,mvo_factor_neutral
2018-08-02,8507.798161677432,18945.857802132767,735.0674149425196,484,vrp_raw,mvo_factor_neutral
2018-08-03,-16100.483772888452,18359.609438335712,596.2934551196132,484,vrp_raw,mvo_factor_neutral
2018-08-06,1605.3384243561125,19999.999586044843,176.48322408384783,487,vrp_raw,mvo_factor_neutral
2018-08-07,-1808.4681554987246,19431.108691670834,-274.85532385033383,487,vrp_raw,mvo_factor_neutral
2018-08-08,19238.94539710128,19662.019831458798,469.20483342006884,487,vrp_raw,mvo_factor_neutral
2018-08-09,3347.1202101265253,18935.23084980034,-162.47608403711766,487,vrp_raw,mvo_factor_neutral
2018-08-10,-6387.545474591157,20137.886734278738,1309.721072960365,487,vrp_raw,mvo_factor_neutral
2018-08-13,15997.944731108095,20000.00022170219,499.9999996176861,487,vrp_raw,mvo_factor_neutral
2018-08-14,-7610.572162372827,19035.078450379584,777.958483778577,487,vrp_raw,mvo_factor_neutral
2018-08-15,-18197.253043831297,18460.122740234485,571.8047516833452,487,vrp_raw,mvo_factor_neutral
2018-08-16,8010.695565548162,17608.796329757537,452.7131803456352,487,vrp_raw,mvo_factor_neutral
2018-08-17,-12283.797288233027,17318.122317324236,445.67567359656164,487,vrp_raw,mvo_factor_neutral
2018-08-20,4595.039331704861,20000.00011850154,499.9999981748185,488,vrp_raw,mvo_factor_neutral
2018-08-21,27564.341096520406,19651.609216496086,1208.0576324099595,488,vrp_raw,mvo_factor_neutral
2018-08-22,2908.0421604355415,19686.055935671695,1927.6925000889778,488,vrp_raw,mvo_factor_neutral
2018-08-23,-7420.629099426312,18878.482509580972,1218.7361975200574,488,vrp_raw,mvo_factor_neutral
2018-08-24,22332.785385081283,18565.057495355813,1165.5353451434482,488,vrp_raw,mvo_factor_neutral
2018-08-27,3374.555789878269,19999.99940175344,465.57701998479405,489,vrp_raw,mvo_factor_neutral
2018-08-28,-8705.010370619397,18761.967903537814,910.0485146388771,489,vrp_raw,mvo_factor_neutral
2018-08-29,25094.40469189503,17568.104637216784,1225.3506640182145,489,vrp_raw,mvo_factor_neutral
2018-08-30,-23956.248845130598,17109.240437009383,1891.9337594624662,489,vrp_raw,mvo_factor_neutral
2018-08-31,24032.616193986618,17380.032248511885,2593.5140749835946,489,vrp_raw,mvo_factor_neutral
2018-09-04,-3535.008281272978,19999.999142985504,499.99999738125626,489,vrp_raw,mvo_factor_neutral
2018-09-05,11994.210769624979,19862.950253088035,1045.2902815727018,489,vrp_raw,mvo_factor_neutral
2018-09-06,577.0650642866291,19639.404853024203,1087.1012292903672,488,vrp_raw,mvo_factor_neutral
2018-09-07,-3343.6640772997134,19111.797021510134,1237.265449003196,488,vrp_raw,mvo_factor_neutral
2018-09-10,11374.93021223605,20000.000064592896,68.7850511521274,488,vrp_raw,mvo_factor_neutral
2018-09-11,7309.748552354618,19735.03014224649,182.2454113992532,488,vrp_raw,mvo_factor_neutral
2018-09-12,-1327.1767501414265,19677.675475482803,-116.2069846364653,488,vrp_raw,mvo_factor_neutral
2018-09-13,-8736.290401574386,19310.664507544472,6.319416745261404,488,vrp_raw,mvo_factor_neutral
2018-09-14,-2022.4921137607973,18902.526827913625,111.40933554854625,488,vrp_raw,mvo_factor_neutral
2018-09-17,13298.156244027225,19999.99997593936,-499.9999942295915,489,vrp_raw,mvo_factor_neutral
2018-09-18,-15261.815836761567,19759.9341783336,-363.0012423732995,489,vrp_raw,mvo_factor_neutral
2018-09-19,3268.7626865139046,19605.901307977525,-404.0027247542561,489,vrp_raw,mvo_factor_neutral
2018-09-20,-8587.585341173406,18857.178778932754,-48.68865680127708,489,vrp_raw,mvo_factor_neutral
2018-09-21,26046.377024115045,18257.343929122635,232.69203995177688,489,vrp_raw,mvo_factor_neutral
2018-09-24,-8843.008845463804,19999.999917376656,-499.99999298196724,489,vrp_raw,mvo_factor_neutral
2018-09-25,7038.502536620236,19644.405994575252,-810.941575893368,489,vrp_raw,mvo_factor_neutral
2018-09-26,7432.352478600845,19625.672385544887,-804.5501488479948,489,vrp_raw,mvo_factor_neutral
2018-09-27,-11601.772716221054,18684.16940247894,-1174.4119115397518,489,vrp_raw,mvo_factor_neutral
2018-09-28,-9173.28605279617,17740.566894685566,-405.05106554474605,489,vrp_raw,mvo_factor_neutral
2018-10-01,29120.29568873158,19999.99854879247,-499.9997197312663,489,vrp_raw,mvo_factor_neutral
2018-10-02,9132.48008441093,19285.7227082704,-521.8134892626094,489,vrp_raw,mvo_factor_neutral
2018-10-03,-14767.775789560535,19476.009045164436,-530.4583714639817,489,vrp_raw,mvo_factor_neutral
2018-10-04,4255.458428637108,18757.990176056494,-424.83198448482364,489,vrp_raw,mvo_factor_neutral
2018-10-05,-245.18531427259822,18287.23914220441,-479.7228053613225,489,vrp_raw,mvo_factor_neutral
2018-10-08,3545.18546357332,20000.00026421428,-499.9999915460095,489,vrp_raw,mvo_factor_neutral
2018-10-09,6721.760716214751,19497.93694519888,-768.0679166802828,488,vrp_raw,mvo_factor_neutral
2018-10-10,4340.559427636669,17779.4560785678,-1369.4828076722167,488,vrp_raw,mvo_factor_neutral
2018-10-11,11549.129844560524,17970.705168052096,-403.4417501422483,488,vrp_raw,mvo_factor_neutral
2018-10-12,-20594.838380586414,18145.620647739648,-410.1111659765444,488,vrp_raw,mvo_factor_neutral
2018-10-15,-3651.966827602705,20000.000182338455,-499.9999996386074,488,vrp_raw,mvo_factor_neutral
2018-10-16,-132.64182017726324,20784.749961012018,344.16055193358903,488,vrp_raw,mvo_factor_neutral
2018-10-17,-9133.835200165693,20064.70802047798,347.15523202948435,488,vrp_raw,mvo_factor_neutral
2018-10-18,8403.804716162764,19086.518928844413,-712.8441351246738,488,vrp_raw,mvo_factor_neutral
2018-10-19,-4454.993364644193,22021.327136608896,2743.779584417048,487,vrp_raw,mvo_factor_neutral
2018-10-22,-19309.83234545993,20000.00003786066,-499.9999993341644,487,vrp_raw,mvo_factor_neutral
2018-10-23,12959.953109637672,19339.903052535017,-0.5304564817841901,487,vrp_raw,mvo_factor_neutral
2018-10-24,694.4920616679703,19957.144422231042,393.9964464964801,487,vrp_raw,mvo_factor_neutral
2018-10-25,12827.939045779125,20107.454778357594,-65.03557235646227,487,vrp_raw,mvo_factor_neutral
2018-10-26,6584.481339762132,20694.481793639236,913.3880765020774,487,vrp_raw,mvo_factor_neutral
2018-10-29,-18019.994385480975,20000.000047840193,-499.99999840646984,487,vrp_raw,mvo_factor_neutral
2018-10-30,41738.95525063241,19952.44745356705,-351.01309421078713,487,vrp_raw,mvo_factor_neutral
2018-10-31,138429.57098309955,21591.427014672387,1622.6848891195154,487,vrp_raw,mvo_factor_neutral
2018-11-01,18160.732716260627,20887.73194506115,1474.935411785199,487,vrp_raw,mvo_factor_neutral
2018-11-02,-6380.313288725984,20394.939588209683,1468.4930217844224,487,vrp_raw,mvo_factor_neutral
2018-11-05,-492.60448216817184,19999.9998740473,197.31002480117309,487,vrp_raw,mvo_factor_neutral
2018-11-06,7911.286920829658,19512.15479111367,563.1102957583045,487,vrp_raw,mvo_factor_neutral
2018-11-07,-15557.11204471602,18561.602702206426,169.27003002204356,487,vrp_raw,mvo_factor_neutral
2018-11-08,-6409.780862350928,18305.910912307205,464.4840193067814,487,vrp_raw,mvo_factor_neutral
2018-11-09,-8176.097611326649,19587.710317866262,312.37337566821714,487,vrp_raw,mvo_factor_neutral
2018-11-12,-2968.16901248527,20000.000061333445,499.9999690503314,487,vrp_raw,mvo_factor_neutral
2018-11-13,-3511.6539386644513,19621.666900813823,549.0306249850438,486,vrp_raw,mvo_factor_neutral
2018-11-14,8645.86421126229,19620.70670156104,270.1537735822274,486,vrp_raw,mvo_factor_neutral
2018-11-15,9495.760062493022,19030.445919707083,628.9096871853134,486,vrp_raw,mvo_factor_neutral
2018-11-16,-15631.58762958562,18884.685292528444,830.0922013945951,486,vrp_raw,mvo_factor_neutral
2018-11-19,18388.20127261741,20000.000892087875,427.8132175978766,487,vrp_raw,mvo_factor_neutral
2018-11-20,-358.81936569226826,19250.558863925187,819.099424054523,487,vrp_raw,mvo_factor_neutral
2018-11-21,-14049.045126102212,19155.21888611504,798.3013331295566,487,vrp_raw,mvo_factor_neutral
2018-11-23,-12731.483872357338,18994.621552750898,1114.9227603023203,487,vrp_raw,mvo_factor_neutral
2018-11-26,-3286.0563209592265,19999.999685697738,499.9999970781113,488,vrp_raw,mvo_factor_neutral
2018-11-27,18609.93822131376,19339.986387050903,445.3361660325662,488,vrp_raw,mvo_factor_neutral
2018-11-28,-9027.849933351567,18995.373261687942,51.328555656364294,488,vrp_raw,mvo_factor_neutral
2018-11-29,-13956.283710864907,19633.947284016263,-872.248719311912,488,vrp_raw,mvo_factor_neutral
2018-11-30,23250.89004619063,19312.423528203362,-997.5820651511992,488,vrp_raw,mvo_factor_neutral
2018-12-03,-18178.07067309619,19999.9996471085,499.9999916513678,488,vrp_raw,mvo_factor_neutral
2018-12-04,6865.535960294454,19556.512130832227,309.3491975294612,488,vrp_raw,mvo_factor_neutral
2018-12-06,25564.792491401757,19215.309977555968,1063.0966977662313,487,vrp_raw,mvo_factor_neutral
2018-12-07,6987.071449358055,18628.701097931924,1069.6527753768084,487,vrp_raw,mvo_factor_neutral
2018-12-10,2867.546434620915,20000.000186161644,499.99992202139316,486,vrp_raw,mvo_factor_neutral
2018-12-11,-45336.26489682122,20288.499587291284,803.4303753792517,486,vrp_raw,mvo_factor_neutral
2018-12-12,26424.0668080108,20259.588800273435,591.8301074629852,486,vrp_raw,mvo_factor_neutral
2018-12-13,-20209.826306989602,19355.414010076656,403.22738628528515,486,vrp_raw,mvo_factor_neutral
2018-12-14,-8702.144796611194,18707.24760186097,192.84032183893214,486,vrp_raw,mvo_factor_neutral
2018-12-17,35564.12467511506,19999.998784372478,412.890914947065,486,vrp_raw,mvo_factor_neutral
2018-12-18,-11615.373649060894,19917.391757231107,509.371067785072,486,vrp_raw,mvo_factor_neutral
2018-12-19,-8750.918334853726,20404.48994531892,87.29802997497444,486,vrp_raw,mvo_factor_neutral
2018-12-20,-6606.388350766058,21590.398182604047,141.56878400880373,485,vrp_raw,mvo_factor_neutral
2018-12-21,-44768.474036554624,20525.949917641694,254.11016179887483,485,vrp_raw,mvo_factor_neutral
2018-12-24,4092.2312266683234,19999.999902431053,59.96765109410947,485,vrp_raw,mvo_factor_neutral
2018-12-26,57475.9808029171,21338.770586456292,-749.0423712207825,485,vrp_raw,mvo_factor_neutral
2018-12-27,-10206.86670627359,21212.38953510025,-600.2208293574251,485,vrp_raw,mvo_factor_neutral
2018-12-28,22341.96668123066,21181.94580402608,18.275564420998833,485,vrp_raw,mvo_factor_neutral
2018-12-31,-12369.850884117086,19999.99827425482,-499.99997834202554,485,vrp_raw,mvo_factor_neutral
2019-01-02,-2260.897652031804,19665.987383311916,-255.44921847137306,484,vrp_raw,mvo_factor_neutral
2019-01-03,3122.84299473648,19269.88391352559,-180.44659153593062,484,vrp_raw,mvo_factor_neutral
2019-01-04,-10246.028415958357,19488.776831859206,-767.1866434701335,484,vrp_raw,mvo_factor_neutral
2019-01-07,-17584.99845220163,19999.999493655978,-488.81868448164784,484,vrp_raw,mvo_factor_neutral
2019-01-08,1185.0634285496938,19813.626827463282,-244.8424920979171,484,vrp_raw,mvo_factor_neutral
2019-01-09,6422.392992158522,18182.77086826836,-612.7519338626208,484,vrp_raw,mvo_factor_neutral
2019-01-10,-16225.045719461485,17734.801151157168,-700.9072378415129,476,vrp_raw,mvo_factor_neutral
2019-01-11,100.0773777405803,17191.339511725746,-659.3293168617308,476,vrp_raw,mvo_factor_neutral
2019-01-14,-1522.092151891472,19999.998130670356,499.99995693580945,476,vrp_raw,mvo_factor_neutral
2019-01-15,3766.702948187392,19083.943867660983,147.85184191618973,476,vrp_raw,mvo_factor_neutral
2019-01-16,13501.087877022972,18890.413160835957,754.2318338359139,476,vrp_raw,mvo_factor_neutral
2019-01-17,-17023.836260770913,18558.75200214241,810.829514008656,476,vrp_raw,mvo_factor_neutral
2019-01-18,-2426.4463702492158,17820.577120689974,549.416904844286,476,vrp_raw,mvo_factor_neutral
2019-01-22,-5955.299946135986,19999.999557640025,483.1979233486719,476,vrp_raw,mvo_factor_neutral
2019-01-23,-38213.658434819066,20211.573640476327,365.0503691579811,476,vrp_raw,mvo_factor_neutral
2019-01-24,178727.9116745388,20006.633511034637,508.96979730143437,476,vrp_raw,mvo_factor_neutral
2019-01-25,-120458.57263546418,20242.784669868644,793.1087993159218,476,vrp_raw,mvo_factor_neutral
2019-01-28,8562.295485422015,19999.998990392836,-499.9999976443272,476,vrp_raw,mvo_factor_neutral
2019-01-29,-18422.72745791642,20090.841057889287,-918.6864764688523,476,vrp_raw,mvo_factor_neutral
2019-01-30,-17625.826789073584,19376.96351278765,-976.3129975979574,476,vrp_raw,mvo_factor_neutral
2019-01-31,-5965.011117507086,18897.177633790816,-781.7950461522278,476,vrp_raw,mvo_factor_neutral
2019-02-01,-2027.970042418331,18667.1946313001,-1330.289971685902,476,vrp_raw,mvo_factor_neutral
2019-02-04,-269.78414827533146,19999.99952706773,-499.9999996475734,476,vrp_raw,mvo_factor_neutral
2019-02-05,-4371.2523646423815,19512.462890387833,-317.39812140308544,476,vrp_raw,mvo_factor_neutral
2019-02-06,-1500.6927674554238,19533.678787220113,-966.0332575407267,476,vrp_raw,mvo_factor_neutral
2019-02-07,-13700.02673434915,19679.516550242155,-628.709594328215,476,vrp_raw,mvo_factor_neutral
2019-02-08,-26082.41616968538,19912.02088186329,-470.2062544613296,476,vrp_raw,mvo_factor_neutral
2019-02-11,3953.079568384427,19999.997737779817,-499.99998596785275,476,vrp_raw,mvo_factor_neutral
2019-02-12,33504.936880948415,19051.203557207955,-108.27935582483059,476,vrp_raw,mvo_factor_neutral
2019-02-13,21339.26398925853,18360.541676564422,81.87109635506862,476,vrp_raw,mvo_factor_neutral
2019-02-14,458.4965031654454,17908.941041758393,-71.81044091773508,476,vrp_raw,mvo_factor_neutral
2019-02-15,-8900.788401797425,16872.549362214257,-150.4411558237443,476,vrp_raw,mvo_factor_neutral
2019-02-19,6213.000204791197,20000.00023420209,-425.8130013444489,476,vrp_raw,mvo_factor_neutral
2019-02-20,752.27923363867,18788.298213338298,-919.0754524192332,476,vrp_raw,mvo_factor_neutral
2019-02-21,-21873.867428541253,19016.261216359853,-1546.227207101885,476,vrp_raw,mvo_factor_neutral
2019-02-22,12093.641001837117,18215.15541125435,-1121.5555494444748,476,vrp_raw,mvo_factor_neutral
2019-02-25,-19539.7429378995,19721.107932147675,-221.10767100967655,475,vrp_raw,mvo_factor_neutral
2019-02-26,82.40782831364265,19441.546971084197,-189.0844961200223,475,vrp_raw,mvo_factor_neutral
2019-02-27,-8385.292467046871,19210.892326251804,-276.02685702390085,475,vrp_raw,mvo_factor_neutral
2019-02-28,8848.854031055462,19040.31759780704,-322.3497760708231,475,vrp_raw,mvo_factor_neutral
2019-03-01,-1727.7786927656423,18408.789167921073,368.52469625468154,475,vrp_raw,mvo_factor_neutral
2019-03-04,-843.1293274767738,20000.000236689695,499.99999082444026,475,vrp_raw,mvo_factor_neutral
2019-03-05,-715.3197775545908,19652.612556115997,401.0586049127569,475,vrp_raw,mvo_factor_neutral
2019-03-06,3169.7880174668785,19301.715210200833,847.3420209763652,475,vrp_raw,mvo_factor_neutral
2019-03-07,12152.242222749463,17972.7614695056,216.86187039669767,475,vrp_raw,mvo_factor_neutral
2019-03-08,16434.793553413194,19330.882502818,1802.5437765746935,475,vrp_raw,mvo_factor_neutral
2019-03-11,-25027.560136550394,20000.000002854325,499.9999958612691,475,vrp_raw,mvo_factor_neutral
2019-03-12,1167.8396527003654,19682.2516665673,254.96278155398616,475,vrp_raw,mvo_factor_neutral
2019-03-13,26.61226802958782,19499.24262299564,525.7032747204853,475,vrp_raw,mvo_factor_neutral
2019-03-14,-2878.7316048481334,18746.206328776556,362.8124146912691,475,vrp_raw,mvo_factor_neutral
2019-03-15,-813.7948212733647,18365.93239895297,435.03205711916274,475,vrp_raw,mvo_factor_neutral
2019-03-18,-16569.979257578652,20000.000327152797,-499.99999111297535,475,vrp_raw,mvo_factor_neutral
2019-03-19,-15668.567928079521,20715.436629227243,144.53125802316808,475,vrp_raw,mvo_factor_neutral
2019-03-20,-13106.672519049625,20584.565952486864,-665.099466594852,475,vrp_raw,mvo_factor_neutral
2019-03-21,-12811.878863175809,20946.91332852614,-235.19979019606336,475,vrp_raw,mvo_factor_neutral
2019-03-22,15923.206838509488,21005.631893896185,-1708.8267149842466,475,vrp_raw,mvo_factor_neutral
2019-03-25,10462.607627727251,20000.000013482106,-499.9999691906481,475,vrp_raw,mvo_factor_neutral
2019-03-26,-4407.716733157758,19936.43634959916,17.754364741999428,475,vrp_raw,mvo_factor_neutral
2019-03-27,2973.778604516747,19168.653305791966,92.45425173478641,474,vrp_raw,mvo_factor_neutral
2019-03-28,-18255.087860793075,19430.529123288146,-772.0390323935678,474,vrp_raw,mvo_factor_neutral
2019-03-29,4338.887609777645,31684.245895348155,-2197.8629065495875,474,vrp_raw,mvo_factor_neutral
2019-04-01,19261.530493637416,20000.00003322412,499.98432682407395,474,vrp_raw,mvo_factor_neutral
2019-04-02,632.5886244545047,19799.32495581742,553.6524521609113,474,vrp_raw,mvo_factor_neutral
2019-04-03,-3457.3363729428097,19424.02340275466,444.7017895038865,474,vrp_raw,mvo_factor_neutral
2019-04-04,24.8936620111789,18971.16111107874,489.63890339801094,474,vrp_raw,mvo_factor_neutral
2019-04-05,4335.675228433048,18678.35267420516,512.6141152681969,474,vrp_raw,mvo_factor_neutral
2019-04-08,-4148.665599681961,19999.999932074283,-449.2822107544088,474,vrp_raw,mvo_factor_neutral
2019-04-09,186.75559638588322,20090.63931773223,-352.77755368900466,474,vrp_raw,mvo_factor_neutral
2019-04-10,10322.524388729918,19066.070708401665,-1001.1828433488076,474,vrp_raw,mvo_factor_neutral
2019-04-11,4889.515439972729,18988.902628580174,-778.9794678306333,474,vrp_raw,mvo_factor_neutral
2019-04-12,-3981.3130890474085,18556.32802161931,-1079.5382795211892,474,vrp_raw,mvo_factor_neutral
2019-04-15,-3141.3862528736145,20000.000031471725,134.59911457892537,474,vrp_raw,mvo_factor_neutral
2019-04-16,2156.1404330262208,19290.16500987835,62.334871435186066,474,vrp_raw,mvo_factor_neutral
2019-04-17,7564.3124412974485,18233.84195803585,-688.2668190013025,474,vrp_raw,mvo_factor_neutral
2019-04-18,-827.2750461691312,17964.262614968597,-687.0073540703328,474,vrp_raw,mvo_factor_neutral
2019-04-22,5060.829881686279,20000.00010750062,499.99999777933135,474,vrp_raw,mvo_factor_neutral
2019-04-23,-32888.08660505546,21605.47410201931,715.4937144445729,474,vrp_raw,mvo_factor_neutral
2019-04-24,15886.991044980974,19952.52148870309,-40.29989222679178,474,vrp_raw,mvo_factor_neutral
2019-04-25,4189.5278529556535,20576.387255512967,943.2421261489174,474,vrp_raw,mvo_factor_neutral
2019-04-26,21128.191392156008,19808.894019769126,587.436956601484,474,vrp_raw,mvo_factor_neutral
2019-04-29,7969.756509834275,19999.999293511602,499.99999866989873,474,vrp_raw,mvo_factor_neutral
2019-04-30,-6231.259931126933,19570.136339037414,507.43194557373425,474,vrp_raw,mvo_factor_neutral
2019-05-01,14411.582016788609,19290.76766646379,486.65150968724384,474,vrp_raw,mvo_factor_neutral
2019-05-02,14877.417378196313,18731.558859589295,327.05182540706625,474,vrp_raw,mvo_factor_neutral
2019-05-03,-1043.753376226634,18312.73397281731,410.67466552228177,474,vrp_raw,mvo_factor_neutral
2019-05-06,-11301.3589065398,19999.998616017812,499.9999813850555,475,vrp_raw,mvo_factor_neutral
2019-05-07,13724.42151352329,20048.767461130676,1020.7093413958705,475,vrp_raw,mvo_factor_neutral
2019-05-08,17287.329067276834,19542.654357032432,721.3424073706727,475,vrp_raw,mvo_factor_neutral
2019-05-09,6153.644120394109,19036.21250724165,800.5503545788662,475,vrp_raw,mvo_factor_neutral
2019-05-10,-2286.7743131327506,18565.583804755195,1136.8801144361041,475,vrp_raw,mvo_factor_neutral
2019-05-13,5579.827547787815,19999.999533044967,347.86220125424194,475,vrp_raw,mvo_factor_neutral
2019-05-14,9536.059834493515,20279.199228536647,433.3272002521722,475,vrp_raw,mvo_factor_neutral
2019-05-15,734.3384141546517,20186.665264941767,312.8183950609197,475,vrp_raw,mvo_factor_neutral
2019-05-16,12485.026952815924,19271.377499377715,-246.3196457972791,475,vrp_raw,mvo_factor_neutral
2019-05-17,-18237.078475630013,18567.776222562246,-963.2835112547488,475,vrp_raw,mvo_factor_neutral
2019-05-20,19552.07938713857,19999.999596473266,-499.9999896006934,475,vrp_raw,mvo_factor_neutral
2019-05-21,8927.578752420828,20508.288806771652,226.55819055090296,475,vrp_raw,mvo_factor_neutral
2019-05-22,5815.042634929773,21417.878146994834,1265.3462479269383,475,vrp_raw,mvo_factor_neutral
2019-05-23,-4749.092409032466,19782.75739756564,867.8843444112888,475,vrp_raw,mvo_factor_neutral
2019-05-24,21373.746493213675,18810.083653073427,538.4840596556604,475,vrp_raw,mvo_factor_neutral
2019-05-28,4161.62678491046,19999.9989537943,-499.9999752977238,475,vrp_raw,mvo_factor_neutral
2019-05-29,-15517.695846887253,21180.34503384497,-1461.373200773922,475,vrp_raw,mvo_factor_neutral
2019-05-30,-3067.2702852746556,22712.252136812487,-1913.9889450833791,475,vrp_raw,mvo_factor_neutral
2019-05-31,3.514976977878301,21593.666833236974,-2108.7388529565255,475,vrp_raw,mvo_factor_neutral
2019-06-03,1454.925676385551,20000.00016360552,20.94247757606635,475,vrp_raw,mvo_factor_neutral
2019-06-04,-1713.5394512323853,20091.652167447635,-474.67295626494916,475,vrp_raw,mvo_factor_neutral
2019-06-05,-14708.209248500301,19376.131794392688,-267.61057453437616,475,vrp_raw,mvo_factor_neutral
2019-06-06,-10559.124514168356,18927.73975286959,-98.39824723325721,475,vrp_raw,mvo_factor_neutral
2019-06-07,5334.923257862208,18334.545448309218,-192.60786539010823,475,vrp_raw,mvo_factor_neutral
2019-06-10,3105.3172854109275,19733.164967027093,-766.8347641416497,475,vrp_raw,mvo_factor_neutral
2019-06-11,474.313908969761,19190.541995176158,-867.8707034860561,474,vrp_raw,mvo_factor_neutral
2019-06-12,-3176.4286397254455,19181.175516304247,-644.2748441016253,474,vrp_raw,mvo_factor_neutral
2019-06-13,-296.490210507356,18299.125307048733,-459.86458181661965,474,vrp_raw,mvo_factor_neutral
2019-06-14,1168.7427681540203,18139.944165164725,-535.5991558948326,474,vrp_raw,mvo_factor_neutral
2019-06-17,-7612.696462618953,19999.999758276546,-178.77629300419665,474,vrp_raw,mvo_factor_neutral
2019-06-18,1858.1831456891814,18687.18976103984,-738.751202855023,474,vrp_raw,mvo_factor_neutral
2019-06-19,-14233.758682233272,17326.841860653047,-888.0725099873637,474,vrp_raw,mvo_factor_neutral
2019-06-20,7291.9590924916365,18777.596226440437,323.3807426753031,474,vrp_raw,mvo_factor_neutral
2019-06-21,9994.227374387754,17837.75038367555,643.655258392781,474,vrp_raw,mvo_factor_neutral
2019-06-24,5270.919897386185,20000.000161703232,-499.99999935851076,474,vrp_raw,mvo_factor_neutral
2019-06-25,8151.269929425398,20221.790525963428,135.8469621492803,474,vrp_raw,mvo_factor_neutral
2019-06-26,1044.5854733331648,19235.23393132049,-442.58074793329456,474,vrp_raw,mvo_factor_neutral
2019-06-27,-5784.158835912487,19056.416291620357,1693.8927010750833,474,vrp_raw,mvo_factor_neutral
2019-06-28,8623.51801342944,17321.25482156237,1696.9269331787075,474,vrp_raw,mvo_factor_neutral
2019-07-01,-13073.441988448574,20000.000116908534,-74.02728597741354,491,vrp_raw,mvo_factor_neutral
2019-07-02,4002.0086077534097,19102.846228618204,-626.0982472770879,491,vrp_raw,mvo_factor_neutral
2019-07-03,8901.269837784559,18411.883074507903,-887.5284189127436,491,vrp_raw,mvo_factor_neutral
2019-07-05,2323.3172982431956,18228.160180979638,-453.7983722174722,491,vrp_raw,mvo_factor_neutral
2019-07-08,-1563.8660044205515,19999.999872889835,-499.99999915899895,492,vrp_raw,mvo_factor_neutral
2019-07-09,-11100.976966353743,18923.910859321142,-1306.1306680952596,492,vrp_raw,mvo_factor_neutral
2019-07-10,3433.330487481143,18464.974365927388,-1483.9959263214162,491,vrp_raw,mvo_factor_neutral
2019-07-11,2186.7830010116604,18671.838597773552,-1057.3417877870936,491,vrp_raw,mvo_factor_neutral
2019-07-12,4518.670923017491,18207.820530295954,-980.4747940855623,491,vrp_raw,mvo_factor_neutral
2019-07-15,-11232.071176875848,19999.9999532976,-499.99999930286435,491,vrp_raw,mvo_factor_neutral
2019-07-16,3954.671235480261,19865.40762611117,-301.51238859219603,491,vrp_raw,mvo_factor_neutral
2019-07-17,5652.945549202569,19167.82594796408,-253.82457959391613,490,vrp_raw,mvo_factor_neutral
2019-07-18,-4513.3120796679295,18336.141320959294,-380.4916387922543,490,vrp_raw,mvo_factor_neutral
2019-07-19,-1069.600153588561,17940.991248999882,-285.96995369843154,490,vrp_raw,mvo_factor_neutral
2019-07-22,-959.7988386929867,19999.998528257376,-499.9999922677904,490,vrp_raw,mvo_factor_neutral
2019-07-23,-3861.011285380553,19665.03114555286,-5.390587964687981,490,vrp_raw,mvo_factor_neutral
2019-07-24,12949.606430239004,19160.35037723725,392.2011930689627,490,vrp_raw,mvo_factor_neutral
2019-07-25,6538.2461693439955,19005.95015035584,713.1813559147142,490,vrp_raw,mvo_factor_neutral
2019-07-26,-6027.923718189669,17610.38926890015,380.8696834295887,490,vrp_raw,mvo_factor_neutral
2019-07-29,2746.1406251494363,20000.00002421509,-499.9999977308037,491,vrp_raw,mvo_factor_neutral
2019-07-30,-7358.517449837091,19383.448691981135,-151.82226000605692,491,vrp_raw,mvo_factor_neutral
2019-07-31,29015.451146592768,18927.95621893698,-65.09604417951972,491,vrp_raw,mvo_factor_neutral
2019-08-01,-13629.340960698717,18110.417291666246,98.96012127902951,491,vrp_raw,mvo_factor_neutral
2019-08-02,15408.74654939643,17729.214665263436,-261.11103007328757,491,vrp_raw,mvo_factor_neutral
2019-08-05,-3317.351819774477,19999.999812194485,-500.0000007280904,491,vrp_raw,mvo_factor_neutral
2019-08-06,12664.736286572923,19854.881015622257,-675.4137551927738,491,vrp_raw,mvo_factor_neutral
2019-08-07,5513.36911261364,20183.166396747634,-1020.78429912417,491,vrp_raw,mvo_factor_neutral
2019-08-08,3455.507690084148,20804.31968649403,-874.2443123079568,491,vrp_raw,mvo_factor_neutral
2019-08-09,7106.6342449068015,19581.75135710205,-1399.3130837809044,491,vrp_raw,mvo_factor_neutral
2019-08-12,-16470.185461242316,20000.000186676785,499.9999856997922,491,vrp_raw,mvo_factor_neutral
2019-08-13,-12069.11322875507,20530.672293758726,-52.883914498309814,491,vrp_raw,mvo_factor_neutral
2019-08-14,-16037.12960296689,19187.167112582287,-270.2293920132331,491,vrp_raw,mvo_factor_neutral
2019-08-15,149.26858383331296,19040.236716641644,-999.8519243025333,491,vrp_raw,mvo_factor_neutral
2019-08-16,-10700.379233846515,18925.526324262075,-1494.118274223987,491,vrp_raw,mvo_factor_neutral
2019-08-19,227.57212739552858,20000.00009147765,388.90519464596764,490,vrp_raw,mvo_factor_neutral
2019-08-20,-3972.185277997801,19362.29676749577,95.45913442933202,490,vrp_raw,mvo_factor_neutral
2019-08-21,17124.22741093409,19418.799247990893,986.7063750625645,490,vrp_raw,mvo_factor_neutral
2019-08-22,-31049.69733153967,19145.012902539303,565.589107835342,490,vrp_raw,mvo_factor_neutral
2019-08-23,-27408.015975135266,19283.548840584852,-470.6268554453918,490,vrp_raw,mvo_factor_neutral
2019-08-26,2559.408690830784,20000.00028392506,499.99999865903715,490,vrp_raw,mvo_factor_neutral
2019-08-27,-2521.743822215558,19567.80449880858,416.413762717504,490,vrp_raw,mvo_factor_neutral
2019-08-28,4881.698332978028,18861.055907059163,-123.23803083039905,490,vrp_raw,mvo_factor_neutral
2019-08-29,5486.6637151130135,19285.949608063704,938.155609277587,490,vrp_raw,mvo_factor_neutral
2019-08-30,-3986.0139150060204,19283.320608503243,1863.0833070700562,490,vrp_raw,mvo_factor_neutral
2019-09-03,5858.037748132843,19627.317952850513,777.3817913058424,490,vrp_raw,mvo_factor_neutral
2019-09-04,8959.699202455331,19103.498433584762,457.87219324635015,462,vrp_raw,mvo_factor_neutral
2019-09-05,8980.087188957497,18020.963619708775,20.951851303148306,462,vrp_raw,mvo_factor_neutral
2019-09-06,15080.216772879397,17812.4425211452,371.5072988039321,462,vrp_raw,mvo_factor_neutral
2019-09-09,-17221.199186576134,19999.993680933065,499.9999915188556,463,vrp_raw,mvo_factor_neutral
2019-09-10,37157.649255474134,21153.988712784325,3717.299679097434,463,vrp_raw,mvo_factor_neutral
2019-09-11,3683.5577407220553,20655.267831629677,2755.0264185960596,463,vrp_raw,mvo_factor_neutral
2019-09-12,-8807.193627741115,20786.321763208303,2575.770221996838,463,vrp_raw,mvo_factor_neutral
2019-09-13,4444.780681591742,20099.422418531693,2978.8073946051386,463,vrp_raw,mvo_factor_neutral
2019-09-16,-1253.46179479294,20000.000539545937,499.9999966622864,463,vrp_raw,mvo_factor_neutral
2019-09-17,-35508.876017505005,19660.803105891835,-1467.6119788487717,463,vrp_raw,mvo_factor_neutral
2019-09-18,-28245.305750232106,20401.325962710467,-1739.407478418917,463,vrp_raw,mvo_factor_neutral
2019-09-19,-32867.41238074759,21009.9513709046,-2801.686233867748,463,vrp_raw,mvo_factor_neutral
2019-09-20,86505.99443782103,19588.45778712163,-1424.4249957751038,463,vrp_raw,mvo_factor_neutral
2019-09-23,-3566.5131709629513,20000.000252934216,-452.1987159987607,463,vrp_raw,mvo_factor_neutral
2019-09-24,4663.77807667801,20311.701640505504,-271.7840357590003,463,vrp_raw,mvo_factor_neutral
2019-09-25,-12583.334005116229,19305.29204546363,-259.3734572368424,463,vrp_raw,mvo_factor_neutral
2019-09-26,3227.0884465066656,19160.043097269114,-774.3976068045329,462,vrp_raw,mvo_factor_neutral
2019-09-27,20159.446276291543,19520.562006286335,-497.0766412429688,462,vrp_raw,mvo_factor_neutral
2019-09-30,-4824.19312256031,20000.00033294242,-499.99999788978084,462,vrp_raw,mvo_factor_neutral
2019-10-01,13836.092043602166,19544.566778109456,-752.205590193381,462,vrp_raw,mvo_factor_neutral
2019-10-02,-1413.4760239871543,18825.522003859314,-535.1454586996944,462,vrp_raw,mvo_factor_neutral
2019-10-03,4008.8153697745674,18869.518539702727,-372.6479727530007,462,vrp_raw,mvo_factor_neutral
2019-10-04,-5764.156386782,18634.056493964596,-564.4131074206722,462,vrp_raw,mvo_factor_neutral
2019-10-07,5192.5402963599745,20000.00006588888,-499.99999580160875,462,vrp_raw,mvo_factor_neutral
2019-10-08,-7037.086878996927,19223.16425653508,-374.1532871924243,462,vrp_raw,mvo_factor_neutral
2019-10-09,-924.170895468892,19405.35911845835,-283.4674409882438,462,vrp_raw,mvo_factor_neutral
2019-10-10,-1564.87687865594,18978.69380894284,-414.4346138249695,462,vrp_raw,mvo_factor_neutral
2019-10-11,1525.0536591742782,18904.223536186095,-533.9665965491984,462,vrp_raw,mvo_factor_neutral
2019-10-14,4699.727087893689,20000.00011069137,-318.04804243462786,462,vrp_raw,mvo_factor_neutral
2019-10-15,15694.64793715955,18898.483949003614,6.9930299521616215,462,vrp_raw,mvo_factor_neutral
2019-10-16,-13868.363212905871,18668.73507214032,-85.24072140884799,462,vrp_raw,mvo_factor_neutral
2019-10-17,-5770.682505594247,18276.914582700894,-270.8350593976274,462,vrp_raw,mvo_factor_neutral
2019-10-18,3022.2089248881016,17286.18674584882,-713.0488446378101,462,vrp_raw,mvo_factor_neutral
2019-10-21,-336.5258678855597,20000.000088010922,-499.99999843373047,462,vrp_raw,mvo_factor_neutral
2019-10-22,-41559.579995563145,21924.932312902525,2037.439180842282,462,vrp_raw,mvo_factor_neutral
2019-10-23,1404.289466511431,30857.693270148055,10960.97386713198,462,vrp_raw,mvo_factor_neutral
2019-10-24,19265.53177820292,30866.483564152295,10423.094925212661,462,vrp_raw,mvo_factor_neutral
2019-10-25,1569.7457390749246,29870.512933639846,9975.436795039624,462,vrp_raw,mvo_factor_neutral
2019-10-28,-8163.814946582125,19999.999877609913,499.99999013891073,462,vrp_raw,mvo_factor_neutral
2019-10-29,14412.136906736898,19864.94443811064,632.5369707627706,462,vrp_raw,mvo_factor_neutral
2019-10-30,8253.107591174901,19475.19103313004,643.7276846774744,462,vrp_raw,mvo_factor_neutral
2019-10-31,-12551.57805473818,19229.443691462275,1030.662335380132,462,vrp_raw,mvo_factor_neutral
2019-11-01,4427.678132135413,18784.70435211256,563.2839489662375,462,vrp_raw,mvo_factor_neutral
2019-11-04,-24702.118629337856,20000.000106234664,499.99999887920785,462,vrp_raw,mvo_factor_neutral
2019-11-05,14295.943977835874,19703.101575117173,818.3313172617734,462,vrp_raw,mvo_factor_neutral
2019-11-06,-4351.750062320423,20568.802309226525,1836.8213211136053,462,vrp_raw,mvo_factor_neutral
2019-11-07,17174.740195598417,19409.72946308024,2385.7209387944763,462,vrp_raw,mvo_factor_neutral
2019-11-08,-12604.898334033425,18937.507457132084,2480.160634666673,462,vrp_raw,mvo_factor_neutral
2019-11-11,-5465.534383822228,20000.000166443526,499.9999998281894,462,vrp_raw,mvo_factor_neutral
2019-11-12,-5807.702313758674,20246.153096879112,-194.50460479003263,462,vrp_raw,mvo_factor_neutral
2019-11-13,1978.6407160104382,19773.10145575414,-428.3857985677814,462,vrp_raw,mvo_factor_neutral
2019-11-14,-3914.016123761757,19564.747153585573,-302.29725725184227,462,vrp_raw,mvo_factor_neutral
2019-11-15,-12145.659757102998,19252.913400660815,-261.6517429941203,462,vrp_raw,mvo_factor_neutral
2019-11-18,5531.378161933,20000.00009203388,499.99999974265177,462,vrp_raw,mvo_factor_neutral
2019-11-19,-12888.471941724445,22424.021237066732,-2779.8520886347105,462,vrp_raw,mvo_factor_neutral
2019-11-20,-23834.601269066865,22224.753637311915,-2698.2435607887714,462,vrp_raw,mvo_factor_neutral
2019-11-21,1780.1027302879336,22074.07035685835,-2465.134789224261,462,vrp_raw,mvo_factor_neutral
2019-11-22,36373.103898436486,20949.833111007716,-1570.993468746907,462,vrp_raw,mvo_factor_neutral
2019-11-25,-6565.127650568973,19999.9997838683,500.00000070436937,463,vrp_raw,mvo_factor_neutral
2019-11-26,16742.4818934996,18786.757426089833,-419.1030741180261,463,vrp_raw,mvo_factor_neutral
2019-11-27,5816.932153731022,18065.585705876216,-463.5232150981955,463,vrp_raw,mvo_factor_neutral
2019-11-29,4032.113758640992,16779.31267273971,179.4105593477671,463,vrp_raw,mvo_factor_neutral
2019-12-02,-8924.53692591445,20000.00048912381,500.00000480165295,462,vrp_raw,mvo_factor_neutral
2019-12-03,393.9367583833537,19618.914497422567,702.0430079190011,462,vrp_raw,mvo_factor_neutral
2019-12-04,-5432.3847149028,19349.515933187467,418.90287748405905,462,vrp_raw,mvo_factor_neutral
2019-12-05,3084.9947316625653,18876.039462360943,249.0731025736241,462,vrp_raw,mvo_factor_neutral
2019-12-06,1982.8600137738758,18396.37393159234,168.37456761519138,462,vrp_raw,mvo_factor_neutral
2019-12-09,-2042.3502958710073,20000.00002840117,499.9999975468249,462,vrp_raw,mvo_factor_neutral
2019-12-10,8313.303488215564,20339.901786458442,1173.2065974528434,462,vrp_raw,mvo_factor_neutral
2019-12-11,-6117.439722574831,20186.813180662113,1357.8979021788466,462,vrp_raw,mvo_factor_neutral
2019-12-12,-6399.820787077928,18822.051724656932,479.5877389309953,462,vrp_raw,mvo_factor_neutral
2019-12-13,144.47711601683613,18675.646458192394,1060.4625191913492,461,vrp_raw,mvo_factor_neutral
2019-12-16,4873.472281882469,20000.00033020938,414.3963985708036,461,vrp_raw,mvo_factor_neutral
2019-12-17,8206.03146502917,19678.580334039485,407.5928416556321,460,vrp_raw,mvo_factor_neutral
2019-12-18,-3383.249575515488,19205.506950161638,318.6483924540153,460,vrp_raw,mvo_factor_neutral
2019-12-19,-1360.6306154243703,18388.184955896824,268.38816776219073,460,vrp_raw,mvo_factor_neutral
2019-12-20,-434.42360014725824,17378.020576585175,50.33348216783727,460,vrp_raw,mvo_factor_neutral
2019-12-23,-5957.280406121776,19999.99997327498,269.9155873363316,460,vrp_raw,mvo_factor_neutral
2019-12-24,-469.00084089308336,20107.746562845234,853.1769225345774,460,vrp_raw,mvo_factor_neutral
2019-12-26,8120.422272510024,18523.14450103498,962.4515687556591,460,vrp_raw,mvo_factor_neutral
2019-12-27,29999.605277491457,18429.66248132565,1272.715593172203,460,vrp_raw,mvo_factor_neutral
2019-12-30,-11384.059896191327,20000.00014633114,189.270642757074,460,vrp_raw,mvo_factor_neutral
2019-12-31,-922.6328057871762,19812.537752778833,148.29857016445365,460,vrp_raw,mvo_factor_neutral
2020-01-02,1972.3573046358224,19265.99742237161,90.55981934646171,460,vrp_raw,mvo_factor_neutral
2020-01-03,637.4254109195012,19150.919743666167,157.2935011303641,460,vrp_raw,mvo_factor_neutral
2020-01-06,2126.604358911377,20000.000086569282,-223.8041692017465,460,vrp_raw,mvo_factor_neutral
2020-01-07,38666.02234494435,20090.866982766976,210.82217430457507,460,vrp_raw,mvo_factor_neutral
2020-01-08,-2572.7864162709766,19452.942813204485,-41.00432540825253,460,vrp_raw,mvo_factor_neutral
2020-01-09,-2461.6703840154305,18936.10525875055,134.1915643053153,460,vrp_raw,mvo_factor_neutral
2020-01-10,-1094.565654677303,18484.51932638338,-159.12577078849324,451,vrp_raw,mvo_factor_neutral
2020-01-13,3093.3729600257384,20000.00002824795,-28.6099214136519,451,vrp_raw,mvo_factor_neutral
2020-01-14,9275.211574030687,19832.81166644209,-92.86210280650562,451,vrp_raw,mvo_factor_neutral
2020-01-15,-7223.225157533092,19282.642139477157,199.05191419563698,451,vrp_raw,mvo_factor_neutral
2020-01-16,12714.705755253923,18369.80668986254,433.74045232569875,451,vrp_raw,mvo_factor_neutral
2020-01-17,227.78409060817262,18388.39266373633,640.7439418670393,451,vrp_raw,mvo_factor_neutral
2020-01-21,13424.454347829358,19999.99996177096,53.25858096077047,451,vrp_raw,mvo_factor_neutral
2020-01-22,-10741.42705745641,19596.284103819864,-386.67381486735127,451,vrp_raw,mvo_factor_neutral
2020-01-23,-3214.3532898531203,19067.019748097144,-572.4625912197481,451,vrp_raw,mvo_factor_neutral
2020-01-24,-8023.999508146015,19495.218791342224,-1105.2152779142355,451,vrp_raw,mvo_factor_neutral
2020-01-27,14529.825229398873,19999.99925522836,-268.612431461092,451,vrp_raw,mvo_factor_neutral
2020-01-28,932.1474930445514,19068.087999996103,-438.8224523823858,451,vrp_raw,mvo_factor_neutral
2020-01-29,10131.94319546441,18965.06022612112,315.85637835207154,451,vrp_raw,mvo_factor_neutral
2020-01-30,-334.2692351205614,17776.206812554643,561.6304050574727,451,vrp_raw,mvo_factor_neutral
2020-01-31,-1090.7595361381643,18199.83246284304,822.4208577851605,451,vrp_raw,mvo_factor_neutral
2020-02-03,-5935.62655791384,20000.000166546386,124.5775683554003,451,vrp_raw,mvo_factor_neutral
2020-02-04,-36.19967344170786,19816.182747821946,391.1177895678675,451,vrp_raw,mvo_factor_neutral
2020-02-05,-30448.16144987747,18919.10690455941,119.29687367328482,451,vrp_raw,mvo_factor_neutral
2020-02-06,-2980.9751791476,18414.14814323064,264.435508675062,451,vrp_raw,mvo_factor_neutral
2020-02-07,26107.71784350529,18530.21414488762,621.2688999280078,451,vrp_raw,mvo_factor_neutral
2020-02-10,1994.179678681019,19999.99987479887,-499.9999968557032,452,vrp_raw,mvo_factor_neutral
2020-02-11,-9711.82229507505,19497.06697659764,-61.475418951364105,452,vrp_raw,mvo_factor_neutral
2020-02-12,-1248.3094989622455,18688.581405268742,-536.7293735264753,452,vrp_raw,mvo_factor_neutral
2020-02-13,1030.1259745899104,18158.585537906576,-314.7492619235174,452,vrp_raw,mvo_factor_neutral
2020-02-14,18775.286424648326,18091.916744898896,236.10177744882714,452,vrp_raw,mvo_factor_neutral
2020-02-18,-1588.0030967959376,19999.999625761393,499.9999886044262,452,vrp_raw,mvo_factor_neutral
2020-02-19,16690.595053725996,19141.175752781135,513.3200342955121,452,vrp_raw,mvo_factor_neutral
2020-02-20,-7894.8429966586955,19883.919089433617,976.0404946346167,452,vrp_raw,mvo_factor_neutral
2020-02-21,-300.64727040330587,19657.819114861497,1787.1449271000588,452,vrp_raw,mvo_factor_neutral
2020-02-24,7262.844160007856,20000.000234946776,499.99996253079183,452,vrp_raw,mvo_factor_neutral
2020-02-25,-1723.1685745435163,20915.38229697951,-2288.893756376048,452,vrp_raw,mvo_factor_neutral
2020-02-26,4963.374834263457,20100.74320139032,-2424.0371450389366,452,vrp_raw,mvo_factor_neutral
2020-02-27,-33626.4628648752,21763.814308641737,1257.208623852259,452,vrp_raw,mvo_factor_neutral
2020-02-28,10319.988356892178,23117.008358813433,1250.3423492771233,451,vrp_raw,mvo_factor_neutral
2020-03-02,-20510.591508447553,19999.99965179922,499.9999181662628,451,vrp_raw,mvo_factor_neutral
2020-03-03,-4874.9358611626685,19588.932640561725,270.91295363131644,451,vrp_raw,mvo_factor_neutral
2020-03-04,-7830.998262373106,19385.39840932118,222.54152530931452,451,vrp_raw,mvo_factor_neutral
2020-03-05,-3678.8523909901714,19101.907646413267,619.885949824244,451,vrp_raw,mvo_factor_neutral
2020-03-06,-82529.44451261395,18677.384067777148,517.0136954536522,450,vrp_raw,mvo_factor_neutral
2020-03-09,70168.90404364193,19545.285217104836,-499.99999985958493,451,vrp_raw,mvo_factor_neutral
2020-03-10,-43405.89146307742,19948.80981122659,-506.5923793819826,451,vrp_raw,mvo_factor_neutral
2020-03-11,-27377.119189264857,18895.970024004855,-527.117057897801,451,vrp_raw,mvo_factor_neutral
2020-03-12,-29603.76430416432,17582.445736780064,-292.97412625977006,451,vrp_raw,mvo_factor_neutral
2020-03-13,97430.3124227287,17925.530086647766,-338.54475068351303,451,vrp_raw,mvo_factor_neutral
2020-03-16,62837.29978280474,19719.97376489645,219.9751106287118,477,vrp_raw,mvo_factor_neutral
2020-03-17,-59553.372128597526,19736.36425958324,228.9757279559031,476,vrp_raw,mvo_factor_neutral
2020-03-18,-11221.600494014236,18808.86670764934,341.5769486304856,474,vrp_raw,mvo_factor_neutral
2020-03-19,-3119.2118536303697,17807.603999861964,1450.7366490202678,473,vrp_raw,mvo_factor_neutral
2020-03-20,68736.67679853161,17333.65487392818,1645.8592623828147,473,vrp_raw,mvo_factor_neutral
2020-03-23,-31035.263124332625,20000.000080685146,499.99999792454804,476,vrp_raw,mvo_factor_neutral
2020-03-24,69660.24971388618,23389.630282507733,2229.191442566147,475,vrp_raw,mvo_factor_neutral
2020-03-25,140702.28509689137,23941.516248065527,2596.9128552007846,474,vrp_raw,mvo_factor_neutral
2020-03-26,11219.167979117015,25116.974486413124,3338.141795736972,474,vrp_raw,mvo_factor_neutral
2020-03-27,-34227.93617851671,24170.894712723388,3138.0050187954025,474,vrp_raw,mvo_factor_neutral
2020-03-30,49861.18600066341,20000.000361260172,499.9999984524349,476,vrp_raw,mvo_factor_neutral
2020-03-31,-26190.32915544699,19537.36854618486,151.4317189564625,475,vrp_raw,mvo_factor_neutral
2020-04-01,31461.283849128755,17649.477307319034,-528.7520085006666,474,vrp_raw,mvo_factor_neutral
2020-04-02,3691.1297325277164,17503.35655431036,-160.66930411184725,474,vrp_raw,mvo_factor_neutral
2020-04-03,11776.579056160113,17442.302986234943,-143.95114054183648,473,vrp_raw,mvo_factor_neutral
2020-04-06,-38406.768497079545,20000.000476646597,499.9999718975743,475,vrp_raw,mvo_factor_neutral
2020-04-07,59356.25648844648,21183.63436818517,736.7920177708748,474,vrp_raw,mvo_factor_neutral
2020-04-08,26703.05727478927,23614.871338372082,2657.706267436369,474,vrp_raw,mvo_factor_neutral
2020-04-09,7069.0935718699675,24583.26287519854,2134.4564288826055,474,vrp_raw,mvo_factor_neutral
2020-04-13,-17713.79462967796,20000.000381959093,499.9999989373152,477,vrp_raw,mvo_factor_neutral
2020-04-14,-45724.93692568577,20126.521484245834,986.7518147358844,476,vrp_raw,mvo_factor_neutral
2020-04-15,8475.606748472692,19300.76608284756,471.39740540265234,476,vrp_raw,mvo_factor_neutral
2020-04-16,-32490.413677678116,18299.29232508671,702.0524371959141,475,vrp_raw,mvo_factor_neutral
2020-04-17,58655.18732798507,18569.48049969941,1232.2054826607775,474,vrp_raw,mvo_factor_neutral
2020-04-20,3965.955425732369,20000.000067259632,499.99999543510273,475,vrp_raw,mvo_factor_neutral
2020-04-21,-4590.950000506551,19510.232647707984,73.64349925130509,475,vrp_raw,mvo_factor_neutral
2020-04-22,-23734.738587043234,19057.554077953122,460.82055057654463,474,vrp_raw,mvo_factor_neutral
2020-04-23,-5865.420954624789,19324.582652028213,191.33010736399146,474,vrp_raw,mvo_factor_neutral
2020-04-24,-9488.595040859083,19379.905177653494,-863.0367303723784,474,vrp_raw,mvo_factor_neutral
2020-04-27,-5410.127395415311,20000.000074106178,-499.99997821488915,476,vrp_raw,mvo_factor_neutral
2020-04-28,17965.403062442798,20156.1435045967,-323.970453452086,476,vrp_raw,mvo_factor_neutral
2020-04-29,59394.592903614364,20771.446339347855,274.71344003755445,476,vrp_raw,mvo_factor_neutral
2020-04-30,-5565.72633993429,20434.42177040366,320.9152540772368,476,vrp_raw,mvo_factor_neutral
2020-05-01,13988.033458735204,19465.484622266853,104.84649080141794,476,vrp_raw,mvo_factor_neutral
2020-05-04,-13146.512120196216,20000.000064187927,499.99999846700535,477,vrp_raw,mvo_factor_neutral
2020-05-05,587.0366824001567,19702.207793392085,400.59986658367717,477,vrp_raw,mvo_factor_neutral
2020-05-06,-5474.962395059638,19115.822758435195,323.8506256694753,477,vrp_raw,mvo_factor_neutral
2020-05-07,10132.98457159334,19361.006171144847,328.4051986087262,477,vrp_raw,mvo_factor_neutral
2020-05-08,-3981.257869301139,19581.60222280892,347.7880904764659,477,vrp_raw,mvo_factor_neutral
2020-05-11,2450.6828873042614,19999.99994605546,-498.59380238066734,477,vrp_raw,mvo_factor_neutral
2020-05-12,-8206.57825573068,19212.038578841966,-373.90613568366155,477,vrp_raw,mvo_factor_neutral
2020-05-13,20221.003401772443,18613.06017564145,-356.0118773949434,477,vrp_raw,mvo_factor_neutral
2020-05-14,5900.984709468344,18851.376075324875,-279.98349688745174,476,vrp_raw,mvo_factor_neutral
2020-05-15,-8687.91987937769,18418.876958383706,-244.9739990342968,476,vrp_raw,mvo_factor_neutral
2020-05-18,64489.27740160668,19949.312955001904,550.6873347968046,476,vrp_raw,mvo_factor_neutral
2020-05-19,23829.48548489675,19794.46202731159,804.543115648673,475,vrp_raw,mvo_factor_neutral
2020-05-20,2498.1599058795136,19233.386703904107,673.8069457254584,475,vrp_raw,mvo_factor_neutral
2020-05-21,5988.142023161721,19772.419812834676,792.2487601929845,475,vrp_raw,mvo_factor_neutral
2020-05-22,-8640.279246602202,19769.475642703823,1103.1172479016975,475,vrp_raw,mvo_factor_neutral
2020-05-26,12334.840875983742,20000.00024452649,499.9999989569889,476,vrp_raw,mvo_factor_neutral
2020-05-27,-11898.678398431715,22443.86222903298,79.89605766804189,476,vrp_raw,mvo_factor_neutral
2020-05-28,-12499.64067762912,22232.165472297882,1197.45441563383,476,vrp_raw,mvo_factor_neutral
2020-05-29,4139.9166957167345,20653.952198075207,1468.4436394259133,476,vrp_raw,mvo_factor_neutral
2020-06-01,30625.82230153751,20000.00019999877,499.9999991982606,476,vrp_raw,mvo_factor_neutral
2020-06-02,-10975.861082043131,19877.85789191311,610.7342942802924,476,vrp_raw,mvo_factor_neutral
2020-06-03,16769.86288820524,19720.332044229937,1219.5088553821079,476,vrp_raw,mvo_factor_neutral
2020-06-04,-58273.25480823982,19822.667600226145,1320.2783952578359,476,vrp_raw,mvo_factor_neutral
2020-06-05,73466.06155307581,21133.13040066874,1931.0766559529125,476,vrp_raw,mvo_factor_neutral
2020-06-08,44097.02246445848,20000.000090682966,499.99999903606823,478,vrp_raw,mvo_factor_neutral
2020-06-09,15032.173226287065,20262.05876811075,164.47661629266887,478,vrp_raw,mvo_factor_neutral
2020-06-10,20791.62382588699,19445.546183387076,-184.39591275625014,478,vrp_raw,mvo_factor_neutral
2020-06-11,33075.058239095444,17917.515985294398,-614.817600517751,478,vrp_raw,mvo_factor_neutral
2020-06-12,7009.8253374301885,17513.253788411588,-152.3664858147782,477,vrp_raw,mvo_factor_neutral
2020-06-15,-8884.479106002289,20000.0003320257,499.9999991546855,477,vrp_raw,mvo_factor_neutral
2020-06-16,3563.6234310719938,19732.21274269058,524.1423952659311,477,vrp_raw,mvo_factor_neutral
2020-06-17,8370.90253709236,19366.8132282915,544.6024833827943,477,vrp_raw,mvo_factor_neutral
2020-06-18,-24742.142530342477,19084.776634391914,501.78272816234664,477,vrp_raw,mvo_factor_neutral
2020-06-19,-11005.736992121278,18602.669023371283,332.09639854568456,477,vrp_raw,mvo_factor_neutral
2020-06-22,-11934.933368539687,20000.000187392186,499.9999995243231,478,vrp_raw,mvo_factor_neutral
2020-06-23,-28355.918595342373,19661.90380974937,513.5079426842256,478,vrp_raw,mvo_factor_neutral
2020-06-24,46806.35479071064,18719.90983089351,93.4187481834381,478,vrp_raw,mvo_factor_neutral
2020-06-25,-17915.616914160237,18223.10695680943,293.5017676065673,478,vrp_raw,mvo_factor_neutral
2020-06-26,24961.953935766593,19141.74947792852,652.9242743719291,478,vrp_raw,mvo_factor_neutral
2020-06-29,3432.688426698851,20000.000262960457,499.99999831480557,493,vrp_raw,mvo_factor_neutral
2020-06-30,-13807.226276300009,19732.331692998418,542.3443207687666,491,vrp_raw,mvo_factor_neutral
2020-07-01,-35970.208453849715,19322.86618967533,476.0927546489802,491,vrp_raw,mvo_factor_neutral
2020-07-02,-27030.325229541315,18933.887806239527,643.1477558503727,491,vrp_raw,mvo_factor_neutral
2020-07-06,-17578.07899733411,20000.00010667499,499.99999758412076,492,vrp_raw,mvo_factor_neutral
2020-07-07,31486.486472076693,19583.71113590708,399.03672599924727,492,vrp_raw,mvo_factor_neutral
2020-07-08,7236.956946471039,19326.183639641557,605.128942883173,492,vrp_raw,mvo_factor_neutral
2020-07-09,-16272.863698176594,18775.88737608244,467.8624233931978,492,vrp_raw,mvo_factor_neutral
2020-07-10,38228.30701005738,18967.279902159145,713.1646979831074,491,vrp_raw,mvo_factor_neutral
2020-07-13,-34026.21404956404,20000.00022846167,-499.99999698243056,492,vrp_raw,mvo_factor_neutral
2020-07-14,12165.80483661906,19665.203082778502,-393.1139307806524,492,vrp_raw,mvo_factor_neutral
2020-07-15,41529.10498486408,20309.043042804442,-18.42171147264249,492,vrp_raw,mvo_factor_neutral
2020-07-16,11246.441463686058,19832.476675811384,-94.8801940621101,492,vrp_raw,mvo_factor_neutral
2020-07-17,-23292.02597575837,19259.869764934112,-51.972855600251854,492,vrp_raw,mvo_factor_neutral
2020-07-20,-18750.589433780173,20000.000172004602,-499.9999985508257,493,vrp_raw,mvo_factor_neutral
2020-07-21,1321.3123324590163,20419.587694133643,-435.3049748232326,493,vrp_raw,mvo_factor_neutral
2020-07-22,22337.91587597982,20098.642772333485,-220.874355536941,493,vrp_raw,mvo_factor_neutral
2020-07-23,32809.49254310803,19887.323834613086,-275.0055930657363,493,vrp_raw,mvo_factor_neutral
2020-07-24,-11280.362903687173,19555.183737627063,-278.87301776312023,493,vrp_raw,mvo_factor_neutral
2020-07-27,9281.606546034676,20000.00000256858,499.99999642316044,493,vrp_raw,mvo_factor_neutral
2020-07-28,5067.330863655097,19364.363197090086,1104.2614911141027,493,vrp_raw,mvo_factor_neutral
2020-07-29,-13045.788721058794,19456.95086416611,527.7016991289103,493,vrp_raw,mvo_factor_neutral
2020-07-30,-7894.369495213241,20076.731010664917,-97.36462778370421,493,vrp_raw,mvo_factor_neutral
2020-07-31,19574.03712755643,19561.954469278364,44.26314030016841,493,vrp_raw,mvo_factor_neutral
2020-08-03,-33892.003719747314,20000.000192754538,499.99999533863377,493,vrp_raw,mvo_factor_neutral
2020-08-04,2300.239709822448,19574.776641922806,450.4407477366113,492,vrp_raw,mvo_factor_neutral
2020-08-05,-4562.440330384019,19275.033330738897,321.5432290975378,492,vrp_raw,mvo_factor_neutral
2020-08-06,9642.163710750967,18870.048598909183,481.03784394922036,492,vrp_raw,mvo_factor_neutral
2020-08-07,8264.232652138056,19811.594768548803,1612.5954490266363,492,vrp_raw,mvo_factor_neutral
2020-08-10,-353.6849320704667,19999.998717620005,499.99999738150257,493,vrp_raw,mvo_factor_neutral
2020-08-11,-4209.908925045198,19539.14976737804,83.87155004513603,493,vrp_raw,mvo_factor_neutral
2020-08-12,13711.570183115027,19336.535917135086,203.44617023716424,493,vrp_raw,mvo_factor_neutral
2020-08-13,10999.906419646733,20245.232275478902,1465.5830291069833,493,vrp_raw,mvo_factor_neutral
2020-08-14,-3833.374311451507,19143.170470607252,373.1436643198743,493,vrp_raw,mvo_factor_neutral
2020-08-17,4442.301287947027,20000.00002271745,-499.99999829523375,493,vrp_raw,mvo_factor_neutral
2020-08-18,5317.176931646584,19651.76959177546,-498.52320037714543,493,vrp_raw,mvo_factor_neutral
2020-08-19,12367.429957615841,19167.221333220008,-486.9394610012327,493,vrp_raw,mvo_factor_neutral
2020-08-20,-442.4133290135232,18847.177668638407,-495.9906738898142,493,vrp_raw,mvo_factor_neutral
2020-08-21,17147.82370793384,18399.41873611969,-740.9603196779269,493,vrp_raw,mvo_factor_neutral
2020-08-24,-28987.094922771128,20000.000260629604,-499.99999178705934,495,vrp_raw,mvo_factor_neutral
2020-08-25,2328.2885525346487,19413.529948215873,-501.8402293035702,495,vrp_raw,mvo_factor_neutral
2020-08-26,15408.2719133967,18815.774505440335,-869.0619239671263,494,vrp_raw,mvo_factor_neutral
2020-08-27,6842.2335408738745,19040.41399823318,11.86599198928337,494,vrp_raw,mvo_factor_neutral
2020-08-28,12350.396374142123,19507.658356132502,-394.9200992400972,494,vrp_raw,mvo_factor_neutral
2020-08-31,16541.8719924177,20000.00009964875,-499.9999973300109,494,vrp_raw,mvo_factor_neutral
2020-09-01,1689.2050331093656,19173.173750953712,-23.540044736718123,493,vrp_raw,mvo_factor_neutral
2020-09-02,2460.7192381504915,18917.61919242321,-88.72764361223545,493,vrp_raw,mvo_factor_neutral
2020-09-03,-1693.2721544479116,18802.096250620034,-88.56739242138887,493,vrp_raw,mvo_factor_neutral
2020-09-04,-301.97624696941307,18372.45402801827,-260.1622345524905,493,vrp_raw,mvo_factor_neutral
2020-09-08,12249.051003802844,20000.00020196503,-499.9999892368899,494,vrp_raw,mvo_factor_neutral
2020-09-09,28967.947318123523,19995.172587371617,-132.84036234875714,494,vrp_raw,mvo_factor_neutral
2020-09-10,16140.89382021449,19265.396618924453,-128.3364911826886,494,vrp_raw,mvo_factor_neutral
2020-09-11,16606.384907654076,18846.262382256864,-188.29554268482607,494,vrp_raw,mvo_factor_neutral
2020-09-14,20367.464734318364,19999.99983704681,-499.9999987002414,494,vrp_raw,mvo_factor_neutral
2020-09-15,25630.977902178645,19855.237744283986,-304.50841264979357,494,vrp_raw,mvo_factor_neutral
2020-09-16,-7581.828441949869,19469.533038261623,-892.1109344078242,494,vrp_raw,mvo_factor_neutral
2020-09-17,9992.126614869707,19504.018354486827,-477.3259895379796,494,vrp_raw,mvo_factor_neutral
2020-09-18,6090.2060722079095,19168.121964688653,-389.90693184669266,494,vrp_raw,mvo_factor_neutral
2020-09-21,-25474.513657529198,20000.000164232162,-499.99999923289187,495,vrp_raw,mvo_factor_neutral
2020-09-22,7996.288071824104,19813.65978923459,-448.50090947906796,495,vrp_raw,mvo_factor_neutral
2020-09-23,17399.663384377556,18482.525100582865,-500.51372646117096,495,vrp_raw,mvo_factor_neutral
2020-09-24,-25345.072376554603,18467.29348052489,-1059.9331610851343,494,vrp_raw,mvo_factor_neutral
2020-09-25,3455.0532074333373,18909.876242746635,-883.8211324438903,494,vrp_raw,mvo_factor_neutral
2020-09-28,8080.326500983833,20000.00035612983,-499.9999982788101,496,vrp_raw,mvo_factor_neutral
2020-09-29,-17978.13567648042,19581.12598685851,-368.5882603619194,496,vrp_raw,mvo_factor_neutral
2020-09-30,10911.124550996286,19429.37412781071,-376.71213248848767,496,vrp_raw,mvo_factor_neutral
2020-10-01,10532.917618871748,19376.95553995178,-402.93082438457543,496,vrp_raw,mvo_factor_neutral
2020-10-02,-6606.064205746322,19225.54486389853,-512.33601211408,496,vrp_raw,mvo_factor_neutral
2020-10-05,19576.656010217186,20000.000444343066,-499.9999976334824,496,vrp_raw,mvo_factor_neutral
2020-10-06,6731.61487247012,19711.452795876878,-369.4869360957552,496,vrp_raw,mvo_factor_neutral
2020-10-07,-8210.69974483889,19538.2333895737,-730.2330641294233,496,vrp_raw,mvo_factor_neutral
2020-10-08,-7954.653352422499,19172.60198069975,-1013.255908682475,496,vrp_raw,mvo_factor_neutral
2020-10-09,-10256.817897588362,19165.349622714555,-1351.6452551587595,496,vrp_raw,mvo_factor_neutral
2020-10-12,17687.259193348575,20000.000367441786,-499.9999996049493,497,vrp_raw,mvo_factor_neutral
2020-10-13,3762.802133249819,20058.457292296353,149.9021253349806,497,vrp_raw,mvo_factor_neutral
2020-10-14,16676.19055221549,19989.12516865903,347.88850869059326,497,vrp_raw,mvo_factor_neutral
2020-10-15,5782.506884732444,19622.18014232799,559.8814947200282,497,vrp_raw,mvo_factor_neutral
2020-10-16,3066.7102353798637,19847.21564045892,509.162567929721,497,vrp_raw,mvo_factor_neutral
2020-10-19,-11684.105125299726,20000.00022992304,-499.9999960920275,497,vrp_raw,mvo_factor_neutral
2020-10-20,1716.5698005896486,20716.836607092253,-42.114028241395424,497,vrp_raw,mvo_factor_neutral
2020-10-21,24368.335066471795,20069.686859717345,-222.79716354073133,497,vrp_raw,mvo_factor_neutral
2020-10-22,-14443.407142849039,20408.925912960407,-382.14599941007066,497,vrp_raw,mvo_factor_neutral
2020-10-23,-6574.056435161541,19926.792271401373,-1332.1452868571812,497,vrp_raw,mvo_factor_neutral
2020-10-26,-16305.734169596844,20000.000350641913,-499.99999829557703,497,vrp_raw,mvo_factor_neutral
2020-10-27,19408.777243242086,22467.712255832696,1439.3325223474149,497,vrp_raw,mvo_factor_neutral
2020-10-28,5549.474711923738,22198.371591986204,1199.4444716443668,497,vrp_raw,mvo_factor_neutral
2020-10-29,-8872.079803686222,21842.011491164325,847.8193554866397,497,vrp_raw,mvo_factor_neutral
2020-10-30,349.2378537005709,21276.61159211951,630.9755102759158,497,vrp_raw,mvo_factor_neutral
2020-11-02,21465.451088660047,19855.23007527354,-256.8643780405163,496,vrp_raw,mvo_factor_neutral
2020-11-03,4765.328919776685,19339.663417423755,174.89730959278683,495,vrp_raw,mvo_factor_neutral
2020-11-04,-29309.770749044383,19401.257070745454,-97.52368671026716,495,vrp_raw,mvo_factor_neutral
2020-11-05,-10096.659984912685,18887.180776265563,59.74059205913304,495,vrp_raw,mvo_factor_neutral
2020-11-06,482.4898871039415,18814.72203860602,-70.82641986118124,495,vrp_raw,mvo_factor_neutral
2020-11-09,7540.507937155786,19958.920973578643,541.079126308414,495,vrp_raw,mvo_factor_neutral
2020-11-10,-28524.89045186555,20981.184807885515,754.793931863278,495,vrp_raw,mvo_factor_neutral
2020-11-11,65522.74402197589,20829.0392883768,212.82720642847522,495,vrp_raw,mvo_factor_neutral
2020-11-12,-19348.639289512583,20392.856120220094,330.08020479467547,495,vrp_raw,mvo_factor_neutral
2020-11-13,-8706.500701727457,20073.99990936772,4.333323428928638,495,vrp_raw,mvo_factor_neutral
2020-11-16,2906.5560991507064,19999.99985399762,499.9999977039652,496,vrp_raw,mvo_factor_neutral
2020-11-17,-1321.9023140592178,20486.677673847553,557.023284351731,496,vrp_raw,mvo_factor_neutral
2020-11-18,-11573.312251691572,20741.96102610385,13.382352654643846,496,vrp_raw,mvo_factor_neutral
2020-11-19,9385.944127812258,20444.001974477105,318.1907525082983,496,vrp_raw,mvo_factor_neutral
2020-11-20,-4696.856890358282,20226.315557342696,243.54999906908586,496,vrp_raw,mvo_factor_neutral
2020-11-23,4885.806231947096,20000.000303461835,499.9999995813533,497,vrp_raw,mvo_factor_neutral
2020-11-24,21830.556302472345,20725.261259580602,134.31956710094553,497,vrp_raw,mvo_factor_neutral
2020-11-25,224.1272150681446,20670.739392446005,72.32478032643333,497,vrp_raw,mvo_factor_neutral
2020-11-27,-14416.012391250151,20282.53606562119,-234.47352524716703,497,vrp_raw,mvo_factor_neutral
2020-11-30,-1733.2941985683467,20000.000275335882,499.99999971402326,497,vrp_raw,mvo_factor_neutral
2020-12-01,-1198.1246709924376,19637.805822684753,812.4935498434927,497,vrp_raw,mvo_factor_neutral
2020-12-02,17803.34576583539,19325.22795920043,749.5643486067702,497,vrp_raw,mvo_factor_neutral
2020-12-03,4598.229068097513,19064.837955202813,800.2497882796871,497,vrp_raw,mvo_factor_neutral
2020-12-04,4971.206151313583,18856.09511108087,1232.9117842190146,497,vrp_raw,mvo_factor_neutral
2020-12-07,-12223.840692736085,20000.000214812982,499.99999884258597,497,vrp_raw,mvo_factor_neutral
2020-12-08,-12270.28774866361,19636.94366461226,836.1941284955137,497,vrp_raw,mvo_factor_neutral
2020-12-09,-16320.447493786723,19259.834192678583,812.6684247682674,497,vrp_raw,mvo_factor_neutral
2020-12-10,770.2520901181471,19184.17070553798,731.6123023375043,497,vrp_raw,mvo_factor_neutral
2020-12-11,-5828.088936744507,18855.07068716594,750.1269824324238,497,vrp_raw,mvo_factor_neutral
2020-12-14,-11697.579667256636,20000.000257308024,499.99999690150935,497,vrp_raw,mvo_factor_neutral
2020-12-15,10613.979382580155,19373.242289841262,737.1867649943763,497,vrp_raw,mvo_factor_neutral
2020-12-16,1228.0296037760575,19031.686215186277,594.5944820619197,497,vrp_raw,mvo_factor_neutral
2020-12-17,-10164.250108650855,18588.499868236715,621.9968210718264,497,vrp_raw,mvo_factor_neutral
2020-12-18,50904.86938884084,19245.804532894217,307.51606720258087,497,vrp_raw,mvo_factor_neutral
2020-12-21,-38438.61507525567,17247.6749867077,499.9999993204377,497,vrp_raw,mvo_factor_neutral
2020-12-22,-9196.652866027744,16561.34939754568,-117.42678361304539,497,vrp_raw,mvo_factor_neutral
2020-12-23,7436.859895993461,16322.57959968309,-8.665708951400484,497,vrp_raw,mvo_factor_neutral
2020-12-24,4258.104661889855,15552.08949139386,371.3575365182677,497,vrp_raw,mvo_factor_neutral
2020-12-28,-1598.7514492882954,17108.085207213702,499.99999427200174,497,vrp_raw,mvo_factor_neutral
2020-12-29,2204.6135216927487,16825.280115544276,460.8914458880973,497,vrp_raw,mvo_factor_neutral
2020-12-30,-1554.540218533682,16705.840233017927,503.51283005893634,497,vrp_raw,mvo_factor_neutral
2020-12-31,-1634.7448868610488,16573.091483183736,532.6246171371746,497,vrp_raw,mvo_factor_neutral
2021-01-04,-3197.4014174541494,16118.716777840069,463.0421049414098,497,vrp_raw,mvo_factor_neutral
2021-01-05,330.1878700938173,15880.317522469792,445.0856343364959,497,vrp_raw,mvo_factor_neutral
2021-01-06,15318.78439216278,15596.496392517982,536.0917878075819,497,vrp_raw,mvo_factor_neutral
2021-01-07,-9583.80547468387,15728.504229151167,1051.9499760894746,497,vrp_raw,mvo_factor_neutral
2021-01-08,-4048.9931283666415,15666.598425063743,1020.0680797591228,497,vrp_raw,mvo_factor_neutral
2021-01-11,-7427.33612211552,19558.700224026114,401.2180952254349,497,vrp_raw,mvo_factor_neutral
2021-01-12,6719.80199882869,20486.263054682364,1282.9823841392874,485,vrp_raw,mvo_factor_neutral
2021-01-13,804.4831592535414,20535.764937860753,1337.1019563297684,485,vrp_raw,mvo_factor_neutral
2021-01-14,-12143.64451997107,20453.697191763593,1756.0485578257721,485,vrp_raw,mvo_factor_neutral
2021-01-15,13932.251486071802,20305.2185848976,1704.0112423338721,484,vrp_raw,mvo_factor_neutral
2021-01-19,21724.759053614936,20000.000212607552,220.5114950043343,484,vrp_raw,mvo_factor_neutral
2021-01-20,4931.638542498896,19440.824189869265,324.39277017184685,484,vrp_raw,mvo_factor_neutral
2021-01-21,-7898.591134380561,19071.507616232557,-37.01160310587153,484,vrp_raw,mvo_factor_neutral
2021-01-22,17450.694587918148,18991.496894324424,189.6219068879814,484,vrp_raw,mvo_factor_neutral
2021-01-25,1955.2958414141272,20000.00015024605,297.69814334796814,484,vrp_raw,mvo_factor_neutral
2021-01-26,11657.605942986609,21393.788248696954,1906.0849564807693,484,vrp_raw,mvo_factor_neutral
2021-01-27,-42264.33400256494,21203.580391801865,1507.2487347197432,483,vrp_raw,mvo_factor_neutral
2021-01-28,-24847.26184109325,20958.561348070256,1163.9141007579851,483,vrp_raw,mvo_factor_neutral
2021-01-29,11349.02904602415,19559.23386898608,840.352440166277,483,vrp_raw,mvo_factor_neutral
2021-02-01,32096.60776836182,19999.999883810142,-269.2554921399787,483,vrp_raw,mvo_factor_neutral
2021-02-02,10683.741614361421,20064.64924994997,112.60519800043802,482,vrp_raw,mvo_factor_neutral
2021-02-03,4449.022508614414,20005.51814251129,359.33489600600615,482,vrp_raw,mvo_factor_neutral
2021-02-04,5267.7363741418885,20027.574103978255,47.15872399167298,482,vrp_raw,mvo_factor_neutral
2021-02-05,11971.194866038362,20147.592536987413,113.54637890608912,482,vrp_raw,mvo_factor_neutral
2021-02-08,13830.76487776262,20000.000083886745,177.50035822929914,482,vrp_raw,mvo_factor_neutral
2021-02-09,-4754.667786438682,19979.123403129404,182.92965873755125,482,vrp_raw,mvo_factor_neutral
2021-02-10,10751.694546417077,19750.828742409205,13.040907411774818,482,vrp_raw,mvo_factor_neutral
2021-02-11,-7298.194943621711,19427.473794726888,66.7690453443125,482,vrp_raw,mvo_factor_neutral
2021-02-12,1722.371093850866,19129.05294246997,-246.36833484648636,482,vrp_raw,mvo_factor_neutral
2021-02-16,-3406.2072686485735,19999.998535978448,492.16345055848717,482,vrp_raw,mvo_factor_neutral
2021-02-17,13286.303289074156,20744.55815485226,1340.514877216619,482,vrp_raw,mvo_factor_neutral
2021-02-18,-10.474036680672015,19941.13774879585,925.4267365834099,482,vrp_raw,mvo_factor_neutral
2021-02-19,6493.067155877999,20861.798739511843,-812.8531423358627,482,vrp_raw,mvo_factor_neutral
2021-02-22,-9616.95257566246,20000.00009322094,-499.9999979535947,482,vrp_raw,mvo_factor_neutral
2021-02-23,-4410.166112933109,19340.1178400722,-811.1288677711292,482,vrp_raw,mvo_factor_neutral
2021-02-24,-6108.6617026619115,19246.633237633145,-1224.0831192950766,482,vrp_raw,mvo_factor_neutral
2021-02-25,-778.5164507098398,20814.269892874534,359.47446075046224,482,vrp_raw,mvo_factor_neutral
2021-02-26,-11892.35714138581,20412.39660238121,103.37257612932727,482,vrp_raw,mvo_factor_neutral
2021-03-01,13463.623110244727,20000.000024501638,-499.99999923116826,482,vrp_raw,mvo_factor_neutral
2021-03-02,32666.03974650971,20011.202887329167,-64.3720051208929,482,vrp_raw,mvo_factor_neutral
2021-03-03,4866.154994143284,19838.05483344449,350.6633095142097,482,vrp_raw,mvo_factor_neutral
2021-03-04,-9726.577469525464,19252.51866415026,65.790301569328,482,vrp_raw,mvo_factor_neutral
2021-03-05,3693.687046318643,18790.144792881547,76.16158270410298,482,vrp_raw,mvo_factor_neutral
2021-03-08,-4973.047999798322,19999.999459321076,-499.9999688853384,482,vrp_raw,mvo_factor_neutral
2021-03-09,7406.799518748497,20116.15688092243,-506.5615558112046,482,vrp_raw,mvo_factor_neutral
2021-03-10,-3433.9982921647807,19972.51970494736,-1054.543549505174,482,vrp_raw,mvo_factor_neutral
2021-03-11,13993.678948410696,19620.595044015525,-967.9863381254202,482,vrp_raw,mvo_factor_neutral
2021-03-12,546.5910053021278,19273.532096458206,-329.0658680008066,482,vrp_raw,mvo_factor_neutral
2021-03-15,-127.71808985121729,20000.000171561973,-499.99999925576986,483,vrp_raw,mvo_factor_neutral
2021-03-16,-7436.475008104452,20169.38948178993,-466.7046364895833,483,vrp_raw,mvo_factor_neutral
2021-03-17,37744.14396488256,19325.228852373755,-769.9181790120563,483,vrp_raw,mvo_factor_neutral
2021-03-18,-2248.0088452607056,19698.35194570558,-679.7222897100391,483,vrp_raw,mvo_factor_neutral
2021-03-19,25969.474151235965,19588.239044091653,-879.0386223665853,483,vrp_raw,mvo_factor_neutral
2021-03-22,2918.106933604959,19999.99975846461,-365.11997866189324,483,vrp_raw,mvo_factor_neutral
2021-03-23,-4554.728343373426,20752.72644333622,364.14435685202744,483,vrp_raw,mvo_factor_neutral
2021-03-24,-4510.937671594239,19919.878060786978,361.4000918028206,483,vrp_raw,mvo_factor_neutral
2021-03-25,-11272.930048327658,20057.138995489877,680.0254753945907,483,vrp_raw,mvo_factor_neutral
2021-03-26,16842.02112624336,18337.425613937186,179.60457537521071,483,vrp_raw,mvo_factor_neutral
2021-03-29,17983.128606191905,20000.000059416514,499.9999964450362,483,vrp_raw,mvo_factor_neutral
2021-03-30,857.3785711681994,19835.72541068759,491.69225009469943,483,vrp_raw,mvo_factor_neutral
2021-03-31,3305.4975562551817,19602.904268866085,539.0693674118506,483,vrp_raw,mvo_factor_neutral
2021-04-01,9183.776772218123,19114.878821134025,723.350492899442,483,vrp_raw,mvo_factor_neutral
2021-04-05,-7824.645811689056,20000.000096343418,499.9999964632821,483,vrp_raw,mvo_factor_neutral
2021-04-06,8401.2733622919,19914.10248382915,510.14163413972574,483,vrp_raw,mvo_factor_neutral
2021-04-07,376.683716189008,19734.742440411082,559.7251165137541,483,vrp_raw,mvo_factor_neutral
2021-04-08,9042.517941131608,19057.361934318673,546.4154128964043,483,vrp_raw,mvo_factor_neutral
2021-04-09,-1003.2819109513603,18586.363250913408,457.5583795545913,483,vrp_raw,mvo_factor_neutral
2021-04-12,-5317.516471358296,19999.99989863762,305.64403286604914,483,vrp_raw,mvo_factor_neutral
2021-04-13,-13119.306679522446,19822.29873908411,122.6407686761384,483,vrp_raw,mvo_factor_neutral
2021-04-14,1806.5990665802847,19388.257281462644,62.41507134992552,483,vrp_raw,mvo_factor_neutral
2021-04-15,4294.467879392727,19144.010708852522,-253.48514880552707,483,vrp_raw,mvo_factor_neutral
2021-04-16,4993.73854359269,18366.961441814798,-448.6193952114243,483,vrp_raw,mvo_factor_neutral
2021-04-19,220.88217758403732,19999.99904549737,-499.83313978454794,484,vrp_raw,mvo_factor_neutral
2021-04-20,35708.77563322243,19412.051044633674,-716.2479808230635,484,vrp_raw,mvo_factor_neutral
2021-04-21,7364.3931909965495,19398.52488215968,-482.2682983506695,484,vrp_raw,mvo_factor_neutral
2021-04-22,-674.5662638076814,19341.753339547464,-569.4186148194055,484,vrp_raw,mvo_factor_neutral
2021-04-23,-870.1983592020612,18614.885007901546,-462.24866246873546,483,vrp_raw,mvo_factor_neutral
2021-04-26,4849.1650105722565,19999.999533762206,-499.9999063484849,483,vrp_raw,mvo_factor_neutral
2021-04-27,761.0551593646426,19683.874167655074,-310.24630392369676,483,vrp_raw,mvo_factor_neutral
2021-04-28,-2446.2100864929994,18724.408106616564,-211.31351880700905,483,vrp_raw,mvo_factor_neutral
2021-04-29,-12530.151924656808,18089.525858990364,-427.9134608076637,483,vrp_raw,mvo_factor_neutral
2021-04-30,8780.003287514452,18368.292584685936,-173.5859501271926,483,vrp_raw,mvo_factor_neutral
2021-05-03,-21251.791674671687,20000.000278165313,-499.99999673968205,483,vrp_raw,mvo_factor_neutral
2021-05-04,11357.330802243398,19341.256195569127,-517.9176619650875,483,vrp_raw,mvo_factor_neutral
2021-05-05,-4584.5834536270695,19123.30799459931,-933.7909903135557,483,vrp_raw,mvo_factor_neutral
2021-05-06,871.3930955026934,18614.83669475411,-843.4039625052906,483,vrp_raw,mvo_factor_neutral
2021-05-07,6257.854659065064,17914.917105344266,-996.5453370853755,483,vrp_raw,mvo_factor_neutral
2021-05-10,-1119.645619439846,20000.00019123255,499.99999901943295,483,vrp_raw,mvo_factor_neutral
2021-05-11,12062.242578836676,20242.76521194029,1212.2527176661383,483,vrp_raw,mvo_factor_neutral
2021-05-12,702.886123823834,20039.89735416266,1339.7839008340281,483,vrp_raw,mvo_factor_neutral
2021-05-13,-10973.023197920887,19279.49130334153,650.8477370101322,483,vrp_raw,mvo_factor_neutral
2021-05-14,3142.338206287653,18987.450047045437,766.5215340550304,483,vrp_raw,mvo_factor_neutral
2021-05-17,16187.078500658516,20000.000205309272,499.9999982935573,484,vrp_raw,mvo_factor_neutral
2021-05-18,-7502.893341151995,20017.781621608417,571.7667702238626,484,vrp_raw,mvo_factor_neutral
2021-05-19,92.7918591316125,20304.589819285236,561.3808631631157,484,vrp_raw,mvo_factor_neutral
2021-05-20,15454.588615027422,19712.883640517506,1053.8662323864396,484,vrp_raw,mvo_factor_neutral
2021-05-21,-9526.812452236927,19776.696096071577,1173.9294742282384,484,vrp_raw,mvo_factor_neutral
2021-05-24,-5584.274652642582,19999.99943917695,423.082354606452,483,vrp_raw,mvo_factor_neutral
2021-05-25,-2540.9910694760833,19820.87170001589,940.3930431976617,483,vrp_raw,mvo_factor_neutral
2021-05-26,-9886.959782692114,18947.180842435875,937.6599795046201,483,vrp_raw,mvo_factor_neutral
2021-05-27,-8237.951031597506,18713.91161335651,881.0743420592395,483,vrp_raw,mvo_factor_neutral
2021-05-28,-6782.057151198852,18405.653385627527,662.9730799741035,483,vrp_raw,mvo_factor_neutral
2021-06-01,-10242.453032045936,19999.99942085299,300.374934171125,483,vrp_raw,mvo_factor_neutral
2021-06-02,11014.105158305718,19269.101515336595,461.8135908379021,483,vrp_raw,mvo_factor_neutral
2021-06-03,11469.440253036431,18937.834524177084,147.95407073269868,483,vrp_raw,mvo_factor_neutral
2021-06-04,-8908.298575404455,18597.131689458976,291.08166276136075,483,vrp_raw,mvo_factor_neutral
2021-06-07,24382.292729462675,20000.000088073542,348.56580490209694,483,vrp_raw,mvo_factor_neutral
2021-06-08,1627.8704901778513,19741.8391578061,858.0554670613099,483,vrp_raw,mvo_factor_neutral
2021-06-09,-891.2255744419318,19179.436327933116,721.5463200104608,483,vrp_raw,mvo_factor_neutral
2021-06-10,-6411.962686309762,18271.986526792665,908.5567531746943,483,vrp_raw,mvo_factor_neutral
2021-06-11,-19760.054923863034,17759.711202025555,1303.812219990247,483,vrp_raw,mvo_factor_neutral
2021-06-14,27695.933858191816,19999.999702451405,499.99999287640094,483,vrp_raw,mvo_factor_neutral
2021-06-15,-18978.876854272643,20764.742251264848,1473.8480296501045,483,vrp_raw,mvo_factor_neutral
2021-06-16,-2920.9737095507066,20747.04378908908,846.7439356493475,483,vrp_raw,mvo_factor_neutral
2021-06-17,-5264.203145216611,20273.66841971224,-87.94490130879677,483,vrp_raw,mvo_factor_neutral
2021-06-18,5836.688375195828,19891.099722131945,-126.24163620740845,483,vrp_raw,mvo_factor_neutral
2021-06-21,-14441.317255851682,19999.99936887835,499.9999878266203,483,vrp_raw,mvo_factor_neutral
2021-06-22,-3560.059877118097,20565.800476745553,3021.1865545284377,483,vrp_raw,mvo_factor_neutral
2021-06-23,-6115.793704937445,20169.07771541962,2780.131678685205,483,vrp_raw,mvo_factor_neutral
2021-06-24,23568.97475702734,22467.305145303573,2361.619803212837,483,vrp_raw,mvo_factor_neutral
2021-06-25,-20504.387244289752,20493.746392683468,1072.727049875402,483,vrp_raw,mvo_factor_neutral
2021-06-28,3055.6293796498967,20000.000420069937,499.9999993263682,501,vrp_raw,mvo_factor_neutral
2021-06-29,1416.6164029855884,19696.224151883693,479.3765210442167,501,vrp_raw,mvo_factor_neutral
2021-06-30,1055.529127035836,19571.453639754876,525.564502619403,501,vrp_raw,mvo_factor_neutral
2021-07-01,4044.880770538668,19215.1930902981,347.07842705835014,501,vrp_raw,mvo_factor_neutral
2021-07-02,2445.703366321483,18850.66019798385,254.64255020848128,501,vrp_raw,mvo_factor_neutral
2021-07-06,-8539.882758784255,19999.999885680383,499.9999976469851,501,vrp_raw,mvo_factor_neutral
2021-07-07,-10205.04891775831,19412.416239912433,477.4293789103843,501,vrp_raw,mvo_factor_neutral
2021-07-08,352.03788108586076,18771.486936113313,339.1264294956979,501,vrp_raw,mvo_factor_neutral
2021-07-09,17662.59352437768,18909.771396086173,352.1646029077948,501,vrp_raw,mvo_factor_neutral
2021-07-12,341.981552032178,19999.999656222026,499.9999807550799,501,vrp_raw,mvo_factor_neutral
2021-07-13,-1252.48708096819,19448.152837393653,927.2996301827831,501,vrp_raw,mvo_factor_neutral
2021-07-14,-6140.600568738865,19088.507484215344,685.1515734663842,501,vrp_raw,mvo_factor_neutral
2021-07-15,-381.05577274409256,18722.234653205665,788.9660561630656,501,vrp_raw,mvo_factor_neutral
2021-07-16,242.42175457352835,17417.176170167677,971.0398008155323,501,vrp_raw,mvo_factor_neutral
2021-07-19,4372.585989563689,20000.000215586097,275.4956055910948,501,vrp_raw,mvo_factor_neutral
2021-07-20,5180.271275553551,20441.032058216315,139.53206075398882,501,vrp_raw,mvo_factor_neutral
2021-07-21,3983.72413074083,21040.531528290467,343.2101256567535,501,vrp_raw,mvo_factor_neutral
2021-07-22,4788.865559699214,19214.354049924015,-318.50389000622914,501,vrp_raw,mvo_factor_neutral
2021-07-23,8873.310927329021,18902.488355365826,-999.6321788401133,501,vrp_raw,mvo_factor_neutral
2021-07-26,261.25873556145285,19999.99998676458,499.9999983411243,501,vrp_raw,mvo_factor_neutral
2021-07-27,-12849.891879717676,19451.701206538713,-114.5777598824906,501,vrp_raw,mvo_factor_neutral
2021-07-28,-108.54494135941789,19047.01215211498,-172.68486129200133,501,vrp_raw,mvo_factor_neutral
2021-07-29,-33967.032495969346,17103.2451198913,-772.4613477773961,500,vrp_raw,mvo_factor_neutral
2021-07-30,34534.851505305225,16017.6633297178,183.29852949103426,500,vrp_raw,mvo_factor_neutral
2021-08-02,190.50422999123762,19999.999794953383,499.99999158512355,500,vrp_raw,mvo_factor_neutral
2021-08-03,1045.5533031231128,19472.217672685856,1246.1511994768352,500,vrp_raw,mvo_factor_neutral
2021-08-04,-12017.536104137083,19605.94116928781,785.2735509526462,500,vrp_raw,mvo_factor_neutral
2021-08-05,16424.005324223457,19363.715655526532,912.9447383854814,500,vrp_raw,mvo_factor_neutral
2021-08-06,7448.531347176743,18880.23901072954,1009.9742663645446,500,vrp_raw,mvo_factor_neutral
2021-08-09,3720.817471876639,19007.571727771618,499.99999927175384,500,vrp_raw,mvo_factor_neutral
2021-08-10,7118.149797518794,18668.033445669727,607.7524016390654,500,vrp_raw,mvo_factor_neutral
2021-08-11,-8378.52386667648,18016.07229316269,475.83726520904185,500,vrp_raw,mvo_factor_neutral
2021-08-12,-2252.2474908190006,17796.995720963067,615.6160881620189,500,vrp_raw,mvo_factor_neutral
2021-08-13,-2080.1912989460457,17473.04050524814,658.6627261926018,500,vrp_raw,mvo_factor_neutral
2021-08-16,-8787.232263552272,18299.859407441505,500.0000000046657,500,vrp_raw,mvo_factor_neutral
2021-08-17,-1480.0378185184434,18387.4842141618,705.7182124083263,500,vrp_raw,mvo_factor_neutral
2021-08-18,2204.504202716553,17928.58845907393,823.8763419043477,500,vrp_raw,mvo_factor_neutral
2021-08-19,5857.146762442958,17413.08829097153,1440.0377934822807,500,vrp_raw,mvo_factor_neutral
2021-08-20,-11644.279287883886,17400.865713368174,914.4736958138002,500,vrp_raw,mvo_factor_neutral
2021-08-23,11190.811097280897,17865.386127389782,499.9999896412454,500,vrp_raw,mvo_factor_neutral
2021-08-24,-11143.634095003585,17315.031909313686,508.3399260851187,500,vrp_raw,mvo_factor_neutral
2021-08-25,-7259.79891938015,17956.18709521702,-297.0521566112122,500,vrp_raw,mvo_factor_neutral
2021-08-26,-3777.201521220533,17549.505200833784,143.92315577139735,500,vrp_raw,mvo_factor_neutral
2021-08-27,14380.275323463566,17506.017988547166,78.88689710500594,500,vrp_raw,mvo_factor_neutral
2021-08-30,-12559.89841198895,17623.347150867226,499.9999995992588,500,vrp_raw,mvo_factor_neutral
2021-08-31,2596.4296887607265,17418.788728707157,371.86328777898507,500,vrp_raw,mvo_factor_neutral
2021-09-01,-4525.612771468455,17137.721141718474,486.50957276112405,500,vrp_raw,mvo_factor_neutral
2021-09-02,-5397.875913102038,16964.676047164816,616.3300576258597,500,vrp_raw,mvo_factor_neutral
2021-09-03,7882.796167611478,16582.019182540607,712.0037731235042,499,vrp_raw,mvo_factor_neutral
2021-09-07,381.1601949981211,19999.999589580988,499.99999228447064,499,vrp_raw,mvo_factor_neutral
2021-09-08,14864.028554708535,19454.40567881914,-8.355787513999308,499,vrp_raw,mvo_factor_neutral
2021-09-09,9764.169255434694,18929.904536441336,628.0952679400939,499,vrp_raw,mvo_factor_neutral
2021-09-10,-12671.93586062383,17932.050456024033,614.5390219269857,499,vrp_raw,mvo_factor_neutral
2021-09-13,6088.693636386353,19999.999391839818,-76.4855007657193,499,vrp_raw,mvo_factor_neutral
2021-09-14,13856.37077275705,18911.58751292595,594.6231180685069,499,vrp_raw,mvo_factor_neutral
2021-09-15,-28177.783295073317,19653.863941243915,-1135.891818401094,499,vrp_raw,mvo_factor_neutral
2021-09-16,495.57547395501655,19414.81035268845,-1298.1570633002357,499,vrp_raw,mvo_factor_neutral
2021-09-17,485.8453437461812,19177.203544964723,-1048.039233406193,499,vrp_raw,mvo_factor_neutral
2021-09-20,-2701.491083246058,20000.000071250437,-131.73091497657123,499,vrp_raw,mvo_factor_neutral
2021-09-21,-4060.530345259919,18546.944885216748,-366.0525202513542,499,vrp_raw,mvo_factor_neutral
2021-09-22,-12623.714827393193,18083.036728159266,-477.78993862886,499,vrp_raw,mvo_factor_neutral
2021-09-23,10032.350222007424,16660.38678389153,-799.5962204631095,499,vrp_raw,mvo_factor_neutral
2021-09-24,10565.955408320202,16108.478727679658,-556.1228724869388,499,vrp_raw,mvo_factor_neutral
2021-09-27,-9898.579101778076,19999.99836860703,398.2360022612472,499,vrp_raw,mvo_factor_neutral
2021-09-28,-2492.7126059723396,19474.264883640855,500.8540389086906,499,vrp_raw,mvo_factor_neutral
2021-09-29,26001.921087090785,20171.423076100637,1584.2823647842997,499,vrp_raw,mvo_factor_neutral
2021-09-30,3772.0872071168806,19236.56523591176,1068.460550491646,499,vrp_raw,mvo_factor_neutral
2021-10-01,3972.035044539594,19582.468002810052,1196.698827446854,499,vrp_raw,mvo_factor_neutral
2021-10-04,-6030.883862751347,20000.00060746001,499.99999710505955,499,vrp_raw,mvo_factor_neutral
2021-10-05,7782.398064911267,20268.665521566312,466.0994894959453,499,vrp_raw,mvo_factor_neutral
2021-10-06,-9815.555663823727,19688.263114598954,-87.88534798771421,499,vrp_raw,mvo_factor_neutral
2021-10-07,-28.410868032291248,20026.10458790288,94.14588131650765,499,vrp_raw,mvo_factor_neutral
2021-10-08,7401.557161143084,19328.284381817703,-93.95227420117175,499,vrp_raw,mvo_factor_neutral
2021-10-11,-3766.6724972768793,19999.998867855014,-499.9998456620091,500,vrp_raw,mvo_factor_neutral
2021-10-12,-7803.98811130123,19728.410562523924,-621.3646719647713,500,vrp_raw,mvo_factor_neutral
2021-10-13,-7737.178166605734,19647.383043386806,-1062.9600586601987,500,vrp_raw,mvo_factor_neutral
2021-10-14,7900.556711772894,19329.58735274801,-1408.2333573431874,500,vrp_raw,mvo_factor_neutral
2021-10-15,-7366.243128518099,18731.53085885167,-1672.195273971361,500,vrp_raw,mvo_factor_neutral
2021-10-18,-3048.2514148611,19999.996533980302,-499.9999938202803,500,vrp_raw,mvo_factor_neutral
2021-10-19,-21045.440093863082,20564.74116993543,-1670.7628762791148,500,vrp_raw,mvo_factor_neutral
2021-10-20,17188.205494371545,20663.235769926225,-1196.1627487935218,500,vrp_raw,mvo_factor_neutral
2021-10-21,11118.880516241636,20315.25611701614,-841.8750964420846,500,vrp_raw,mvo_factor_neutral
2021-10-22,6390.774614037607,19817.1273541227,-801.6648581962618,500,vrp_raw,mvo_factor_neutral
2021-10-25,-16313.186897532174,19999.999659371628,-499.9999947326034,500,vrp_raw,mvo_factor_neutral
2021-10-26,-10086.405904559735,19999.545924135007,-46.85113032537576,500,vrp_raw,mvo_factor_neutral
2021-10-27,-39172.15833258072,19395.823017846567,508.5057344533909,500,vrp_raw,mvo_factor_neutral
2021-10-28,9132.109452599632,19261.879373701155,-51.87680201339954,500,vrp_raw,mvo_factor_neutral
2021-10-29,-13922.923142992364,19169.200347046706,428.9398665224446,500,vrp_raw,mvo_factor_neutral
2021-11-01,3352.3133476906514,19999.999343626503,-499.9999989319441,500,vrp_raw,mvo_factor_neutral
2021-11-02,19975.75305674526,19565.13402134332,-352.56824252803875,500,vrp_raw,mvo_factor_neutral
2021-11-03,-5247.758073323465,19233.480594623765,-470.3281366202554,500,vrp_raw,mvo_factor_neutral
2021-11-04,25141.767168822014,18409.046346963634,-713.282344713268,500,vrp_raw,mvo_factor_neutral
2021-11-05,15735.022123068025,17973.226604729833,-624.0943717814831,500,vrp_raw,mvo_factor_neutral
2021-11-08,-14144.10667830798,19999.99998876298,137.2049467053334,500,vrp_raw,mvo_factor_neutral
2021-11-09,1800.757316074013,20007.35582193686,445.4824780298551,500,vrp_raw,mvo_factor_neutral
2021-11-10,11477.530968606656,19801.53565283844,600.300192407727,500,vrp_raw,mvo_factor_neutral
2021-11-11,-367.13493462528146,19584.895669332607,492.59626761935334,500,vrp_raw,mvo_factor_neutral
2021-11-12,-7437.998423412761,19214.826728162298,443.9265492883885,500,vrp_raw,mvo_factor_neutral
2021-11-15,2037.9071550659717,19999.999859644813,499.9999959809905,500,vrp_raw,mvo_factor_neutral
2021-11-16,7563.298243990955,21162.770473269204,-691.862036086308,500,vrp_raw,mvo_factor_neutral
2021-11-17,5415.07013313883,20594.309385254208,-1124.4905263787825,500,vrp_raw,mvo_factor_neutral
2021-11-18,164045.00640350065,19890.68142629513,-1409.729643157484,500,vrp_raw,mvo_factor_neutral
2021-11-19,-9517.794571256716,21510.359767200778,1215.5559607501673,500,vrp_raw,mvo_factor_neutral
2021-11-22,13843.988284501094,19999.999963021342,499.9999841318898,500,vrp_raw,mvo_factor_neutral
2021-11-23,-1770.7155863362536,20025.151272121482,495.43961304141,500,vrp_raw,mvo_factor_neutral
2021-11-24,-2061.3077402594927,19870.65544908196,611.275086566569,500,vrp_raw,mvo_factor_neutral
2021-11-26,20212.269607945706,18582.723460177363,790.0750719926316,500,vrp_raw,mvo_factor_neutral
2021-11-29,-7104.857734622515,20000.00036374997,-499.99999842131035,500,vrp_raw,mvo_factor_neutral
2021-11-30,6794.22989818497,19316.63020087633,-658.3877125025011,500,vrp_raw,mvo_factor_neutral
2021-12-01,9010.992297353976,18292.027276865138,-708.2595531668428,500,vrp_raw,mvo_factor_neutral
2021-12-02,816.4393989880838,18675.389890563303,-955.1179516243799,500,vrp_raw,mvo_factor_neutral
2021-12-03,-3446.5588557292263,18099.840580907065,-1130.0489074392722,500,vrp_raw,mvo_factor_neutral
2021-12-06,27888.690274781653,19999.999864020712,-499.99998687024873,500,vrp_raw,mvo_factor_neutral
2021-12-07,219.46270266401916,19836.61211485065,-725.1222492285152,500,vrp_raw,mvo_factor_neutral
2021-12-08,-4708.851452768087,19616.086446027814,-783.8373064531249,500,vrp_raw,mvo_factor_neutral
2021-12-09,12360.739839291078,19133.988414535765,-635.5475927649954,500,vrp_raw,mvo_factor_neutral
2021-12-10,7987.243571680765,18510.211714111385,-767.0485488964719,500,vrp_raw,mvo_factor_neutral
2021-12-13,3933.437248533395,19999.999937574914,-499.99999283528314,501,vrp_raw,mvo_factor_neutral
2021-12-14,-8144.193683423952,19955.675970935754,-259.9940880769952,501,vrp_raw,mvo_factor_neutral
2021-12-15,-19931.12412109615,19449.476736230376,-724.8628265489933,501,vrp_raw,mvo_factor_neutral
2021-12-16,2457.723620351754,19148.68855479044,-215.10079504064043,501,vrp_raw,mvo_factor_neutral
2021-12-17,12826.322832696427,19507.853775852465,391.83849993041684,501,vrp_raw,mvo_factor_neutral
2021-12-20,17220.152314524075,20000.00006502465,-499.99999907763925,501,vrp_raw,mvo_factor_neutral
2021-12-21,-5090.456251890432,20190.98480506996,-1440.6847323063455,501,vrp_raw,mvo_factor_neutral
2021-12-22,-6427.059680861287,19370.517089394252,-1918.303583250729,500,vrp_raw,mvo_factor_neutral
2021-12-23,-3671.729589179896,18876.72570740817,-1776.2862177664492,500,vrp_raw,mvo_factor_neutral
2021-12-27,3019.3243532092392,20000.000007702693,-499.99999771070475,500,vrp_raw,mvo_factor_neutral
2021-12-28,-20857.60846634603,19881.293583560935,-787.796266993814,500,vrp_raw,mvo_factor_neutral
2021-12-29,-7006.73770143776,18902.214054513588,-464.54115661584535,500,vrp_raw,mvo_factor_neutral
2021-12-30,6846.0872744715,18632.76207371271,-576.5138218178226,500,vrp_raw,mvo_factor_neutral
2021-12-31,4388.340750267193,18289.7205725788,-570.7201787545683,500,vrp_raw,mvo_factor_neutral
2022-01-03,-14217.052494416575,19999.999858431864,-499.9999968513822,500,vrp_raw,mvo_factor_neutral
2022-01-04,1971.287486184398,19939.75069051922,-237.38901649457247,500,vrp_raw,mvo_factor_neutral
2022-01-05,8712.981151818221,19142.977808389434,-236.77709317773622,500,vrp_raw,mvo_factor_neutral
2022-01-06,-5164.283233165418,18874.68488082529,-374.0805210008151,500,vrp_raw,mvo_factor_neutral
2022-01-07,1130.3752620142536,18236.87277337479,-412.3201037252485,500,vrp_raw,mvo_factor_neutral
2022-01-10,-3666.7258546974967,19687.883340557884,-459.39169380472424,503,vrp_raw,mvo_factor_neutral
2022-01-11,-8885.706339881392,19482.69288752746,-502.6467637458849,491,vrp_raw,mvo_factor_neutral
2022-01-12,9855.34770828792,19036.48752955924,-503.2593827774851,491,vrp_raw,mvo_factor_neutral
2022-01-13,10079.400392905192,18894.820250108707,-94.73508712522754,491,vrp_raw,mvo_factor_neutral
2022-01-14,-3268.3949182210345,18359.5402304604,116.09560147959458,491,vrp_raw,mvo_factor_neutral
2022-01-18,-756.9101970730377,20000.00017239056,499.9999999606501,492,vrp_raw,mvo_factor_neutral
2022-01-19,8265.878745729495,20049.148290681085,88.56996561975288,491,vrp_raw,mvo_factor_neutral
2022-01-20,7622.113405981112,19396.051463144806,-225.74066415459743,491,vrp_raw,mvo_factor_neutral
2022-01-21,28202.328130397924,19261.868237209655,266.7829902873905,491,vrp_raw,mvo_factor_neutral
2022-01-24,-8484.447387014532,20000.00026496339,499.99995524989384,491,vrp_raw,mvo_factor_neutral
2022-01-25,32151.54575730451,19043.29019871117,650.6376080474987,491,vrp_raw,mvo_factor_neutral
2022-01-26,-21774.50954404216,18299.87849339233,700.3101107956941,491,vrp_raw,mvo_factor_neutral
2022-01-27,-3649.5410257767503,18389.76038017972,791.4536782769936,491,vrp_raw,mvo_factor_neutral
2022-01-28,3075.007477759666,18579.27013563908,765.954915269201,491,vrp_raw,mvo_factor_neutral
2022-01-31,698.320301174448,20000.000167973605,499.9999982372055,492,vrp_raw,mvo_factor_neutral
2022-02-01,-17500.610766689304,19998.83565930895,27.67625403004782,492,vrp_raw,mvo_factor_neutral
2022-02-02,4213.369860525725,19825.867041963415,-5.924277434786712,492,vrp_raw,mvo_factor_neutral
2022-02-03,6391.199813958358,19236.1728966234,-231.12705286174642,492,vrp_raw,mvo_factor_neutral
2022-02-04,-789.5033487838507,18627.36563589516,112.34730478095355,492,vrp_raw,mvo_factor_neutral
2022-02-07,-29229.176682642545,19999.99986758616,500.0000061094934,492,vrp_raw,mvo_factor_neutral
2022-02-08,8362.511071006797,19376.335554775385,363.3683199162415,491,vrp_raw,mvo_factor_neutral
2022-02-09,6565.388666450093,20568.250726520222,2015.1607919218468,491,vrp_raw,mvo_factor_neutral
2022-02-10,-2204.2698780983364,20223.648254543452,2177.1247520107586,491,vrp_raw,mvo_factor_neutral
2022-02-11,18594.04680361855,19739.692417252736,2929.706696005428,491,vrp_raw,mvo_factor_neutral
2022-02-14,-25268.750920511015,19999.99947595021,499.99999744839647,491,vrp_raw,mvo_factor_neutral
2022-02-15,648.7555538549638,19395.20163314939,458.59235255912836,491,vrp_raw,mvo_factor_neutral
2022-02-16,3006.36001130128,18940.452902517227,382.20200543198877,491,vrp_raw,mvo_factor_neutral
2022-02-17,6559.061393316242,18539.994432245283,208.05419807509796,491,vrp_raw,mvo_factor_neutral
2022-02-18,-6436.055699096605,17933.246773906827,40.094575800893544,491,vrp_raw,mvo_factor_neutral
2022-02-22,9881.39047053106,19857.888412420634,417.2996851740667,491,vrp_raw,mvo_factor_neutral
2022-02-23,24317.745389217183,21421.19320466231,-758.4697932472252,490,vrp_raw,mvo_factor_neutral
2022-02-24,-30135.311696221415,22066.864178579894,-729.6644007803857,488,vrp_raw,mvo_factor_neutral
2022-02-25,11483.780305133838,21758.49882570503,-59.063898204945616,487,vrp_raw,mvo_factor_neutral
2022-02-28,3607.289693283415,20000.000059483307,-83.03490515556017,487,vrp_raw,mvo_factor_neutral
2022-03-01,3367.492023358393,13226.8386113387,1894.0845743401624,385,vrp_raw,mvo_factor_neutral
2022-03-02,-10308.269020124702,13293.475467711516,1775.3357706626966,385,vrp_raw,mvo_factor_neutral
2022-03-03,2049.9779772895367,13010.905458672647,1693.8180215956065,385,vrp_raw,mvo_factor_neutral
2022-03-04,14730.573661307068,12749.5313228129,1633.868599546351,385,vrp_raw,mvo_factor_neutral
2022-03-07,5593.8566619179865,18905.313762017053,-594.6617884536984,385,vrp_raw,mvo_factor_neutral
2022-03-08,13059.949136216352,18755.47832905632,-600.7001378263574,383,vrp_raw,mvo_factor_neutral
2022-03-09,2770.4258996501544,18914.570211447044,-395.9477550361945,383,vrp_raw,mvo_factor_neutral
2022-03-10,793.1574947492498,18585.58188533332,-487.3040675036407,383,vrp_raw,mvo_factor_neutral
2022-03-11,6976.746270154989,18037.861290463195,-556.6251510364975,383,vrp_raw,mvo_factor_neutral
2022-03-14,-2334.735874410312,19999.997148835373,-178.0302843320874,388,vrp_raw,mvo_factor_neutral
2022-03-15,7110.3605782593595,20230.57721368457,-56.05754644795077,388,vrp_raw,mvo_factor_neutral
2022-03-16,14920.75862984403,20598.826015681243,108.97246687381858,388,vrp_raw,mvo_factor_neutral
2022-03-17,-9254.165028349667,20520.217263340575,133.15689903802573,388,vrp_raw,mvo_factor_neutral
2022-03-18,-582.4365989406556,20258.30523786032,-25.806907942016142,388,vrp_raw,mvo_factor_neutral
2022-03-21,-6839.077719428212,20000.00034224617,499.9999920891135,485,vrp_raw,mvo_factor_neutral
2022-03-22,-158.52857678757695,19591.109758662282,440.9792218685283,485,vrp_raw,mvo_factor_neutral
2022-03-23,-4168.8462500102,19515.29819499727,409.66463139730456,485,vrp_raw,mvo_factor_neutral
2022-03-24,-940.7082364543472,19303.53151688639,815.9974416689145,485,vrp_raw,mvo_factor_neutral
2022-03-25,-8120.1357557808515,19134.152823068915,690.1053081054922,485,vrp_raw,mvo_factor_neutral
2022-03-28,5959.976939607714,19999.999926987442,499.9999712786126,488,vrp_raw,mvo_factor_neutral
2022-03-29,35085.64191042329,19594.36035903097,-132.10442012864303,488,vrp_raw,mvo_factor_neutral
2022-03-30,-5831.201103881721,19331.286790139875,86.00541715875896,488,vrp_raw,mvo_factor_neutral
2022-03-31,-4215.067918012543,19710.294765047332,20.36960460076857,488,vrp_raw,mvo_factor_neutral
2022-04-01,-2741.799859714164,19168.887395020753,403.20306543461265,488,vrp_raw,mvo_factor_neutral
2022-04-04,6502.3306980813995,19999.999702482914,288.2761370389527,489,vrp_raw,mvo_factor_neutral
2022-04-05,255.20186999399087,20195.485110308804,519.8167791230574,489,vrp_raw,mvo_factor_neutral
2022-04-06,3975.8305899177994,19813.7193965584,-436.839380182062,489,vrp_raw,mvo_factor_neutral
2022-04-07,545.0343678189312,19734.282590209878,203.33178910596195,489,vrp_raw,mvo_factor_neutral
2022-04-08,2797.3067212659707,19091.833757910823,395.5511523309862,489,vrp_raw,mvo_factor_neutral
2022-04-11,4843.746020196535,19898.58034917852,601.4196395118915,489,vrp_raw,mvo_factor_neutral
2022-04-12,-9103.90606255672,19024.835835319966,-55.90684312952561,488,vrp_raw,mvo_factor_neutral
2022-04-13,3497.1034833988383,19286.766066590048,747.5324640669679,488,vrp_raw,mvo_factor_neutral
2022-04-14,-7536.104568306226,19057.529956746683,767.3469995654834,488,vrp_raw,mvo_factor_neutral
2022-04-18,23792.003474835405,20000.00002428223,499.99999397153914,488,vrp_raw,mvo_factor_neutral
2022-04-19,-19378.096452060952,19271.921887081906,893.2162965556571,488,vrp_raw,mvo_factor_neutral
2022-04-20,15003.327877163052,18804.357350174112,1009.6374917678711,486,vrp_raw,mvo_factor_neutral
2022-04-21,-4122.127463892338,18986.303964230345,893.9470000994282,486,vrp_raw,mvo_factor_neutral
2022-04-22,-22752.810712129027,19086.6738005043,496.2084276232586,486,vrp_raw,mvo_factor_neutral
2022-04-25,-29597.306900676653,19999.998035893594,499.9999955023202,486,vrp_raw,mvo_factor_neutral
2022-04-26,-13110.9756658285,19690.723584936783,658.0098036794011,486,vrp_raw,mvo_factor_neutral
2022-04-27,16949.704319117503,19013.349289313104,114.38681823150961,486,vrp_raw,mvo_factor_neutral
2022-04-28,5176.262356465714,19090.315713004522,355.162335624339,486,vrp_raw,mvo_factor_neutral
2022-04-29,-21118.36521653793,18738.778310479163,333.7575210438914,486,vrp_raw,mvo_factor_neutral
2022-05-02,38113.38280414384,19999.999134737718,-499.99998393758113,486,vrp_raw,mvo_factor_neutral
2022-05-03,-5712.7802651399925,19824.497690006756,-430.7928127754783,486,vrp_raw,mvo_factor_neutral
2022-05-04,921.975546505055,19430.58078102361,-12.141410922217073,486,vrp_raw,mvo_factor_neutral
2022-05-05,16910.391186694214,19080.300072758677,87.12432628868618,486,vrp_raw,mvo_factor_neutral
2022-05-06,-21452.649062676104,18153.539641121784,231.9210792510749,486,vrp_raw,mvo_factor_neutral
2022-05-09,9628.87233329216,20000.000417010437,-499.9999889721271,486,vrp_raw,mvo_factor_neutral
2022-05-10,18977.795780368713,20204.78096742599,-1084.4954554591106,486,vrp_raw,mvo_factor_neutral
2022-05-11,-24382.981379085188,19632.83137164678,-1562.9815139495154,486,vrp_raw,mvo_factor_neutral
2022-05-12,36417.21035704082,19519.01018040128,-1340.119719210526,486,vrp_raw,mvo_factor_neutral
2022-05-13,-10459.373068366536,19578.703158514974,-453.24661462610726,486,vrp_raw,mvo_factor_neutral
2022-05-16,9699.14819742524,19999.999345252396,-499.9999273146776,486,vrp_raw,mvo_factor_neutral
2022-05-17,-13128.279510927157,20699.91933573052,-1634.2758513326407,486,vrp_raw,mvo_factor_neutral
2022-05-18,-19759.710494904506,20240.077481820543,-1935.6924510257197,486,vrp_raw,mvo_factor_neutral
2022-05-19,14142.884184843502,19349.56143576333,-1835.695867519191,486,vrp_raw,mvo_factor_neutral
2022-05-20,28751.046506959636,19799.634161535905,-2141.39717520639,486,vrp_raw,mvo_factor_neutral
2022-05-23,-25441.565805302598,20000.000216412398,499.99999097908676,486,vrp_raw,mvo_factor_neutral
2022-05-24,10400.157794146384,19620.264814696162,368.1565425650438,486,vrp_raw,mvo_factor_neutral
2022-05-25,27120.22046319388,19132.754154401053,509.1636942339283,486,vrp_raw,mvo_factor_neutral
2022-05-26,-32908.48123154937,20529.660539138516,885.5233771150926,486,vrp_raw,mvo_factor_neutral
2022-05-27,-8063.342097412019,21110.302624557287,1547.4062879690655,486,vrp_raw,mvo_factor_neutral
2022-05-31,5019.495912069031,19999.99982753144,499.9999992621528,486,vrp_raw,mvo_factor_neutral
2022-06-01,5591.900584970725,19731.761668657073,540.9711575095904,486,vrp_raw,mvo_factor_neutral
2022-06-02,12426.06843148876,19653.897438880387,638.0263595280647,486,vrp_raw,mvo_factor_neutral
2022-06-03,6790.830106844778,19312.7476610604,572.7157103401494,486,vrp_raw,mvo_factor_neutral
2022-06-06,-1721.7901632254493,20000.000061770847,499.99999786222156,486,vrp_raw,mvo_factor_neutral
2022-06-07,784.4626751807633,19849.754529328977,540.1622679829152,486,vrp_raw,mvo_factor_neutral
2022-06-08,3933.369098543418,19317.094207977727,914.1519459919182,486,vrp_raw,mvo_factor_neutral
2022-06-09,-22172.688821171316,19103.598506242026,948.2187564203125,486,vrp_raw,mvo_factor_neutral
2022-06-10,43875.58238423186,17728.452958692887,689.7417079860055,486,vrp_raw,mvo_factor_neutral
2022-06-13,-7685.184138561574,19107.434519461323,499.9999996593204,487,vrp_raw,mvo_factor_neutral
2022-06-14,-13133.304594744945,18581.26824614645,912.6900992447115,487,vrp_raw,mvo_factor_neutral
2022-06-15,-11315.070956907473,17892.202777402104,333.4462011628465,486,vrp_raw,mvo_factor_neutral
2022-06-16,13448.40071617983,19704.471782397923,-813.1457924634332,485,vrp_raw,mvo_factor_neutral
2022-06-17,-11586.718881014756,20177.653728630994,-1374.356084281867,485,vrp_raw,mvo_factor_neutral
2022-06-21,-1035.287480818902,18913.94235847322,-408.2667881835636,486,vrp_raw,mvo_factor_neutral
2022-06-22,-31685.43076192323,18355.41825288612,-731.6374020646405,486,vrp_raw,mvo_factor_neutral
2022-06-23,32304.174340358877,18128.07180581399,518.1564697918503,486,vrp_raw,mvo_factor_neutral
2022-06-24,-14148.34023996066,18065.092206189278,1199.9128501107766,486,vrp_raw,mvo_factor_neutral
2022-06-27,-9801.291673989657,17231.85529445741,-407.2681591131844,486,vrp_raw,mvo_factor_neutral
2022-06-28,640.5117016335371,16812.50318114099,-572.6965065653674,486,vrp_raw,mvo_factor_neutral
2022-06-29,9632.255945234714,16487.919487966337,-676.7404939468679,486,vrp_raw,mvo_factor_neutral
2022-06-30,2734.949196468373,16184.282054474217,-724.4876076497477,486,vrp_raw,mvo_factor_neutral
2022-07-01,1746.5153059863194,16249.99251152385,-731.9753604106405,485,vrp_raw,mvo_factor_neutral
2022-07-05,6904.518762198323,16372.904233196885,-485.1378892824879,491,vrp_raw,mvo_factor_neutral
2022-07-06,-2113.8917442502807,16006.202349213481,-298.54955938620435,491,vrp_raw,mvo_factor_neutral
2022-07-07,-4307.132241638902,16016.259800592277,-438.1113619475548,491,vrp_raw,mvo_factor_neutral
2022-07-08,663.2594813625822,15794.16384510075,-382.3095148743553,491,vrp_raw,mvo_factor_neutral
2022-07-11,5156.7256915172065,15832.222808302571,-887.5853357887067,491,vrp_raw,mvo_factor_neutral
2022-07-12,4981.271709358634,15362.960223735496,-830.9087616703323,491,vrp_raw,mvo_factor_neutral
2022-07-13,5007.129084296266,15026.777557004074,-902.6153594091301,491,vrp_raw,mvo_factor_neutral
2022-07-14,-12359.429919340711,14611.787454665173,-956.4233487081347,491,vrp_raw,mvo_factor_neutral
2022-07-15,-1242.7504162459445,14711.871131600608,-971.9641411710297,491,vrp_raw,mvo_factor_neutral
2022-07-18,41664.95292889392,19999.99955450582,-499.9999943585754,496,vrp_raw,mvo_factor_neutral
2022-07-19,-71106.86667930384,21363.44838621601,-1100.8853598172684,496,vrp_raw,mvo_factor_neutral
2022-07-20,29033.55689695274,21176.2172341037,-189.92066242808397,496,vrp_raw,mvo_factor_neutral
2022-07-21,-5317.274168170254,20830.18719215106,-389.85127202293705,496,vrp_raw,mvo_factor_neutral
2022-07-22,-7537.258736793839,21378.386405466972,-1324.453997927803,496,vrp_raw,mvo_factor_neutral
2022-07-25,9052.276445793688,20000.000172726086,-499.99997679997574,498,vrp_raw,mvo_factor_neutral
2022-07-26,19432.80970290044,19181.911088679943,-958.1795146562106,498,vrp_raw,mvo_factor_neutral
2022-07-27,7477.980513031298,17476.20628727381,-588.8079089223492,497,vrp_raw,mvo_factor_neutral
2022-07-28,-37487.42234610785,18188.53576842737,-103.9665008541434,497,vrp_raw,mvo_factor_neutral
2022-07-29,-7169.255442299404,19000.547643199232,1620.0639912104014,497,vrp_raw,mvo_factor_neutral
2022-08-01,-17420.24947562701,20000.000275453614,-499.9999822960134,498,vrp_raw,mvo_factor_neutral
2022-08-02,822.6990429037163,20966.06610140891,-1778.5501771217237,498,vrp_raw,mvo_factor_neutral
2022-08-03,39127.000525002484,20601.804086094395,-1823.551035929283,498,vrp_raw,mvo_factor_neutral
2022-08-04,7357.545852332177,20359.967060047074,-1537.729673458388,498,vrp_raw,mvo_factor_neutral
2022-08-05,-3843.9902827002143,19581.148429535006,-1126.708010026408,498,vrp_raw,mvo_factor_neutral
2022-08-08,-52788.151224804315,20000.000184463377,499.99999614766705,499,vrp_raw,mvo_factor_neutral
2022-08-09,44941.75222151517,19494.463824785904,684.3821955239792,499,vrp_raw,mvo_factor_neutral
2022-08-10,22982.54846200929,19417.868935035578,1598.1191250416196,499,vrp_raw,mvo_factor_neutral
2022-08-11,-7806.491078928508,18845.454891030415,1751.019753913857,499,vrp_raw,mvo_factor_neutral
2022-08-12,2250.2698987666577,17675.90160515251,2075.9712902389665,498,vrp_raw,mvo_factor_neutral
2022-08-15,-21979.607627984387,20000.000346657278,499.9999966618366,498,vrp_raw,mvo_factor_neutral
2022-08-16,-30980.67137734779,20655.863429557798,720.4456815220113,498,vrp_raw,mvo_factor_neutral
2022-08-17,10313.018112621872,21377.368303007235,630.3977532921472,498,vrp_raw,mvo_factor_neutral
2022-08-18,1481.988511230347,21007.149830714483,260.567403615677,498,vrp_raw,mvo_factor_neutral
2022-08-19,4183.365532889754,20705.005025428392,636.4079789817014,498,vrp_raw,mvo_factor_neutral
2022-08-22,27502.13383494436,20000.000293758298,499.99998221950625,499,vrp_raw,mvo_factor_neutral
2022-08-23,-26664.409481185205,19924.480990531156,224.2682037659401,499,vrp_raw,mvo_factor_neutral
2022-08-24,1223.5332847669417,19367.154874359592,374.3072836312073,499,vrp_raw,mvo_factor_neutral
2022-08-25,-1337.7394613227416,18557.563051023113,771.2690644181097,499,vrp_raw,mvo_factor_neutral
2022-08-26,4813.250527414253,19659.304644729506,1717.444927923566,499,vrp_raw,mvo_factor_neutral
2022-08-29,20857.841214861503,19999.998918944242,499.9999893503669,499,vrp_raw,mvo_factor_neutral
2022-08-30,-5811.433541591374,18848.737464430727,96.3392113864813,497,vrp_raw,mvo_factor_neutral
2022-08-31,6892.847458620742,18957.578519059854,458.24309447108743,497,vrp_raw,mvo_factor_neutral
2022-09-01,15843.64096122731,18435.818379261083,376.0945130822817,497,vrp_raw,mvo_factor_neutral
2022-09-02,-10378.049965004704,17969.17568813628,256.2274482810089,497,vrp_raw,mvo_factor_neutral
2022-09-06,17206.5164213119,19999.999816227024,-499.99998793555415,499,vrp_raw,mvo_factor_neutral
2022-09-07,16489.251710695054,20107.023472374003,-455.544186481839,499,vrp_raw,mvo_factor_neutral
2022-09-08,1930.3196604158395,20545.593991265232,-1163.5601224800635,499,vrp_raw,mvo_factor_neutral
2022-09-09,-6027.755993152259,20243.72715548334,-1610.8281963165118,499,vrp_raw,mvo_factor_neutral
2022-09-12,12150.813184446433,20000.000078452627,-499.99999752276483,499,vrp_raw,mvo_factor_neutral
2022-09-13,213.72467186381695,19992.92364134622,100.83747535430136,499,vrp_raw,mvo_factor_neutral
2022-09-14,3968.6149084292633,19404.045222085886,-61.80233922895641,498,vrp_raw,mvo_factor_neutral
2022-09-15,-17220.291528716007,19517.915101263694,-48.56908219603361,498,vrp_raw,mvo_factor_neutral
2022-09-16,-6212.202739357224,18976.954113783944,-216.79814713254154,498,vrp_raw,mvo_factor_neutral
2022-09-19,11765.957263075097,20000.000311143776,-499.99999912414125,498,vrp_raw,mvo_factor_neutral
2022-09-20,-6921.272120648515,18444.336858619183,-138.45486893381673,498,vrp_raw,mvo_factor_neutral
2022-09-21,-16448.93559448897,18470.71409846781,-224.4676455461968,498,vrp_raw,mvo_factor_neutral
2022-09-22,-1280.912714923373,18393.747218254248,-937.7852135796567,498,vrp_raw,mvo_factor_neutral
2022-09-23,1798.6454604964952,18696.968964306427,-1250.5604030633199,498,vrp_raw,mvo_factor_neutral
2022-09-26,-14629.44688235993,19999.999843032794,-499.99999043614446,499,vrp_raw,mvo_factor_neutral
2022-09-27,22545.79096249822,19766.329665265683,-218.05639464088554,499,vrp_raw,mvo_factor_neutral
2022-09-28,-104687.43436773108,21746.990546921486,-1147.7797323546247,499,vrp_raw,mvo_factor_neutral
2022-09-29,-3242.7834607846735,21417.65929765048,-1503.366981380342,499,vrp_raw,mvo_factor_neutral
2022-09-30,-20521.08996284239,20860.52463272848,-2870.4370911284655,498,vrp_raw,mvo_factor_neutral
2022-10-03,45062.03590407128,19999.99944670644,278.22768793873803,498,vrp_raw,mvo_factor_neutral
2022-10-04,49758.82842271741,20151.87012256746,324.7431636221876,497,vrp_raw,mvo_factor_neutral
2022-10-05,-13905.696715559232,19897.618435881584,212.58988692840106,497,vrp_raw,mvo_factor_neutral
2022-10-06,-10631.897139015151,19854.14845526042,670.5377727419983,497,vrp_raw,mvo_factor_neutral
2022-10-07,1383.657864013464,19261.304405094277,458.8611632449214,497,vrp_raw,mvo_factor_neutral
2022-10-10,9880.191130781268,20000.000088263296,499.999997125274,498,vrp_raw,mvo_factor_neutral
2022-10-11,-8728.049187955712,19633.265198503253,473.61387047319215,497,vrp_raw,mvo_factor_neutral
2022-10-12,10654.735909680596,19537.89351051457,650.6862803618394,497,vrp_raw,mvo_factor_neutral
2022-10-13,9168.211358541663,19602.93383535469,822.7536340425322,497,vrp_raw,mvo_factor_neutral
2022-10-14,-10354.44498152787,18978.08522956323,817.3402153263394,497,vrp_raw,mvo_factor_neutral
2022-10-17,1531.7139661771855,19999.999401545,499.999920672186,497,vrp_raw,mvo_factor_neutral
2022-10-18,6603.592054593458,20054.63085328259,783.4617787554528,497,vrp_raw,mvo_factor_neutral
2022-10-19,-7549.711898818565,19419.82305561182,625.4301817387118,497,vrp_raw,mvo_factor_neutral
2022-10-20,7200.517503911541,19447.142566367165,307.80481816900055,496,vrp_raw,mvo_factor_neutral
2022-10-21,11886.646624835761,19355.11664722061,449.282192680112,496,vrp_raw,mvo_factor_neutral
2022-10-24,-4646.157124141864,19999.999805293373,499.9999757571303,496,vrp_raw,mvo_factor_neutral
2022-10-25,-16318.72868487596,20011.541354537152,-384.84227320841205,496,vrp_raw,mvo_factor_neutral
2022-10-26,34273.45585777773,19365.722326437317,244.0235549049047,496,vrp_raw,mvo_factor_neutral
2022-10-27,-49934.49900866388,19880.333037128563,-994.3176379813887,496,vrp_raw,mvo_factor_neutral
2022-10-28,26050.628029947307,20839.778647784446,232.79468683630026,496,vrp_raw,mvo_factor_neutral
2022-10-31,-21123.707010481303,20000.00016923897,473.2778293943119,497,vrp_raw,mvo_factor_neutral
2022-11-01,6389.411389091757,19595.051480511545,637.2192743896504,496,vrp_raw,mvo_factor_neutral
2022-11-02,-7087.292197744114,19086.95809546976,416.39195650678715,496,vrp_raw,mvo_factor_neutral
2022-11-03,-300.02591988053524,18115.14635133784,337.374631546462,496,vrp_raw,mvo_factor_neutral
2022-11-04,4771.513549616994,18078.342341856587,217.1887215320225,496,vrp_raw,mvo_factor_neutral
2022-11-07,-3544.170759883558,19979.051298271323,-40.95096394688896,497,vrp_raw,mvo_factor_neutral
2022-11-08,-9958.392047948697,19945.640849199055,-113.1285207605604,497,vrp_raw,mvo_factor_neutral
2022-11-09,18982.017487884652,18926.363128071607,-471.98268690259886,497,vrp_raw,mvo_factor_neutral
2022-11-10,26437.489374992638,20160.60178430265,991.7617293583802,497,vrp_raw,mvo_factor_neutral
2022-11-11,-23242.8833714896,20481.330443980638,34.98155508928608,497,vrp_raw,mvo_factor_neutral
2022-11-14,15425.68054478762,18953.91124581852,-90.58089439247715,497,vrp_raw,mvo_factor_neutral
2022-11-15,13328.04657245036,18601.64324719685,-393.69182848085876,497,vrp_raw,mvo_factor_neutral
2022-11-16,9369.729551357059,18913.35426974394,-298.45379789159955,497,vrp_raw,mvo_factor_neutral
2022-11-17,-2245.919317138021,18408.32467071234,-488.51215695370877,497,vrp_raw,mvo_factor_neutral
2022-11-18,25040.021281402984,18819.701630133757,-1097.6490253137185,497,vrp_raw,mvo_factor_neutral
2022-11-21,-7180.731841639099,18241.73371718241,221.6020414546257,497,vrp_raw,mvo_factor_neutral
2022-11-22,-12729.933316745086,17671.05249337974,-41.90842726831478,497,vrp_raw,mvo_factor_neutral
2022-11-23,1082.8606999306792,17090.728523883976,-28.443323715100213,497,vrp_raw,mvo_factor_neutral
2022-11-25,-9363.557053300385,15809.188986244999,-284.89797880616703,497,vrp_raw,mvo_factor_neutral
2022-11-28,49258.099358185056,17637.312881706996,-142.11658681587727,497,vrp_raw,mvo_factor_neutral
2022-11-29,-11594.516127777197,17318.542307182677,-273.88304915584456,497,vrp_raw,mvo_factor_neutral
2022-11-30,26921.339178826944,16880.345008436292,-498.1942374720699,497,vrp_raw,mvo_factor_neutral
2022-12-01,-13275.58751713047,16033.891417684525,-1236.0985858549702,497,vrp_raw,mvo_factor_neutral
2022-12-02,4117.118839389084,16203.080896617965,-777.3209935506459,497,vrp_raw,mvo_factor_neutral
2022-12-05,914.4265837495831,15695.949210113096,-499.9999981801332,496,vrp_raw,mvo_factor_neutral
2022-12-06,2434.7670186068626,15730.428553868014,-162.29399035056198,496,vrp_raw,mvo_factor_neutral
2022-12-07,4524.674749300905,15468.053149482124,-99.39730733617309,496,vrp_raw,mvo_factor_neutral
2022-12-08,20136.712040461716,14852.883656881715,-548.8700999816682,496,vrp_raw,mvo_factor_neutral
2022-12-09,-2250.0142273332376,14824.75027897277,-757.1976860200004,496,vrp_raw,mvo_factor_neutral
2022-12-12,-6822.915303629244,20000.00000533466,499.9999923606952,497,vrp_raw,mvo_factor_neutral
2022-12-13,-9875.150520797315,19672.53693070949,711.4115351873877,497,vrp_raw,mvo_factor_neutral
2022-12-14,-7449.056607729017,19251.173361269786,896.6310629457261,497,vrp_raw,mvo_factor_neutral
2022-12-15,11614.801524314536,18621.6298951541,671.2061917154259,497,vrp_raw,mvo_factor_neutral
2022-12-16,8529.074421754389,18605.97283907911,1091.984106978558,497,vrp_raw,mvo_factor_neutral
2022-12-19,-14879.662910894525,20000.000303440756,499.9999987432328,498,vrp_raw,mvo_factor_neutral
2022-12-20,4168.564437075128,19413.722536130615,154.45877581219082,498,vrp_raw,mvo_factor_neutral
2022-12-21,6180.345162746017,19179.147446114235,-15.54069540480463,498,vrp_raw,mvo_factor_neutral
2022-12-22,-4883.358527115742,18580.387388758725,303.39482377625797,498,vrp_raw,mvo_factor_neutral
2022-12-23,2218.1142590940835,18654.6266687877,-30.913294526577484,497,vrp_raw,mvo_factor_neutral
2022-12-27,4267.403227741135,19999.99908335698,499.99998356019256,497,vrp_raw,mvo_factor_neutral
2022-12-28,709.9014425424023,19519.622096719984,1089.6125427658737,497,vrp_raw,mvo_factor_neutral
2022-12-29,-20270.356358749967,19553.627796325374,635.3162856656269,497,vrp_raw,mvo_factor_neutral
2022-12-30,11367.096043415211,19378.227146937978,877.5379949068908,497,vrp_raw,mvo_factor_neutral
2023-01-03,5928.212648291389,19999.999870139727,-499.99992057627964,495,vrp_raw,mvo_factor_neutral
2023-01-04,-9280.263056481404,19793.084872609103,-637.9194667273593,495,vrp_raw,mvo_factor_neutral
2023-01-05,1588.4826486556742,19410.320968727905,-483.0844333664298,495,vrp_raw,mvo_factor_neutral
2023-01-06,8945.035330489878,19163.62530533029,-681.239387107885,495,vrp_raw,mvo_factor_neutral
2023-01-09,2429.470226619592,20000.000477141213,-499.99999361617927,495,vrp_raw,mvo_factor_neutral
2023-01-10,-3407.92097832442,19122.387559219733,-755.6674263641884,495,vrp_raw,mvo_factor_neutral
2023-01-11,-3199.3616763873356,18499.96628705205,-734.9024365969885,490,vrp_raw,mvo_factor_neutral
2023-01-12,-2477.9639546161593,20121.955919261458,-2909.3687541303766,490,vrp_raw,mvo_factor_neutral
2023-01-13,4753.243908217116,19663.55812294906,-2972.8883321729763,490,vrp_raw,mvo_factor_neutral
2023-01-17,3557.543206170622,20000.000281472785,-499.999998795393,490,vrp_raw,mvo_factor_neutral
2023-01-18,-21145.969247616355,20553.567109137242,-1027.32598143128,490,vrp_raw,mvo_factor_neutral
2023-01-19,-3460.7153474801266,20564.26402637825,-776.2580780505635,490,vrp_raw,mvo_factor_neutral
2023-01-20,-8375.479836957875,19559.947186466554,-832.7284596613001,490,vrp_raw,mvo_factor_neutral
2023-01-23,16573.69450377845,20000.000317005826,-499.9999964688084,490,vrp_raw,mvo_factor_neutral
2023-01-24,6.399234761125318,20096.117536781672,-576.3485173793056,490,vrp_raw,mvo_factor_neutral
2023-01-25,12424.69232682721,21627.001840848545,-464.28285679627015,490,vrp_raw,mvo_factor_neutral
2023-01-26,-25919.219518441034,21102.921206020004,-1197.0342757246067,490,vrp_raw,mvo_factor_neutral
2023-01-27,16130.54226754417,21064.160993383666,-1289.5047375095523,490,vrp_raw,mvo_factor_neutral
2023-01-30,8862.030548303994,19999.99876235119,95.90847585981118,490,vrp_raw,mvo_factor_neutral
2023-01-31,-3017.410266495415,19483.046957742255,132.10623695939177,490,vrp_raw,mvo_factor_neutral
2023-02-01,-992.151816480498,18652.11522901632,-17.582303738157407,490,vrp_raw,mvo_factor_neutral
2023-02-02,33336.38444064522,17830.53951983103,-105.0741879628131,490,vrp_raw,mvo_factor_neutral
2023-02-03,-22795.03859662135,19005.110281354282,-202.07039560945321,490,vrp_raw,mvo_factor_neutral
2023-02-06,-28579.539757227503,20000.00032314375,499.9999859973552,490,vrp_raw,mvo_factor_neutral
2023-02-07,-10618.37139173948,19487.561986577537,344.74529871770034,490,vrp_raw,mvo_factor_neutral
2023-02-08,-17661.366795562997,19379.990045363324,242.85270565640383,490,vrp_raw,mvo_factor_neutral
2023-02-09,28003.64815555904,18825.171023041814,-375.7369437971863,490,vrp_raw,mvo_factor_neutral
2023-02-10,348.82347101628136,18555.67516842774,-271.2247774289876,490,vrp_raw,mvo_factor_neutral
2023-02-13,-1320.703865614805,19999.99938223271,499.999998228319,490,vrp_raw,mvo_factor_neutral
2023-02-14,10025.02011520005,19594.523499359537,572.3350679299896,490,vrp_raw,mvo_factor_neutral
2023-02-15,-5955.496135078516,18701.560324543578,172.1909915780587,490,vrp_raw,mvo_factor_neutral
2023-02-16,-9770.515675559498,18185.119102285687,28.043471052358946,490,vrp_raw,mvo_factor_neutral
2023-02-17,-12565.606553948071,17597.628877872503,171.19974031389663,490,vrp_raw,mvo_factor_neutral
2023-02-21,10410.749612383715,20000.000409255903,499.99999931690104,490,vrp_raw,mvo_factor_neutral
2023-02-22,2473.6242512082513,19229.61061076437,361.8528770155666,490,vrp_raw,mvo_factor_neutral
2023-02-23,39841.08293436411,19103.969213524062,-328.45499636916423,490,vrp_raw,mvo_factor_neutral
2023-02-24,-4896.662608835992,18022.210144946344,-400.26425397695516,490,vrp_raw,mvo_factor_neutral
2023-02-27,10467.298201176534,19999.999881681506,499.9999929558227,490,vrp_raw,mvo_factor_neutral
2023-02-28,8683.791593137836,19608.535146374106,673.5802690113654,490,vrp_raw,mvo_factor_neutral
2023-03-01,1051.631812253378,19141.197931778646,551.0334142272033,490,vrp_raw,mvo_factor_neutral
2023-03-02,-6585.3879787266915,18782.785013594388,619.6866639287261,490,vrp_raw,mvo_factor_neutral
2023-03-03,11242.126870068108,18268.638210987734,464.8925710697159,490,vrp_raw,mvo_factor_neutral
2023-03-06,-1167.0877822876275,20000.000490158214,499.9999996528956,490,vrp_raw,mvo_factor_neutral
2023-03-07,2710.4619297111503,19416.361231125185,98.75610218115331,490,vrp_raw,mvo_factor_neutral
2023-03-08,2329.6425274167163,19293.277267760048,445.74982125102093,490,vrp_raw,mvo_factor_neutral
2023-03-09,11876.98360381479,18246.902349411903,523.7182114856327,490,vrp_raw,mvo_factor_neutral
2023-03-10,18757.231059835016,17959.683294343657,1061.9512375160245,490,vrp_raw,mvo_factor_neutral
2023-03-13,5996.7450287056445,20000.000191067134,-325.50810203931763,490,vrp_raw,mvo_factor_neutral
2023-03-14,16988.295406905225,19863.21952016924,-366.0440971260474,490,vrp_raw,mvo_factor_neutral
2023-03-15,7403.296322142518,20210.191029949867,6.7829324077993345,490,vrp_raw,mvo_factor_neutral
2023-03-16,228.60223780464193,19719.91542443407,-47.668508173252484,490,vrp_raw,mvo_factor_neutral
2023-03-17,5718.016525398862,18953.743879165762,-101.65772465899832,489,vrp_raw,mvo_factor_neutral
2023-03-20,-18196.165311390865,19934.44283615015,555.7957503770522,489,vrp_raw,mvo_factor_neutral
2023-03-21,-20272.451178116575,20346.09667486846,596.830548858717,488,vrp_raw,mvo_factor_neutral
2023-03-22,24706.492955110825,19079.76587900095,1032.3937234392142,488,vrp_raw,mvo_factor_neutral
2023-03-23,4723.3447421878,18601.597931780783,252.23733264899303,488,vrp_raw,mvo_factor_neutral
2023-03-24,3122.3077003056783,18302.190514609898,772.7717683932566,488,vrp_raw,mvo_factor_neutral
2023-03-27,-56583.13771263168,19999.99936394455,-499.9995367953263,489,vrp_raw,mvo_factor_neutral
2023-03-28,-49989.817391035795,19714.342001198547,-804.469758741144,489,vrp_raw,mvo_factor_neutral
2023-03-29,-19269.076616081238,19555.011376351904,-675.6337488571451,489,vrp_raw,mvo_factor_neutral
2023-03-30,-6260.549767857743,19067.649402875166,-1105.4222097041495,489,vrp_raw,mvo_factor_neutral
2023-03-31,-8732.39426821421,19966.042664768513,-296.0079597087219,489,vrp_raw,mvo_factor_neutral
2023-04-03,-43914.20226540799,19999.999958643424,-499.9999981310382,489,vrp_raw,mvo_factor_neutral
2023-04-04,21472.72605904377,18727.505123949126,103.65704554491064,488,vrp_raw,mvo_factor_neutral
2023-04-05,7339.773490203186,18884.299135905512,566.4035948508031,488,vrp_raw,mvo_factor_neutral
2023-04-06,5113.989189566257,18776.310022692425,609.2620903619325,488,vrp_raw,mvo_factor_neutral
2023-04-10,-8111.48914524615,19999.988386739093,360.4402382972823,488,vrp_raw,mvo_factor_neutral
2023-04-11,-16384.146484944245,19762.527098968727,317.90351561468236,488,vrp_raw,mvo_factor_neutral
2023-04-12,-29961.777541304586,19345.015164039633,487.4128338228403,488,vrp_raw,mvo_factor_neutral
2023-04-13,-776.7486424966899,19033.830132427862,420.62988057872747,488,vrp_raw,mvo_factor_neutral
2023-04-14,-14697.228173156433,18734.913451207536,427.9243739132842,488,vrp_raw,mvo_factor_neutral
2023-04-17,-20873.058866618685,19999.998645266423,-499.99999255045475,489,vrp_raw,mvo_factor_neutral
2023-04-18,-17232.027611297064,19634.087367960918,-515.4022057982248,489,vrp_raw,mvo_factor_neutral
2023-04-19,7048.374863195696,19522.20916911854,-33.66023470987081,489,vrp_raw,mvo_factor_neutral
2023-04-20,-9599.209659613267,19286.23345655293,-185.84116848462656,489,vrp_raw,mvo_factor_neutral
2023-04-21,27822.83437478391,18543.239971950406,-555.2503508080695,489,vrp_raw,mvo_factor_neutral
2023-04-24,-24179.00238770937,19999.9989248723,46.95281974683468,489,vrp_raw,mvo_factor_neutral
2023-04-25,-16779.523413030714,21049.92925409055,1823.0057186882348,489,vrp_raw,mvo_factor_neutral
2023-04-26,-24281.82076519543,20547.678848747393,1502.2908989896728,489,vrp_raw,mvo_factor_neutral
2023-04-27,-7117.995676398648,21167.013965329195,1695.9254867545408,489,vrp_raw,mvo_factor_neutral
2023-04-28,-50442.73634721589,20178.941623960363,421.4000403327143,489,vrp_raw,mvo_factor_neutral
2023-05-01,-4476.412387657454,19999.999889470364,499.99999469848984,489,vrp_raw,mvo_factor_neutral
2023-05-02,19099.900640425512,18722.611100292062,908.6576383558848,489,vrp_raw,mvo_factor_neutral
2023-05-03,19685.35143300677,17943.50204086368,960.0499934031365,488,vrp_raw,mvo_factor_neutral
2023-05-04,4277.107269909244,17386.382800778298,1055.4064794422295,488,vrp_raw,mvo_factor_neutral
2023-05-05,-25929.27300905929,17731.080690777057,1251.9504619745453,488,vrp_raw,mvo_factor_neutral
2023-05-08,56482.01293607116,20000.000204666034,499.99999209837597,488,vrp_raw,mvo_factor_neutral
2023-05-09,-11740.467506139106,18999.407723413668,1071.6332017078314,488,vrp_raw,mvo_factor_neutral
2023-05-10,12496.246724769671,19142.890948459102,655.852465991832,488,vrp_raw,mvo_factor_neutral
2023-05-11,16074.770617573655,18675.52006007852,627.1064852671204,488,vrp_raw,mvo_factor_neutral
2023-05-12,270.72839907750796,18197.59720181632,486.64814378503746,488,vrp_raw,mvo_factor_neutral
2023-05-15,-4389.446161710166,19999.999910176513,499.99999881384343,488,vrp_raw,mvo_factor_neutral
2023-05-16,-5628.671220409721,19942.5080569695,-88.41002523171227,488,vrp_raw,mvo_factor_neutral
2023-05-17,-13582.117249819692,19515.279334061055,-234.31971800186705,488,vrp_raw,mvo_factor_neutral
2023-05-18,-9475.76575067609,18887.007801036965,-238.43083031521036,488,vrp_raw,mvo_factor_neutral
2023-05-19,22719.275917240644,20305.256100568247,1588.3184426705689,488,vrp_raw,mvo_factor_neutral
2023-05-22,1717.190910016452,19999.999602786116,499.9999988077737,488,vrp_raw,mvo_factor_neutral
2023-05-23,-9242.004216489453,20116.582563000316,-14.871250394547642,488,vrp_raw,mvo_factor_neutral
2023-05-24,28360.80310928049,19671.76291133497,699.5351940830773,488,vrp_raw,mvo_factor_neutral
2023-05-25,-47779.091850832665,19175.204598261786,477.64469311722473,488,vrp_raw,mvo_factor_neutral
2023-05-26,15418.692458767717,19387.821512535076,842.8226847856212,488,vrp_raw,mvo_factor_neutral
2023-05-30,10083.89726169649,20000.000566879415,499.9999997276542,488,vrp_raw,mvo_factor_neutral
2023-05-31,5142.015848201134,19649.619475877178,432.60733366244176,487,vrp_raw,mvo_factor_neutral
2023-06-01,354.63936403913,19351.776214533504,669.7570060401844,487,vrp_raw,mvo_factor_neutral
2023-06-02,-13086.626800126289,18962.389829635627,662.7454284506833,487,vrp_raw,mvo_factor_neutral
2023-06-05,-4532.634781303455,19999.999985998274,499.9999974770631,488,vrp_raw,mvo_factor_neutral
2023-06-06,-8132.975406390442,19977.52848408408,-89.5318865189734,488,vrp_raw,mvo_factor_neutral
2023-06-07,9297.682092706422,18974.87633300126,-357.3476699909791,488,vrp_raw,mvo_factor_neutral
2023-06-08,4571.405442861431,19035.405299855363,-506.34777031881066,488,vrp_raw,mvo_factor_neutral
2023-06-09,-21758.280833928216,18635.02814139883,-218.2027612013696,488,vrp_raw,mvo_factor_neutral
2023-06-12,8066.235962898613,19999.99982731505,332.00189210349083,488,vrp_raw,mvo_factor_neutral
2023-06-13,8584.520295328917,19101.301963441114,272.68036578792277,488,vrp_raw,mvo_factor_neutral
2023-06-14,2663.1243177313477,19340.47535483868,-247.1496866468074,488,vrp_raw,mvo_factor_neutral
2023-06-15,-13783.656111144108,18134.168673049855,-260.06505378339654,487,vrp_raw,mvo_factor_neutral
2023-06-16,13116.159754737715,17573.334297379966,-23.420431494505987,487,vrp_raw,mvo_factor_neutral
2023-06-20,-187.86523449872374,19999.999437872237,-499.9999456607203,487,vrp_raw,mvo_factor_neutral
2023-06-21,5033.351376191389,19277.384573084277,-863.2755795845143,487,vrp_raw,mvo_factor_neutral
2023-06-22,-10506.734734292071,18317.455440627382,-1876.5790518316628,487,vrp_raw,mvo_factor_neutral
2023-06-23,10861.474698445068,17868.917997484685,-1373.6934941132313,487,vrp_raw,mvo_factor_neutral
2023-06-26,-13371.493415423753,19999.999747146478,-229.7251472408676,487,vrp_raw,mvo_factor_neutral
2023-06-27,6892.40092606056,19096.692567989176,-597.6526370978097,487,vrp_raw,mvo_factor_neutral
2023-06-28,130.73406796155666,18900.12687705257,-811.9839927371464,487,vrp_raw,mvo_factor_neutral
2023-06-29,12741.431557985976,18324.367051927515,119.02092653864379,487,vrp_raw,mvo_factor_neutral
2023-06-30,-17033.470149493063,16506.879911787008,-1956.656061594052,487,vrp_raw,mvo_factor_neutral
2023-07-03,17080.915700968224,19999.99995962938,373.4043092655486,499,vrp_raw,mvo_factor_neutral
2023-07-05,1383.5890312994438,19616.782243552763,454.0866587183683,498,vrp_raw,mvo_factor_neutral
2023-07-06,2354.0947482461434,19440.4502248032,568.1582959714526,498,vrp_raw,mvo_factor_neutral
2023-07-07,8000.5737470933545,19861.815973957757,10.778830434302204,498,vrp_raw,mvo_factor_neutral
2023-07-10,-9737.97012894062,19999.999681867965,-499.99999389103004,500,vrp_raw,mvo_factor_neutral
2023-07-11,-7472.718246433651,20250.958884321368,484.17540330653264,500,vrp_raw,mvo_factor_neutral
2023-07-12,11498.420629255535,20151.89604375517,619.5584618214816,500,vrp_raw,mvo_factor_neutral
2023-07-13,-6662.598349123529,19729.191631959642,657.3022031506515,500,vrp_raw,mvo_factor_neutral
2023-07-14,13035.330961638043,19152.185244539847,291.49277455817816,500,vrp_raw,mvo_factor_neutral
2023-07-17,-29562.53835165882,20000.00021521852,-499.9999976704256,500,vrp_raw,mvo_factor_neutral
2023-07-18,9034.76670861535,19906.269913843473,-444.21438594681416,500,vrp_raw,mvo_factor_neutral
2023-07-19,5257.842571293802,19868.63693422149,-380.4661461156861,500,vrp_raw,mvo_factor_neutral
2023-07-20,7394.852481686201,19317.25363535363,-763.5889094426287,500,vrp_raw,mvo_factor_neutral
2023-07-21,-4049.1286406280924,18640.150120015016,-1155.7414242278792,500,vrp_raw,mvo_factor_neutral
2023-07-24,-7486.652935334851,20000.00018794474,499.9999965868186,500,vrp_raw,mvo_factor_neutral
2023-07-25,2990.6088986290165,28939.805973607763,9390.059855729225,500,vrp_raw,mvo_factor_neutral
2023-07-26,23072.979177355617,28637.592881200275,10160.382301093554,500,vrp_raw,mvo_factor_neutral
2023-07-27,1290.0920075026659,27957.75765670576,9936.856581831815,500,vrp_raw,mvo_factor_neutral
2023-07-28,-15177.503394872412,26495.875031980788,9646.821566995142,499,vrp_raw,mvo_factor_neutral
2023-07-31,32191.44205569562,20000.000000353426,499.9999956141518,499,vrp_raw,mvo_factor_neutral
2023-08-01,19145.542404814092,19742.89483619184,552.0335062836193,499,vrp_raw,mvo_factor_neutral
2023-08-02,5178.461294676875,19226.674695680704,469.43207891428676,499,vrp_raw,mvo_factor_neutral
2023-08-03,-2380.2409537706667,18881.276171577552,350.2141559597462,499,vrp_raw,mvo_factor_neutral
2023-08-04,9466.338127376832,18553.615754519717,482.47326227146357,499,vrp_raw,mvo_factor_neutral
2023-08-07,-20381.51694358193,19999.99998233519,499.9999997765527,500,vrp_raw,mvo_factor_neutral
2023-08-08,-4140.848550584265,19323.68369584136,475.36542905889524,500,vrp_raw,mvo_factor_neutral
2023-08-09,-1667.854858864878,18765.47466927643,339.5700760586185,500,vrp_raw,mvo_factor_neutral
2023-08-10,40547.67792602782,18373.96452322044,840.9686626817238,500,vrp_raw,mvo_factor_neutral
2023-08-11,-21073.63952262748,19459.67663941473,2036.111547127832,500,vrp_raw,mvo_factor_neutral
2023-08-14,7050.649452584335,19999.99991884036,499.9999993994204,500,vrp_raw,mvo_factor_neutral
2023-08-15,10500.544948982155,20004.02275793474,141.7260379172104,500,vrp_raw,mvo_factor_neutral
2023-08-16,33565.540122846156,19232.946348290818,-378.08900972228054,499,vrp_raw,mvo_factor_neutral
2023-08-17,-19715.894049040246,18273.848700326966,-1197.2670738291686,499,vrp_raw,mvo_factor_neutral
2023-08-18,23145.934064548055,18003.857853837977,-208.28003060225336,499,vrp_raw,mvo_factor_neutral
2023-08-21,-9057.06786697161,19999.999696753257,499.9999977463953,499,vrp_raw,mvo_factor_neutral
2023-08-22,-13441.56917448943,20315.13152860981,-993.4400788032083,499,vrp_raw,mvo_factor_neutral
2023-08-23,41641.90389659553,21784.148469788845,336.2891932789956,499,vrp_raw,mvo_factor_neutral
2023-08-24,12638.570919680664,20470.592432445592,434.0987830081716,499,vrp_raw,mvo_factor_neutral
2023-08-25,6408.420294992647,20343.33482003033,-195.1152658013496,499,vrp_raw,mvo_factor_neutral
2023-08-28,-13655.989809753843,20000.00013366625,499.9999962840904,500,vrp_raw,mvo_factor_neutral
2023-08-29,11881.992575068052,19466.264107582032,520.2209084054673,500,vrp_raw,mvo_factor_neutral
2023-08-30,4332.951238610395,19011.2574100846,556.0031926104506,500,vrp_raw,mvo_factor_neutral
2023-08-31,-3092.379774030232,18474.818980495278,604.6504527555086,500,vrp_raw,mvo_factor_neutral
2023-09-01,7207.68123210567,17857.59533814061,279.63764166550936,500,vrp_raw,mvo_factor_neutral
2023-09-05,-1430.9630716179654,19999.998921952272,499.9999955539902,501,vrp_raw,mvo_factor_neutral
2023-09-06,-815.9861620256272,19379.383083859128,510.7688172902225,501,vrp_raw,mvo_factor_neutral
2023-09-07,4296.619885124861,19439.93283223147,821.907256100849,501,vrp_raw,mvo_factor_neutral
2023-09-08,3348.528954702469,18940.194961588353,864.0805826714704,501,vrp_raw,mvo_factor_neutral
2023-09-11,464.70305810862726,19999.999465692017,499.9999871752041,501,vrp_raw,mvo_factor_neutral
2023-09-12,4147.820827550996,19727.91492039803,831.8630534899329,501,vrp_raw,mvo_factor_neutral
2023-09-13,-2830.505878416723,19026.07082704979,328.7527741865145,501,vrp_raw,mvo_factor_neutral
2023-09-14,-7727.028930174943,18560.827181829864,257.5054762130755,501,vrp_raw,mvo_factor_neutral
2023-09-15,8819.090628476226,18282.310620935503,528.6953508199799,501,vrp_raw,mvo_factor_neutral
2023-09-18,1966.1751536830486,20000.000151886914,-499.9999973016068,501,vrp_raw,mvo_factor_neutral
2023-09-19,-20617.875129730328,19696.884570595157,-849.378251700467,501,vrp_raw,mvo_factor_neutral
2023-09-20,-10935.85626262245,19237.59831169891,-1243.3081758930148,501,vrp_raw,mvo_factor_neutral
2023-09-21,2104.049808699347,21500.333822704277,-2139.747130093732,501,vrp_raw,mvo_factor_neutral
2023-09-22,14058.260240315023,20708.00040023213,-2142.2641572200578,501,vrp_raw,mvo_factor_neutral
2023-09-25,-5164.244626622532,19999.998951204092,-499.99999659834106,501,vrp_raw,mvo_factor_neutral
2023-09-26,-26185.726797879423,20147.062536597667,-1901.1790542142,501,vrp_raw,mvo_factor_neutral
2023-09-27,1829.7913581141727,20628.637319325702,-2423.6336622981034,501,vrp_raw,mvo_factor_neutral
2023-09-28,12368.257528956146,21042.836801164733,-2431.284178956568,501,vrp_raw,mvo_factor_neutral
2023-09-29,29944.01702080093,20571.048986746646,-2784.3176053337406,501,vrp_raw,mvo_factor_neutral
2023-10-02,-5542.117693937608,20000.000329495073,-499.9999476976484,501,vrp_raw,mvo_factor_neutral
2023-10-03,-17382.574472739045,19344.943501639947,-225.7786943130967,501,vrp_raw,mvo_factor_neutral
2023-10-04,-502.5403246299409,19340.78175801566,-308.05352550050264,501,vrp_raw,mvo_factor_neutral
2023-10-05,5211.598048490774,18969.59937865757,-369.9817204234974,501,vrp_raw,mvo_factor_neutral
2023-10-06,-5149.208577374222,18670.384263527623,-490.19363099557347,501,vrp_raw,mvo_factor_neutral
2023-10-09,-6996.915518435933,19131.987422205904,368.28099557214546,500,vrp_raw,mvo_factor_neutral
2023-10-10,3025.7126990809234,19084.036418003754,387.3320140561669,500,vrp_raw,mvo_factor_neutral
2023-10-11,12196.141681895491,18362.69312848797,176.0227696769574,500,vrp_raw,mvo_factor_neutral
2023-10-12,7069.915367671469,17754.51612462895,-170.1819787215374,500,vrp_raw,mvo_factor_neutral
2023-10-13,3934.313032773682,17739.662703016493,19.01645759347966,500,vrp_raw,mvo_factor_neutral
2023-10-16,1786.0882213682887,20000.000250429108,-499.9999921974482,501,vrp_raw,mvo_factor_neutral
2023-10-17,-1951.4827558408945,19780.5001693834,-423.26226435426895,501,vrp_raw,mvo_factor_neutral
2023-10-18,-5689.969926809845,19308.91747699878,-652.562738703582,501,vrp_raw,mvo_factor_neutral
2023-10-19,3687.3836219199984,19262.193819025997,-772.7087626468949,501,vrp_raw,mvo_factor_neutral
2023-10-20,-23315.817012011285,19128.287335511264,-502.6839216644549,501,vrp_raw,mvo_factor_neutral
2023-10-23,-12096.24796250069,19999.999180112787,499.9999913491774,500,vrp_raw,mvo_factor_neutral
2023-10-24,2457.234270589668,20262.73941011219,86.58260905904375,500,vrp_raw,mvo_factor_neutral
2023-10-25,24373.151089415176,21551.180323379198,2681.5919706000896,500,vrp_raw,mvo_factor_neutral
2023-10-26,-18474.90343159489,20810.959494311835,2356.490864656763,500,vrp_raw,mvo_factor_neutral
2023-10-27,12204.28174003056,20954.42708601718,1739.9620493556965,500,vrp_raw,mvo_factor_neutral
2023-10-30,-16933.799639954217,20000.000687497282,499.99999124424295,500,vrp_raw,mvo_factor_neutral
2023-10-31,-5450.580752062467,19895.664321951743,449.6896908856613,500,vrp_raw,mvo_factor_neutral
2023-11-01,-16998.37959134775,19552.187867339733,648.3872489369562,500,vrp_raw,mvo_factor_neutral
2023-11-02,-3912.4475059639926,18342.289458264928,207.5927760910849,500,vrp_raw,mvo_factor_neutral
2023-11-03,-29685.570266283958,18136.29963527641,72.37699085709082,500,vrp_raw,mvo_factor_neutral
2023-11-06,-26733.966182274595,20000.000444075336,499.9999997956974,501,vrp_raw,mvo_factor_neutral
2023-11-07,-8369.125494589302,20002.713498293993,493.18636881205964,501,vrp_raw,mvo_factor_neutral
2023-11-08,11362.562915741026,17698.542757381627,1451.256400485209,500,vrp_raw,mvo_factor_neutral
2023-11-09,-9446.23841132554,17870.080594279687,1310.6876281797447,500,vrp_raw,mvo_factor_neutral
2023-11-10,-340.62685114734785,17868.575861057743,1406.9277563566648,500,vrp_raw,mvo_factor_neutral
2023-11-13,4817.71757118347,19999.999159012437,499.9999996665528,501,vrp_raw,mvo_factor_neutral
2023-11-14,29546.2426091092,20343.711234670038,-1512.3796858840867,501,vrp_raw,mvo_factor_neutral
2023-11-15,30389.576352967943,22434.267628293925,510.06669976063796,501,vrp_raw,mvo_factor_neutral
2023-11-16,-7990.174893284076,22295.25884179582,482.17437884596774,501,vrp_raw,mvo_factor_neutral
2023-11-17,2418.3894967404476,21554.924156835168,605.2864745011399,501,vrp_raw,mvo_factor_neutral
2023-11-20,-15845.187774755816,20000.000429525655,499.9999977161342,502,vrp_raw,mvo_factor_neutral
2023-11-21,607.2548404692848,20781.252746611426,-121.05995060435515,502,vrp_raw,mvo_factor_neutral
2023-11-22,847.6634050638489,20085.79936911947,461.1581165729248,502,vrp_raw,mvo_factor_neutral
2023-11-24,-2048.58313420308,18287.49392712438,22.20654399556965,501,vrp_raw,mvo_factor_neutral
2023-11-27,-6158.856554040189,20000.00060892799,499.99999734318067,501,vrp_raw,mvo_factor_neutral
2023-11-28,-9962.025411802051,19808.794532489886,358.61977182086724,501,vrp_raw,mvo_factor_neutral
2023-11-29,8985.528744166748,19358.120450318114,653.3476949180796,501,vrp_raw,mvo_factor_neutral
2023-11-30,-8413.09093973891,18959.571976373714,780.5982606766032,501,vrp_raw,mvo_factor_neutral
2023-12-01,20374.007279265606,17262.02162570632,936.541789581594,501,vrp_raw,mvo_factor_neutral
2023-12-04,-6529.37960220669,19999.99996152948,499.99999943453753,502,vrp_raw,mvo_factor_neutral
2023-12-05,23689.56227940203,21440.900834249056,1668.3360989764453,502,vrp_raw,mvo_factor_neutral
2023-12-06,-33017.42351489816,21323.58510046402,579.7077039928965,502,vrp_raw,mvo_factor_neutral
2023-12-07,17270.533827779494,21082.370118715633,940.753278087054,502,vrp_raw,mvo_factor_neutral
2023-12-08,13276.012087881807,20860.297069909946,527.9870171672294,502,vrp_raw,mvo_factor_neutral
2023-12-11,2287.908572552345,19999.999916211465,499.99997519522617,502,vrp_raw,mvo_factor_neutral
2023-12-12,-2658.885595185505,20000.451612055913,1055.1852196155648,502,vrp_raw,mvo_factor_neutral
2023-12-13,23478.359921576106,20072.846094739703,3372.3186989689034,502,vrp_raw,mvo_factor_neutral
2023-12-14,13700.715040966226,22782.507701717175,1888.475503095607,502,vrp_raw,mvo_factor_neutral
2023-12-15,-22236.382536059875,22548.216866436265,1680.810277873296,501,vrp_raw,mvo_factor_neutral
2023-12-18,5142.054552638678,20000.000605298468,95.22096594516451,501,vrp_raw,mvo_factor_neutral
2023-12-19,-26510.027163993604,20013.437884295476,-709.5903607866985,501,vrp_raw,mvo_factor_neutral
2023-12-20,-38433.42042941609,21852.602666813942,-2386.0334816271,501,vrp_raw,mvo_factor_neutral
2023-12-21,-125336.19457719076,25505.42733143092,-7322.849811116295,501,vrp_raw,mvo_factor_neutral
2023-12-22,5309.036223688443,26081.28775970652,-7434.100988547891,501,vrp_raw,mvo_factor_neutral
2023-12-26,-87.18926696424921,19999.99964337586,499.99998755078775,502,vrp_raw,mvo_factor_neutral
2023-12-27,-11142.479744402155,20619.70260741603,-473.92250948308896,501,vrp_raw,mvo_factor_neutral
2023-12-28,-4107.084252651405,19253.881123146894,10.622425623060876,501,vrp_raw,mvo_factor_neutral
2023-12-29,2959.1097618081208,19731.47489123617,-190.8290871282055,501,vrp_raw,mvo_factor_neutral
2024-01-02,21523.28035621505,20000.00023274104,499.9999769770288,503,vrp_raw,mvo_factor_neutral
2024-01-03,-2428.6925976714642,19668.212086458945,308.2927867716396,503,vrp_raw,mvo_factor_neutral
2024-01-04,-1057.1328293234458,19363.237856128708,452.04021407770017,503,vrp_raw,mvo_factor_neutral
2024-01-05,-2863.4290642687793,19040.947259720073,493.48318066069027,503,vrp_raw,mvo_factor_neutral
2024-01-08,-22442.141495776046,20000.000340600476,476.60668383501593,504,vrp_raw,mvo_factor_neutral
2024-01-09,-4540.450174954286,18509.245097939587,1154.2526026860864,504,vrp_raw,mvo_factor_neutral
2024-01-10,4035.461353502732,18233.3639098583,1194.0564472152905,493,vrp_raw,mvo_factor_neutral
2024-01-11,-984.1525832283372,17978.807213609023,1247.9504425143396,493,vrp_raw,mvo_factor_neutral
2024-01-12,11646.520850369132,17485.99316077186,957.6317295827488,493,vrp_raw,mvo_factor_neutral
2024-01-16,5472.429716706848,19999.999676221432,221.27902059074103,493,vrp_raw,mvo_factor_neutral
2024-01-17,-10582.039907646194,19491.088651773298,118.96049027092907,493,vrp_raw,mvo_factor_neutral
2024-01-18,61.82720676423229,18984.693433801618,-547.1280088738515,493,vrp_raw,mvo_factor_neutral
2024-01-19,-1070.7449716276524,18823.069696742314,-296.6191498052256,493,vrp_raw,mvo_factor_neutral
2024-01-22,-5622.243644376682,19999.998772506468,340.986535204442,493,vrp_raw,mvo_factor_neutral
2024-01-23,-5101.838152385205,20446.85534959895,600.1662884000187,493,vrp_raw,mvo_factor_neutral
2024-01-24,-4219.580857284483,19537.274249716116,456.47931655217894,493,vrp_raw,mvo_factor_neutral
2024-01-25,20934.82108706639,19256.398542355506,490.3351183326942,493,vrp_raw,mvo_factor_neutral
2024-01-26,6933.301267555783,18263.866412876305,334.2501396027004,493,vrp_raw,mvo_factor_neutral
2024-01-29,-2064.2125915426723,20000.000440647644,455.95338737606016,493,vrp_raw,mvo_factor_neutral
2024-01-30,-10354.097654378611,20575.621640356887,-46.18307355432529,493,vrp_raw,mvo_factor_neutral
2024-01-31,18355.354942494887,20212.376566151237,169.7634279669364,493,vrp_raw,mvo_factor_neutral
2024-02-01,-16456.191263218858,19772.07751722039,-469.7391978155727,493,vrp_raw,mvo_factor_neutral
2024-02-02,5746.852877569136,19168.101058656972,54.974795882430186,493,vrp_raw,mvo_factor_neutral
2024-02-05,-483.94340490795423,20000.00023319964,499.99998957722335,493,vrp_raw,mvo_factor_neutral
2024-02-06,-2122.3721733441807,22677.452054517507,2603.0566328903574,493,vrp_raw,mvo_factor_neutral
2024-02-07,-12027.538847344844,21607.803253510403,1953.5675362094375,493,vrp_raw,mvo_factor_neutral
2024-02-08,48252.32828923572,20821.15617585526,1828.4680979435243,493,vrp_raw,mvo_factor_neutral
2024-02-09,10510.724853358899,20096.716181035346,2525.595935543355,492,vrp_raw,mvo_factor_neutral
2024-02-12,-52252.71015768849,20000.00014092075,499.9999980008183,492,vrp_raw,mvo_factor_neutral
2024-02-13,21990.50602496588,19546.589603884702,1108.3156826047543,492,vrp_raw,mvo_factor_neutral
2024-02-14,-2005.1880827790214,18254.465168060884,1180.2885973618886,492,vrp_raw,mvo_factor_neutral
2024-02-15,-679.4884197899148,18548.26925557417,771.0548099079176,492,vrp_raw,mvo_factor_neutral
2024-02-16,1011.1876140429481,18833.35996514163,1398.3889337909104,492,vrp_raw,mvo_factor_neutral
2024-02-20,22700.838994179343,20000.000044570166,499.9999975422728,492,vrp_raw,mvo_factor_neutral
2024-02-21,-1201.0848664642313,18847.52421934871,540.6164683487756,492,vrp_raw,mvo_factor_neutral
2024-02-22,11599.058150362442,17843.06320616036,73.42550371848081,492,vrp_raw,mvo_factor_neutral
2024-02-23,-11353.701442830821,16131.42319020238,-223.13830988949414,492,vrp_raw,mvo_factor_neutral
2024-02-26,2408.0203441738763,19724.80822888982,583.5221631361059,491,vrp_raw,mvo_factor_neutral
2024-02-27,-11296.52974184481,19819.485009344316,206.0470807843716,491,vrp_raw,mvo_factor_neutral
2024-02-28,6189.24790773133,19912.665991540573,-243.883579469299,491,vrp_raw,mvo_factor_neutral
2024-02-29,-3951.4192062001916,19447.80605497985,-303.61603171259935,491,vrp_raw,mvo_factor_neutral
2024-03-01,4152.611133690014,18958.7262620819,61.622933901681556,491,vrp_raw,mvo_factor_neutral
2024-03-04,-9761.574932862728,19999.99963606194,500.00000003966613,491,vrp_raw,mvo_factor_neutral
2024-03-05,-32201.0502717404,20828.90240711056,186.34269778337585,491,vrp_raw,mvo_factor_neutral
2024-03-06,23928.145351221498,19868.99229889666,273.8140765934671,491,vrp_raw,mvo_factor_neutral
2024-03-07,2462.7104859152905,19749.077682433774,152.59446385835943,491,vrp_raw,mvo_factor_neutral
2024-03-08,-9280.224208061727,19683.60328218902,417.29615708526677,491,vrp_raw,mvo_factor_neutral
2024-03-11,-1645.774029688706,20000.000280831067,499.99998907941045,492,vrp_raw,mvo_factor_neutral
2024-03-12,9427.211099700797,19440.25053116972,406.98615935238183,491,vrp_raw,mvo_factor_neutral
2024-03-13,1187.740612944538,18257.402669640487,350.1601460679714,491,vrp_raw,mvo_factor_neutral
2024-03-14,-3886.0923143592854,18490.74796059165,42.53869352840812,491,vrp_raw,mvo_factor_neutral
2024-03-15,-18969.684965064804,18437.938370478652,108.1660107162477,491,vrp_raw,mvo_factor_neutral
2024-03-18,19784.58055645503,19999.99922249241,499.99998985709425,491,vrp_raw,mvo_factor_neutral
2024-03-19,-3869.81842358918,19965.532606291756,509.3584784299691,491,vrp_raw,mvo_factor_neutral
2024-03-20,-4152.996783235233,19786.62128943332,575.4053127116191,491,vrp_raw,mvo_factor_neutral
2024-03-21,-4255.252470548385,18541.684878588505,1593.3657721518725,491,vrp_raw,mvo_factor_neutral
2024-03-22,4543.251319187276,19078.622706568807,1856.9270554158627,491,vrp_raw,mvo_factor_neutral
2024-03-25,1032.8889659778515,19999.99988097297,499.9999281572757,492,vrp_raw,mvo_factor_neutral
2024-03-26,-49507.13515708574,21662.654400292628,-430.870702039544,492,vrp_raw,mvo_factor_neutral
2024-03-27,79501.94184389945,17808.906320575163,1648.0668625822218,492,vrp_raw,mvo_factor_neutral
2024-03-28,-15240.559649635445,16302.104957180209,1049.2008362699928,492,vrp_raw,mvo_factor_neutral
2024-04-01,5069.68770919304,19999.99994632159,-499.99998229298546,492,vrp_raw,mvo_factor_neutral
2024-04-02,6282.696807612872,18609.382612495334,442.9529343353687,491,vrp_raw,mvo_factor_neutral
2024-04-03,5802.813944809031,18324.8594946689,299.25135207055854,490,vrp_raw,mvo_factor_neutral
2024-04-04,-5875.754601146684,18039.8766864546,370.1496473880852,490,vrp_raw,mvo_factor_neutral
2024-04-05,23034.1599744289,17550.867262827163,546.2459153460355,490,vrp_raw,mvo_factor_neutral
2024-04-08,-11065.059878799533,20000.000523260973,32.57139770024024,491,vrp_raw,mvo_factor_neutral
2024-04-09,-14216.066839390174,19746.95429037414,338.6554358435891,491,vrp_raw,mvo_factor_neutral
2024-04-10,7168.708237422696,19187.98234278368,176.21874381558231,491,vrp_raw,mvo_factor_neutral
2024-04-11,-7737.294914778915,18721.91957691723,239.18045802551381,491,vrp_raw,mvo_factor_neutral
2024-04-12,7442.306495541873,18166.835953310176,414.82337521308807,491,vrp_raw,mvo_factor_neutral
2024-04-15,81.51934911301798,19999.999511333208,101.96816588296947,491,vrp_raw,mvo_factor_neutral
2024-04-16,7874.6147389203115,20280.44309121403,-1014.6084492660491,491,vrp_raw,mvo_factor_neutral
2024-04-17,3620.0413210874726,19495.34963589791,-1064.842416878974,491,vrp_raw,mvo_factor_neutral
2024-04-18,-632.5667652278964,19819.322631737534,-493.28790293606414,491,vrp_raw,mvo_factor_neutral
2024-04-19,11572.832163296178,18962.057570280987,-1162.0934741073747,491,vrp_raw,mvo_factor_neutral
2024-04-22,16088.984927170952,19999.999804535928,-499.99999735533805,492,vrp_raw,mvo_factor_neutral
2024-04-23,8785.916728596858,18923.927624184984,-1098.8285686479555,492,vrp_raw,mvo_factor_neutral
2024-04-24,-7566.85708705777,18501.8547063027,-1227.805582838419,492,vrp_raw,mvo_factor_neutral
2024-04-25,7329.77945380026,18162.811687517406,-1765.3967701687518,492,vrp_raw,mvo_factor_neutral
2024-04-26,4441.3207238586465,17383.252206334397,-1984.738824463118,492,vrp_raw,mvo_factor_neutral
2024-04-29,704.0323679629386,19999.999598969265,-499.9999909627936,492,vrp_raw,mvo_factor_neutral
2024-04-30,-13306.727930510559,19228.7959863082,-567.2785651296919,492,vrp_raw,mvo_factor_neutral
2024-05-01,-1068.4956092261893,18860.607503433403,-829.3203697431079,492,vrp_raw,mvo_factor_neutral
2024-05-02,3615.5002353230993,18677.80410607782,-552.8386877051789,492,vrp_raw,mvo_factor_neutral
2024-05-03,-14191.256750927463,17294.199531812126,-1508.9596298288561,492,vrp_raw,mvo_factor_neutral
2024-05-06,5178.702000396671,19999.997947927204,499.9997308192449,492,vrp_raw,mvo_factor_neutral
2024-05-07,-8882.428314219933,18789.326046471884,-20.10847379698306,492,vrp_raw,mvo_factor_neutral
2024-05-08,24347.440525731672,18837.95080270109,685.5176979850568,492,vrp_raw,mvo_factor_neutral
2024-05-09,9903.442204942445,18534.255365132318,914.6594378466324,492,vrp_raw,mvo_factor_neutral
2024-05-10,8042.670312115691,17970.65447119772,700.7679669050765,492,vrp_raw,mvo_factor_neutral
2024-05-13,-3964.264230127061,19999.999896774905,499.9999991763433,491,vrp_raw,mvo_factor_neutral
2024-05-14,-38345.74879049043,19889.959948322838,272.12526815153245,491,vrp_raw,mvo_factor_neutral
2024-05-15,47467.21538659391,24153.116406795772,4480.261024705182,491,vrp_raw,mvo_factor_neutral
2024-05-16,-7551.715124401696,22844.534683171973,4642.260909443206,491,vrp_raw,mvo_factor_neutral
2024-05-17,-975.7531060395843,21922.114028922697,4655.570922492098,491,vrp_raw,mvo_factor_neutral
2024-05-20,3316.9018161077224,20000.000043155524,499.9999839800338,491,vrp_raw,mvo_factor_neutral
2024-05-21,-1488.5411475906171,19001.4424777262,103.82511226712586,491,vrp_raw,mvo_factor_neutral
2024-05-22,273.49861658697665,19187.964424988637,-136.54911792293004,491,vrp_raw,mvo_factor_neutral
2024-05-23,26578.788854816143,21363.260876817512,-638.8364255138465,491,vrp_raw,mvo_factor_neutral
2024-05-24,457.170957341891,19997.963572178345,27.64729426069491,491,vrp_raw,mvo_factor_neutral
2024-05-28,-10802.604474152356,20000.000627999078,499.9999981849519,491,vrp_raw,mvo_factor_neutral
2024-05-29,406.4803148068189,21381.743146681878,1764.2613854740484,491,vrp_raw,mvo_factor_neutral
2024-05-30,-351.60608574062894,21336.099263750308,1813.457603214692,491,vrp_raw,mvo_factor_neutral
2024-05-31,9224.154897617767,20308.970108317695,1072.01016946668,491,vrp_raw,mvo_factor_neutral
2024-06-03,-9091.37761260104,20000.000305903726,499.99999442625864,491,vrp_raw,mvo_factor_neutral
2024-06-04,10326.081459051025,19102.70814483284,1102.9053159486639,489,vrp_raw,mvo_factor_neutral
2024-06-05,13552.693888079975,18543.0947818228,673.2082613942158,489,vrp_raw,mvo_factor_neutral
2024-06-06,-1811.9673344655694,18115.45959479151,1023.3291304284932,489,vrp_raw,mvo_factor_neutral
2024-06-07,3593.2547880680436,17708.16546038667,778.523360752862,489,vrp_raw,mvo_factor_neutral
2024-06-10,3071.441808383394,19999.999453322693,499.9999903887365,491,vrp_raw,mvo_factor_neutral
2024-06-11,-766.5090172717146,21581.18897897474,1491.939084499502,491,vrp_raw,mvo_factor_neutral
2024-06-12,-6112.832665263101,20937.305009738917,1803.9826482375865,491,vrp_raw,mvo_factor_neutral
2024-06-13,-25258.032960282242,19901.074838475604,732.8703783888842,491,vrp_raw,mvo_factor_neutral
2024-06-14,10820.024129054373,22069.119788858683,2268.8307173792737,491,vrp_raw,mvo_factor_neutral
2024-06-17,7940.944652659673,19999.9999677844,-199.53861814504867,491,vrp_raw,mvo_factor_neutral
2024-06-18,31255.39419515617,19445.461806733718,-94.73051273825456,491,vrp_raw,mvo_factor_neutral
2024-06-20,-8641.417067223303,18834.619932143807,-655.4454578557813,491,vrp_raw,mvo_factor_neutral
2024-06-21,-11563.40250539058,18469.309505225214,-1183.8483669874402,491,vrp_raw,mvo_factor_neutral
2024-06-24,29645.93559035623,19999.999689343367,75.3349378342266,491,vrp_raw,mvo_factor_neutral
2024-06-25,-741.492554366281,18796.715625779845,-616.8116737274985,491,vrp_raw,mvo_factor_neutral
2024-06-26,-2111.406751538543,18644.06533030449,-867.2473759246727,491,vrp_raw,mvo_factor_neutral
2024-06-27,6272.898130361113,17289.605591513046,-1372.8600481427723,491,vrp_raw,mvo_factor_neutral
2024-06-28,894.8556839924579,17371.4313696435,-1523.1934311100115,491,vrp_raw,mvo_factor_neutral
2024-07-01,4487.214166460122,20000.000354895994,499.9999995954079,503,vrp_raw,mvo_factor_neutral
2024-07-02,-9402.927695653012,23848.972717262364,-3859.022061574171,501,vrp_raw,mvo_factor_neutral
2024-07-03,8278.802633988329,23327.383944337478,-3907.6840158533723,501,vrp_raw,mvo_factor_neutral
2024-07-05,27670.74127535407,22604.733304376594,-3945.7607891760517,501,vrp_raw,mvo_factor_neutral
2024-07-08,-17248.238723022376,19999.999959923327,-499.99997868991846,502,vrp_raw,mvo_factor_neutral
2024-07-09,862.7657981085877,19923.53767750608,-299.89799931939365,502,vrp_raw,mvo_factor_neutral
2024-07-10,-4340.888386003854,20915.69427593106,883.632696508208,502,vrp_raw,mvo_factor_neutral
2024-07-11,11055.531158015341,19596.349900249188,1654.1236954465553,502,vrp_raw,mvo_factor_neutral
2024-07-12,-26026.55636106584,19301.540943475924,1135.3698378387144,502,vrp_raw,mvo_factor_neutral
2024-07-15,11136.419947320297,19999.999499054542,17.84583186673213,502,vrp_raw,mvo_factor_neutral
2024-07-16,-23460.717532845672,19744.611984099058,-684.6896405412942,502,vrp_raw,mvo_factor_neutral
2024-07-17,-14903.564584160102,20956.00419860739,-246.32494584247132,502,vrp_raw,mvo_factor_neutral
2024-07-18,2799.752914250105,20968.266788454745,-249.36529394923525,502,vrp_raw,mvo_factor_neutral
2024-07-19,26554.401707848272,20152.309651592936,-77.44940191877497,502,vrp_raw,mvo_factor_neutral
2024-07-22,-13742.404879019006,20000.00014877611,110.43907228706831,502,vrp_raw,mvo_factor_neutral
2024-07-23,50568.170679936935,20854.700416183558,1558.7413687368357,502,vrp_raw,mvo_factor_neutral
2024-07-24,-27417.746243700767,22019.26079885646,-662.9961578056439,502,vrp_raw,mvo_factor_neutral
2024-07-25,29466.236498919454,20512.05310616117,-1246.1052078059079,502,vrp_raw,mvo_factor_neutral
2024-07-26,21814.266876741607,21765.794209065534,1216.7937092491654,502,vrp_raw,mvo_factor_neutral
2024-07-29,-31806.3468202308,19999.999890741605,499.999999816515,503,vrp_raw,mvo_factor_neutral
2024-07-30,9711.152151354643,19009.855732382373,765.3334797143116,502,vrp_raw,mvo_factor_neutral
2024-07-31,-10811.499589784637,18706.260077333012,843.7122286462268,502,vrp_raw,mvo_factor_neutral
2024-08-01,8392.557733639682,18531.220236284433,797.1363516527524,502,vrp_raw,mvo_factor_neutral
2024-08-02,11443.113023585114,18261.309653944565,980.0173548442018,502,vrp_raw,mvo_factor_neutral
2024-08-05,9458.640471307617,19999.99996862021,499.99999144075923,504,vrp_raw,mvo_factor_neutral
2024-08-06,-8047.899892862175,19864.644798765086,546.9032684064315,503,vrp_raw,mvo_factor_neutral
2024-08-07,-29944.89186299918,19597.427695471782,339.0372826423724,503,vrp_raw,mvo_factor_neutral
2024-08-08,1337.0397068944214,19987.87301096263,225.71087263480047,503,vrp_raw,mvo_factor_neutral
2024-08-09,31132.71103891435,19020.11060727872,293.2566158895755,503,vrp_raw,mvo_factor_neutral
2024-08-12,177.10413224599563,19999.99956098214,485.5655195914326,504,vrp_raw,mvo_factor_neutral
2024-08-13,-10301.707426706727,20132.99030014601,467.0170624481837,504,vrp_raw,mvo_factor_neutral
2024-08-14,15654.624883230235,19292.560516639067,595.7265599568022,504,vrp_raw,mvo_factor_neutral
2024-08-15,-20170.405875144774,18392.466198508286,-370.9244551814219,504,vrp_raw,mvo_factor_neutral
2024-08-16,8745.405239354432,18631.194541991674,-363.2371503500982,504,vrp_raw,mvo_factor_neutral
2024-08-19,17387.907373256494,19999.999500291775,499.99999886605434,504,vrp_raw,mvo_factor_neutral
2024-08-20,9058.174116448656,20210.07683530053,599.2144336694355,504,vrp_raw,mvo_factor_neutral
2024-08-21,-2919.7686898163474,19051.516175163462,753.2795559159391,504,vrp_raw,mvo_factor_neutral
2024-08-22,12265.471215104271,19563.6396292967,1295.4581069299313,504,vrp_raw,mvo_factor_neutral
2024-08-23,-25684.225346813353,18531.65758147368,1608.878206151766,504,vrp_raw,mvo_factor_neutral
2024-08-26,691.527072622614,19999.998037494304,499.9999957625847,504,vrp_raw,mvo_factor_neutral
2024-08-27,22310.5285044902,20590.159867383758,1230.6881650695473,504,vrp_raw,mvo_factor_neutral
2024-08-28,-21629.810220563162,19900.20801149276,554.3910475300546,504,vrp_raw,mvo_factor_neutral
2024-08-29,21037.34800006118,19428.634300812548,1378.8975343425689,504,vrp_raw,mvo_factor_neutral
2024-08-30,10421.660153699946,17473.984350852043,741.2490571073063,504,vrp_raw,mvo_factor_neutral
2024-09-03,-16672.000633218362,19999.998188204147,499.99999146087634,504,vrp_raw,mvo_factor_neutral
2024-09-04,-26333.61512818174,20933.589787736928,-979.2365400381059,503,vrp_raw,mvo_factor_neutral
2024-09-05,-10951.21581301127,20378.4013310925,-469.70082356597044,502,vrp_raw,mvo_factor_neutral
2024-09-06,-27519.229169649556,21118.994053817114,-1224.1765115619066,502,vrp_raw,mvo_factor_neutral
2024-09-09,36086.69675684698,20000.000298715033,499.9999959108489,502,vrp_raw,mvo_factor_neutral
2024-09-10,-7735.846351059978,19283.25801547684,-167.69649372955453,502,vrp_raw,mvo_factor_neutral
2024-09-11,-5307.193073019003,18844.484426345767,276.0940872749043,502,vrp_raw,mvo_factor_neutral
2024-09-12,-1176.6580984612194,19329.96460158655,373.04700272357945,502,vrp_raw,mvo_factor_neutral
2024-09-13,-15562.494682502824,19588.404463984672,-164.0495438085679,502,vrp_raw,mvo_factor_neutral
2024-09-16,34937.668539851045,20000.000478926147,165.60804563463938,503,vrp_raw,mvo_factor_neutral
2024-09-17,-18120.62252773227,19967.352023361444,-391.91702813833956,503,vrp_raw,mvo_factor_neutral
2024-09-18,-7298.324526105987,19604.257253655993,-539.5852621309535,503,vrp_raw,mvo_factor_neutral
2024-09-19,7152.296938574203,19048.22816153786,-317.09215396265245,503,vrp_raw,mvo_factor_neutral
2024-09-20,-3632.9149103565233,18461.117226980612,-254.30948458807475,503,vrp_raw,mvo_factor_neutral
2024-09-23,15916.350620826632,20000.00027012335,-499.99998374115023,505,vrp_raw,mvo_factor_neutral
2024-09-24,-34478.916399802,19881.827871806447,-284.0846701545728,505,vrp_raw,mvo_factor_neutral
2024-09-25,14950.05922947572,20263.416986431435,673.3084042292303,505,vrp_raw,mvo_factor_neutral
2024-09-26,-37110.103321192124,21600.964855910934,-709.3183788660216,505,vrp_raw,mvo_factor_neutral
2024-09-27,-3644.1668426586307,21309.55153744561,-941.7862602521387,505,vrp_raw,mvo_factor_neutral
2024-09-30,2844.3696354168414,19999.999050944803,-499.9999952268916,507,vrp_raw,mvo_factor_neutral
2024-10-01,17015.795111123272,18496.690186465297,713.2780276598768,505,vrp_raw,mvo_factor_neutral
2024-10-02,9885.98427181276,17943.263919287238,444.04110408644567,505,vrp_raw,mvo_factor_neutral
2024-10-03,13375.635926103945,17402.7067779341,496.1664736737388,505,vrp_raw,mvo_factor_neutral
2024-10-04,-7288.709486409691,17106.98342042649,530.8887490341106,505,vrp_raw,mvo_factor_neutral
2024-10-07,8332.709080620509,20000.000077637458,-499.999993196853,505,vrp_raw,mvo_factor_neutral
2024-10-08,4668.999769806256,19136.734693856848,-630.4007793908725,505,vrp_raw,mvo_factor_neutral
2024-10-09,-6698.245098789992,18975.545857395,-503.7354159263127,505,vrp_raw,mvo_factor_neutral
2024-10-10,-14621.919885953494,19783.921477829135,-1388.124761716114,505,vrp_raw,mvo_factor_neutral
2024-10-11,-17434.994634514682,19082.732475740268,-1773.6985873498786,505,vrp_raw,mvo_factor_neutral
2024-10-14,17483.525486694918,19999.9998454573,-499.9999964879884,506,vrp_raw,mvo_factor_neutral
2024-10-15,-22211.08248899108,20457.52442581167,-1307.9049353149387,506,vrp_raw,mvo_factor_neutral
2024-10-16,19883.524482840054,20337.255571508293,-595.5522622605666,506,vrp_raw,mvo_factor_neutral
2024-10-17,18076.49222580615,19656.460249340384,129.57727740221435,506,vrp_raw,mvo_factor_neutral
2024-10-18,-33223.872518524746,20122.04302773003,-717.7199950733678,506,vrp_raw,mvo_factor_neutral
2024-10-21,11387.804422170939,20000.0004524692,-499.99999766900027,506,vrp_raw,mvo_factor_neutral
2024-10-22,32916.789219214006,20015.579686716206,-503.5036861935724,506,vrp_raw,mvo_factor_neutral
2024-10-23,5515.781321112955,20318.638278577793,251.5840308317005,506,vrp_raw,mvo_factor_neutral
2024-10-24,-20308.899695828535,20256.766412746165,580.0613649303466,506,vrp_raw,mvo_factor_neutral
2024-10-25,56494.557085010645,19986.202962311156,295.2261306051698,506,vrp_raw,mvo_factor_neutral
2024-10-28,-16463.272963210075,20000.000242121216,499.99999495263506,506,vrp_raw,mvo_factor_neutral
2024-10-29,2204.5312371276545,19242.349102141125,901.0630901413398,505,vrp_raw,mvo_factor_neutral
2024-10-30,-1349.0293481656197,18995.873973353686,948.8172508745088,505,vrp_raw,mvo_factor_neutral
2024-10-31,-20721.405780654874,18690.105661325633,867.3721228313573,505,vrp_raw,mvo_factor_neutral
2024-11-01,6145.288846773613,18554.377405469186,702.6156350777491,505,vrp_raw,mvo_factor_neutral
2024-11-04,-413.54751592096216,20000.000084549338,499.99999959599074,506,vrp_raw,mvo_factor_neutral
2024-11-05,3935.6616884223836,19697.969925087455,314.5337529475088,506,vrp_raw,mvo_factor_neutral
2024-11-06,9115.550375465291,18370.05265018478,-1121.6103390436465,506,vrp_raw,mvo_factor_neutral
2024-11-07,-10040.85501088718,18625.650048607466,-1200.8965375268174,506,vrp_raw,mvo_factor_neutral
2024-11-08,-10267.115922629684,17708.59895207816,-769.2038360697201,506,vrp_raw,mvo_factor_neutral
2024-11-11,-10177.606037201544,20000.0001581961,499.9999998421605,507,vrp_raw,mvo_factor_neutral
2024-11-12,-14042.969180640252,19507.051405437312,207.1982682045203,507,vrp_raw,mvo_factor_neutral
2024-11-13,19951.995557426064,20275.664906712147,996.0534872086292,507,vrp_raw,mvo_factor_neutral
2024-11-14,-3184.91663697326,19997.308447543677,835.0312497210425,507,vrp_raw,mvo_factor_neutral
2024-11-15,31263.539201074134,21120.98905731428,2267.5057114155425,507,vrp_raw,mvo_factor_neutral
2024-11-18,-26269.896574560546,20000.00002457713,499.99999883367684,507,vrp_raw,mvo_factor_neutral
2024-11-19,10829.074731808545,20531.821126844316,1956.3056229355711,507,vrp_raw,mvo_factor_neutral
2024-11-20,-3108.4057568455232,20853.59141004245,2170.7070945398405,507,vrp_raw,mvo_factor_neutral
2024-11-21,15354.822169587886,19372.283691362292,1665.400756458574,507,vrp_raw,mvo_factor_neutral
2024-11-22,25803.152474889142,19420.762770216745,2069.753864633135,507,vrp_raw,mvo_factor_neutral
2024-11-25,-39385.77054241988,20000.00039392569,499.9999995692827,507,vrp_raw,mvo_factor_neutral
2024-11-26,21816.096218920404,19246.74501075415,283.2471598481787,507,vrp_raw,mvo_factor_neutral
2024-11-27,-4778.581479238047,18689.5762161092,607.2385240937193,507,vrp_raw,mvo_factor_neutral
2024-11-29,28273.093437168485,17858.516442486976,1176.8777187791532,507,vrp_raw,mvo_factor_neutral
2024-12-02,252.36671190236927,19999.99982894413,499.9999927302947,507,vrp_raw,mvo_factor_neutral
2024-12-03,-2405.023157237122,19517.825405756714,1412.6091754121558,505,vrp_raw,mvo_factor_neutral
2024-12-04,20364.86362623106,19131.267427810355,1415.2167297200672,505,vrp_raw,mvo_factor_neutral
2024-12-05,12238.690275677387,18718.062854109357,1372.5319092963307,505,vrp_raw,mvo_factor_neutral
2024-12-06,9421.442052637778,18554.238429915047,1627.016637608026,505,vrp_raw,mvo_factor_neutral
2024-12-09,-4741.480105319294,19999.99913017283,499.9999772753125,505,vrp_raw,mvo_factor_neutral
2024-12-10,7570.435423273233,19386.573120579953,31.81239075865272,505,vrp_raw,mvo_factor_neutral
2024-12-11,-8290.712817402815,18799.577775088597,144.39854987299302,505,vrp_raw,mvo_factor_neutral
2024-12-12,20802.71470983423,19168.390004621793,1005.751188660919,505,vrp_raw,mvo_factor_neutral
2024-12-13,-9611.687385515917,19084.214942967872,894.2551738428351,505,vrp_raw,mvo_factor_neutral
2024-12-16,10772.758334610666,20000.00030804874,370.7343357286935,506,vrp_raw,mvo_factor_neutral
2024-12-17,22489.675218851913,19993.177127966148,1307.9114608154578,506,vrp_raw,mvo_factor_neutral
2024-12-18,-4025.960615834452,20681.402795616574,2938.835228460816,506,vrp_raw,mvo_factor_neutral
2024-12-19,-24203.482079493326,20194.51251062501,2223.989517548016,506,vrp_raw,mvo_factor_neutral
2024-12-20,-4339.707979645465,19604.640213366467,1441.7630670563824,506,vrp_raw,mvo_factor_neutral
2024-12-23,-1452.2840483317339,20000.000118970147,499.9999928090282,506,vrp_raw,mvo_factor_neutral
2024-12-24,4276.659025055739,18445.219176006933,-693.0193354386782,506,vrp_raw,mvo_factor_neutral
2024-12-26,-4661.2109087259505,17839.790443349535,-966.6360868308835,506,vrp_raw,mvo_factor_neutral
2024-12-27,22684.903419500348,17475.67922660239,-229.7912222824582,505,vrp_raw,mvo_factor_neutral
2024-12-30,-1229.0447679686122,20000.000202854335,-335.1951387135803,505,vrp_raw,mvo_factor_neutral
2024-12-31,3267.683838206538,19859.374945637584,-244.6800019921366,505,vrp_raw,mvo_factor_neutral
2025-01-02,-8226.073027089395,19569.85103472124,-271.4270011096308,505,vrp_raw,mvo_factor_neutral
2025-01-03,-6448.593367259355,19141.91290716894,-493.17342856436966,505,vrp_raw,mvo_factor_neutral
2025-01-06,14534.858735210906,20000.000123687103,-499.99862644218257,505,vrp_raw,mvo_factor_neutral
2025-01-07,12832.336726576277,20622.1664446262,-210.23228557325493,505,vrp_raw,mvo_factor_neutral
2025-01-08,-20118.403286699202,20086.13187701921,2.2045784400653115,505,vrp_raw,mvo_factor_neutral
2025-01-10,-17224.274183214908,19337.82254546914,-458.2606466592508,505,vrp_raw,mvo_factor_neutral
2025-01-13,-20680.750355786895,19739.71142489852,-24.06556616173435,494,vrp_raw,mvo_factor_neutral
2025-01-14,1609.0354751927086,19553.976493521815,66.37662663288066,494,vrp_raw,mvo_factor_neutral
2025-01-15,16447.488189991436,18885.773370778872,49.84162230965794,494,vrp_raw,mvo_factor_neutral
2025-01-16,6886.987657434,18294.844543982195,201.0783226806397,494,vrp_raw,mvo_factor_neutral
2025-01-17,8431.973909806085,18077.112255453078,208.6526395323811,494,vrp_raw,mvo_factor_neutral
2025-01-21,19504.02137596112,19999.99980038409,-499.9999922518153,494,vrp_raw,mvo_factor_neutral
2025-01-22,7444.583017787551,20151.34675604717,-270.4100905435696,494,vrp_raw,mvo_factor_neutral
2025-01-23,-2229.53967679847,19693.26307644157,-407.65909333821577,494,vrp_raw,mvo_factor_neutral
2025-01-24,-2535.5401520474757,18755.39252461233,-760.5939230001933,494,vrp_raw,mvo_factor_neutral
2025-01-27,82646.15346780211,19999.999986880877,-499.9999961284503,494,vrp_raw,mvo_factor_neutral
2025-01-28,-14292.693600844608,20696.98157067601,-547.855655786312,494,vrp_raw,mvo_factor_neutral
2025-01-29,26445.39079834162,20361.573996553456,-142.11246615673733,494,vrp_raw,mvo_factor_neutral
2025-01-30,-17980.44103662867,19196.99021041831,-759.2609175613205,494,vrp_raw,mvo_factor_neutral
2025-01-31,45732.75328633971,19544.11686260653,111.23304311884708,494,vrp_raw,mvo_factor_neutral
2025-02-03,-42769.67463966393,19999.999974040256,-197.51657495356224,494,vrp_raw,mvo_factor_neutral
2025-02-04,-14546.357683200431,19911.106161545682,162.2952370358349,494,vrp_raw,mvo_factor_neutral
2025-02-05,-684.20102358802,19008.64676428848,-130.98463109987085,494,vrp_raw,mvo_factor_neutral
2025-02-06,388.038508186674,18547.110340601248,-463.99787103098765,494,vrp_raw,mvo_factor_neutral
2025-02-07,2189.501458753595,18690.25769040729,-87.93170608353924,494,vrp_raw,mvo_factor_neutral
2025-02-10,-2577.410730680686,20000.00031503037,499.99999839633017,494,vrp_raw,mvo_factor_neutral
2025-02-11,3480.2162547233506,19464.918561545834,419.92501124378776,494,vrp_raw,mvo_factor_neutral
2025-02-12,18356.674370095698,19130.027705151177,181.2061274490252,494,vrp_raw,mvo_factor_neutral
2025-02-13,-17367.312548344238,18946.896949350106,-206.5370165679655,494,vrp_raw,mvo_factor_neutral
2025-02-14,-24179.898762436,18916.232570567805,-121.84723885913562,494,vrp_raw,mvo_factor_neutral
2025-02-18,18192.523143991424,19999.99959830145,-499.99995584343753,494,vrp_raw,mvo_factor_neutral
2025-02-19,-39682.21675790099,20243.513786657742,91.44621253861078,494,vrp_raw,mvo_factor_neutral
2025-02-20,-3373.680178874887,20441.58751490108,-113.6070282228693,494,vrp_raw,mvo_factor_neutral
2025-02-21,24500.890202460174,20415.461942981692,-536.4716214298625,494,vrp_raw,mvo_factor_neutral
2025-02-24,17428.56681079683,20000.000331138683,499.9999993498164,494,vrp_raw,mvo_factor_neutral
2025-02-25,-8868.747524831568,19212.715344189237,337.82147620469476,494,vrp_raw,mvo_factor_neutral
2025-02-26,14152.025735938298,20075.364289300578,797.9662466509186,494,vrp_raw,mvo_factor_neutral
2025-02-27,-1748.7736061723172,19648.4312164925,1123.8945279545808,494,vrp_raw,mvo_factor_neutral
2025-02-28,10938.125445213656,19116.944902651176,1185.4098810707335,494,vrp_raw,mvo_factor_neutral
2025-03-03,25240.545806684968,20000.00017792809,499.99999983391643,494,vrp_raw,mvo_factor_neutral
2025-03-04,-5691.409053616488,20182.86543581221,943.9392365594075,494,vrp_raw,mvo_factor_neutral
2025-03-05,25324.384684186814,19733.8877524817,758.4285310919457,494,vrp_raw,mvo_factor_neutral
2025-03-06,-1598.9145628221345,19430.985663040537,851.3564890484566,494,vrp_raw,mvo_factor_neutral
2025-03-07,-3915.2172984911454,18766.674708215458,601.9451987381972,494,vrp_raw,mvo_factor_neutral
2025-03-10,4127.745049451782,19999.999640502967,499.9999935378291,494,vrp_raw,mvo_factor_neutral
2025-03-11,-3070.6256531064837,20065.433927453392,742.7550523080287,494,vrp_raw,mvo_factor_neutral
2025-03-12,9451.473137791203,19859.034917294644,1488.3698230859632,494,vrp_raw,mvo_factor_neutral
2025-03-13,66.27196665388033,19119.333284476048,1476.0403624992778,494,vrp_raw,mvo_factor_neutral
2025-03-14,3979.8637761108575,18947.76951851768,642.6121032126292,494,vrp_raw,mvo_factor_neutral
2025-03-17,-18123.00889095074,20000.0000811791,499.9599707756548,494,vrp_raw,mvo_factor_neutral
2025-03-18,2807.3322099970937,19663.181951857696,481.6453079942941,494,vrp_raw,mvo_factor_neutral
2025-03-19,-14664.096828834734,19820.89574682259,259.40385235268263,494,vrp_raw,mvo_factor_neutral
2025-03-20,23580.4451632011,19475.52664319959,776.4564945427732,494,vrp_raw,mvo_factor_neutral
2025-03-21,179.0348059722161,19472.742501288965,291.2941887959877,494,vrp_raw,mvo_factor_neutral
2025-03-24,-29667.755511425145,19999.99975713353,499.99999461045115,495,vrp_raw,mvo_factor_neutral
2025-03-25,25693.045476773557,19529.121567465707,701.4301566451728,495,vrp_raw,mvo_factor_neutral
2025-03-26,-24350.05305302548,19042.205954865432,191.55491195003836,495,vrp_raw,mvo_factor_neutral
2025-03-27,-10267.702962636027,19090.952760600998,277.2363922481403,495,vrp_raw,mvo_factor_neutral
2025-03-28,3313.5380207391768,31382.839266693096,2790.8818110676357,495,vrp_raw,mvo_factor_neutral
2025-03-31,-9327.757623757794,20000.000084300842,499.99999703215116,495,vrp_raw,mvo_factor_neutral
2025-04-01,-3611.6594346436273,19745.337888869337,473.42772123243833,495,vrp_raw,mvo_factor_neutral
2025-04-02,4252.617354916531,19461.20605895281,503.3429541411489,495,vrp_raw,mvo_factor_neutral
2025-04-03,51464.486136183485,17952.572285173188,110.01290102622833,495,vrp_raw,mvo_factor_neutral
2025-04-04,19289.74951003372,18775.624181054773,1138.1939333603839,495,vrp_raw,mvo_factor_neutral
2025-04-07,-58463.56684265184,20000.000083198454,-499.99999975152423,495,vrp_raw,mvo_factor_neutral
2025-04-08,10259.020583730267,19311.080481957688,-58.70882592118869,495,vrp_raw,mvo_factor_neutral
2025-04-09,59843.273032061465,21356.162010998632,101.47291478342626,495,vrp_raw,mvo_factor_neutral
2025-04-10,54675.35085449638,20688.79828879762,257.68682554908213,495,vrp_raw,mvo_factor_neutral
2025-04-11,-4226.657213850278,20578.037000395147,229.49175898761396,495,vrp_raw,mvo_factor_neutral
2025-04-14,-28359.565749491587,19999.9999177147,-499.99999317637224,495,vrp_raw,mvo_factor_neutral
2025-04-15,-6332.946530635068,19520.265088410648,-290.26824590311315,495,vrp_raw,mvo_factor_neutral
2025-04-16,2907.9174029733463,19330.012420545478,-538.7810178966578,495,vrp_raw,mvo_factor_neutral
2025-04-17,-456.3182250442892,18914.835985081183,-382.1763546852158,495,vrp_raw,mvo_factor_neutral
2025-04-21,-12879.254531450155,19999.999926640296,-499.9999916081633,495,vrp_raw,mvo_factor_neutral
2025-04-22,-31141.139438328366,20713.357053117328,-1124.3397420111414,495,vrp_raw,mvo_factor_neutral
2025-04-23,-11747.061775268015,20563.268623575008,-1107.8230476129493,495,vrp_raw,mvo_factor_neutral
2025-04-24,20779.144232096212,19568.256166387768,-882.0623720586493,495,vrp_raw,mvo_factor_neutral
2025-04-25,-9395.4517899959,19183.48673635612,-508.76063984554287,495,vrp_raw,mvo_factor_neutral
2025-04-28,29439.44533836164,19999.999992394976,-499.9999986131586,495,vrp_raw,mvo_factor_neutral
2025-04-29,-5848.347525085806,19296.06426130879,-259.82525880296896,495,vrp_raw,mvo_factor_neutral
2025-04-30,5881.213466921871,18902.38078877942,-173.0179422373113,495,vrp_raw,mvo_factor_neutral
2025-05-01,25173.85622561618,18702.848463975643,69.5860270284052,495,vrp_raw,mvo_factor_neutral
2025-05-02,-10776.618363030386,18534.292585311032,-375.4949222359284,495,vrp_raw,mvo_factor_neutral
2025-05-05,-12327.41578598751,19999.99999580042,-499.9999979652035,495,vrp_raw,mvo_factor_neutral
2025-05-06,-6900.948172517256,19594.212207050787,-237.59795238938705,495,vrp_raw,mvo_factor_neutral
2025-05-07,26114.46630849717,19564.287167320075,330.06656403770296,495,vrp_raw,mvo_factor_neutral
2025-05-08,-2736.283753380868,18947.59024344288,-21.478820999166924,495,vrp_raw,mvo_factor_neutral
2025-05-09,1708.460258786813,18276.5982281158,235.43868291009517,495,vrp_raw,mvo_factor_neutral
2025-05-12,4684.241369232602,20000.0002065013,-295.03558325162106,495,vrp_raw,mvo_factor_neutral
2025-05-13,-83468.05021503798,19629.119254703928,-89.01807228711547,495,vrp_raw,mvo_factor_neutral
2025-05-14,6583.671260258852,21755.60026053592,1020.0757255227734,495,vrp_raw,mvo_factor_neutral
2025-05-15,-48338.4117729671,21530.98040905551,617.6020597765122,495,vrp_raw,mvo_factor_neutral
2025-05-16,11478.588377475355,21892.721263419862,1722.4577952633401,495,vrp_raw,mvo_factor_neutral
2025-05-19,29868.752718864165,20000.000243911858,280.067788310956,495,vrp_raw,mvo_factor_neutral
2025-05-20,-10266.243700715757,20202.968064623354,688.5720238693779,495,vrp_raw,mvo_factor_neutral
2025-05-21,23967.21794047651,21462.1907331333,1834.434770981742,495,vrp_raw,mvo_factor_neutral
2025-05-22,-5778.0174097912895,20553.081432114603,1690.4792176629353,495,vrp_raw,mvo_factor_neutral
2025-05-23,7100.236592563724,20803.65453874356,2042.8154393824316,495,vrp_raw,mvo_factor_neutral
2025-05-27,-11790.528361453204,20000.000006511436,499.9999908932633,495,vrp_raw,mvo_factor_neutral
2025-05-28,-21654.72483193646,19947.173536291724,1053.25591291625,494,vrp_raw,mvo_factor_neutral
2025-05-29,9788.001437135546,18942.055029549054,1219.3123170392669,494,vrp_raw,mvo_factor_neutral
2025-05-30,-9054.01068639894,19094.797300570935,922.1791114576847,494,vrp_raw,mvo_factor_neutral
2025-06-02,-14413.820401633522,20000.000187007154,499.9999975129704,494,vrp_raw,mvo_factor_neutral
2025-06-03,12920.054258279526,19571.22453857268,834.3127130008904,493,vrp_raw,mvo_factor_neutral
2025-06-04,-13749.419811067972,19342.186594202394,711.8312656085347,493,vrp_raw,mvo_factor_neutral
2025-06-05,18796.07067243561,19658.497938514898,1326.0577569754184,493,vrp_raw,mvo_factor_neutral
2025-06-06,-8339.00592931142,19424.147224013628,1349.928513955581,493,vrp_raw,mvo_factor_neutral
2025-06-09,-824.2178979067708,20000.000016929753,499.99999699884745,494,vrp_raw,mvo_factor_neutral
2025-06-10,-9846.697783214333,19294.478917381173,268.9062151078959,494,vrp_raw,mvo_factor_neutral
2025-06-11,-817.2793704458444,19717.372388377175,173.1483983825746,494,vrp_raw,mvo_factor_neutral
2025-06-12,-3956.327963561471,19601.6398675452,144.82304542380098,494,vrp_raw,mvo_factor_neutral
2025-06-13,17143.663627250895,19371.903686882742,266.9485644442686,494,vrp_raw,mvo_factor_neutral
2025-06-16,-11881.743877033738,19999.999941680107,499.99999831149614,494,vrp_raw,mvo_factor_neutral
2025-06-17,48875.123933627714,19401.108910334227,784.908521771558,494,vrp_raw,mvo_factor_neutral
2025-06-18,-21368.68464115271,19485.683294308983,-1.2320829730566574,494,vrp_raw,mvo_factor_neutral
2025-06-20,8598.250191910694,18372.057974901272,282.7782462770655,494,vrp_raw,mvo_factor_neutral
2025-06-23,5501.575556994316,20000.000023532673,499.999999373398,494,vrp_raw,mvo_factor_neutral
2025-06-24,-114.2490234182457,19619.993833664153,65.57943620821031,494,vrp_raw,mvo_factor_neutral
2025-06-25,-20192.40581118942,20266.404436837063,239.2138212288748,494,vrp_raw,mvo_factor_neutral
2025-06-26,16372.527098970106,19470.419356367314,1159.7004555161113,494,vrp_raw,mvo_factor_neutral
2025-06-27,-12982.7544901427,19307.984002967343,708.8920841422545,494,vrp_raw,mvo_factor_neutral
2025-06-30,-5200.450503136699,19999.999740292285,-499.9758936105316,509,vrp_raw,mvo_factor_neutral
2018-07-09,0.0,20000.0,-5.684341886080802e-14,88,vrp,quantile
2018-07-10,-674.7300137129765,19319.433028732863,-254.88345975201923,88,vrp,quantile
2018-07-11,5491.74479529424,19384.780982750028,-118.32255592652433,88,vrp,quantile
2018-07-12,-3676.6406019993665,18785.773037276467,-546.1202303187514,88,vrp,quantile
2018-07-13,-936.1645508832617,18231.821096759882,-530.1343831583629,88,vrp,quantile
2018-07-16,-1023.3824521877145,20000.0,1.1368683772161603e-13,88,vrp,quantile
2018-07-17,-4649.541397448456,19109.248352199204,-186.67485909150386,88,vrp,quantile
2018-07-18,-3362.5701728214717,18618.281839549538,-100.88231566279305,88,vrp,quantile
2018-07-19,-4448.481905456018,19571.869002935317,1261.7257503576548,88,vrp,quantile
2018-07-20,3910.7287586718085,18974.366110030773,1329.8531615365732,88,vrp,quantile
2018-07-23,-9047.776769697053,20000.0,1.4210854715202004e-13,88,vrp,quantile
2018-07-24,-1137.1831045838128,18672.27678663959,-965.1355782066146,88,vrp,quantile
2018-07-25,-19779.24305135929,16816.668731358,-1423.3620823864735,88,vrp,quantile
2018-07-26,29869.335658218497,16355.189107622924,-572.6393979112133,88,vrp,quantile
2018-07-27,-7381.9884847121875,15325.416462778097,-708.7322574871296,88,vrp,quantile
2018-07-30,-17962.261719138052,20000.0,8.526512829121202e-14,88,vrp,quantile
2018-07-31,18377.101362978075,19593.37447894484,-86.27038077762626,88,vrp,quantile
2018-08-01,-10671.652466966334,19271.85687881506,123.51771919866653,88,vrp,quantile
2018-08-02,12757.014135051599,18801.917119918377,153.78139401713378,88,vrp,quantile
2018-08-03,-29570.898363818866,18205.00897931324,202.21008057390296,88,vrp,quantile
2018-08-06,9712.13775983236,20000.0,-1.1368683772161603e-13,90,vrp,quantile
2018-08-07,1446.603019081764,19442.544373072058,-332.520738129979,90,vrp,quantile
2018-08-08,10507.979944855091,19101.208388824412,-63.011080602894225,90,vrp,quantile
2018-08-09,-169.8185097740483,18860.713426361566,130.45582316524795,90,vrp,quantile
2018-08-10,-5335.598209813366,19020.31274575962,408.8748657631478,90,vrp,quantile
2018-08-13,-4417.929757896744,20000.0,2.842170943040401e-14,88,vrp,quantile
2018-08-14,21411.28777845954,18722.090785400254,154.33713855304475,88,vrp,quantile
2018-08-15,-39013.028249536226,18644.452876535994,385.6970341067201,88,vrp,quantile
2018-08-16,-2412.355870885409,17318.11024317105,-9.209323920422435,88,vrp,quantile
2018-08-17,-5526.8862527075125,16663.851542191795,-44.33091912627168,88,vrp,quantile
2018-08-20,27351.148669349328,20000.0,-1.1368683772161603e-13,88,vrp,quantile
2018-08-21,3315.3442891707996,19364.808445153376,625.8617205384603,88,vrp,quantile
2018-08-22,3063.2861773710615,19278.01826789671,1161.6508070499083,88,vrp,quantile
2018-08-23,-7384.470776122979,18308.327427445856,1157.1965898058388,88,vrp,quantile
2018-08-24,2916.549212983105,18362.723548835813,1293.320433688036,88,vrp,quantile
2018-08-27,-3902.2942198383143,20000.0,-1.9895196601282805e-13,88,vrp,quantile
2018-08-28,690.9751801738674,19311.610211367148,-21.889524008685157,88,vrp,quantile
2018-08-29,1900.135518413474,17614.770690007048,-6.578081258660774,88,vrp,quantile
2018-08-30,7947.150719955952,19069.603047662473,1970.2684868316971,88,vrp,quantile
2018-08-31,21753.52005157181,17945.46058458656,2322.138913957572,88,vrp,quantile
2018-09-04,-3984.8882601063665,20000.0,1.1368683772161603e-13,88,vrp,quantile
2018-09-05,200.3003446539371,20224.336943090704,44.08839458445516,88,vrp,quantile
2018-09-06,1357.0956290947233,19769.51644928971,73.5348968457607,88,vrp,quantile
2018-09-07,-2577.620307002435,19378.010178598946,229.25276872398544,88,vrp,quantile
2018-09-10,9695.436343611904,20000.0,-8.526512829121202e-14,88,vrp,quantile
2018-09-11,6991.50927142665,19688.905822959656,-143.72839093219892,88,vrp,quantile
2018-09-12,514.4657921898914,19236.316037652206,-238.74294156132027,88,vrp,quantile
2018-09-13,-9227.446096939018,18625.2322752519,-365.16775409494426,88,vrp,quantile
2018-09-14,-3766.278014044487,18219.88803948703,-342.1318542769545,88,vrp,quantile
2018-09-17,624.9707575600844,20000.0,1.9895196601282805e-13,88,vrp,quantile
2018-09-18,-13916.050022091898,19429.76263877752,-73.08849465005372,88,vrp,quantile
2018-09-19,13819.004991984688,19138.642682415764,-341.2692799883767,88,vrp,quantile
2018-09-20,-15355.09560092868,18661.52007141609,-650.1258799956044,88,vrp,quantile
2018-09-21,24478.49729640905,18098.477653710674,-443.51117769612864,88,vrp,quantile
2018-09-24,-5568.180481052539,20000.0,1.9895196601282805e-13,88,vrp,quantile
2018-09-25,2962.0669906072458,19515.740530385694,320.3476891799028,88,vrp,quantile
2018-09-26,16599.027259086655,18634.201890386485,449.89780964528217,88,vrp,quantile
2018-09-27,-16583.409106393683,17984.47095755953,-272.910212246039,88,vrp,quantile
2018-09-28,-3081.325133352674,17672.196983772,88.14214090641082,88,vrp,quantile
2018-10-01,12807.647798077569,20000.0,-1.7053025658242404e-13,88,vrp,quantile
2018-10-02,621.9290751664412,19701.09892576177,239.3971570790145,88,vrp,quantile
2018-10-03,-378.5519123297677,19672.47250837202,448.05461984962665,88,vrp,quantile
2018-10-04,-196.39797813105542,19111.585141327745,720.2156133738608,88,vrp,quantile
2018-10-05,-1084.4382888726427,18589.183176347848,525.5646053707576,88,vrp,quantile
2018-10-08,2184.6438489048046,20000.0,-1.1368683772161603e-13,88,vrp,quantile
2018-10-09,11618.256748007223,19730.779972962744,414.41855242964954,88,vrp,quantile
2018-10-10,9787.914599489332,18926.92691906585,1039.7915674792625,88,vrp,quantile
2018-10-11,16749.81839944952,18911.28163640489,2524.213142550417,88,vrp,quantile
2018-10-12,-4928.085289542425,19082.845263452597,2343.339893248013,88,vrp,quantile
2018-10-15,-4995.455401474525,20000.0,8.526512829121202e-14,88,vrp,quantile
2018-10-16,-7059.093428433165,20703.962595198715,185.2253374288377,88,vrp,quantile
2018-10-17,-9202.889043252228,19676.36063425144,-135.31972829843514,88,vrp,quantile
2018-10-18,13767.26423200495,18543.68150209352,-381.5414588989007,88,vrp,quantile
2018-10-19,12192.778758871409,19215.137842597524,1096.8701504819805,88,vrp,quantile
2018-10-22,-13100.228454201177,20000.0,-1.4210854715202004e-13,88,vrp,quantile
2018-10-23,12381.995943632754,21842.530648110536,1561.684171093477,88,vrp,quantile
2018-10-24,-1495.143696617913,22298.32190596182,2947.043791615334,88,vrp,quantile
2018-10-25,-1812.6405113153667,23584.19476566383,2225.288158766598,88,vrp,quantile
2018-10-26,10115.978671572624,25241.097566839195,1725.8426072609918,88,vrp,quantile
2018-10-29,8675.081556214642,20000.0,-2.842170943040401e-14,90,vrp,quantile
2018-10-30,-6235.229781197662,19681.247044434007,-58.06136699597121,90,vrp,quantile
2018-10-31,80551.13860325028,20337.2244982273,1117.706244303543,90,vrp,quantile
2018-11-01,-18574.000727129198,19710.757700293467,931.9549484267942,90,vrp,quantile
2018-11-02,-4577.2817256548315,19191.730398674725,845.1401478431651,90,vrp,quantile
2018-11-05,3716.2133111175413,20000.0,2.8421709430404007e-13,88,vrp,quantile
2018-11-06,17522.15074129366,19398.010152770785,-308.0419144752993,88,vrp,quantile
2018-11-07,-3746.842711505007,17955.910327756497,-1628.2519640614812,88,vrp,quantile
2018-11-08,-5482.861000401691,17801.26023093686,-1256.419042816487,88,vrp,quantile
2018-11-09,-7498.825660555099,18317.131723420927,-1020.9779917003427,88,vrp,quantile
2018-11-12,-9539.225033723258,20000.0,-3.126388037344441e-13,88,vrp,quantile
2018-11-13,-5204.217374908192,19901.34527944677,384.8001209697437,88,vrp,quantile
2018-11-14,-3613.55713997805,19744.774867800752,391.07942566351835,88,vrp,quantile
2018-11-15,9709.392899475903,19621.961993806883,1063.104093339064,88,vrp,quantile
2018-11-16,-8543.646317888615,19319.215129551332,791.9022216539237,88,vrp,quantile
2018-11-19,3125.306241520013,20000.0,-8.526512829121202e-14,88,vrp,quantile
2018-11-20,17663.679106747695,22228.01989287254,1236.7070649368573,88,vrp,quantile
2018-11-21,-8375.685239194832,21081.16957744263,574.4672297326897,88,vrp,quantile
2018-11-23,3875.908503362612,20576.92552162431,991.3509970906714,88,vrp,quantile
2018-11-26,-1255.429969574008,20000.0,-2.842170943040401e-14,90,vrp,quantile
2018-11-27,1994.5597157954107,18940.67201822824,-627.030275770039,90,vrp,quantile
2018-11-28,-2595.27904644042,19531.5523846101,-1736.5973977128758,90,vrp,quantile
2018-11-29,3930.3680495185918,20221.022725711515,-975.1462924580717,90,vrp,quantile
2018-11-30,7577.46177887908,19016.61163393576,-1945.1517704552602,90,vrp,quantile
2018-12-03,13597.563340051533,20000.0,1.4210854715202004e-13,88,vrp,quantile
2018-12-04,-7821.611326396024,18909.581989994633,-103.02583453703397,88,vrp,quantile
2018-12-06,12438.049270889233,18239.845616843784,2.7410376568986408,88,vrp,quantile
2018-12-07,-19132.437896058633,17077.97041093647,-442.2975881927732,88,vrp,quantile
2018-12-10,9943.622979370972,20000.0,1.1368683772161603e-13,88,vrp,quantile
2018-12-11,-25806.688585839172,19485.118410327927,16.92235336461161,88,vrp,quantile
2018-12-12,22712.015813395057,19650.92213071484,-48.24864121007482,88,vrp,quantile
2018-12-13,-10736.994471155178,19026.740441922564,-6.06055730033421,88,vrp,quantile
2018-12-14,2532.337381254242,18300.6578914528,-604.8359894127357,88,vrp,quantile
2018-12-17,13041.25115927378,20000.0,8.526512829121202e-14,88,vrp,quantile
2018-12-18,-7771.398861819713,19244.738602093126,-252.98399671244974,88,vrp,quantile
2018-12-19,-7412.387301610293,18773.587004073128,-879.2814001690341,88,vrp,quantile
2018-12-20,7711.494881872237,20570.46064647687,-552.2287271202204,88,vrp,quantile
2018-12-21,-6442.555243260475,21064.642504766172,184.17011684651973,88,vrp,quantile
2018-12-24,-12607.98152732835,20000.0,-2.842170943040401e-14,88,vrp,quantile
2018-12-26,26556.498029455342,22704.901958983806,1456.7635526255767,88,vrp,quantile
2018-12-27,-2722.3279596384928,22436.773369824397,1310.3956620592514,88,vrp,quantile
2018-12-28,3512.4331744329425,21877.303514325547,1166.1328123651929,88,vrp,quantile
2018-12-31,3155.7432329144744,20000.0,-5.684341886080802e-14,88,vrp,quantile
2019-01-02,1668.5716534298936,19549.989584857547,54.0025787835512,88,vrp,quantile
2019-01-03,1046.2299462560527,19286.26122961933,1.371553715392082,88,vrp,quantile
2019-01-04,113.82009920890263,19068.217464960017,-97.04153317239579,88,vrp,quantile
2019-01-07,847.84663105797,20000.0,1.4210854715202004e-13,88,vrp,quantile
2019-01-08,6384.413595169498,19195.50636688214,-161.87753097707423,88,vrp,quantile
2019-01-09,-2464.8986717717166,18642.513982060627,-364.50373973114296,88,vrp,quantile
2019-01-10,-7416.538895195916,17973.69505001369,-526.8642421512064,88,vrp,quantile
2019-01-11,5690.166888465207,17312.641289040883,-549.958273071634,88,vrp,quantile
2019-01-14,-1978.7824198767548,20000.0,2.842170943040401e-14,88,vrp,quantile
2019-01-15,7293.412630504803,18551.710311541574,-375.04181008145133,88,vrp,quantile
2019-01-16,3584.7780048853347,18186.385763585095,-545.9946854812534,88,vrp,quantile
2019-01-17,-18153.800432544907,19247.211777995857,537.4458895439147,88,vrp,quantile
2019-01-18,16864.838113682505,18769.27435455709,-194.28231149872946,88,vrp,quantile
2019-01-22,9496.244584323942,20000.0,-5.684341886080802e-14,88,vrp,quantile
2019-01-23,-29396.674132688157,20189.35209961352,-563.5952107592719,88,vrp,quantile
2019-01-24,15054.374697254776,20429.99710433433,75.64733029788334,88,vrp,quantile
2019-01-25,-32489.92291083386,20493.62002109907,-1950.3320261606657,88,vrp,quantile
2019-01-28,18967.725616152788,20000.0,5.684341886080802e-14,88,vrp,quantile
2019-01-29,-1015.8353464421436,19664.46403192148,56.30177241112594,88,vrp,quantile
2019-01-30,4299.332960172763,19234.89044179458,41.48841810686953,88,vrp,quantile
2019-01-31,-8098.7783818292955,18972.654843213266,649.5500351822811,88,vrp,quantile
2019-02-01,2844.0391366237614,18791.759775254053,342.34462252801256,88,vrp,quantile
2019-02-04,-6146.691534167272,20000.0,1.4210854715202004e-13,88,vrp,quantile
2019-02-05,-4707.698461845116,19052.08256853827,-377.6590138897783,88,vrp,quantile
2019-02-06,5510.644788164689,18980.244080464403,-445.4363546415548,88,vrp,quantile
2019-02-07,-17975.581833387896,18865.75360299602,-107.15019284675546,88,vrp,quantile
2019-02-08,5670.846307194086,18468.539075144574,-212.22126680772334,88,vrp,quantile
2019-02-11,-1094.3327841166506,20000.0,8.526512829121202e-14,88,vrp,quantile
2019-02-12,15603.600599786769,18802.34078386042,-401.2593164994804,88,vrp,quantile
2019-02-13,8876.174520404624,17966.475267739424,-818.0578768854946,88,vrp,quantile
2019-02-14,2345.656751769672,17919.685197314,-108.35847042028348,88,vrp,quantile
2019-02-15,-22540.837882826374,15946.684589239792,-1529.065883123042,88,vrp,quantile
2019-02-19,15117.811710579454,20000.0,-5.684341886080802e-14,88,vrp,quantile
2019-02-20,-3264.988492668456,20341.696646002372,-698.082815719364,88,vrp,quantile
2019-02-21,-2396.8750465411767,19381.630323135196,-1396.011589191569,88,vrp,quantile
2019-02-22,-9454.31609535243,17990.1382578689,-2125.4768323512535,88,vrp,quantile
2019-02-25,-10569.966094776293,20000.0,1.1368683772161603e-13,88,vrp,quantile
2019-02-26,2074.6843495074086,19747.23981428647,-14.142990550354455,88,vrp,quantile
2019-02-27,-6321.6375118195165,19282.09129680294,195.34047188117603,88,vrp,quantile
2019-02-28,4365.628779803809,18940.151052063673,266.9869247083641,88,vrp,quantile
2019-03-01,4432.4771495155355,18499.674821437202,329.52613375078647,88,vrp,quantile
2019-03-04,-1918.136732487108,20000.0,5.684341886080802e-14,88,vrp,quantile
2019-03-05,11856.565374066331,19381.49242790708,-84.94739183092938,88,vrp,quantile
2019-03-06,-609.5348635462867,18855.365616354895,1.4423488445181363,88,vrp,quantile
2019-03-07,5946.854320836672,18502.110757521095,301.74576697011116,88,vrp,quantile
2019-03-08,627.3234230310412,18381.449962956347,79.03548156467733,88,vrp,quantile
2019-03-11,1391.3559973706167,20000.0,-5.684341886080802e-14,88,vrp,quantile
2019-03-12,-1593.4977963440083,19787.678159373776,-6.467354179333199,88,vrp,quantile
2019-03-13,-321.5211927502955,19186.091262614118,-3.4423652333382506,88,vrp,quantile
2019-03-14,1679.1478567879099,18792.05744287995,49.872949353954056,88,vrp,quantile
2019-03-15,1982.950794824905,17973.358218515506,148.30578944805666,88,vrp,quantile
2019-03-18,-3140.6241644753354,20000.0,1.7053025658242404e-13,86,vrp,quantile
2019-03-19,3305.111997379946,20019.841039409093,364.84729308093995,86,vrp,quantile
2019-03-20,-6423.6367587961395,19393.307650771418,-24.483536862774656,86,vrp,quantile
2019-03-21,-2531.291780220148,18119.622551783465,572.5562047482504,86,vrp,quantile
2019-03-22,7901.711417110018,17882.07174324212,519.4548147787668,86,vrp,quantile
2019-03-25,5682.351274034338,20000.0,2.842170943040401e-14,88,vrp,quantile
2019-03-26,-4672.0676303584,20396.277522819048,794.7572735976275,88,vrp,quantile
2019-03-27,-6044.425624723008,19582.546289853868,198.69467238922365,88,vrp,quantile
2019-03-28,-4450.357401707539,20313.434107344718,-908.3344991784919,88,vrp,quantile
2019-03-29,1817.9597905925941,40527.90977509261,2671.5809429908945,88,vrp,quantile
2019-04-01,12131.797935238399,20000.0,2.842170943040401e-14,92,vrp,quantile
2019-04-02,164.2381149908701,19749.309416809916,5.4137826634618875,92,vrp,quantile
2019-04-03,-1697.090214159047,19342.318640769343,-136.75232986682838,92,vrp,quantile
2019-04-04,-1508.5028014794498,18969.30443177078,-51.51821053289149,92,vrp,quantile
2019-04-05,71.84897398154823,18498.497518032593,-159.45841581400518,92,vrp,quantile
2019-04-08,1255.553897101484,20000.0,-8.526512829121202e-14,92,vrp,quantile
2019-04-09,-2879.829692147556,20528.717224342687,713.2829280659042,92,vrp,quantile
2019-04-10,6533.7726543195695,19727.41793018092,295.88083941247146,92,vrp,quantile
2019-04-11,6018.867037198944,19270.234552819657,200.8217790509913,92,vrp,quantile
2019-04-12,3152.5087808170806,18003.19207211375,-376.08430087968804,92,vrp,quantile
2019-04-15,-5670.217113299129,20000.0,1.1368683772161603e-13,92,vrp,quantile
2019-04-16,31.16066527324454,18916.4447067411,-622.6699724925897,92,vrp,quantile
2019-04-17,-7414.7898922225695,18097.494053619273,-609.6805369978157,92,vrp,quantile
2019-04-18,5002.894491874216,17601.042911662655,-596.3271527567845,92,vrp,quantile
2019-04-22,-2212.5193623665227,20000.0,-8.526512829121202e-14,92,vrp,quantile
2019-04-23,-12678.523246993944,21432.197977518917,1193.689303393152,92,vrp,quantile
2019-04-24,16127.243601304835,21174.761568027818,1504.2550171054709,92,vrp,quantile
2019-04-25,-3657.6458399390262,20785.062678393013,1928.7202175124296,92,vrp,quantile
2019-04-26,44.219714209985796,18818.785762234136,864.3350369577722,92,vrp,quantile
2019-04-29,11327.108392895734,20000.0,-1.4210854715202004e-13,92,vrp,quantile
2019-04-30,1501.1852552628304,19645.83866860585,38.76091474747497,92,vrp,quantile
2019-05-01,7000.4877550401625,19352.048896256318,123.08916845389203,92,vrp,quantile
2019-05-02,9736.936198261237,18960.370697524664,91.41468533824073,92,vrp,quantile
2019-05-03,1965.1232392591603,18614.44916656382,77.03866348893442,92,vrp,quantile
2019-05-06,-3226.258785768193,20000.0,1.9895196601282805e-13,92,vrp,quantile
2019-05-07,10429.555943350402,19526.553239247085,315.969663094678,92,vrp,quantile
2019-05-08,3221.691338528289,18876.794110486757,77.62620543546913,92,vrp,quantile
2019-05-09,-812.633615919884,18325.67298052757,-33.82637735243816,92,vrp,quantile
2019-05-10,1922.658366225607,17779.959630692338,-151.03303864742898,92,vrp,quantile
2019-05-13,1531.0065035324353,20000.0,-1.1368683772161603e-13,92,vrp,quantile
2019-05-14,5000.507144708396,21308.222734620238,1712.4132394986652,92,vrp,quantile
2019-05-15,6442.091353856297,20811.251007364408,1193.7516887587335,92,vrp,quantile
2019-05-16,3544.076019520798,19992.016131475833,634.6187719000933,92,vrp,quantile
2019-05-17,-706.3072318102772,20065.859817090917,-155.87713453699888,92,vrp,quantile
2019-05-20,3803.39784361058,20000.0,-1.1368683772161603e-13,92,vrp,quantile
2019-05-21,266.01894252254993,20224.10616430119,-56.69997677028721,92,vrp,quantile
2019-05-22,5498.226835826474,19948.02411400337,25.48468295652492,92,vrp,quantile
2019-05-23,3811.278286544981,19243.658096045467,348.808571642472,92,vrp,quantile
2019-05-24,-4474.678654869081,17841.462341883238,-54.815306132945835,92,vrp,quantile
2019-05-28,-1222.579382936041,20000.0,2.2737367544323206e-13,92,vrp,quantile
2019-05-29,14286.984514583235,22976.2653958735,2306.865291562962,92,vrp,quantile
2019-05-30,199.84219085796576,23549.44529293036,1818.724687066223,92,vrp,quantile
2019-05-31,-9071.191297961286,22891.889162706393,-821.6830359303383,92,vrp,quantile
2019-06-03,23343.06641739665,19782.608695652176,217.39130434782612,91,vrp,quantile
2019-06-04,-5889.841320646272,19401.560471691842,133.97768584828123,91,vrp,quantile
2019-06-05,1886.94748228752,18761.687357417817,51.35108398175487,91,vrp,quantile
2019-06-06,-693.5745127166724,18175.804553639566,-33.610631748868826,91,vrp,quantile
2019-06-07,5220.02590816789,17555.37919777901,-127.06779712713737,91,vrp,quantile
2019-06-10,1571.6957553514212,20000.0,8.526512829121202e-14,93,vrp,quantile
2019-06-11,1339.8158454045792,19824.673224254093,39.84858289683939,92,vrp,quantile
2019-06-12,-150.70532209912227,19538.20187263645,101.13343580505466,92,vrp,quantile
2019-06-13,-4733.321036866369,18775.868502597838,109.6173060072062,92,vrp,quantile
2019-06-14,1526.2001042972972,18606.461488069566,218.00950932182454,92,vrp,quantile
2019-06-17,-2098.9394121714477,20000.0,5.684341886080802e-14,92,vrp,quantile
2019-06-18,2198.442510677161,18890.291667472724,-7.782465795949719,92,vrp,quantile
2019-06-19,-8826.990028687815,17708.28886518832,-520.7255730161324,92,vrp,quantile
2019-06-20,11026.488703584442,17265.322795710705,-136.16228060020353,92,vrp,quantile
2019-06-21,3711.4926991329994,16516.52566722104,-32.502575008931785,92,vrp,quantile
2019-06-24,1239.304601236321,20000.0,-5.684341886080802e-14,92,vrp,quantile
2019-06-25,-9444.508499788817,20911.86698606048,762.7058646259503,92,vrp,quantile
2019-06-26,8240.565993875683,20384.64074884283,1157.6137768174563,92,vrp,quantile
2019-06-27,1831.7832222491775,19112.75537325566,1453.3148066294348,92,vrp,quantile
2019-06-28,-401.5015442394865,18532.6296325129,983.2258172128386,92,vrp,quantile
2019-07-01,3828.606556653999,20000.0,0.0,92,vrp,quantile
2019-07-02,8.245043561988894,19327.89006103109,-174.6768850053586,92,vrp,quantile
2019-07-03,3979.0828046726424,19737.2789744101,855.3510640118819,92,vrp,quantile
2019-07-05,2765.9901990328253,19475.917413974523,1019.9623822529811,92,vrp,quantile
2019-07-08,1861.3385109249784,20000.0,-2.842170943040401e-14,90,vrp,quantile
2019-07-09,-4444.7584658221695,19486.093564842304,-220.21438784620673,90,vrp,quantile
2019-07-10,2524.8456561867133,18667.327893401914,-393.9844298985122,90,vrp,quantile
2019-07-11,531.7729122519056,18872.721748675893,-703.4964935713311,90,vrp,quantile
2019-07-12,-2216.4193381748764,18127.189630251065,-720.4491687570784,90,vrp,quantile
2019-07-15,1499.7796450852672,20000.0,-2.842170943040401e-14,90,vrp,quantile
2019-07-16,-1962.211447132448,19748.67119415271,228.12787922550464,90,vrp,quantile
2019-07-17,-1928.016723847394,19552.354440311272,-175.57024096223986,90,vrp,quantile
2019-07-18,2921.6162382129532,18655.23919873148,-201.13852455927065,90,vrp,quantile
2019-07-19,4056.3839093655047,18593.347188200347,-191.75119510698556,90,vrp,quantile
2019-07-22,-1383.891520699141,20000.0,-2.842170943040401e-14,92,vrp,quantile
2019-07-23,2431.1392188265236,21579.008000320493,2789.343230881526,92,vrp,quantile
2019-07-24,-2992.3392252619487,21626.773913415524,3444.4601000869425,92,vrp,quantile
2019-07-25,586.3660286482652,20663.2533610178,3161.532424698845,92,vrp,quantile
2019-07-26,1321.8985556844714,20083.961214345774,2391.340055730419,92,vrp,quantile
2019-07-29,3944.7940714373494,20000.0,-5.684341886080802e-14,90,vrp,quantile
2019-07-30,5711.849398530028,19404.81318657889,-62.633858856240124,90,vrp,quantile
2019-07-31,-239.96260802796579,19017.501693210048,-42.44044618636312,90,vrp,quantile
2019-08-01,-3273.522474938695,18099.129963433752,-195.8238065478803,90,vrp,quantile
2019-08-02,4143.015071953942,17474.025701358016,-234.31487831072334,90,vrp,quantile
2019-08-05,128.33832309233122,20000.0,-2.842170943040401e-14,92,vrp,quantile
2019-08-06,-1786.7487489954551,20350.23056770476,318.7133088010408,92,vrp,quantile
2019-08-07,-7960.731051323765,20298.747675211947,214.6797738369079,92,vrp,quantile
2019-08-08,8733.460730314608,20927.534251552308,731.428253169126,92,vrp,quantile
2019-08-09,-13746.062686564339,19545.034793949853,228.37029193361064,92,vrp,quantile
2019-08-12,4869.183446103175,20000.0,-8.526512829121202e-14,90,vrp,quantile
2019-08-13,-7895.5155890374335,20360.74986891866,-274.9141200849694,90,vrp,quantile
2019-08-14,-19192.807407786055,19141.826701496397,280.80508894260066,90,vrp,quantile
2019-08-15,-32210.733055840334,19064.43917492925,-122.60676546808077,90,vrp,quantile
2019-08-16,4150.444718975397,19033.631397693345,-185.2916524715759,90,vrp,quantile
2019-08-19,-5273.082057745089,20000.0,-5.684341886080802e-14,92,vrp,quantile
2019-08-20,3898.022303890004,20302.25122553217,193.44734759613988,92,vrp,quantile
2019-08-21,-12060.118191616823,20377.39182255757,282.0343044875941,92,vrp,quantile
2019-08-22,-14027.862595324988,19617.82234677349,-134.514656199636,92,vrp,quantile
2019-08-23,16597.47412208194,19439.47265919348,654.2043353288095,92,vrp,quantile
2019-08-26,8559.015856569462,20000.0,2.2737367544323206e-13,92,vrp,quantile
2019-08-27,-12021.69659854348,20536.744415938996,-1454.6818150543593,92,vrp,quantile
2019-08-28,-1098.0267128118799,20341.874668406228,-1871.9212926231105,92,vrp,quantile
2019-08-29,6612.865806048641,20278.256712082584,-2246.817334112765,92,vrp,quantile
2019-08-30,277.96381357306063,19724.509587775836,-1795.768353932994,92,vrp,quantile
2019-09-03,-1828.4214977970405,20000.0,-5.684341886080802e-14,89,vrp,quantile
2019-09-04,5059.701291432032,19598.275615331644,-57.42483877518936,86,vrp,quantile
2019-09-05,2513.9838484834268,18777.725306637352,-108.18949750968258,86,vrp,quantile
2019-09-06,9547.668854893802,18324.19435218498,-182.94043700444374,86,vrp,quantile
2019-09-09,-6252.503427777915,20000.0,1.1368683772161603e-13,86,vrp,quantile
2019-09-10,-4942.046153766907,18592.96095202756,-167.94708914946688,86,vrp,quantile
2019-09-11,2398.8927421867775,17668.751126860396,-409.03649810931427,86,vrp,quantile
2019-09-12,3820.242379554606,17484.257730266614,-719.4389836359074,86,vrp,quantile
2019-09-13,1524.7305403985677,17294.046027671164,-646.711321769429,86,vrp,quantile
2019-09-16,-10304.329212929777,20000.0,-5.684341886080802e-14,86,vrp,quantile
2019-09-17,4432.226506124658,19822.38332828792,230.97509135842563,86,vrp,quantile
2019-09-18,11538.312150235091,20393.601890825514,616.5744774003555,86,vrp,quantile
2019-09-19,-21037.645518915746,19870.01089403925,199.26393153190068,86,vrp,quantile
2019-09-20,-2105.748939197253,19768.23334017836,270.0202564569681,86,vrp,quantile
2019-09-23,2583.0828461940996,20000.0,1.4210854715202004e-13,84,vrp,quantile
2019-09-24,11904.97832411924,21246.435769855896,961.8883863280454,84,vrp,quantile
2019-09-25,-7837.062826504288,20666.478468188398,-561.6266160665591,84,vrp,quantile
2019-09-26,8420.995984256444,20839.150244933153,-364.4372831232699,84,vrp,quantile
2019-09-27,-11584.277540562907,20064.294209538184,-984.0775247605463,84,vrp,quantile
2019-09-30,22370.737400989998,20000.0,8.526512829121202e-14,88,vrp,quantile
2019-10-01,6678.251446913906,20205.28581081473,708.626536778696,88,vrp,quantile
2019-10-02,-3797.6780856964783,19555.96836566217,866.3209521955731,88,vrp,quantile
2019-10-03,4596.229661191612,19387.999690878012,972.9882630468635,88,vrp,quantile
2019-10-04,-2269.3544163314946,19108.748365495656,765.4812710225069,88,vrp,quantile
2019-10-07,3916.789263690009,20000.0,5.684341886080802e-14,88,vrp,quantile
2019-10-08,916.8555013836527,19674.461432859367,-702.2406597261328,88,vrp,quantile
2019-10-09,3184.826232793672,19480.477620746064,-728.125931279649,88,vrp,quantile
2019-10-10,5474.295523031167,19332.68586777226,-754.5875437535714,88,vrp,quantile
2019-10-11,-8336.021305606711,19114.330655359074,-910.2030306053225,88,vrp,quantile
2019-10-14,15544.950514367796,20000.0,-5.684341886080802e-14,86,vrp,quantile
2019-10-15,11276.376647075085,19341.370465560623,183.71605202905312,86,vrp,quantile
2019-10-16,-9071.680940178276,18829.1161763975,191.1565841594493,86,vrp,quantile
2019-10-17,-4591.110407006903,18229.066370768425,94.113690256984,86,vrp,quantile
2019-10-18,2011.9964347219802,17797.539850253117,-23.58818927724292,86,vrp,quantile
2019-10-21,-547.9342838520769,20000.0,0.0,86,vrp,quantile
2019-10-22,-36419.89404832317,18910.902837299254,-189.8822952123929,86,vrp,quantile
2019-10-23,4646.703381529518,20559.308419454497,2024.8589333657424,86,vrp,quantile
2019-10-24,351.40632355616503,20144.112632503657,2162.2906835266435,86,vrp,quantile
2019-10-25,-10259.516691539739,19450.429748712777,1773.925858389636,86,vrp,quantile
2019-10-28,4980.051376008424,20000.0,-5.684341886080802e-14,88,vrp,quantile
2019-10-29,8752.570450736972,19769.17605803117,46.16305257622403,88,vrp,quantile
2019-10-30,7349.487032430597,19256.104358389523,-52.67031924937734,88,vrp,quantile
2019-10-31,-10582.050916194685,18699.21134190609,205.3775624476337,88,vrp,quantile
2019-11-01,6563.478687326617,18748.91212909828,-100.91538591100257,88,vrp,quantile
2019-11-04,-4124.513799845303,20000.0,5.684341886080802e-14,88,vrp,quantile
2019-11-05,1622.8084065569958,19524.900479489093,256.2598350249642,88,vrp,quantile
2019-11-06,-6033.181639527134,19709.702605778217,463.97945968945385,88,vrp,quantile
2019-11-07,-1460.6505231631688,18607.117894302795,1153.7539962707413,88,vrp,quantile
2019-11-08,7681.48182477864,17992.52268717134,1279.1531687645183,88,vrp,quantile
2019-11-11,-1536.762538646154,20000.0,1.1368683772161603e-13,86,vrp,quantile
2019-11-12,2749.6179288181593,19865.53794253987,115.95730086848477,86,vrp,quantile
2019-11-13,-2990.336024534615,19639.450879328913,1.2301209683005254,86,vrp,quantile
2019-11-14,10172.273109189751,19392.873470737068,-123.37631564338315,86,vrp,quantile
2019-11-15,-11658.314861201838,18504.39629551374,-361.5188516536653,86,vrp,quantile
2019-11-18,3909.6176040964087,20000.0,-1.9895196601282805e-13,86,vrp,quantile
2019-11-19,-9608.781490733321,20456.657084530056,-165.04899562581465,86,vrp,quantile
2019-11-20,-9420.390059390105,20546.16704835631,65.33817787019899,86,vrp,quantile
2019-11-21,1637.0590646475544,20554.91597890223,131.02489405976763,86,vrp,quantile
2019-11-22,13443.869661680135,19588.124467055917,460.8331908898491,86,vrp,quantile
2019-11-25,-8751.617885255337,20000.0,-1.7053025658242404e-13,86,vrp,quantile
2019-11-26,-2375.3959660333244,19673.124999150987,-1132.4581268288734,86,vrp,quantile
2019-11-27,17771.775679985087,21890.272330223583,-2770.6274364104443,86,vrp,quantile
2019-11-29,3547.6317058653703,20949.89265512794,-2646.5879393811583,86,vrp,quantile
2019-12-02,-9586.438691062165,20000.0,1.7053025658242404e-13,86,vrp,quantile
2019-12-03,-665.1379186742973,19641.15445089625,120.86880170208138,86,vrp,quantile
2019-12-04,3030.4227619204803,19265.05484313664,-25.942746351866532,86,vrp,quantile
2019-12-05,6793.216463509434,18732.566658682972,-119.61872396407509,86,vrp,quantile
2019-12-06,474.89238012971657,18382.64858161702,-240.68600363811817,86,vrp,quantile
2019-12-09,3441.1000859617066,20000.0,-2.842170943040401e-14,86,vrp,quantile
2019-12-10,2447.54817367024,19886.00393340629,372.44429442472335,86,vrp,quantile
2019-12-11,-1403.0423808973069,19586.908485658372,327.0839974327056,86,vrp,quantile
2019-12-12,-2466.0739930367695,18826.840915471672,19.84774801612616,86,vrp,quantile
2019-12-13,4195.820484653442,18374.008670197913,56.885390775553674,86,vrp,quantile
2019-12-16,2612.4334792376685,20000.0,-1.4210854715202004e-13,86,vrp,quantile
2019-12-17,8573.340603019145,19537.6857985487,-209.67926415353733,86,vrp,quantile
2019-12-18,-5714.3030705724395,18832.054929962356,-277.1018342052819,86,vrp,quantile
2019-12-19,-4044.137711475662,18189.30152564805,2.0931159309905354,86,vrp,quantile
2019-12-20,-3401.4477749554694,16938.385206493072,-338.73636460336047,86,vrp,quantile
2019-12-23,11.08233103732573,19999.999999999996,2.842170943040401e-14,84,vrp,quantile
2019-12-24,9784.839250246758,20179.05879810651,770.521926786521,84,vrp,quantile
2019-12-26,4953.863731669932,18889.613821415634,925.4207760638619,84,vrp,quantile
2019-12-27,-12297.012591732166,18238.368644180548,482.0415488269577,84,vrp,quantile
2019-12-30,10984.010384057181,19999.999999999996,5.684341886080802e-14,84,vrp,quantile
2019-12-31,-1216.3068178392766,19782.41869538905,-75.35735963080853,84,vrp,quantile
2020-01-02,7045.768673542597,19211.642822490267,-60.036782286734024,84,vrp,quantile
2020-01-03,-2861.302549880456,18979.493385925904,161.89669697580453,84,vrp,quantile
2020-01-06,-1695.1034423840676,20000.0,-8.526512829121202e-14,86,vrp,quantile
2020-01-07,15434.960645654375,19659.913079155856,15.645003444257384,86,vrp,quantile
2020-01-08,1076.7132398602528,19227.928978244454,-60.89166113943932,86,vrp,quantile
2020-01-09,159.78687043325277,18784.14537543682,-165.72774259933908,86,vrp,quantile
2020-01-10,-3887.133346250906,18502.016338401463,-279.41467500496617,86,vrp,quantile
2020-01-13,3584.5254193754477,20000.0,-5.684341886080802e-14,86,vrp,quantile
2020-01-14,-2168.886204023705,19974.203837775796,276.8021354101353,86,vrp,quantile
2020-01-15,-625.8554219860214,19213.214498710247,237.3868408964674,86,vrp,quantile
2020-01-16,5099.224782346757,18199.22630509748,96.0612028900461,86,vrp,quantile
2020-01-17,1471.9754364264918,17651.79021887449,-131.6188117281971,86,vrp,quantile
2020-01-21,3587.4163804557384,20000.0,5.684341886080802e-14,84,vrp,quantile
2020-01-22,2544.2065531678772,19080.804502507253,-273.8649004517375,84,vrp,quantile
2020-01-23,-10343.281117576678,18169.44870636106,-774.0232266560923,84,vrp,quantile
2020-01-24,4304.445862518794,18866.52132105884,672.456049744096,84,vrp,quantile
2020-01-27,-4806.379056726338,20000.0,-1.4210854715202004e-13,86,vrp,quantile
2020-01-28,5428.379383240634,18441.45923990422,-381.22004194987517,86,vrp,quantile
2020-01-29,5346.60095878597,18169.920812937293,332.17716130821077,86,vrp,quantile
2020-01-30,10280.927812032181,17233.948210239552,385.29561499996714,86,vrp,quantile
2020-01-31,8436.156351455733,17424.000620899922,1587.503991882469,86,vrp,quantile
2020-02-03,-4891.764858942995,20000.0,-8.526512829121202e-14,86,vrp,quantile
2020-02-04,-2966.882734790207,19500.813166040527,132.62729782111487,86,vrp,quantile
2020-02-05,-8490.872590183693,18829.019392664584,19.577642512136634,86,vrp,quantile
2020-02-06,-1713.6182977478568,18534.35188177883,256.52420760384393,86,vrp,quantile
2020-02-07,7214.877920997679,18398.572293517816,532.9799633380665,86,vrp,quantile
2020-02-10,-3508.2768849918884,20000.0,0.0,86,vrp,quantile
2020-02-11,-399.7603331190298,19499.730706802726,21.113194891096526,86,vrp,quantile
2020-02-12,559.9368317401696,18864.76507546842,-287.2970455424495,86,vrp,quantile
2020-02-13,2123.6265851031317,18447.03600002535,255.82250743464797,86,vrp,quantile
2020-02-14,5674.882344403161,17355.392498166217,102.48463095614142,86,vrp,quantile
2020-02-18,-1924.6578071219171,20000.0,2.842170943040401e-14,86,vrp,quantile
2020-02-19,-1572.055242565476,19260.19438071839,-75.0786450146864,86,vrp,quantile
2020-02-20,-4989.583754455569,19018.17024315891,336.0970915502068,86,vrp,quantile
2020-02-21,1679.316190805374,18890.795674187517,748.8623973103372,86,vrp,quantile
2020-02-24,10825.563614560097,20000.0,-1.9895196601282805e-13,86,vrp,quantile
2020-02-25,5285.726764490922,20329.935574509134,965.4527395314917,86,vrp,quantile
2020-02-26,4003.01478685644,19713.131900295077,771.832186828152,86,vrp,quantile
2020-02-27,6845.312611432393,20317.269868414976,1484.5715447049292,86,vrp,quantile
2020-02-28,22589.863526250436,21319.287747064012,1684.9116936121195,86,vrp,quantile
2020-03-02,-34771.49615146871,20000.0,5.684341886080802e-14,86,vrp,quantile
2020-03-03,9582.673654748121,19159.604798579603,-82.15669141252872,86,vrp,quantile
2020-03-04,5306.390096217025,18696.60203789946,-302.84882576037614,86,vrp,quantile
2020-03-05,-3884.2935453301907,18617.07974250681,-87.1506031766998,86,vrp,quantile
2020-03-06,-15355.552195197477,18659.541767929928,-278.3163528188678,86,vrp,quantile
2020-03-09,5999.6457339412855,20000.0,8.526512829121202e-14,86,vrp,quantile
2020-03-10,-35800.298239392854,20434.338206876695,105.54484788796705,86,vrp,quantile
2020-03-11,-4658.738073127373,19272.08313090841,-2.314814685114868,86,vrp,quantile
2020-03-12,-4664.3833221162495,18022.764711538883,2.455569892995385,86,vrp,quantile
2020-03-13,9847.79829273635,18368.741162344573,220.20014016929304,86,vrp,quantile
2020-03-16,41205.53544406506,19782.608695652176,-217.39130434782615,91,vrp,quantile
2020-03-17,34398.90863664982,19778.036489274295,-42.968475720542784,91,vrp,quantile
2020-03-18,-41634.65475041349,18311.690451531158,74.05544582269695,90,vrp,quantile
2020-03-19,-8797.245484988216,17502.113998317036,593.0680450640292,89,vrp,quantile
2020-03-20,85254.14650610628,18171.3656705092,561.2129701438291,89,vrp,quantile
2020-03-23,-7043.761895519095,20000.0,-5.684341886080802e-14,90,vrp,quantile
2020-03-24,70087.28262232471,21614.460907635275,46.22395295093628,90,vrp,quantile
2020-03-25,8862.950122884722,22644.783222633258,-277.08939850727086,90,vrp,quantile
2020-03-26,51314.26373422187,24585.22965268058,118.13608905962133,90,vrp,quantile
2020-03-27,-18883.24501924685,24041.282393425783,677.5751462051222,90,vrp,quantile
2020-03-30,89850.51348812405,19787.23404255319,212.76595744680844,93,vrp,quantile
2020-03-31,17919.394710882734,19582.655536420014,350.8225900810063,93,vrp,quantile
2020-04-01,12153.376862008978,18409.59891285863,722.5314128223389,93,vrp,quantile
2020-04-02,-9905.749333072312,18306.441137730228,1044.4887311738016,93,vrp,quantile
2020-04-03,4674.495729892553,17869.308732577625,624.268896443995,93,vrp,quantile
2020-04-06,19822.999001094176,19787.23404255319,-212.76595744680856,93,vrp,quantile
2020-04-07,25167.543785558835,20114.967118664143,-194.50893935733825,92,vrp,quantile
2020-04-08,-22064.277214593498,21225.8091801699,-1248.575958855703,92,vrp,quantile
2020-04-09,-8998.055159351967,22282.07508516917,-1671.905384803331,92,vrp,quantile
2020-04-13,22688.071652189425,20000.0,1.1368683772161603e-13,92,vrp,quantile
2020-04-14,26725.190905787636,19810.56065413756,-33.78760981476637,92,vrp,quantile
2020-04-15,11962.655432227104,19540.495534676746,319.8612065330699,92,vrp,quantile
2020-04-16,-24831.709767825887,18432.45093776398,588.4165747564737,91,vrp,quantile
2020-04-17,10596.638648681554,18209.95337708379,-47.48069926187384,91,vrp,quantile
2020-04-20,38288.80263674178,20000.0,5.684341886080802e-14,92,vrp,quantile
2020-04-21,-9059.262131947153,19544.617593386025,93.56093343622092,92,vrp,quantile
2020-04-22,19272.159448430888,19117.69071371427,35.47207378464489,92,vrp,quantile
2020-04-23,6329.6854634856245,19669.455546803125,108.10641397486057,92,vrp,quantile
2020-04-24,720.1116494940553,19695.598308828736,-777.05192654722,92,vrp,quantile
2020-04-27,-10494.387824101961,20000.0,-1.1368683772161603e-13,92,vrp,quantile
2020-04-28,-420.81834346200736,19752.093622927336,-19.937327948699817,92,vrp,quantile
2020-04-29,-14211.976165511622,19881.107218381945,-177.45954893948874,92,vrp,quantile
2020-04-30,-4642.768706766592,19643.246943499034,-290.3839192383057,92,vrp,quantile
2020-05-01,8137.3246136986145,18853.87044523644,-385.82859140787997,92,vrp,quantile
2020-05-04,499.9358317838453,20000.0,-2.5579538487363607e-13,92,vrp,quantile
2020-05-05,7787.148344346086,19773.04726781974,-57.402176779657566,92,vrp,quantile
2020-05-06,453.88868961128964,18991.89440209185,-261.9613782453473,92,vrp,quantile
2020-05-07,576.6539968158609,18699.048987178576,-386.43216683407235,92,vrp,quantile
2020-05-08,12083.465846231711,19188.671594872143,-281.2980841908367,92,vrp,quantile
2020-05-11,-3418.442387562065,20000.0,-5.684341886080802e-14,92,vrp,quantile
2020-05-12,10406.506841576187,19388.930353613825,295.1135041067349,92,vrp,quantile
2020-05-13,130.18705563035905,18835.309274094685,604.4295892880425,92,vrp,quantile
2020-05-14,8462.7022135632,19076.224613199833,641.4901888799861,92,vrp,quantile
2020-05-15,-3295.8468735409433,18466.819107985877,482.0760759312278,92,vrp,quantile
2020-05-18,-10843.026661321248,20000.0,-3.410605131648481e-13,93,vrp,quantile
2020-05-19,28929.79131127225,19802.981304196834,489.9851334080463,92,vrp,quantile
2020-05-20,3489.0978746854144,19519.247394862283,386.5962902653225,92,vrp,quantile
2020-05-21,-2348.1291530318113,19528.50184781915,118.45084145702882,92,vrp,quantile
2020-05-22,1579.635539873516,18845.86210645361,-47.15043250306937,92,vrp,quantile
2020-05-26,-4484.863382113467,20000.0,0.0,92,vrp,quantile
2020-05-27,-8069.012916893029,21095.428043073738,65.96064296214342,92,vrp,quantile
2020-05-28,-3731.73049717036,21394.57611895638,409.16552326005706,92,vrp,quantile
2020-05-29,7789.751946543294,20288.13908341086,782.5959217070277,92,vrp,quantile
2020-06-01,4671.6536609476925,20000.0,-8.526512829121202e-14,92,vrp,quantile
2020-06-02,734.1261961198481,19912.317666009167,72.34224317072756,92,vrp,quantile
2020-06-03,-2967.0408364677546,19653.620001184077,-211.2871186486844,92,vrp,quantile
2020-06-04,-30045.77922322932,19620.901188935615,-365.75217834810906,92,vrp,quantile
2020-06-05,-2838.678135428595,19734.242556331163,-1464.3698392541594,92,vrp,quantile
2020-06-08,-32038.757250213952,20000.0,-1.1368683772161603e-13,92,vrp,quantile
2020-06-09,-12567.740123171727,20656.988823206833,459.68720827609786,92,vrp,quantile
2020-06-10,2941.321429299433,20585.674226735533,1115.856733724582,92,vrp,quantile
2020-06-11,30993.691850999883,19281.438785127,1601.6779544737508,92,vrp,quantile
2020-06-12,-20305.727736107427,19383.3586297233,1682.7810979081137,91,vrp,quantile
2020-06-15,-665.6220001634927,19782.608695652176,217.39130434782624,91,vrp,quantile
2020-06-16,14899.83184303892,19740.028144650092,349.81573660122126,91,vrp,quantile
2020-06-17,11736.863196524724,19136.28572693058,194.18007965420327,91,vrp,quantile
2020-06-18,-532.945285095805,18745.318227878164,257.0447973984759,91,vrp,quantile
2020-06-19,-8759.122368904342,17734.763550594962,-217.92845677589528,91,vrp,quantile
2020-06-22,6342.794257750433,20000.0,-5.684341886080802e-14,90,vrp,quantile
2020-06-23,-2399.8110973632115,19393.18423881903,-251.44074573356752,90,vrp,quantile
2020-06-24,8876.302504823667,18634.287669016274,-1046.3694486067604,90,vrp,quantile
2020-06-25,14883.74964802136,18426.653425793735,-806.6786969676652,90,vrp,quantile
2020-06-26,-12318.744598027562,17292.85855717061,-1273.6235010082382,90,vrp,quantile
2020-06-29,4654.9498546490595,20000.0,-1.1368683772161603e-13,92,vrp,quantile
2020-06-30,2416.929308716984,19591.015190212387,228.63107937904564,91,vrp,quantile
2020-07-01,-836.3420641853726,19202.343728611875,158.5367639172995,91,vrp,quantile
2020-07-02,-17251.496861084484,18956.524827010137,168.9196539304678,91,vrp,quantile
2020-07-06,20329.221645640344,19782.608695652176,217.39130434782595,91,vrp,quantile
2020-07-07,19054.9677439373,19572.55477121689,346.8511759541805,91,vrp,quantile
2020-07-08,-6479.2823896239015,19257.592401833437,405.4509419313721,91,vrp,quantile
2020-07-09,-17083.528220780987,18791.86330904382,530.4695528341176,91,vrp,quantile
2020-07-10,20268.366292552495,18614.897322648056,402.3492913894271,91,vrp,quantile
2020-07-13,-25769.131171520483,20000.0,-8.526512829121202e-14,92,vrp,quantile
2020-07-14,31009.56145609689,19607.1082036396,-256.4801176459216,92,vrp,quantile
2020-07-15,1728.797534754208,19544.664984788586,-78.29664807088946,92,vrp,quantile
2020-07-16,8169.884958545313,19450.33269236536,246.06268459819043,92,vrp,quantile
2020-07-17,3396.1457738253507,18878.471307538934,275.82002873714566,92,vrp,quantile
2020-07-20,-29155.33574368099,20000.0,2.842170943040401e-14,92,vrp,quantile
2020-07-21,-1778.8341029528312,19511.732506200467,-80.90743495987596,92,vrp,quantile
2020-07-22,13064.725464548424,19172.976107013274,61.26759632509882,92,vrp,quantile
2020-07-23,11572.550489725292,18938.626551332945,11.878843505298647,92,vrp,quantile
2020-07-24,-22665.5911813151,18787.208013742023,-205.74232386997076,92,vrp,quantile
2020-07-27,9114.610930287117,20000.0,-1.1368683772161603e-13,92,vrp,quantile
2020-07-28,-815.0902052542149,19813.131543198822,-185.18495169553287,92,vrp,quantile
2020-07-29,-1155.6630126377318,19261.155115176112,-375.01999262538607,92,vrp,quantile
2020-07-30,-688.4277379518335,20011.77221808062,-739.349485438115,92,vrp,quantile
2020-07-31,11481.126594602827,19312.550743110613,-737.7033124940605,92,vrp,quantile
2020-08-03,-11799.590404719043,20000.0,-5.684341886080802e-14,92,vrp,quantile
2020-08-04,6503.896037351349,19527.09572979386,27.986606582540446,91,vrp,quantile
2020-08-05,-2034.6311132439632,19130.18538523079,7.663810447742179,91,vrp,quantile
2020-08-06,-1215.374946659437,18641.639975564773,342.2964319370434,91,vrp,quantile
2020-08-07,6787.929503926006,18882.23960413679,1029.2068423642895,91,vrp,quantile
2020-08-10,-3052.32584870157,20000.0,-1.7053025658242404e-13,92,vrp,quantile
2020-08-11,-4955.34582477081,19779.982624266948,-171.07853472808875,92,vrp,quantile
2020-08-12,70972.27638297564,19173.857287784107,-75.06821638680356,92,vrp,quantile
2020-08-13,5640.8377566435565,19069.254406121487,120.95232919470047,92,vrp,quantile
2020-08-14,-2207.559200793561,18888.757776750223,-289.31855437820013,92,vrp,quantile
2020-08-17,-66946.92992688293,20000.0,-5.684341886080802e-14,92,vrp,quantile
2020-08-18,1947.3917031601193,19575.130648970684,-144.8673673911721,92,vrp,quantile
2020-08-19,-325.02943043241083,19292.11932406601,-224.62544529445665,92,vrp,quantile
2020-08-20,1061.1487332644188,18636.71932048135,-456.89441734332604,92,vrp,quantile
2020-08-21,15616.458404052508,18422.70987592502,150.94358003795122,92,vrp,quantile
2020-08-24,-17686.985991558617,20000.0,5.684341886080802e-14,92,vrp,quantile
2020-08-25,5065.538230646852,19553.656177767,-78.40186030045137,92,vrp,quantile
2020-08-26,331.64758650161593,18937.85595849208,-99.49537090764872,92,vrp,quantile
2020-08-27,3391.492029581842,19412.06964895509,-532.5418968206966,92,vrp,quantile
2020-08-28,2929.310051300053,19404.96031198361,-839.8869796168121,92,vrp,quantile
2020-08-31,5230.152548525457,20000.0,-2.5579538487363607e-13,92,vrp,quantile
2020-09-01,-1210.9760369046733,19150.57735967747,165.1487018972656,91,vrp,quantile
2020-09-02,129.30917321757886,18986.660552261397,280.2493962022963,91,vrp,quantile
2020-09-03,-2326.872653786643,19107.550702034143,564.5669267752871,91,vrp,quantile
2020-09-04,-4048.428347682548,18699.862162624446,400.2258666938393,91,vrp,quantile
2020-09-08,292.92558160786376,20000.0,1.4210854715202004e-13,92,vrp,quantile
2020-09-09,6633.715347623969,19979.10538725209,-154.96750509287492,92,vrp,quantile
2020-09-10,3839.648375471296,19063.276397606634,183.66106217205783,92,vrp,quantile
2020-09-11,7307.093864243816,18499.183835039392,98.41807101210588,92,vrp,quantile
2020-09-14,2715.3664307955146,20000.0,-1.4210854715202004e-13,92,vrp,quantile
2020-09-15,8892.789432100024,20150.20114691911,681.5640098922529,92,vrp,quantile
2020-09-16,5168.428321036241,19550.338329846487,756.3776631583321,92,vrp,quantile
2020-09-17,6180.701921931039,19795.729942060512,906.071434474226,92,vrp,quantile
2020-09-18,-2516.7704800612837,19307.399685871518,81.16678419247083,92,vrp,quantile
2020-09-21,-6726.534746778111,20000.0,1.4210854715202004e-13,92,vrp,quantile
2020-09-22,-776.61875629066,19624.52256903064,334.0578871448661,92,vrp,quantile
2020-09-23,5117.909304620346,18984.62927008929,-988.4866273863937,92,vrp,quantile
2020-09-24,-2649.7153965487987,19813.09839035085,-1806.4678485196496,92,vrp,quantile
2020-09-25,1955.8887250846342,20120.137794868864,-1347.5582609857245,92,vrp,quantile
2020-09-28,14973.470444245051,20000.0,2.842170943040401e-14,92,vrp,quantile
2020-09-29,-9979.728144166886,19673.835244459282,-94.67617552782116,92,vrp,quantile
2020-09-30,6243.767971882907,19492.14524677554,-36.97595530687323,92,vrp,quantile
2020-10-01,10590.968350479247,19206.567762058494,8.774614123525907,92,vrp,quantile
2020-10-02,-2107.7589063753844,19025.54429819597,0.13803553943455427,92,vrp,quantile
2020-10-05,-590.9061097025829,20000.0,2.842170943040401e-14,92,vrp,quantile
2020-10-06,665.4288897410166,19629.114219195028,76.88480646538576,92,vrp,quantile
2020-10-07,1898.503396631033,19249.045963505647,-216.18890040122605,92,vrp,quantile
2020-10-08,-758.4341994008929,18761.71641281638,-342.19575830403676,92,vrp,quantile
2020-10-09,-2733.299050900499,18126.87160639845,-431.50146934480074,92,vrp,quantile
2020-10-12,2643.333238494977,20000.0,1.7053025658242404e-13,92,vrp,quantile
2020-10-13,-1624.9899298276957,20251.538148125852,575.5525629143356,92,vrp,quantile
2020-10-14,11998.268229181269,20361.259493690482,1088.8597657806358,92,vrp,quantile
2020-10-15,-6355.96344528817,19764.70383684589,904.2605760472878,92,vrp,quantile
2020-10-16,-2660.133635317253,19220.882712070194,760.8335647065468,92,vrp,quantile
2020-10-19,6028.04994193027,20000.0,1.7053025658242404e-13,92,vrp,quantile
2020-10-20,3291.5265031234458,19836.75167444703,-66.79734432798716,92,vrp,quantile
2020-10-21,11800.333635528557,19654.642072462088,-14.204688393312153,92,vrp,quantile
2020-10-22,-18101.054039503095,19705.55958346662,-226.66245675153039,92,vrp,quantile
2020-10-23,1035.203962103122,18783.372068664554,-367.81524782406655,92,vrp,quantile
2020-10-26,90.51418227660508,20000.0,2.842170943040401e-14,92,vrp,quantile
2020-10-27,3505.6882870239406,20889.254487078233,371.0088634321701,92,vrp,quantile
2020-10-28,12148.018879139701,21586.665520035927,1014.2930267528999,92,vrp,quantile
2020-10-29,-3804.5679104787905,20840.162121618985,560.5604828240405,92,vrp,quantile
2020-10-30,-10726.080320013536,20774.100675670965,1160.2776063062397,92,vrp,quantile
2020-11-02,19168.413697530992,19782.608695652176,217.391304347826,91,vrp,quantile
2020-11-03,1180.7202541436566,19253.88494294731,399.3000568368534,90,vrp,quantile
2020-11-04,-19513.23030994003,18766.63327324452,430.0379680359773,90,vrp,quantile
2020-11-05,-1887.5462920740931,18414.835387120642,569.2464131861415,90,vrp,quantile
2020-11-06,-2325.317328632305,18387.347195634262,455.089612846157,90,vrp,quantile
2020-11-09,51057.83255206725,20000.0,0.0,92,vrp,quantile
2020-11-10,-9333.931158803529,20865.717184883364,-205.16762718259127,92,vrp,quantile
2020-11-11,91591.58228787324,20500.484976677482,-500.40331977873484,92,vrp,quantile
2020-11-12,-5539.243274515279,20614.6902969162,-436.46085263459673,92,vrp,quantile
2020-11-13,-1865.388341821185,19996.29346887559,-460.00171461052093,92,vrp,quantile
2020-11-16,-4297.658765201982,20000.0,2.2737367544323206e-13,92,vrp,quantile
2020-11-17,1920.3290869599052,20271.553041016086,428.8069044422139,92,vrp,quantile
2020-11-18,3933.9983839500655,20340.434290012865,598.5744132953007,92,vrp,quantile
2020-11-19,-6352.62720966443,19687.704307539803,673.5714112148221,92,vrp,quantile
2020-11-20,-2965.363271178231,19525.48590570299,447.9172339602949,92,vrp,quantile
2020-11-23,2926.530307542489,20000.0,1.4210854715202004e-13,92,vrp,quantile
2020-11-24,20423.38091162704,19905.914142153004,-140.57878552861501,92,vrp,quantile
2020-11-25,-12481.456056658608,19628.68027349538,-326.70026785715123,92,vrp,quantile
2020-11-27,-2802.1031619566797,19581.722609038567,175.76939325009616,92,vrp,quantile
2020-11-30,510.00988755626923,20000.0,-1.1368683772161603e-13,92,vrp,quantile
2020-12-01,-452.2847876403514,19669.404928075066,-49.84913540175384,92,vrp,quantile
2020-12-02,6745.97011660353,19323.94775780994,-89.09038180979167,92,vrp,quantile
2020-12-03,2664.852678782883,19228.94708753536,-239.29985531883412,92,vrp,quantile
2020-12-04,1882.0369119870106,19025.97347653217,-185.22116506637013,92,vrp,quantile
2020-12-07,4252.799614788524,20000.0,5.684341886080802e-14,92,vrp,quantile
2020-12-08,-6152.347737268404,19791.143904363533,-150.04158674943938,92,vrp,quantile
2020-12-09,3897.1449709131584,19553.353116799128,-80.07499331467235,92,vrp,quantile
2020-12-10,-4259.814142442106,19393.291684747754,-391.71859747919586,92,vrp,quantile
2020-12-11,-4234.230126185797,18994.19681343039,-310.4832188099792,92,vrp,quantile
2020-12-14,-3748.928946612188,20000.0,5.684341886080802e-14,92,vrp,quantile
2020-12-15,-4181.010872468023,19240.59574053582,-164.16298584652287,92,vrp,quantile
2020-12-16,3471.3781274113826,19031.559131573096,444.0844293684382,92,vrp,quantile
2020-12-17,5738.897220702468,19002.687164014435,119.8922703226697,92,vrp,quantile
2020-12-18,7631.253556821662,18863.929646640427,158.17764346420182,92,vrp,quantile
2020-12-21,-2663.3039154144626,20000.0,8.526512829121202e-14,92,vrp,quantile
2020-12-22,-4114.747667313619,20869.021851968755,-1017.8587570806707,92,vrp,quantile
2020-12-23,2103.4783892725736,20285.303438962033,-1050.3188244119278,92,vrp,quantile
2020-12-24,9432.265686815703,19582.416218889783,-931.6668252915805,92,vrp,quantile
2020-12-28,-1177.7779823964697,20000.0,1.9895196601282805e-13,92,vrp,quantile
2020-12-29,3832.906266034953,19688.599067813975,4.666350123282484,92,vrp,quantile
2020-12-30,3583.257354751946,19436.72704478029,-122.4752757624573,92,vrp,quantile
2020-12-31,11676.231024152428,19314.69100254073,-29.373784973421834,92,vrp,quantile
2021-01-04,-773.6617081624797,20000.0,0.0,92,vrp,quantile
2021-01-05,-888.3317054007639,19777.003472895754,-14.304375738292833,92,vrp,quantile
2021-01-06,5463.900701345415,19316.03325122878,-112.82087304485987,92,vrp,quantile
2021-01-07,-5430.615930053327,18906.187473936025,-193.6790665300359,92,vrp,quantile
2021-01-08,-4342.50736062925,18496.447578363233,-99.5441203344335,92,vrp,quantile
2021-01-11,1494.1729795468004,20000.0,2.842170943040401e-14,92,vrp,quantile
2021-01-12,-1297.3766979198963,20021.45258938383,365.50876561986695,92,vrp,quantile
2021-01-13,1580.8748247116257,20006.138409670504,596.215122054174,92,vrp,quantile
2021-01-14,-1631.1100489196313,19552.881960032486,767.653357836578,92,vrp,quantile
2021-01-15,7403.233004910695,19495.84867165988,897.5970636457452,92,vrp,quantile
2021-01-19,6769.654917420531,20000.0,1.4210854715202004e-13,92,vrp,quantile
2021-01-20,-12000.114055452672,19655.025426632696,208.66477557094566,92,vrp,quantile
2021-01-21,4708.771772975647,19578.340865468173,397.65395326246096,92,vrp,quantile
2021-01-22,11587.26908171789,18901.478198259745,360.0532221108157,92,vrp,quantile
2021-01-25,-12329.763900422166,20000.0,0.0,92,vrp,quantile
2021-01-26,3672.7015759695614,20054.1975168026,426.8319946688383,92,vrp,quantile
2021-01-27,-29639.495121581785,20254.83798430361,771.8934028491512,92,vrp,quantile
2021-01-28,-15407.231295424406,19894.082003680072,248.3582407622852,92,vrp,quantile
2021-01-29,23791.78474630893,19212.638982879802,17.738523095844357,92,vrp,quantile
2021-02-01,302.39109344466976,20000.0,0.0,92,vrp,quantile
2021-02-02,6466.745307777419,19596.935944654015,367.93103225382333,91,vrp,quantile
2021-02-03,179.8532653918674,19357.667680036233,400.11898539808266,91,vrp,quantile
2021-02-04,6851.663237077759,19070.277671942345,314.3910820451577,91,vrp,quantile
2021-02-05,3347.0407032734415,18773.43589855523,275.44122544017245,91,vrp,quantile
2021-02-08,6005.246989812089,20000.0,0.0,92,vrp,quantile
2021-02-09,-2550.160314972921,19778.596876723208,1.194438343129633,92,vrp,quantile
2021-02-10,1234.69508276748,19553.3317858134,-196.52504127850855,92,vrp,quantile
2021-02-11,1772.9091016383634,19010.53161220593,240.73820338238716,92,vrp,quantile
2021-02-12,-9010.222201189681,18805.97659608422,59.43492122720613,92,vrp,quantile
2021-02-16,5910.837222781339,20000.0,1.7053025658242404e-13,92,vrp,quantile
2021-02-17,7267.216984842998,20443.165672708707,540.2668950535208,92,vrp,quantile
2021-02-18,1142.099865367742,19793.73550961556,558.1462246153324,92,vrp,quantile
2021-02-19,3538.1752775519603,19704.82470250969,-72.70055142163625,92,vrp,quantile
2021-02-22,-1048.5397840445416,20000.0,-1.7053025658242404e-13,92,vrp,quantile
2021-02-23,-2849.1570824688897,20293.60172500231,735.7485210688369,92,vrp,quantile
2021-02-24,-4119.857293289308,20432.94330564752,-101.4194343880325,92,vrp,quantile
2021-02-25,12389.033951967345,21645.697019262938,1448.1263392484097,92,vrp,quantile
2021-02-26,9151.992851457411,21726.37763331957,2242.5804691015965,92,vrp,quantile
2021-03-01,-4741.4230368836625,20000.0,1.1368683772161603e-13,92,vrp,quantile
2021-03-02,-4091.928806056754,19444.820817539443,-246.7752135558245,92,vrp,quantile
2021-03-03,8161.048288082872,19270.959060483063,118.83891306366286,92,vrp,quantile
2021-03-04,2177.5144215973105,18705.554724048914,-113.17199697827894,92,vrp,quantile
2021-03-05,5731.338613263417,18696.802504586823,23.138512575568683,92,vrp,quantile
2021-03-08,474.7046889926871,20000.0,-5.684341886080802e-14,92,vrp,quantile
2021-03-09,1632.6610374543884,19869.459120355736,-208.0137959872601,92,vrp,quantile
2021-03-10,1174.5342547660746,19438.745774132592,-687.842748205994,92,vrp,quantile
2021-03-11,7851.796433908487,19239.836838028463,-494.268995759691,92,vrp,quantile
2021-03-12,-2942.9588627981184,19060.10825672767,252.9631435871159,92,vrp,quantile
2021-03-15,-1367.0184569332096,20000.0,2.842170943040401e-14,92,vrp,quantile
2021-03-16,3248.1913285381124,19867.11802275122,187.1328373839718,92,vrp,quantile
2021-03-17,-10401.671171034037,19205.65694438283,188.8676694446257,92,vrp,quantile
2021-03-18,9772.046936931309,19091.395793540505,74.19608090897353,92,vrp,quantile
2021-03-19,23728.993269383478,18232.797489724224,-162.49804947299862,92,vrp,quantile
2021-03-22,4590.83662195291,20000.0,2.842170943040401e-14,92,vrp,quantile
2021-03-23,-4173.289635353491,20475.227563912445,402.83193892230963,92,vrp,quantile
2021-03-24,-1814.8949584108557,19970.21110239379,973.0695071821558,92,vrp,quantile
2021-03-25,-12329.403430776869,19164.834168168436,509.38958119894977,92,vrp,quantile
2021-03-26,18690.255300603563,18823.660026055863,1381.1463417151629,92,vrp,quantile
2021-03-29,-27461.69342244883,20000.0,1.7053025658242404e-13,94,vrp,quantile
2021-03-30,7578.889764457813,19918.299979061743,167.2978788668583,94,vrp,quantile
2021-03-31,683.9798979785297,19570.025486360246,171.05616094320663,94,vrp,quantile
2021-04-01,3942.9490387212204,19394.207953760466,264.4518957186797,94,vrp,quantile
2021-04-05,95.86321950806263,20000.0,-1.4210854715202004e-13,94,vrp,quantile
2021-04-06,4091.3195253160065,19980.641189379847,-54.129983460174515,94,vrp,quantile
2021-04-07,2562.6362388874195,19708.643149910644,-109.87357128950498,94,vrp,quantile
2021-04-08,2582.789553990013,18896.982422748057,29.18352866261492,94,vrp,quantile
2021-04-09,3833.3937253914964,18244.505270083442,-92.5967077185029,94,vrp,quantile
2021-04-12,-6986.981058957831,20000.0,-1.9895196601282805e-13,94,vrp,quantile
2021-04-13,4900.950116385126,19415.168620544922,-36.86481137169446,94,vrp,quantile
2021-04-14,-372.7664074388406,19489.025948959563,33.20250759812208,94,vrp,quantile
2021-04-15,-884.2618163406106,18534.868866344525,-198.5442886704114,94,vrp,quantile
2021-04-16,10511.30399447953,18156.039624529923,-611.6532077315532,94,vrp,quantile
2021-04-19,737.8530108758023,20000.0,8.526512829121202e-14,94,vrp,quantile
2021-04-20,13378.936777217912,19098.697587591258,-246.596784054158,94,vrp,quantile
2021-04-21,2451.744722819809,18608.832728484926,-590.4622173412131,94,vrp,quantile
2021-04-22,-3271.4738723309274,18639.16556808735,-550.3555471363653,94,vrp,quantile
2021-04-23,-707.9950015594832,17420.044073446934,-915.766050317318,94,vrp,quantile
2021-04-26,9295.515470115573,20000.0,1.1368683772161603e-13,94,vrp,quantile
2021-04-27,-2005.2957475396586,19700.13589934192,-734.0952763427335,94,vrp,quantile
2021-04-28,1568.309079144488,18971.46189790813,-425.67876932919705,94,vrp,quantile
2021-04-29,6369.123432460457,18316.3219234086,-631.9475993256544,94,vrp,quantile
2021-04-30,-3009.8249349016714,18568.50456692287,-451.6225282050889,94,vrp,quantile
2021-05-03,-12728.935155827918,20000.0,2.842170943040401e-14,94,vrp,quantile
2021-05-04,2732.0978500905217,19487.133601460402,29.337497579514405,94,vrp,quantile
2021-05-05,5063.103485005634,19068.039008638083,23.452472727632767,94,vrp,quantile
2021-05-06,1584.9813646820955,18675.83039480149,201.08179284975895,94,vrp,quantile
2021-05-07,919.3826498901531,18199.53198468042,276.96333276029264,94,vrp,quantile
2021-05-10,-1288.4623246024503,20000.0,-8.526512829121202e-14,94,vrp,quantile
2021-05-11,4704.880424069094,20523.683757067916,851.7776104185593,94,vrp,quantile
2021-05-12,-651.7251028037697,19997.30112435251,1060.6824407712943,94,vrp,quantile
2021-05-13,-6262.770921965922,19609.459078310992,697.5966115876664,94,vrp,quantile
2021-05-14,3838.7286832587633,19304.36327859063,496.6280835240631,94,vrp,quantile
2021-05-17,-5323.133290422417,20000.0,-2.842170943040401e-14,94,vrp,quantile
2021-05-18,7553.39685391469,20052.705762993413,226.742101360578,94,vrp,quantile
2021-05-19,1454.2401978366397,20145.15983085545,549.7312560158528,94,vrp,quantile
2021-05-20,-1050.5710898696623,19302.759203665268,292.21934681861535,94,vrp,quantile
2021-05-21,6193.251399768463,19436.981349275393,1001.9818764312685,94,vrp,quantile
2021-05-24,752.8591288952986,20000.0,8.526512829121202e-14,94,vrp,quantile
2021-05-25,1861.8831273979727,20032.52556746278,230.9502192479054,94,vrp,quantile
2021-05-26,4593.924385636126,19813.64445633082,537.8244006520064,94,vrp,quantile
2021-05-27,-11046.511449493702,18925.14127431046,868.5957224327989,94,vrp,quantile
2021-05-28,-8510.240894988998,18775.622715289683,77.80484696055859,94,vrp,quantile
2021-06-01,4283.690390470153,20000.0,-1.1368683772161603e-13,94,vrp,quantile
2021-06-02,6368.405417825564,19637.91895139287,175.05403807693185,94,vrp,quantile
2021-06-03,5931.940919421019,19050.618032839855,217.7759949510842,94,vrp,quantile
2021-06-04,6544.200096449752,18595.460825999216,430.659516450216,94,vrp,quantile
2021-06-07,2912.5194637134273,20000.0,-2.2737367544323206e-13,94,vrp,quantile
2021-06-08,-1655.7205586950113,19810.019152487188,192.26693108608066,94,vrp,quantile
2021-06-09,49.65921819427224,19313.584609242283,288.20018578391364,94,vrp,quantile
2021-06-10,2077.718294125773,18329.089140267,211.09019929841557,94,vrp,quantile
2021-06-11,-3474.9991641558463,17391.745171106322,-56.67822771520292,94,vrp,quantile
2021-06-14,8825.832196231917,20000.0,5.684341886080802e-14,92,vrp,quantile
2021-06-15,2764.1999321419476,20762.624566578892,562.9312237671137,92,vrp,quantile
2021-06-16,-6356.9689805899325,20251.96624961794,233.63342637479474,92,vrp,quantile
2021-06-17,-14169.274891583076,18515.966632488027,330.15890991300284,92,vrp,quantile
2021-06-18,412.404627589905,18241.73459574409,724.2694155585326,92,vrp,quantile
2021-06-21,7298.576128267965,20000.0,-1.1368683772161603e-13,94,vrp,quantile
2021-06-22,6836.33695311153,18832.825080661885,323.57218243810644,94,vrp,quantile
2021-06-23,-14510.768962363065,18303.03087603872,-21.423298761800766,94,vrp,quantile
2021-06-24,17063.129274755465,20633.550482812912,2033.1881092583915,94,vrp,quantile
2021-06-25,-11141.414119261835,20088.467882038178,1718.19892953311,94,vrp,quantile
2021-06-28,-10788.48107096457,20000.0,0.0,94,vrp,quantile
2021-06-29,27.079208824937098,19725.66251697521,41.271142558223886,94,vrp,quantile
2021-06-30,-77.26923475784515,19565.874080918857,53.97352901549834,94,vrp,quantile
2021-07-01,3183.3653433046925,19299.952678392954,24.579280636902098,94,vrp,quantile
2021-07-02,2205.2647236233747,18937.70920982229,-22.43261327516467,94,vrp,quantile
2021-07-06,-2157.501587390024,20000.0,2.2737367544323206e-13,94,vrp,quantile
2021-07-07,-2234.915997388367,19460.853826443312,-140.68367841550636,94,vrp,quantile
2021-07-08,4612.844812049271,19079.73967674325,-96.42611191824659,94,vrp,quantile
2021-07-09,4481.235726057193,18892.80663995605,-224.36255023332836,94,vrp,quantile
2021-07-12,5627.468842812402,20000.0,8.526512829121202e-14,94,vrp,quantile
2021-07-13,-2904.004826186187,19681.12255758053,407.8025075999411,94,vrp,quantile
2021-07-14,1055.842638875898,18954.105364888626,71.4528985122192,94,vrp,quantile
2021-07-15,5878.691436222988,18624.046595761036,142.87294917242718,94,vrp,quantile
2021-07-16,500.94073674927586,17663.11237757439,338.70225774625015,94,vrp,quantile
2021-07-19,10599.241681039743,20000.0,-5.684341886080802e-14,94,vrp,quantile
2021-07-20,5055.255930212985,19635.5911372367,-33.53444628557554,94,vrp,quantile
2021-07-21,16113.006325547987,19444.985677360815,65.97226234336253,94,vrp,quantile
2021-07-22,-2059.747194622483,18282.883120547765,403.57719199739705,94,vrp,quantile
2021-07-23,-8759.022108066914,17106.98830367722,209.2803613290391,94,vrp,quantile
2021-07-26,565.0268099400936,20000.0,-1.9895196601282805e-13,94,vrp,quantile
2021-07-27,-6810.545823200429,19136.79661082454,-127.70850528282875,94,vrp,quantile
2021-07-28,-4700.286866942694,18591.06142377751,14.218574034173201,94,vrp,quantile
2021-07-29,-13396.830345699236,16356.348318001017,-120.45633020990039,94,vrp,quantile
2021-07-30,12321.28527322414,15442.69558019493,290.4698472072416,94,vrp,quantile
2021-08-02,-4697.00434970428,20000.0,-1.4210854715202004e-13,94,vrp,quantile
2021-08-03,300.05024541060266,19494.342122403465,188.86682536190006,94,vrp,quantile
2021-08-04,1181.540112659854,19015.66639598452,337.30530663997047,94,vrp,quantile
2021-08-05,2377.0414225603117,18948.16957777336,235.6789243773073,94,vrp,quantile
2021-08-06,5229.206508244343,18697.347681307747,291.02940793480644,94,vrp,quantile
2021-08-09,-966.4176918829992,20000.0,-8.526512829121202e-14,94,vrp,quantile
2021-08-10,1223.0844625104528,19593.722311431226,-67.36710465115615,94,vrp,quantile
2021-08-11,-5782.301420914947,19127.22734932612,150.98083687698826,94,vrp,quantile
2021-08-12,1577.188868140502,18599.37374878561,-20.95837063949088,94,vrp,quantile
2021-08-13,3769.119967524772,18484.5229388769,-60.83624960132076,94,vrp,quantile
2021-08-16,-4815.414633803427,20000.0,-1.7053025658242404e-13,94,vrp,quantile
2021-08-17,556.5464844904325,20130.88313424457,417.9078942368243,94,vrp,quantile
2021-08-18,4825.965108757783,19246.98394926035,-67.07666599200397,94,vrp,quantile
2021-08-19,3599.248357092022,19463.41530607426,256.66169831656714,94,vrp,quantile
2021-08-20,361.6418702284516,18968.035637192777,-126.23052146620572,94,vrp,quantile
2021-08-23,4757.7135376930955,20000.0,-1.1368683772161603e-13,94,vrp,quantile
2021-08-24,-5567.323592051832,19916.83164041893,-174.869597318648,94,vrp,quantile
2021-08-25,-2083.507179756765,19233.4566635649,-92.81038846365848,94,vrp,quantile
2021-08-26,4058.75562471595,18710.654727994995,176.21396737993604,94,vrp,quantile
2021-08-27,-4110.635875326169,17681.001105525447,454.67070968349185,94,vrp,quantile
2021-08-30,3797.329412535458,20000.0,1.7053025658242404e-13,94,vrp,quantile
2021-08-31,-2721.066599250658,19878.356597184134,163.45886226653334,94,vrp,quantile
2021-09-01,-5124.609898729285,19352.637954797785,62.40145155897804,94,vrp,quantile
2021-09-02,229.36240270729047,18796.546396224585,369.340857810575,94,vrp,quantile
2021-09-03,-1308.8973460001946,18439.83377790697,303.2247772385504,94,vrp,quantile
2021-09-07,9658.987575189261,20000.0,2.842170943040401e-14,94,vrp,quantile
2021-09-08,6255.954633167566,20112.148754587386,581.8574041732379,94,vrp,quantile
2021-09-09,5278.0617397336555,20091.344691752438,1135.122777110613,94,vrp,quantile
2021-09-10,6337.87135878183,19437.01830445096,1035.0786093846223,94,vrp,quantile
2021-09-13,-10252.070334883143,20000.0,-8.526512829121202e-14,94,vrp,quantile
2021-09-14,2730.547276690112,18868.60196482835,-522.7306838486071,94,vrp,quantile
2021-09-15,-4222.273277624919,18393.91301515643,-281.1951198957182,94,vrp,quantile
2021-09-16,7114.418271482834,18174.543937924765,-49.70469228477049,94,vrp,quantile
2021-09-17,-1779.0154491397768,17521.552593791792,-34.36546674549007,94,vrp,quantile
2021-09-20,-9301.697256976495,20000.0,-2.842170943040401e-14,94,vrp,quantile
2021-09-21,9238.68624294605,18746.34010981745,459.9070027143913,94,vrp,quantile
2021-09-22,2960.3271489202843,18746.252710783567,947.9162509697219,94,vrp,quantile
2021-09-23,-553.8952636155805,18342.06158437127,1142.599632940209,94,vrp,quantile
2021-09-24,3795.380120605789,17235.669693008214,589.690729581985,94,vrp,quantile
2021-09-27,-2258.1230722854725,20000.0,-5.684341886080802e-14,94,vrp,quantile
2021-09-28,1909.9676026734319,19266.120439336737,255.92274861941254,94,vrp,quantile
2021-09-29,11753.793131830489,19283.299441256437,429.48164725471236,94,vrp,quantile
2021-09-30,3122.5688372098352,18469.18638757904,224.6384762575299,94,vrp,quantile
2021-10-01,-2543.38013686964,18615.12303598237,419.54350365405446,94,vrp,quantile
2021-10-04,1738.0989398361817,20000.0,0.0,94,vrp,quantile
2021-10-05,-1850.576142296512,20311.953218396993,333.1221872233767,94,vrp,quantile
2021-10-06,-1193.2239025368247,20168.622958676446,270.33285595584204,94,vrp,quantile
2021-10-07,-2416.7199885600767,19981.34258525663,489.2814991617146,94,vrp,quantile
2021-10-08,-1973.9342771276133,19298.841787602225,349.60258720577554,94,vrp,quantile
2021-10-11,3344.842294435979,20000.0,-5.684341886080802e-14,94,vrp,quantile
2021-10-12,-1015.8973991797149,19560.507652943747,-84.83213980505352,94,vrp,quantile
2021-10-13,3027.28752564477,19331.154789376767,-86.51127166647996,94,vrp,quantile
2021-10-14,6625.449190306269,19286.69868562243,-45.21112796940798,94,vrp,quantile
2021-10-15,-3725.209644245604,18723.708417691723,-112.30993081333972,94,vrp,quantile
2021-10-18,-2286.6570340252233,20000.0,8.526512829121202e-14,92,vrp,quantile
2021-10-19,2559.668371716391,19531.17129067141,-45.910205729012375,92,vrp,quantile
2021-10-20,92.29493353491672,19079.35647599273,119.0212698774501,92,vrp,quantile
2021-10-21,2820.869235129984,18762.179467366874,-660.6296284174866,92,vrp,quantile
2021-10-22,6170.700152922766,17938.69992457318,-824.6503286063205,92,vrp,quantile
2021-10-25,-4110.105892124389,20000.0,5.684341886080802e-14,94,vrp,quantile
2021-10-26,15216.54966736064,19893.73582799974,651.4639555861456,94,vrp,quantile
2021-10-27,-1020.1895294708274,19235.514005892,1181.8463916816877,94,vrp,quantile
2021-10-28,4150.712055192347,21580.852261275813,4257.090417068886,94,vrp,quantile
2021-10-29,-7629.281907600911,20883.257791478543,3693.9618082136108,94,vrp,quantile
2021-11-01,-11660.344307765337,20000.0,-1.7053025658242404e-13,94,vrp,quantile
2021-11-02,-501.4270672937277,19388.041702405477,137.09222937874983,94,vrp,quantile
2021-11-03,-5331.870392333383,19097.556334474808,135.01962680088658,94,vrp,quantile
2021-11-04,6868.711083234253,18711.895700483605,110.2963651277339,94,vrp,quantile
2021-11-05,-17009.562313442173,17938.294756778396,32.150295223939224,94,vrp,quantile
2021-11-08,-5159.71032386839,20000.0,5.684341886080802e-14,94,vrp,quantile
2021-11-09,4276.982484799083,19796.399143239232,255.92805737190096,94,vrp,quantile
2021-11-10,5306.044659151634,19748.028161975308,496.27052629375066,94,vrp,quantile
2021-11-11,-7948.253077928549,19325.42036317524,267.2663242007428,94,vrp,quantile
2021-11-12,59.048564182755534,18573.889101310873,-90.2655261800657,94,vrp,quantile
2021-11-15,-8735.798435164017,20000.0,-2.842170943040401e-14,92,vrp,quantile
2021-11-16,3813.5393596150334,19966.87138643751,-777.8379345222202,92,vrp,quantile
2021-11-17,4606.304132689436,19217.521514683587,-1219.2508095357307,92,vrp,quantile
2021-11-18,65796.86069433374,18677.6544054438,-1115.7189353756416,92,vrp,quantile
2021-11-19,-11576.767645710595,18502.83863921379,-1279.8912014276884,92,vrp,quantile
2021-11-22,4401.697506905545,20000.0,-2.2737367544323206e-13,92,vrp,quantile
2021-11-23,-2902.67089379332,20160.712887482186,281.06029731110357,92,vrp,quantile
2021-11-24,-10685.760090650074,19449.035462304655,175.52182113445514,92,vrp,quantile
2021-11-26,-16681.86911213909,19545.140357703116,557.6203714558748,92,vrp,quantile
2021-11-29,12048.92919757595,20000.0,-1.9895196601282805e-13,94,vrp,quantile
2021-11-30,5968.6960289273575,19056.31338339564,-167.54931738025797,94,vrp,quantile
2021-12-01,-13612.272341818352,18227.549521904904,-167.6895033282753,94,vrp,quantile
2021-12-02,1631.612403466783,18831.810396114455,83.92524683531116,94,vrp,quantile
2021-12-03,6991.004358993014,18535.40915155086,65.5069748232846,94,vrp,quantile
2021-12-06,3225.34209838863,20000.0,2.2737367544323206e-13,94,vrp,quantile
2021-12-07,-3138.7181996505296,19579.367612090715,-117.08390513500183,94,vrp,quantile
2021-12-08,7653.236713485556,19115.30740424133,-170.84807937004894,94,vrp,quantile
2021-12-09,8721.520419452627,18721.590441499517,-42.048891983895146,94,vrp,quantile
2021-12-10,-2572.517696108617,18043.89377981937,16.01134700559507,94,vrp,quantile
2021-12-13,-4167.782637273163,20000.0,8.526512829121202e-14,94,vrp,quantile
2021-12-14,-4914.121719892356,19850.51623140607,-75.45250048713129,94,vrp,quantile
2021-12-15,-742.5325348491817,18944.166316192997,-52.23062396566857,94,vrp,quantile
2021-12-16,5860.303418599324,18578.74261080939,146.21858359513425,94,vrp,quantile
2021-12-17,-3122.509078115456,18215.509788100277,292.8681408164899,94,vrp,quantile
2021-12-20,2509.1803274864023,20000.0,-8.526512829121202e-14,94,vrp,quantile
2021-12-21,-6741.263156029174,19810.62956659769,-248.87871203548582,94,vrp,quantile
2021-12-22,-6345.993634640594,18743.650763963953,-360.1929848372015,94,vrp,quantile
2021-12-23,-839.586237909308,18738.584697249607,456.72650828474434,94,vrp,quantile
2021-12-27,7614.708750237643,20000.0,1.9895196601282805e-13,92,vrp,quantile
2021-12-28,-2995.1829117709335,18952.92198653499,-467.339621896871,92,vrp,quantile
2021-12-29,-13942.884060577713,17933.405006463858,-660.2439955543728,92,vrp,quantile
2021-12-30,-36754.87392802764,17789.913496446807,-846.2160647397582,92,vrp,quantile
2021-12-31,43948.479398356525,16687.798696745198,-889.8074125819095,92,vrp,quantile
2022-01-03,-24356.49473943327,20000.0,1.1368683772161603e-13,92,vrp,quantile
2022-01-04,-167.2427074071636,19656.101978448867,6.098310905799707,92,vrp,quantile
2022-01-05,8394.133942560919,18902.14613182884,-127.54130634400403,92,vrp,quantile
2022-01-06,-1202.988033889516,18421.001089561836,-163.55827225577085,92,vrp,quantile
2022-01-07,-3185.3790750849535,17651.659778814872,-497.8260466523419,92,vrp,quantile
2022-01-10,-12959.558209986466,20000.0,-5.684341886080802e-14,92,vrp,quantile
2022-01-11,7236.129508682434,19775.373985398626,-106.53213984108928,92,vrp,quantile
2022-01-12,-1418.3479813958425,19139.132406634217,-440.08712666833026,92,vrp,quantile
2022-01-13,6246.174621968184,18592.386093716068,-374.05354030292216,92,vrp,quantile
2022-01-14,-474.66566813230213,18006.218112334136,-460.01145586122095,92,vrp,quantile
2022-01-18,-16972.957854994747,20000.0,-8.526512829121202e-14,92,vrp,quantile
2022-01-19,3695.37857491451,20823.83663232476,955.5941959163606,92,vrp,quantile
2022-01-20,-2394.183860326586,22195.95662028131,3143.740527281101,92,vrp,quantile
2022-01-21,-8620.14273596198,21970.867420965402,3335.3901923046337,92,vrp,quantile
2022-01-24,7577.23704345411,20000.0,2.842170943040401e-14,92,vrp,quantile
2022-01-25,18497.258855909477,19871.9315130358,636.0955170911952,92,vrp,quantile
2022-01-26,-3765.3285840032663,20060.603131060707,1564.3436760689797,92,vrp,quantile
2022-01-27,-16483.466824154784,19241.851673947356,1575.8799197343437,92,vrp,quantile
2022-01-28,2152.181023395853,19675.011098068157,1554.1982911180394,92,vrp,quantile
2022-01-31,14080.705315716019,20000.0,-5.684341886080802e-14,94,vrp,quantile
2022-02-01,-4425.1189693659635,19722.60739129648,-225.49498252137312,94,vrp,quantile
2022-02-02,-641.0847177607756,19284.706009511177,-275.38913654332464,94,vrp,quantile
2022-02-03,637.6887475896096,19054.800698854255,-50.80347122037881,94,vrp,quantile
2022-02-04,-575.0056711158878,18475.8813083665,-152.25613063590038,94,vrp,quantile
2022-02-07,-23123.261578520334,20000.0,-5.684341886080802e-14,92,vrp,quantile
2022-02-08,4902.662560536987,19367.105497012686,192.79033095497266,92,vrp,quantile
2022-02-09,-1590.4028711818617,18893.890159526814,133.7199816155176,92,vrp,quantile
2022-02-10,10817.95103695923,18926.808760763386,466.13252515827276,92,vrp,quantile
2022-02-11,12731.810417452254,18890.556555610132,804.9393565999153,92,vrp,quantile
2022-02-14,-6206.472949386799,20000.0,2.842170943040401e-14,92,vrp,quantile
2022-02-15,2355.8210638782275,19167.302708877294,-66.74637129802858,92,vrp,quantile
2022-02-16,-2985.4564681346883,18320.487541709022,228.02982374575998,92,vrp,quantile
2022-02-17,146.82199166061383,17993.628502356853,128.54853405044622,92,vrp,quantile
2022-02-18,-2301.807647514701,17763.151863277286,318.3739772760939,92,vrp,quantile
2022-02-22,3968.177512270016,20000.0,-2.842170943040401e-14,92,vrp,quantile
2022-02-23,22927.268888367154,19371.976273959324,-597.0395750466735,92,vrp,quantile
2022-02-24,-7089.50449571571,19411.410454412526,-1115.2247122413555,92,vrp,quantile
2022-02-25,9910.307258233199,19945.036458822833,-2110.1146147370246,92,vrp,quantile
2022-02-28,-10891.15377053447,19787.23404255319,-212.76595744680836,93,vrp,quantile
2022-03-01,-2159.760714005393,14389.197179914,240.9696318768391,69,vrp,quantile
2022-03-02,-677.709618511153,14369.596850479811,233.82953385832695,69,vrp,quantile
2022-03-03,1955.383193681848,14111.289093205518,307.96104846839876,69,vrp,quantile
2022-03-04,-9359.22547560015,13984.276613845737,197.56473936757246,69,vrp,quantile
2022-03-07,-5392.11554016582,14782.608695652174,-1739.1304347826085,69,vrp,quantile
2022-03-08,1046.4426824597226,14921.212719918141,-1820.1177011242212,68,vrp,quantile
2022-03-09,4818.52425373721,15019.247000586998,-1798.7779022024035,68,vrp,quantile
2022-03-10,-731.8327182786027,14837.252234913121,-1717.910180416056,68,vrp,quantile
2022-03-11,3306.0919820919676,14518.61862470334,-1602.261021848528,68,vrp,quantile
2022-03-14,-9464.910680889303,15000.0,-652.1739130434783,69,vrp,quantile
2022-03-15,6476.215139066703,14995.855068091732,-564.3684407799458,69,vrp,quantile
2022-03-16,9623.652444937477,15141.175035551947,-475.5274488546929,69,vrp,quantile
2022-03-17,-7007.528301797486,14873.480437785785,-519.7667116515277,69,vrp,quantile
2022-03-18,593.4762223911285,14638.253129811874,-517.3211399592078,69,vrp,quantile
2022-03-21,-1500.958483724424,20000.0,2.842170943040401e-14,92,vrp,quantile
2022-03-22,6767.607286289304,19687.99264468808,48.73709192272631,92,vrp,quantile
2022-03-23,-4636.620285623075,19506.552254865,90.98198670478303,92,vrp,quantile
2022-03-24,2569.3976151019365,19270.365725840547,203.3850240752562,92,vrp,quantile
2022-03-25,5387.619037430733,19004.959824923924,187.139825428588,92,vrp,quantile
2022-03-28,6213.853666811199,19999.999999999996,5.684341886080802e-14,96,vrp,quantile
2022-03-29,4271.3194046439585,19525.335954583712,-356.9594487813505,96,vrp,quantile
2022-03-30,4299.3309727889,19335.2340270114,-293.9034291040804,96,vrp,quantile
2022-03-31,2164.706300118688,19936.353100382894,-492.6647838188302,96,vrp,quantile
2022-04-01,7074.592435524398,19239.41230587037,-551.535951310427,96,vrp,quantile
2022-04-04,4321.759967139549,20000.0,-5.684341886080802e-14,96,vrp,quantile
2022-04-05,3146.472382513788,19916.52908909983,0.9457174879563581,96,vrp,quantile
2022-04-06,-1263.1276811923897,20095.59305579582,-641.9259875911263,96,vrp,quantile
2022-04-07,-2216.9077322732296,19937.42466026905,-316.1149186278984,96,vrp,quantile
2022-04-08,-4624.296346026462,19358.241831412422,-348.77665521688505,96,vrp,quantile
2022-04-11,5257.400374213704,20000.0,5.684341886080802e-14,96,vrp,quantile
2022-04-12,3308.6800372992066,19533.138428534054,-101.2060734340306,96,vrp,quantile
2022-04-13,-323.63620332069615,19563.396357844926,507.00039446065193,96,vrp,quantile
2022-04-14,415.48348171970144,19167.491629249915,394.6520562127463,96,vrp,quantile
2022-04-18,5818.623375650832,19999.999999999996,-2.842170943040401e-14,96,vrp,quantile
2022-04-19,-700.3296538076548,19852.30672532438,289.8275711168834,96,vrp,quantile
2022-04-20,5154.602199282895,18905.981407012405,132.58347659713073,96,vrp,quantile
2022-04-21,-12484.025334350052,18729.048278719176,-141.2621425795547,96,vrp,quantile
2022-04-22,-8881.15263499168,19271.911760351937,279.23250348816293,96,vrp,quantile
2022-04-25,-5215.558800989704,20000.0,0.0,96,vrp,quantile
2022-04-26,4467.476045761896,20024.943878046044,733.3663220032679,96,vrp,quantile
2022-04-27,1367.081776190039,19170.32243147719,430.1052941592214,96,vrp,quantile
2022-04-28,9746.602179290405,19312.570008053775,900.1459361400955,96,vrp,quantile
2022-04-29,-166.78997100492148,19033.655732030045,1226.7630972366817,96,vrp,quantile
2022-05-02,9605.578302734293,20000.0,5.684341886080802e-14,96,vrp,quantile
2022-05-03,426.9687953238751,19962.32383093711,42.57630152576459,96,vrp,quantile
2022-05-04,12529.496917285865,19799.26928878516,52.550220317248716,96,vrp,quantile
2022-05-05,-3493.0546502660964,19430.92731212773,61.487989871716735,96,vrp,quantile
2022-05-06,-13196.774126967472,18655.71993078988,176.0270338830855,96,vrp,quantile
2022-05-09,-11913.087724435387,20000.0,1.4210854715202004e-13,96,vrp,quantile
2022-05-10,11861.139072900023,20007.92940581915,-37.23500898510633,96,vrp,quantile
2022-05-11,-16722.71064217883,19634.87155313026,-315.7398569034809,96,vrp,quantile
2022-05-12,9405.538493895701,19289.63064893047,-187.91643998476837,96,vrp,quantile
2022-05-13,-9429.253414674542,19490.11566419655,160.5848901815894,96,vrp,quantile
2022-05-16,132.98473090777657,20000.0,-8.526512829121202e-14,96,vrp,quantile
2022-05-17,-9307.0061612432,19701.908595856552,-232.27811066132986,96,vrp,quantile
2022-05-18,-28291.975724391596,19119.210208398763,-294.5515962714941,96,vrp,quantile
2022-05-19,12890.098102585542,18476.02318750256,-145.59411006190314,96,vrp,quantile
2022-05-20,1623.440328221412,18494.97037311027,-237.61447204221597,96,vrp,quantile
2022-05-23,-4210.439914678865,20000.0,-1.1368683772161603e-13,96,vrp,quantile
2022-05-24,-2891.880295738252,19552.02123537156,442.41253807989114,96,vrp,quantile
2022-05-25,-6677.3465601815715,19366.248941764115,111.21368301929456,96,vrp,quantile
2022-05-26,-17045.00143891326,20039.539919259856,-672.8329232300993,96,vrp,quantile
2022-05-27,7276.829472539232,19206.74692132526,-786.8157241866617,96,vrp,quantile
2022-05-31,14216.795053307469,20000.0,0.0,96,vrp,quantile
2022-06-01,1156.3161671180253,19323.997484797495,-128.8432367694538,96,vrp,quantile
2022-06-02,48.54796172792436,18908.887581821476,-380.61430592585634,96,vrp,quantile
2022-06-03,6568.264872536192,18593.849574945576,-292.0722234613249,96,vrp,quantile
2022-06-06,2178.3628786551476,20000.0,3.410605131648481e-13,96,vrp,quantile
2022-06-07,6032.69120348602,20122.485233956642,434.70623038162546,96,vrp,quantile
2022-06-08,705.4848519269019,19552.24990552097,758.8522976225029,96,vrp,quantile
2022-06-09,-8017.240812156309,18400.734709196287,744.4694373333454,96,vrp,quantile
2022-06-10,8380.247449873728,17463.13592266322,552.9138032410899,96,vrp,quantile
2022-06-13,-8690.516815423904,20000.0,1.7053025658242404e-13,96,vrp,quantile
2022-06-14,-14178.634038485696,20098.407495221854,617.8172067655306,96,vrp,quantile
2022-06-15,-6203.433310636104,20227.807793040076,-24.971376587120574,95,vrp,quantile
2022-06-16,-3168.3356436644112,20929.486809299215,-897.6153278752728,95,vrp,quantile
2022-06-17,-15706.658406249864,20885.731868723993,-1551.9062108035873,95,vrp,quantile
2022-06-21,-4589.925474054983,20000.0,1.4210854715202004e-13,94,vrp,quantile
2022-06-22,-6605.715865633437,20634.060255361182,1116.9796134425644,94,vrp,quantile
2022-06-23,-6557.59788869297,20954.60370129556,873.6373289041594,94,vrp,quantile
2022-06-24,8125.063267860558,20849.850160724458,764.8693138970739,94,vrp,quantile
2022-06-27,12805.47048156167,20000.0,-2.842170943040401e-14,92,vrp,quantile
2022-06-28,506.99213023479035,19683.016153810655,34.38253118099246,92,vrp,quantile
2022-06-29,3019.865485533991,19407.303968220658,10.561749608104407,92,vrp,quantile
2022-06-30,-3106.7482308629715,18928.90188422496,45.63045956572415,92,vrp,quantile
2022-07-01,1577.4289874701228,18690.565603081446,-249.8042842636419,92,vrp,quantile
2022-07-05,-5343.865742123561,20000.0,1.7053025658242404e-13,96,vrp,quantile
2022-07-06,2812.6447052134704,19683.675932298145,-51.34954843915594,96,vrp,quantile
2022-07-07,-10404.320453808767,19558.10085705877,-125.0556700218444,96,vrp,quantile
2022-07-08,817.3115793599108,19320.506985325374,-72.48836461536422,96,vrp,quantile
2022-07-11,-2643.7871260276024,20000.0,-5.684341886080802e-14,92,vrp,quantile
2022-07-12,4060.2514010904815,19801.586266802482,-94.75639705125539,92,vrp,quantile
2022-07-13,7881.072917186642,19416.88592290951,-3.0553003676827757,92,vrp,quantile
2022-07-14,-14359.082725624416,19063.143225056934,476.58481944905014,92,vrp,quantile
2022-07-15,13894.983138827716,18971.958129763367,591.550334906731,92,vrp,quantile
2022-07-18,11611.44986396322,19999.999999999996,2.842170943040401e-14,96,vrp,quantile
2022-07-19,-21283.63148242094,20313.01814149656,-408.70025929574405,96,vrp,quantile
2022-07-20,-546.5954222297041,19894.304375509055,-461.8042868107998,96,vrp,quantile
2022-07-21,2608.15166504856,19488.09019358984,-667.9930364632439,96,vrp,quantile
2022-07-22,1290.2202539973814,19474.03776713244,-1274.0841848221064,96,vrp,quantile
2022-07-25,-7025.645797907856,20000.0,-1.4210854715202004e-13,94,vrp,quantile
2022-07-26,5781.476700595768,19492.127833964252,-200.1983831870636,94,vrp,quantile
2022-07-27,6245.900359453481,18079.00950173087,-622.1385671384164,93,vrp,quantile
2022-07-28,4493.735274962279,16854.418946359692,-827.7314816319728,93,vrp,quantile
2022-07-29,-18042.476471055706,17873.865920060674,-564.4418741042405,93,vrp,quantile
2022-08-01,19060.64451634408,20000.0,1.1368683772161603e-13,92,vrp,quantile
2022-08-02,-8147.220336076223,19934.951623872053,-265.9256836788179,92,vrp,quantile
2022-08-03,6808.875953950183,19455.23486499373,-256.74720931255683,92,vrp,quantile
2022-08-04,6992.095073357366,19041.342686926775,-385.48455296783317,92,vrp,quantile
2022-08-05,2697.2341714220593,18502.733763063083,-152.2139261633752,92,vrp,quantile
2022-08-08,-25057.883886119205,20000.0,2.842170943040401e-14,92,vrp,quantile
2022-08-09,20915.859559119617,19463.891207438963,194.63200756583285,92,vrp,quantile
2022-08-10,2066.9885430355707,18728.88633230704,158.87648757231648,92,vrp,quantile
2022-08-11,7807.451654299559,18381.045888128814,459.5307464823,92,vrp,quantile
2022-08-12,5431.474221387774,17145.223625740837,216.8547694292218,92,vrp,quantile
2022-08-15,-10911.03012065037,20000.0,-3.126388037344441e-13,92,vrp,quantile
2022-08-16,-5743.3980106460185,19411.158670755347,21.844105453494564,92,vrp,quantile
2022-08-17,7579.84778350801,19430.0864314365,242.80699494578914,92,vrp,quantile
2022-08-18,-9549.44856044819,19367.118538926425,-214.4677116825566,92,vrp,quantile
2022-08-19,7070.8367107471895,19518.30943460546,-22.69024835581689,92,vrp,quantile
2022-08-22,17522.33842690486,20000.0,5.684341886080802e-14,94,vrp,quantile
2022-08-23,-13650.292553187921,19203.733528088895,123.11808278558476,94,vrp,quantile
2022-08-24,1360.364973510167,19264.01455626964,-610.3393351021891,94,vrp,quantile
2022-08-25,-482.3894297961321,18523.623347259116,-345.3053410124455,94,vrp,quantile
2022-08-26,12533.839558434198,18762.82012189923,-252.64941302636845,94,vrp,quantile
2022-08-29,12261.634639675734,20000.0,-1.7053025658242404e-13,94,vrp,quantile
2022-08-30,-1967.5195950607965,19632.338703725203,47.39651657757514,94,vrp,quantile
2022-08-31,-440.4637870327971,19245.13769946825,101.04450881000017,94,vrp,quantile
2022-09-01,2261.2239206708846,18773.119492123067,330.50615578338386,94,vrp,quantile
2022-09-02,-3024.250729690131,18346.27340651709,219.907527190401,94,vrp,quantile
2022-09-06,9530.611790172603,20000.0,-5.684341886080802e-14,94,vrp,quantile
2022-09-07,8064.033654739266,20209.322246017713,115.4200200205087,94,vrp,quantile
2022-09-08,-3400.3484186587475,20231.86770537895,-233.25769319713606,94,vrp,quantile
2022-09-09,-1487.935514128345,20002.945413690253,-151.80445328590983,94,vrp,quantile
2022-09-12,4258.908903669167,20000.0,0.0,94,vrp,quantile
2022-09-13,3959.227715002604,19861.569489336893,821.5119810534645,94,vrp,quantile
2022-09-14,317.82084459274347,19419.203278296118,833.753017034811,94,vrp,quantile
2022-09-15,-9402.938179358147,18740.47446997448,353.1327841543815,94,vrp,quantile
2022-09-16,-7654.353190987761,17951.372580529143,376.16665511399924,94,vrp,quantile
2022-09-19,3477.727977971935,20000.0,-8.526512829121202e-14,94,vrp,quantile
2022-09-20,1538.7343056925026,18550.349078688057,258.2634951853078,94,vrp,quantile
2022-09-21,-13293.734179854007,17845.49056117298,403.9722182785196,94,vrp,quantile
2022-09-22,-286.91364351440086,18118.501259842764,264.46917986933295,94,vrp,quantile
2022-09-23,3354.1143910029664,19382.834356288135,352.8735224216993,94,vrp,quantile
2022-09-26,410.9178419425117,20000.0,-2.842170943040401e-14,94,vrp,quantile
2022-09-27,22942.990284368843,20726.166599346227,793.1718915589433,94,vrp,quantile
2022-09-28,-32947.47180147581,22058.50538714344,242.75592326794464,94,vrp,quantile
2022-09-29,-6103.490657382579,21114.29310812139,-634.8141773841951,94,vrp,quantile
2022-09-30,13471.415955156057,21065.972589536417,440.7057393831204,94,vrp,quantile
2022-10-03,13264.770968324698,20000.0,8.526512829121202e-14,94,vrp,quantile
2022-10-04,6409.990736539694,19319.852781759135,171.5420966250969,93,vrp,quantile
2022-10-05,-7435.689282731691,19185.575190315958,103.58391648032838,93,vrp,quantile
2022-10-06,-1934.070811899566,19113.48459114039,244.15327830453572,93,vrp,quantile
2022-10-07,-1903.096070633387,18610.4158558238,221.53571497464569,93,vrp,quantile
2022-10-10,4990.880867204817,20000.0,-2.842170943040401e-14,96,vrp,quantile
2022-10-11,-742.2961110570874,19737.694625093995,55.915594742251244,96,vrp,quantile
2022-10-12,3502.5324252501255,19427.32654822668,-41.646731205037014,96,vrp,quantile
2022-10-13,1620.260940649987,19378.945513639857,89.28410169928998,96,vrp,quantile
2022-10-14,5701.853362948624,18670.302196661105,-287.9733344561114,96,vrp,quantile
2022-10-17,7847.719991940474,20000.0,-2.842170943040401e-14,94,vrp,quantile
2022-10-18,-105.97261334347596,19807.891588990686,288.86000606543826,94,vrp,quantile
2022-10-19,-5255.035859837743,19421.66803501033,292.6108591866341,94,vrp,quantile
2022-10-20,639.1922584939258,19117.04249545381,98.16464278582754,94,vrp,quantile
2022-10-21,1278.9387452747626,18914.892622780215,155.9273861015082,94,vrp,quantile
2022-10-24,4518.5489877561395,20000.0,1.1368683772161603e-13,94,vrp,quantile
2022-10-25,-7453.324763749831,19146.040758646053,-100.89209096248908,94,vrp,quantile
2022-10-26,10160.090242098435,18262.04571113695,-199.2083044969981,94,vrp,quantile
2022-10-27,-12229.250272626507,18080.422054413673,-503.83948026052997,94,vrp,quantile
2022-10-28,-6915.588857250536,17138.386830355652,-655.2688009244087,94,vrp,quantile
2022-10-31,-15287.189477551477,20000.0,2.2737367544323206e-13,94,vrp,quantile
2022-11-01,3671.03585523822,19492.481630984737,19.033621084007535,94,vrp,quantile
2022-11-02,-4710.722855884544,19247.480502245213,477.26702082175507,94,vrp,quantile
2022-11-03,-1641.4870803084777,18468.88228090933,541.7540368031296,94,vrp,quantile
2022-11-04,5741.7557758274415,18061.57940702095,218.25007686174874,94,vrp,quantile
2022-11-07,-4783.00181070412,20000.0,-8.526512829121202e-14,94,vrp,quantile
2022-11-08,-10724.999067909765,20830.122839239815,-155.81848687080506,94,vrp,quantile
2022-11-09,-1349.1145848246126,20975.20786773035,-34.57014353877415,94,vrp,quantile
2022-11-10,20508.287063754233,22250.851518466166,885.4061917381179,94,vrp,quantile
2022-11-11,5864.671987815919,22334.77269829692,506.9836752648056,94,vrp,quantile
2022-11-14,191.90700596586626,20000.0,-1.1368683772161603e-13,94,vrp,quantile
2022-11-15,-5384.875176728473,20081.515309287963,-51.81739810094595,94,vrp,quantile
2022-11-16,-10202.659935243522,19749.650344254125,-93.08604743524302,94,vrp,quantile
2022-11-17,-3656.0671029969553,19220.28951901632,-182.41147392296503,94,vrp,quantile
2022-11-18,-6228.286640959559,18936.589573980124,163.39600144167255,94,vrp,quantile
2022-11-21,8717.063371911543,20000.0,8.526512829121202e-14,94,vrp,quantile
2022-11-22,-2436.4699395511366,18966.681198097293,-462.38962059556667,94,vrp,quantile
2022-11-23,2042.554217558556,18105.775411375354,-625.6184363050016,94,vrp,quantile
2022-11-25,-13895.453973752308,16697.245873694043,-1066.06787717961,94,vrp,quantile
2022-11-28,23861.792540632585,20000.0,0.0,94,vrp,quantile
2022-11-29,-1953.5064197168465,19710.56614452623,-89.78888275834959,94,vrp,quantile
2022-11-30,13187.623896107769,19061.46686361358,-215.18734372150263,94,vrp,quantile
2022-12-01,1520.8252635345602,18507.078745105897,-278.24406962588364,94,vrp,quantile
2022-12-02,8338.688088614444,18254.507919561773,-178.19016149096788,94,vrp,quantile
2022-12-05,-4298.90976338212,20000.0,-2.842170943040401e-14,94,vrp,quantile
2022-12-06,-3988.909229595093,19861.712702191846,434.29366112147477,94,vrp,quantile
2022-12-07,-5501.443975235114,19613.51960660301,504.7555133638541,94,vrp,quantile
2022-12-08,9519.920509285617,19073.882373739667,229.92813525893985,94,vrp,quantile
2022-12-09,-1406.6198053655185,18827.62922310383,201.28432794889423,94,vrp,quantile
2022-12-12,3277.984488731024,20000.0,2.842170943040401e-14,94,vrp,quantile
2022-12-13,2345.697934357284,19282.20996780479,-49.0613785782561,94,vrp,quantile
2022-12-14,4305.528436051781,18778.63718387066,169.35352028109574,94,vrp,quantile
2022-12-15,-76.76634575629885,18854.932846784664,317.75466594587624,94,vrp,quantile
2022-12-16,1173.738328003843,18259.702236496705,116.32156299677484,94,vrp,quantile
2022-12-19,-2768.558628750237,20000.0,-2.842170943040401e-14,94,vrp,quantile
2022-12-20,8816.727715359346,19673.25117575834,315.3759721171574,94,vrp,quantile
2022-12-21,3300.6130182020142,19404.42074649596,91.11998792014674,94,vrp,quantile
2022-12-22,5289.708760799956,18832.02964737955,84.9093966657887,94,vrp,quantile
2022-12-23,-6014.02707960529,18618.406215723775,-705.720167760242,94,vrp,quantile
2022-12-27,3697.8158238369965,20000.0,-1.1368683772161603e-13,94,vrp,quantile
2022-12-28,-4305.425045773547,19480.55469241973,-506.51372784064984,94,vrp,quantile
2022-12-29,-6972.03024018431,19533.855828176762,-341.1293706548843,94,vrp,quantile
2022-12-30,4628.076136988214,18894.94416538087,-399.5349530880244,94,vrp,quantile
2023-01-03,-1279.1281177997046,20000.0,-2.842170943040401e-14,94,vrp,quantile
2023-01-04,-5133.323870117146,19718.882409341193,63.78910602613149,94,vrp,quantile
2023-01-05,-269.00275857194674,19129.999756387053,31.828154895544543,94,vrp,quantile
2023-01-06,7086.949028553541,18583.02276718106,211.3477596918074,94,vrp,quantile
2023-01-09,-2721.0621391407108,20000.0,-5.684341886080802e-14,94,vrp,quantile
2023-01-10,198.017736278092,19712.336676862495,-241.2461607263924,94,vrp,quantile
2023-01-11,3236.8288988938953,19074.0433140535,-388.55692906639524,94,vrp,quantile
2023-01-12,-344.5560896179276,18992.828332526304,-1078.8408214974343,94,vrp,quantile
2023-01-13,4175.165984200204,18666.361465070353,-894.7017719292587,94,vrp,quantile
2023-01-17,3209.9981768283037,20000.0,-5.684341886080802e-14,94,vrp,quantile
2023-01-18,-2012.0376803874226,20663.184740133656,-124.14492088657693,94,vrp,quantile
2023-01-19,576.9540588527797,20786.520005776387,21.15108001939697,94,vrp,quantile
2023-01-20,-7076.692446815059,20355.35196331306,672.6961896701692,94,vrp,quantile
2023-01-23,-5589.394362700065,20000.0,1.4210854715202004e-13,94,vrp,quantile
2023-01-24,4357.284804620197,19792.405589173533,-335.14970217620885,94,vrp,quantile
2023-01-25,3685.474545401272,20806.584981425112,217.8905490067705,94,vrp,quantile
2023-01-26,-19317.08451894588,19679.13736179946,-317.89358150912676,94,vrp,quantile
2023-01-27,6890.826061917026,19291.65647306457,291.02967080647124,94,vrp,quantile
2023-01-30,-288.74172103661783,20000.0,5.684341886080802e-14,94,vrp,quantile
2023-01-31,1897.828374287961,19381.20114943701,14.05878215900404,94,vrp,quantile
2023-02-01,-4024.051967800426,18552.375860897984,-160.75538375436747,94,vrp,quantile
2023-02-02,13760.11515585565,17645.38425906749,-418.8534670580922,94,vrp,quantile
2023-02-03,-11033.392373501729,18085.94809155933,-586.8139595058332,94,vrp,quantile
2023-02-06,-7652.348047657185,20000.0,1.9895196601282805e-13,94,vrp,quantile
2023-02-07,2900.248016584803,19361.613629442203,-118.7924182258829,94,vrp,quantile
2023-02-08,-4683.026448027655,19439.793789072024,169.51008832824544,94,vrp,quantile
2023-02-09,5392.7378760900465,19219.95078263604,144.51526586529445,94,vrp,quantile
2023-02-10,-4770.250185992367,19040.405500824752,192.70459668733048,94,vrp,quantile
2023-02-13,-5342.023232601417,20000.0,-5.684341886080802e-14,94,vrp,quantile
2023-02-14,13922.653520337328,19291.806135029117,-28.383500992997824,94,vrp,quantile
2023-02-15,-11432.445357988538,19383.827984478492,736.1541159394922,94,vrp,quantile
2023-02-16,-6829.463424838067,19101.10469404257,865.5376628184538,94,vrp,quantile
2023-02-17,-2409.0202407400307,18030.168697391775,220.438103891948,94,vrp,quantile
2023-02-21,8959.086637310835,20000.0,1.4210854715202004e-13,94,vrp,quantile
2023-02-22,4579.699651399778,19289.6098287316,30.27326260932648,94,vrp,quantile
2023-02-23,14309.255609576014,18592.52837309302,191.13534060638887,94,vrp,quantile
2023-02-24,524.2446025824186,17765.731271160184,224.47580178607842,94,vrp,quantile
2023-02-27,3758.993410649568,20000.0,2.2737367544323206e-13,94,vrp,quantile
2023-02-28,2370.880970166012,19688.49043583221,83.59633533656282,94,vrp,quantile
2023-03-01,3478.137976357916,19375.06199852245,64.72846682065446,94,vrp,quantile
2023-03-02,15.331754048236832,19074.415810620954,208.67789550431797,94,vrp,quantile
2023-03-03,3365.60979300262,18649.171534633497,68.5810212403482,94,vrp,quantile
2023-03-06,-473.63321390756596,20000.0,5.684341886080802e-14,94,vrp,quantile
2023-03-07,-3519.209665298462,19510.11144560695,-205.8428216087741,94,vrp,quantile
2023-03-08,1986.4476372000117,19096.559341108943,-217.40771904356973,94,vrp,quantile
2023-03-09,-8717.625368318091,18267.63011955755,-273.43364536866875,94,vrp,quantile
2023-03-10,2675.178699586938,17777.00942734762,-37.29328402814747,94,vrp,quantile
2023-03-13,-6738.279764749603,20000.0,-1.1368683772161603e-13,94,vrp,quantile
2023-03-14,-1555.8213947747915,19609.386597033325,41.967346601554624,94,vrp,quantile
2023-03-15,2057.1766079736476,19763.33729307107,-321.07296859508324,94,vrp,quantile
2023-03-16,4111.083588870992,19724.1998401072,-796.1491265074769,94,vrp,quantile
2023-03-17,-6874.918419866479,18960.039047797443,-376.111747432793,94,vrp,quantile
2023-03-20,7597.335810083433,20000.0,5.684341886080802e-14,95,vrp,quantile
2023-03-21,5860.900412839615,20275.400714801035,-69.6591071826987,94,vrp,quantile
2023-03-22,-5945.131002863638,18637.655247866533,585.225146155939,94,vrp,quantile
2023-03-23,-3899.4660858438265,18625.11210265736,1158.844436399927,94,vrp,quantile
2023-03-24,-3636.5085990917923,18555.50797356854,872.6489184728662,94,vrp,quantile
2023-03-27,5362.942077714448,20000.0,2.842170943040401e-14,94,vrp,quantile
2023-03-28,-16712.315715709774,19331.14711349098,163.2088863613915,94,vrp,quantile
2023-03-29,4689.573249463618,20258.620907444896,1241.9445701018117,94,vrp,quantile
2023-03-30,-1189.819170044783,19409.204779175554,1182.495901785447,94,vrp,quantile
2023-03-31,-6365.796192302636,19141.13024346472,1591.6842767358708,94,vrp,quantile
2023-04-03,-4227.680845261175,19999.999999999996,1.1368683772161603e-13,96,vrp,quantile
2023-04-04,4202.282241822017,19455.68777186335,218.28291535171292,95,vrp,quantile
2023-04-05,-997.8461009304363,19104.039708076187,275.78135181596673,95,vrp,quantile
2023-04-06,-4912.53265232364,18746.457709697475,238.97083990074785,95,vrp,quantile
2023-04-10,-803.9301477966392,19791.666666666664,208.33333333333326,95,vrp,quantile
2023-04-11,-3504.929971510524,19709.42867875798,270.7907828988928,95,vrp,quantile
2023-04-12,-3869.9914258735876,19379.534563106532,447.1756263114553,95,vrp,quantile
2023-04-13,-6019.3247731351175,18917.221666143836,388.1200989379011,95,vrp,quantile
2023-04-14,983.9899827296049,18719.370176881886,449.5150047150796,95,vrp,quantile
2023-04-17,2575.9405361588474,20000.0,1.1368683772161603e-13,96,vrp,quantile
2023-04-18,-6186.0835318877125,21648.51176755617,1911.4184680324684,96,vrp,quantile
2023-04-19,5243.302382473512,21694.158091900536,1685.4901647636486,96,vrp,quantile
2023-04-20,11868.807964986645,21200.201243555544,1685.2058753427596,96,vrp,quantile
2023-04-21,5067.825173808344,20606.44779062277,1903.02113781465,96,vrp,quantile
2023-04-24,-3605.4974637132404,20000.0,-1.1368683772161603e-13,96,vrp,quantile
2023-04-25,7414.199534774027,19610.888091828092,79.86203735179927,96,vrp,quantile
2023-04-26,-1404.8860240558047,19041.20643601528,121.8539693497753,96,vrp,quantile
2023-04-27,-13358.075697292126,17929.54785125239,469.5471134300125,96,vrp,quantile
2023-04-28,-1718.5663809021776,17557.727959633994,794.9771862495347,96,vrp,quantile
2023-05-01,2569.8775742756347,20000.0,-5.684341886080802e-14,96,vrp,quantile
2023-05-02,-18263.921698092006,19573.68888705771,68.55958516842068,96,vrp,quantile
2023-05-03,-1967.1053484869215,18835.810802998534,354.75453190129497,96,vrp,quantile
2023-05-04,-4724.467133962452,18510.786114301438,463.0038272331067,96,vrp,quantile
2023-05-05,-1695.2185413944435,18267.340561966415,548.3094577509225,96,vrp,quantile
2023-05-08,10700.512106070266,20000.0,-5.684341886080802e-14,96,vrp,quantile
2023-05-09,2318.8544084904815,19512.340350264025,302.87994025636647,96,vrp,quantile
2023-05-10,10409.432707148102,18733.239466215473,420.70920442522794,96,vrp,quantile
2023-05-11,2115.188234497623,18344.70716467611,249.17640402524836,96,vrp,quantile
2023-05-12,1275.0330591991888,18269.42237923257,676.008840370109,96,vrp,quantile
2023-05-15,-7271.598719111555,20000.0,8.526512829121202e-14,94,vrp,quantile
2023-05-16,11106.066359509336,19577.053162092605,-580.2269488612427,94,vrp,quantile
2023-05-17,-384.2297596764711,19231.183256325166,-764.0181784538134,94,vrp,quantile
2023-05-18,-16416.307983655584,19782.737741514808,370.8113890757066,94,vrp,quantile
2023-05-19,6750.896878017176,20108.54621503925,1306.452611254862,94,vrp,quantile
2023-05-22,7317.8845979879,20000.0,0.0,96,vrp,quantile
2023-05-23,-3410.9692209042105,21043.30627812614,-533.298941835917,96,vrp,quantile
2023-05-24,18309.95482801356,22510.714893646367,503.00902029973025,96,vrp,quantile
2023-05-25,-22373.370609467704,22682.00580976945,900.5667219279377,96,vrp,quantile
2023-05-26,36630.617178739274,22144.704634022044,923.2265226480621,96,vrp,quantile
2023-05-30,3902.197279151849,19999.999999999996,-8.526512829121202e-14,96,vrp,quantile
2023-05-31,-8793.168803234612,19476.430314727233,-102.64612851846792,96,vrp,quantile
2023-06-01,-3572.009148599096,19165.053253983235,131.22680535349724,96,vrp,quantile
2023-06-02,-1396.177697684337,18729.207039334073,442.23985993937947,96,vrp,quantile
2023-06-05,11248.096459602382,20000.0,-2.842170943040401e-14,96,vrp,quantile
2023-06-06,-6974.2273684773145,19506.397419797653,392.2679525167274,96,vrp,quantile
2023-06-07,433.4422663358594,19114.076654233097,-295.8088066729226,96,vrp,quantile
2023-06-08,7027.783069650757,19143.26043552374,-282.6843229576801,96,vrp,quantile
2023-06-09,-8533.709310859138,18904.183658815422,-246.2655089392266,96,vrp,quantile
2023-06-12,-3512.5312286069507,20000.0,0.0,94,vrp,quantile
2023-06-13,-2364.072675514444,18478.42344806489,-414.2992965181505,94,vrp,quantile
2023-06-14,710.7154393454309,18604.975005066597,-610.8781387239452,94,vrp,quantile
2023-06-15,717.3509887412015,17553.43576301658,-1430.8044538102235,94,vrp,quantile
2023-06-16,12693.680937583855,17294.118910450255,-1032.853184603704,94,vrp,quantile
2023-06-20,-1015.4980080125704,20000.0,-5.684341886080802e-14,96,vrp,quantile
2023-06-21,12539.071593449326,19047.264267668674,308.614405100644,96,vrp,quantile
2023-06-22,-652.8509341271975,18919.917324266225,725.8126118126112,96,vrp,quantile
2023-06-23,-7256.56089431139,18094.26964126559,272.46484881092977,96,vrp,quantile
2023-06-26,7180.944362941691,19999.999999999996,5.684341886080802e-14,96,vrp,quantile
2023-06-27,-3077.009411296224,19119.21747276732,-133.33125759530625,96,vrp,quantile
2023-06-28,-352.15925555515236,18282.000482156884,139.91512143733283,96,vrp,quantile
2023-06-29,15223.685998053428,17700.572100853624,330.82397749659225,96,vrp,quantile
2023-06-30,-13736.980196236202,15466.815847519409,-402.8083255148512,96,vrp,quantile
2023-07-03,7808.527153886942,19999.999999999996,-1.1368683772161603e-13,96,vrp,quantile
2023-07-05,2518.1266875300294,19596.262888302805,100.91168200624256,96,vrp,quantile
2023-07-06,4024.2130925401375,19256.53162827307,67.67841633300398,96,vrp,quantile
2023-07-07,5038.992365369205,19095.188772167963,54.47045482316548,96,vrp,quantile
2023-07-10,-1746.0999213697453,20000.0,5.684341886080802e-14,96,vrp,quantile
2023-07-11,-9807.662950449032,19702.604469795027,228.59623884748143,96,vrp,quantile
2023-07-12,2310.4511059436045,19384.960049744535,175.41441837037743,96,vrp,quantile
2023-07-13,2133.8114805523796,18919.297432968102,212.6628654693267,96,vrp,quantile
2023-07-14,3204.506284337004,18817.283020616902,292.01876003548637,96,vrp,quantile
2023-07-17,-9219.231749845867,20000.0,0.0,96,vrp,quantile
2023-07-18,6624.899834681285,19549.908062448238,-22.564662081812656,96,vrp,quantile
2023-07-19,-8571.150578348228,18981.434452944603,-344.20491074837025,96,vrp,quantile
2023-07-20,8426.868354575417,18415.20894071234,-399.04120329096236,96,vrp,quantile
2023-07-21,-1901.8813095265027,17915.098071007185,-414.38561863654616,96,vrp,quantile
2023-07-24,-4266.951677750739,20000.0,5.684341886080802e-14,96,vrp,quantile
2023-07-25,11039.740485029923,22602.84015782799,3626.6577290718146,96,vrp,quantile
2023-07-26,-7414.245278736477,22291.2755064653,4128.632965033486,96,vrp,quantile
2023-07-27,-6914.809569239831,22048.699577226806,5010.447522820065,96,vrp,quantile
2023-07-28,-6020.095418131888,21478.297262765034,5234.973925908897,96,vrp,quantile
2023-07-31,8762.433638672575,19999.999999999996,1.4210854715202004e-13,96,vrp,quantile
2023-08-01,1318.4556058372284,19895.69478398392,241.79016232976974,96,vrp,quantile
2023-08-02,-1993.7815109047003,19642.555617683847,516.9701307984568,96,vrp,quantile
2023-08-03,2694.797084567851,19441.97599523161,1260.0393874186386,96,vrp,quantile
2023-08-04,-965.9736231983591,19315.56283676789,1461.3606332141017,96,vrp,quantile
2023-08-07,-9656.142371058582,20000.0,0.0,96,vrp,quantile
2023-08-08,-6617.0857835205725,19010.78055322435,93.16199716128544,96,vrp,quantile
2023-08-09,-400.3994914882426,18541.274488166364,98.75898542010825,96,vrp,quantile
2023-08-10,6141.226528716899,18200.647160773384,157.44757475965804,96,vrp,quantile
2023-08-11,3379.9266078589144,17785.221124951066,439.0325329516461,96,vrp,quantile
2023-08-14,-5622.493574827722,19999.999999999996,2.842170943040401e-14,96,vrp,quantile
2023-08-15,17519.47716057242,23760.598633337333,3924.7643734613553,96,vrp,quantile
2023-08-16,-13854.55342451683,23373.650638727206,4491.891742082744,96,vrp,quantile
2023-08-17,-6549.0683096279645,23364.0466490315,5223.589942145212,96,vrp,quantile
2023-08-18,29142.373987556166,23347.345483644465,6393.062521942298,96,vrp,quantile
2023-08-21,-18110.522677503584,20000.0,-1.1368683772161603e-13,94,vrp,quantile
2023-08-22,-5138.222734104664,19955.81487206158,704.5303432885071,94,vrp,quantile
2023-08-23,43575.84184425987,20310.30646208693,1436.4465707915872,94,vrp,quantile
2023-08-24,-12337.343022698728,19195.631606016115,1437.8426931535132,94,vrp,quantile
2023-08-25,24085.5264536387,18535.19982637577,766.9393319866879,94,vrp,quantile
2023-08-28,-6096.139419319238,20000.0,-8.526512829121202e-14,96,vrp,quantile
2023-08-29,-675.9046024198859,19484.173072566184,-65.82753619322028,96,vrp,quantile
2023-08-30,5023.696901397186,19042.624687341202,-115.05649847338543,96,vrp,quantile
2023-08-31,757.2522294816024,18498.69059284295,13.147286735251754,96,vrp,quantile
2023-09-01,1622.6734163055298,17987.746167919446,-297.74919820342524,96,vrp,quantile
2023-09-05,-2569.3381455068334,20000.0,-5.684341886080802e-14,94,vrp,quantile
2023-09-06,2226.8182432576778,19626.854291762145,196.52825821676674,94,vrp,quantile
2023-09-07,3574.253568712136,19310.117074667087,517.2735349548675,94,vrp,quantile
2023-09-08,2776.010211699846,19022.66683357155,568.3280748617719,94,vrp,quantile
2023-09-11,524.6679656404906,20000.0,8.526512829121202e-14,94,vrp,quantile
2023-09-12,1427.8830297173354,19556.9748052129,-205.08420299767826,94,vrp,quantile
2023-09-13,287.3746255474483,18941.69890907511,-413.7826821302692,94,vrp,quantile
2023-09-14,-9072.41409451695,18409.110085779954,-409.91381123218457,94,vrp,quantile
2023-09-15,11372.369756932112,18402.080919985798,-486.26802000024895,94,vrp,quantile
2023-09-18,-3097.7670775513143,20000.0,1.9895196601282805e-13,94,vrp,quantile
2023-09-19,3982.5921461544617,19906.58932684233,3.874302678414864,94,vrp,quantile
2023-09-20,2281.6074059679763,19142.247733925073,264.7854306815176,94,vrp,quantile
2023-09-21,5520.363527835019,20409.53871207343,2314.452281068293,94,vrp,quantile
2023-09-22,2064.3706506297244,19312.59482167339,2224.649334645325,94,vrp,quantile
2023-09-25,-3105.4491779901928,20000.0,-1.9895196601282805e-13,96,vrp,quantile
2023-09-26,-5386.552573964445,19649.544512171167,-946.7254175120486,96,vrp,quantile
2023-09-27,5215.3105698983245,21284.470770569897,706.0415060893258,96,vrp,quantile
2023-09-28,-14288.003724038117,21074.0998151857,641.6979782903845,96,vrp,quantile
2023-09-29,18504.31782178118,20484.66464890951,811.860467139788,96,vrp,quantile
2023-10-02,1555.2448173339278,20000.0,0.0,96,vrp,quantile
2023-10-03,-4937.169444321232,19771.738411120783,-172.10510684215492,96,vrp,quantile
2023-10-04,651.1703893787134,19691.13209989078,-150.25646896504426,96,vrp,quantile
2023-10-05,-9130.220665798444,19267.6178743084,-77.0929920053002,96,vrp,quantile
2023-10-06,4005.880123938209,18955.12955944641,-155.8846597351642,96,vrp,quantile
2023-10-09,-6716.787760088314,19999.999999999996,2.842170943040401e-14,96,vrp,quantile
2023-10-10,-5700.480814064788,19826.63812740115,106.63895765205987,96,vrp,quantile
2023-10-11,-2843.118177529171,19183.602357510255,22.689828401883403,96,vrp,quantile
2023-10-12,4892.801326342333,18561.193424777746,-295.6372951970081,96,vrp,quantile
2023-10-13,1401.3130823997044,18322.938267890437,-158.77641092019022,96,vrp,quantile
2023-10-16,-3651.9626479032445,19999.999999999996,2.842170943040401e-14,96,vrp,quantile
2023-10-17,685.1299821612037,19534.459023840536,238.53870130908868,96,vrp,quantile
2023-10-18,-4061.4982715144206,19317.52216324922,564.0137608646578,96,vrp,quantile
2023-10-19,-147.13806921993753,19052.269469690415,511.8578334475265,96,vrp,quantile
2023-10-20,4497.23557855731,19183.82257661838,1094.2032266086126,96,vrp,quantile
2023-10-23,-17617.31586867733,20000.0,-1.4210854715202004e-13,96,vrp,quantile
2023-10-24,-3570.469081918373,19900.705725232536,-343.4368500996511,96,vrp,quantile
2023-10-25,9971.487849550793,19599.11917364876,742.918088523586,96,vrp,quantile
2023-10-26,-8380.85534876185,19228.175183289513,755.1673031443448,96,vrp,quantile
2023-10-27,-536.1583227389615,18783.602221099794,780.4618139214601,96,vrp,quantile
2023-10-30,-6248.185608694761,19999.999999999996,0.0,96,vrp,quantile
2023-10-31,8838.025344792823,19577.392342530642,-235.2820252119738,96,vrp,quantile
2023-11-01,2517.0461134645984,18734.45214170926,-295.1045574275021,96,vrp,quantile
2023-11-02,-521.8090692277274,18523.164767834773,9.523409947213622,96,vrp,quantile
2023-11-03,-6246.317844820269,17919.6877956146,-12.42968545217039,96,vrp,quantile
2023-11-06,-6250.529745349117,20000.0,5.684341886080802e-14,94,vrp,quantile
2023-11-07,15665.169442315928,20298.01638568755,713.6738298247118,94,vrp,quantile
2023-11-08,-3266.2337991730765,19127.088005643778,61.34576928009656,94,vrp,quantile
2023-11-09,14946.5721122212,20632.828218127328,2094.0960041190715,94,vrp,quantile
2023-11-10,-12551.298764384013,18611.319228419907,83.65522292637388,94,vrp,quantile
2023-11-13,7659.490324509432,20000.0,-2.5579538487363607e-13,94,vrp,quantile
2023-11-14,1651.3784897490707,21507.150739205248,2326.330141108433,94,vrp,quantile
2023-11-15,-8554.981177907404,23768.297764115698,3870.5961381166644,94,vrp,quantile
2023-11-16,-15522.737515655415,22567.605771264403,3459.358728004385,94,vrp,quantile
2023-11-17,-13325.779152924057,22028.45964439529,3263.863016491863,94,vrp,quantile
2023-11-20,21853.345905582402,20000.0,8.526512829121202e-14,92,vrp,quantile
2023-11-21,33262.85151963456,20802.684078678634,688.8858961663906,92,vrp,quantile
2023-11-22,174.7612299850864,18583.676118539042,-268.1382604407824,92,vrp,quantile
2023-11-24,-7261.985188301666,17064.85667828593,-391.6944110829123,92,vrp,quantile
2023-11-27,5325.860703958227,20000.0,-1.1368683772161603e-13,94,vrp,quantile
2023-11-28,-1742.4633305861942,19760.71550993233,-70.31515734313933,94,vrp,quantile
2023-11-29,-470.9748845585126,19147.37534661034,311.76193373957335,94,vrp,quantile
2023-11-30,1124.026366307633,18659.99183654201,103.81072873329404,94,vrp,quantile
2023-12-01,-2935.08834462983,17868.567860509764,-366.0078305337116,94,vrp,quantile
2023-12-04,1212.0465821107437,20000.0,8.526512829121202e-14,96,vrp,quantile
2023-12-05,3142.4788408111967,19889.503887410512,348.73512976016633,96,vrp,quantile
2023-12-06,-14344.920035909956,19711.878355890312,-102.2204065866612,96,vrp,quantile
2023-12-07,8325.278277701334,19169.542713132607,-148.7489440911844,96,vrp,quantile
2023-12-08,-2993.903690156235,18862.504008372063,-408.22778312110336,96,vrp,quantile
2023-12-11,2999.09929989009,20000.0,1.1368683772161603e-13,94,vrp,quantile
2023-12-12,-4395.965087294326,19634.25006674743,635.6868676855486,94,vrp,quantile
2023-12-13,-1189.7400381092211,18522.78253526603,1134.1805695454805,94,vrp,quantile
2023-12-14,12536.37527384263,20080.020868347114,1956.8991409606253,94,vrp,quantile
2023-12-15,-2372.8680550434046,20269.97323108589,2369.26030076974,94,vrp,quantile
2023-12-18,-9672.809149112323,20000.0,-8.526512829121202e-14,94,vrp,quantile
2023-12-19,2622.485690929041,20926.48156540605,1742.2756811902111,94,vrp,quantile
2023-12-20,8490.426903620384,23692.02010715726,1655.9833200488927,94,vrp,quantile
2023-12-21,-31908.606362078448,22488.34896990212,585.21356499922,94,vrp,quantile
2023-12-22,-3406.3201623152245,23118.88114369815,145.51985648498027,94,vrp,quantile
2023-12-26,10062.13843518325,20000.0,-1.1368683772161603e-13,94,vrp,quantile
2023-12-27,-8369.294617579746,19038.624057159424,-666.4243467684979,94,vrp,quantile
2023-12-28,5226.1028879691385,17720.73576893285,28.741785315666505,94,vrp,quantile
2023-12-29,5367.53269995482,17920.17048715206,-69.19833879075918,94,vrp,quantile
2024-01-02,2861.893179734658,20000.0,-3.126388037344441e-13,94,vrp,quantile
2024-01-03,839.8965953535194,19506.833920349083,31.785467975297138,94,vrp,quantile
2024-01-04,-922.4850237048107,19330.911336401266,-19.83563797233299,94,vrp,quantile
2024-01-05,911.0576684460317,19043.489389850933,-79.87169974928057,94,vrp,quantile
2024-01-08,-4458.677919794728,20000.0,1.9895196601282805e-13,94,vrp,quantile
2024-01-09,-13442.743975342106,19855.794594053586,-141.57355433893744,94,vrp,quantile
2024-01-10,4710.70433983791,19300.42974715147,-90.56333402498305,94,vrp,quantile
2024-01-11,-259.4807834768366,18765.56376177281,-101.06080873649285,94,vrp,quantile
2024-01-12,1491.6513863410237,18353.16952119986,-304.8234404582248,94,vrp,quantile
2024-01-16,77.74101322612057,20000.0,0.0,94,vrp,quantile
2024-01-17,299.87394107420846,19363.490627511805,58.60647769789858,94,vrp,quantile
2024-01-18,1591.8837662221738,18854.367688986815,-38.191038298218274,94,vrp,quantile
2024-01-19,3923.9669520638004,18321.456910735433,-17.309928275756988,94,vrp,quantile
2024-01-22,-4019.499354897923,19999.999999999996,1.1368683772161603e-13,96,vrp,quantile
2024-01-23,-5445.125229812271,20008.756993231116,-443.52967388425964,96,vrp,quantile
2024-01-24,-787.1416462153337,19057.25912775106,-54.08564060277541,96,vrp,quantile
2024-01-25,-2997.153099439125,19526.852106252434,-272.50594146161257,96,vrp,quantile
2024-01-26,7030.0760078749645,18668.95230836163,-126.25839725142973,96,vrp,quantile
2024-01-29,-6684.068820651976,20000.0,5.684341886080802e-14,96,vrp,quantile
2024-01-30,-3465.25493500099,19452.72828056009,-103.78050591133987,96,vrp,quantile
2024-01-31,12711.90908778882,19263.59428115713,266.6754426152454,96,vrp,quantile
2024-02-01,-5742.25192031623,18400.113189147443,-105.0131649013893,96,vrp,quantile
2024-02-02,3731.7895980464295,17796.77917549693,242.83527556602877,96,vrp,quantile
2024-02-05,168.73808048726696,20000.0,2.842170943040401e-14,94,vrp,quantile
2024-02-06,-2305.6610953500367,20135.423319815487,-379.3955268728598,94,vrp,quantile
2024-02-07,11908.57363254786,18880.259740506404,139.8146825345838,94,vrp,quantile
2024-02-08,351.2506305541258,18707.22384788812,-654.2544350608724,94,vrp,quantile
2024-02-09,4757.742688582915,17848.542671772684,-123.81487914497367,94,vrp,quantile
2024-02-12,-35669.281015267276,20000.0,5.684341886080802e-14,94,vrp,quantile
2024-02-13,16444.269781428495,20283.75957984802,1890.6543031163312,94,vrp,quantile
2024-02-14,3785.4761696609503,19334.254016883064,1089.1433192095055,94,vrp,quantile
2024-02-15,1902.185580444009,19179.51650649023,1049.2079024705195,94,vrp,quantile
2024-02-16,-6623.011058065342,18989.720568504763,1436.2899673218951,94,vrp,quantile
2024-02-20,20966.041526239504,20000.0,-2.2737367544323206e-13,94,vrp,quantile
2024-02-21,3220.970943103058,19665.58846890538,-313.7312114588807,94,vrp,quantile
2024-02-22,13564.96883948015,18617.10789296664,403.6145562639888,94,vrp,quantile
2024-02-23,3401.388503075404,17757.453607682888,-164.9947194225481,94,vrp,quantile
2024-02-26,-243754.89725860464,19787.23404255319,212.76595744680853,93,vrp,quantile
2024-02-27,-6992.271446495681,19659.59238567459,179.0174731106483,93,vrp,quantile
2024-02-28,8863.249410342447,19455.14649691306,73.41182171039915,93,vrp,quantile
2024-02-29,520.0696547016643,18809.85294807806,174.6979521892253,93,vrp,quantile
2024-03-01,4624.870537587762,18307.032555225025,355.0935942350694,93,vrp,quantile
2024-03-04,-9641.262794064813,20000.0,-2.842170943040401e-14,94,vrp,quantile
2024-03-05,-10874.014488565084,20404.138427896232,-706.2888767181171,94,vrp,quantile
2024-03-06,5953.399949344044,19549.042066509894,-632.6534321594594,94,vrp,quantile
2024-03-07,1158.771255378074,19021.024705338597,-727.0706396987034,94,vrp,quantile
2024-03-08,-741.3302806423168,18860.090635061937,-579.3617606580975,94,vrp,quantile
2024-03-11,-1525.824566279867,20000.0,-2.842170943040401e-14,94,vrp,quantile
2024-03-12,4743.55750634727,19294.96042065577,54.48314663017868,94,vrp,quantile
2024-03-13,-4183.862896635058,17981.19011544473,149.8552243532787,94,vrp,quantile
2024-03-14,20880.926296494235,19371.903985580375,1013.3902529940416,94,vrp,quantile
2024-03-15,-9782.091096487204,18289.903817415496,819.1427943484935,94,vrp,quantile
2024-03-18,3653.39309337509,20000.0,1.7053025658242404e-13,94,vrp,quantile
2024-03-19,-6304.350266109316,19748.976500027497,4.647462597630437,94,vrp,quantile
2024-03-20,5400.406160646011,19148.364545933317,374.161831887347,94,vrp,quantile
2024-03-21,6094.986595069267,19928.257652362106,-1001.8745781336779,94,vrp,quantile
2024-03-22,-7088.710241224217,20088.314136815326,-898.2650149087726,94,vrp,quantile
2024-03-25,-11834.499155653142,20000.0,-2.842170943040401e-14,94,vrp,quantile
2024-03-26,42086.80378166295,22551.828709086287,2605.8912711104067,94,vrp,quantile
2024-03-27,-1729.057006987946,17877.845155119125,1499.8879616460952,94,vrp,quantile
2024-03-28,25082.719311285095,22645.92656233961,7999.798306843077,94,vrp,quantile
2024-04-01,-19763.32794975693,20000.0,-5.684341886080802e-14,96,vrp,quantile
2024-04-02,7103.539109708492,19421.1561535341,225.37161353786692,95,vrp,quantile
2024-04-03,5119.834725741531,18920.108249753514,183.12938085261806,95,vrp,quantile
2024-04-04,-5258.03869499606,18470.047229647615,216.80094958490338,95,vrp,quantile
2024-04-05,5427.957203991867,18145.911874142592,281.79616598729325,95,vrp,quantile
2024-04-08,-5047.328029685434,19999.999999999996,8.526512829121202e-14,96,vrp,quantile
2024-04-09,-14961.933285025543,19778.750401773472,102.38722132613287,96,vrp,quantile
2024-04-10,16224.10217327487,18923.808649869432,-258.54622002087353,96,vrp,quantile
2024-04-11,-4362.709535423519,18383.498182758132,-338.77259440799867,96,vrp,quantile
2024-04-12,6882.994754085441,17695.648870417008,-207.0753745978386,96,vrp,quantile
2024-04-15,4072.610826884806,20000.0,-2.842170943040401e-14,96,vrp,quantile
2024-04-16,-2538.890549612917,18629.592989073484,-245.37384562432814,96,vrp,quantile
2024-04-17,-7981.484945280393,18596.933105190656,-38.286623400007585,96,vrp,quantile
2024-04-18,-6575.526020139348,18357.25600748536,-64.77302888437683,96,vrp,quantile
2024-04-19,9501.118176765642,18031.392165922378,241.78490109450186,96,vrp,quantile
2024-04-22,9427.152515958915,20000.0,2.842170943040401e-14,96,vrp,quantile
2024-04-23,-12573.54620656259,19295.91553525672,-125.85126621983738,96,vrp,quantile
2024-04-24,-9246.235256514745,18523.221024098468,-1143.0252478720718,96,vrp,quantile
2024-04-25,13964.612249722093,18489.53441177687,-1229.744153463046,96,vrp,quantile
2024-04-26,8703.309640999867,17794.928103537426,-1348.9461879989424,96,vrp,quantile
2024-04-29,-2220.5774058668094,20000.0,-1.1368683772161603e-13,96,vrp,quantile
2024-04-30,3042.4338043030916,19466.674246206592,353.88544886748014,96,vrp,quantile
2024-05-01,-13265.58930085548,19000.928007210096,403.24463575912904,96,vrp,quantile
2024-05-02,1179.808361179239,18492.047956071543,730.3686682649275,96,vrp,quantile
2024-05-03,1076.9347968564957,18027.49590525922,663.6485115393081,96,vrp,quantile
2024-05-06,-1127.5700378993813,20000.0,1.1368683772161603e-13,96,vrp,quantile
2024-05-07,-3925.8272395400954,19571.59434688751,-663.2169625373386,96,vrp,quantile
2024-05-08,10209.480994381465,19002.00230357242,-318.3081178667343,96,vrp,quantile
2024-05-09,7231.755000808238,18225.488389355516,-298.88307050269987,96,vrp,quantile
2024-05-10,4283.479535057605,17569.376601267635,-2.804974164188309,96,vrp,quantile
2024-05-13,-11536.895307258075,20000.0,-5.684341886080802e-14,94,vrp,quantile
2024-05-14,-24589.700377321657,19005.282420121723,-381.43755271070074,94,vrp,quantile
2024-05-15,28328.313995358614,18657.899400776678,-108.27350753129997,94,vrp,quantile
2024-05-16,4303.488223305274,18306.416868959288,631.8446642538482,94,vrp,quantile
2024-05-17,2499.413130584817,18951.715414696773,1146.4284556074506,94,vrp,quantile
2024-05-20,-8310.658429305464,20000.0,2.842170943040401e-14,94,vrp,quantile
2024-05-21,-4675.486691714131,22381.5552859906,3106.2262336175745,94,vrp,quantile
2024-05-22,-8731.08849703814,22517.618657170682,2523.5329837693807,94,vrp,quantile
2024-05-23,6029.394995832881,24158.246207631317,4381.006313192875,94,vrp,quantile
2024-05-24,1535.4285031784095,22165.043080139076,3999.084936605064,94,vrp,quantile
2024-05-28,1273.362849978712,19999.999999999996,8.526512829121202e-14,96,vrp,quantile
2024-05-29,-6495.113610120997,20609.244354439856,1086.8527703576074,96,vrp,quantile
2024-05-30,-21198.4633358967,20318.4909079976,958.63831039332,96,vrp,quantile
2024-05-31,2916.7093316447235,19862.97220878975,-390.8464192873658,96,vrp,quantile
2024-06-03,-10605.564400178106,20000.0,0.0,96,vrp,quantile
2024-06-04,3970.3270189675404,19389.499875140053,358.96844235626554,95,vrp,quantile
2024-06-05,4793.449633302288,19194.967350347564,222.3016891020451,95,vrp,quantile
2024-06-06,-979.8942232133344,18816.33195567584,400.27476401194326,95,vrp,quantile
2024-06-07,2438.3527572475077,18553.57692881202,406.0229885626055,95,vrp,quantile
2024-06-10,-1275.6876435674424,20000.0,1.4210854715202004e-13,94,vrp,quantile
2024-06-11,-2368.7153008488385,20228.377610393676,78.48205969065907,94,vrp,quantile
2024-06-12,-1013.7308555280647,19803.75648186899,267.6134002551767,94,vrp,quantile
2024-06-13,-8853.001199684268,19028.860847600703,-40.42210775043489,94,vrp,quantile
2024-06-14,2762.2771515976237,19720.620596611574,294.0288730177805,94,vrp,quantile
2024-06-17,3821.093995783241,20000.0,-1.1368683772161603e-13,94,vrp,quantile
2024-06-18,12390.142260559158,19480.08061981876,-57.504104429742654,94,vrp,quantile
2024-06-20,-8915.03078277795,19317.31206723122,-98.16725256474598,94,vrp,quantile
2024-06-21,2245.82108402668,18210.87600450239,-323.87957681017207,94,vrp,quantile
2024-06-24,15805.873769932437,20000.0,-1.1368683772161603e-13,94,vrp,quantile
2024-06-25,6811.6838905081995,19619.936092535452,355.48594686297486,94,vrp,quantile
2024-06-26,-12939.185758852647,19440.483681141697,-24.233316863181358,94,vrp,quantile
2024-06-27,-12960.7787083031,18846.455511541208,-119.86971488675994,94,vrp,quantile
2024-06-28,-19406.915112922637,19258.473908771633,-25.583930998449205,94,vrp,quantile
2024-07-01,23048.116918654046,20000.0,-3.410605131648481e-13,94,vrp,quantile
2024-07-02,-4146.384924133843,20721.20749236966,-1311.446402970694,94,vrp,quantile
2024-07-03,2683.329771076257,20487.522272399772,-1262.3680587555284,94,vrp,quantile
2024-07-05,8294.753773476088,19720.905967313553,-1063.6270142634617,94,vrp,quantile
2024-07-08,33.797197066335286,20000.0,5.684341886080802e-14,94,vrp,quantile
2024-07-09,-3880.42813502589,19565.422844776946,59.40197970768892,94,vrp,quantile
2024-07-10,-801.9604179005611,21035.668378453065,1782.804247778076,94,vrp,quantile
2024-07-11,10323.59151838071,20245.954735749765,1585.5220321439137,94,vrp,quantile
2024-07-12,-12452.045792166286,19371.656501029942,982.6675652158768,94,vrp,quantile
2024-07-15,19382.339349986716,20000.0,0.0,94,vrp,quantile
2024-07-16,-6481.5204950481175,18712.58629760626,-859.8694753084419,94,vrp,quantile
2024-07-17,-11966.419205074539,18672.057430475415,-1061.52523149474,94,vrp,quantile
2024-07-18,5868.3375776605,19243.439677963845,-340.0100961754141,94,vrp,quantile
2024-07-19,2488.7815923258813,19167.818744523618,-68.65018412900062,94,vrp,quantile
2024-07-22,6985.624576796099,20000.0,-1.4210854715202004e-13,94,vrp,quantile
2024-07-23,13692.163788257874,20046.687800397944,-113.24084345242426,94,vrp,quantile
2024-07-24,-10035.440239525717,21303.198574450485,509.9686645973285,94,vrp,quantile
2024-07-25,23823.826177544463,21218.077195876816,675.3353363773949,94,vrp,quantile
2024-07-26,-2461.1830049035248,20384.2878624184,789.9390307952012,94,vrp,quantile
2024-07-29,-13401.3377576083,20000.0,-5.684341886080802e-14,94,vrp,quantile
2024-07-30,2565.163924605026,19190.864488270036,23.310677149438447,93,vrp,quantile
2024-07-31,8441.492766587357,19054.38075214537,265.1536987019729,93,vrp,quantile
2024-08-01,-962.748287585575,18615.024523552056,533.2933676497057,93,vrp,quantile
2024-08-02,-1065.084936524967,18126.05061879778,378.9384742496634,93,vrp,quantile
2024-08-05,12476.320671211552,20000.0,-1.1368683772161603e-13,96,vrp,quantile
2024-08-06,-8210.736930586863,19649.03467064342,-64.08855664176133,95,vrp,quantile
2024-08-07,-12047.825214348573,19183.010117224392,-332.7830252240293,95,vrp,quantile
2024-08-08,-9693.616227513736,19184.15999209531,-1.8068806332281326,95,vrp,quantile
2024-08-09,23143.27430648163,18600.925969127675,155.1164763540529,95,vrp,quantile
2024-08-12,-3948.5571296234048,20000.0,-1.1368683772161603e-13,94,vrp,quantile
2024-08-13,-759.0867601990888,20033.255668048103,389.6109574671947,94,vrp,quantile
2024-08-14,20494.732105513867,19291.757837211015,921.9757347619875,94,vrp,quantile
2024-08-15,-6653.508338133501,18646.974609844172,194.21182413792553,94,vrp,quantile
2024-08-16,-3306.176185587029,18102.83148148739,-59.305373672525846,94,vrp,quantile
2024-08-19,6233.317538894039,20000.0,2.842170943040401e-14,92,vrp,quantile
2024-08-20,18330.031644134917,20585.1966819529,1175.6790815275704,92,vrp,quantile
2024-08-21,-1662.0161982604045,19511.051592207834,984.9656361426834,92,vrp,quantile
2024-08-22,2520.358327262617,18970.295387864913,812.637430279286,92,vrp,quantile
2024-08-23,-13947.562935406682,19050.266465541197,950.5672095256367,92,vrp,quantile
2024-08-26,6796.960973232585,20000.0,0.0,96,vrp,quantile
2024-08-27,4446.154360735605,19106.183123206967,-225.69245569980308,96,vrp,quantile
2024-08-28,-6131.628702624873,19645.689580354847,-17.59332647443739,96,vrp,quantile
2024-08-29,-17549.507680051902,18942.888307783644,-150.70730377087287,96,vrp,quantile
2024-08-30,36367.53570883193,16535.94711711699,297.2689110545716,96,vrp,quantile
2024-09-03,-33396.82491558176,20000.0,1.1368683772161603e-13,94,vrp,quantile
2024-09-04,-13982.408011753108,21259.072643477575,-1560.8764185188195,94,vrp,quantile
2024-09-05,920.3943935998094,20939.647233634416,-1533.49063021663,94,vrp,quantile
2024-09-06,-3978.4592013380843,20751.828623487436,-1908.686434599134,94,vrp,quantile
2024-09-09,29231.068534820693,19787.23404255319,212.76595744680867,93,vrp,quantile
2024-09-10,-316.68553212764414,19510.922342980444,251.50035726897684,93,vrp,quantile
2024-09-11,-3277.696409086361,19337.72925054957,510.46816876941773,93,vrp,quantile
2024-09-12,-17214.612038765063,19407.718081943174,275.40513043458805,93,vrp,quantile
2024-09-13,-11011.557990722571,19064.290783333734,-77.86405132466498,93,vrp,quantile
2024-09-16,12690.709399262014,20000.0,2.842170943040401e-14,94,vrp,quantile
2024-09-17,-7252.031518940447,19865.70696058216,-14.70695452809855,94,vrp,quantile
2024-09-18,1825.6782618174593,19711.605329820362,-5.206293783002252,94,vrp,quantile
2024-09-19,9321.764289500248,19104.82314227198,-28.89328289553856,94,vrp,quantile
2024-09-20,-9369.323082843586,18766.396319426498,-26.927500428239682,94,vrp,quantile
2024-09-23,-1080.0428629131584,20000.0,-2.842170943040401e-14,94,vrp,quantile
2024-09-24,-4123.102125133241,19626.83194643258,133.48788394233216,94,vrp,quantile
2024-09-25,556.1556097025331,19355.052576116217,31.10026822777766,94,vrp,quantile
2024-09-26,-22708.61465866491,19089.079070988857,-730.2853888895115,94,vrp,quantile
2024-09-27,3949.861209281543,19189.43557184911,-685.6664835701763,94,vrp,quantile
2024-09-30,273.122170800933,20000.0,0.0,94,vrp,quantile
2024-10-01,691.434368163072,19614.779434191896,454.6959907680667,92,vrp,quantile
2024-10-02,7452.63124840356,19218.626825508185,344.59867472661847,92,vrp,quantile
2024-10-03,315.090051096343,18638.597565285745,429.93685232704945,92,vrp,quantile
2024-10-04,6140.071218048949,18148.09354811761,423.1839200810179,92,vrp,quantile
2024-10-07,-4810.584315811238,19791.666666666664,208.3333333333334,95,vrp,quantile
2024-10-08,1413.312304994962,19526.582037050262,-354.99657301624944,95,vrp,quantile
2024-10-09,-855.5079064083269,19025.550725634068,-418.6473446495746,95,vrp,quantile
2024-10-10,-2516.1005773218567,19126.212543005604,-587.4055991188513,95,vrp,quantile
2024-10-11,-7790.603578606198,18513.74026827647,-976.4710355477033,95,vrp,quantile
2024-10-14,8537.996402800036,20000.0,-5.684341886080802e-14,96,vrp,quantile
2024-10-15,-10845.468888491529,19699.32241932216,-177.91814138837557,96,vrp,quantile
2024-10-16,12555.638320644086,19308.668347071543,140.85287588814447,96,vrp,quantile
2024-10-17,4743.149096641571,18356.926401627872,9.447063418020747,96,vrp,quantile
2024-10-18,-7602.025024159402,18441.76756849695,219.201362301978,96,vrp,quantile
2024-10-21,-2534.784106398508,20000.0,5.684341886080802e-14,94,vrp,quantile
2024-10-22,2237.859350405312,19893.161718420968,187.43436009078647,94,vrp,quantile
2024-10-23,16632.94182280159,19783.15339602425,1134.4455902640902,94,vrp,quantile
2024-10-24,-22217.643087083554,19218.06531369652,1213.4325849597585,94,vrp,quantile
2024-10-25,19508.910788003508,19044.46547989814,1221.7722992808178,94,vrp,quantile
2024-10-28,-9944.4606488124,20000.0,2.842170943040401e-14,94,vrp,quantile
2024-10-29,-1967.3421850261159,19188.912710675235,510.07931866737886,93,vrp,quantile
2024-10-30,840.440223068155,18822.885255311696,583.1750786035716,93,vrp,quantile
2024-10-31,2865.479936342563,18535.751349584465,428.04407590705034,93,vrp,quantile
2024-11-01,-5223.643535919148,18194.78416840919,576.8637074111315,93,vrp,quantile
2024-11-04,-2210.7771616084206,20000.0,-5.684341886080802e-14,96,vrp,quantile
2024-11-05,6204.880250489809,19530.480016370886,172.9673753661352,96,vrp,quantile
2024-11-06,12178.114113917723,17833.912475790763,-271.09928178493715,96,vrp,quantile
2024-11-07,-10207.519906267906,17809.554185881327,-114.8926658638755,96,vrp,quantile
2024-11-08,-4761.277467138352,17428.01659647218,-214.1952609213832,96,vrp,quantile
2024-11-11,-3529.3800197565733,20000.0,5.684341886080802e-14,94,vrp,quantile
2024-11-12,-11072.112746662568,19039.94516211997,-140.19452357454992,94,vrp,quantile
2024-11-13,25364.53095831471,21504.259330554774,2612.6179043088437,94,vrp,quantile
2024-11-14,-3409.436507481537,21289.822583715926,3053.210853497326,94,vrp,quantile
2024-11-15,4954.77786333895,22083.45447621111,3579.578829088294,94,vrp,quantile
2024-11-18,-3217.386986400368,20000.0,-8.526512829121202e-14,94,vrp,quantile
2024-11-19,20953.57379075379,19983.01301496187,769.0967126920314,94,vrp,quantile
2024-11-20,-15859.828338575873,19495.961964236558,506.3848679439733,94,vrp,quantile
2024-11-21,5035.248646569235,17729.488598248132,18.784193209218486,94,vrp,quantile
2024-11-22,34522.27719877909,18333.22354298267,821.8761527793465,94,vrp,quantile
2024-11-25,-30127.004492265973,20000.0,-5.684341886080802e-14,94,vrp,quantile
2024-11-26,16449.018115019502,18880.988457241645,11.276520913044351,94,vrp,quantile
2024-11-27,-5339.195731801665,19226.6670656022,573.9856576087033,94,vrp,quantile
2024-11-29,-5286.143420192122,17713.05925974231,-171.6771669305207,94,vrp,quantile
2024-12-02,5194.7426516502655,20000.0,-8.526512829121202e-14,94,vrp,quantile
2024-12-03,6014.6861635719815,19781.35895664984,141.07730719028925,93,vrp,quantile
2024-12-04,924.8201597311953,19341.43529112445,252.3777062728919,93,vrp,quantile
2024-12-05,14599.12806145777,18937.09203590795,535.258974630447,93,vrp,quantile
2024-12-06,2610.7125150640854,18557.74139558478,424.80854975250907,93,vrp,quantile
2024-12-09,-9779.680579327085,19787.23404255319,212.76595744680853,93,vrp,quantile
2024-12-10,13431.413962258097,19244.4928375004,140.5795520101211,93,vrp,quantile
2024-12-11,-2858.31020816277,18951.755872906815,-45.46743101624776,93,vrp,quantile
2024-12-12,-1108.3526681942635,18682.19615302421,244.79131747062047,93,vrp,quantile
2024-12-13,2336.2016652671646,18433.178920889215,12.61759804517851,93,vrp,quantile
2024-12-16,12240.732824475002,20000.0,-1.4210854715202004e-13,94,vrp,quantile
2024-12-17,-4146.089100573278,19902.961936080555,38.74918722445619,94,vrp,quantile
2024-12-18,10245.782585931927,19290.175695717946,1953.7476695049882,94,vrp,quantile
2024-12-19,-12725.319740322764,20287.887789429104,1278.8814344723196,94,vrp,quantile
2024-12-20,-4516.255743157436,19905.97039638797,411.98607399091145,94,vrp,quantile
2024-12-23,18466.435300662488,20000.0,-5.684341886080802e-14,94,vrp,quantile
2024-12-24,3648.426909050502,18604.8700072768,-270.3198146640291,94,vrp,quantile
2024-12-26,-4150.392475692552,18609.100332125632,-561.7602334696844,94,vrp,quantile
2024-12-27,7133.822751909752,17680.97662548288,-397.73774916201353,94,vrp,quantile
2024-12-30,17667.95877733401,20000.0,-8.526512829121202e-14,94,vrp,quantile
2024-12-31,-9339.681711271725,19773.549012713836,-59.877649955975244,94,vrp,quantile
2025-01-02,-8839.917234213708,19302.344146512973,-185.07896825358105,94,vrp,quantile
2025-01-03,7562.215172453766,19063.211873004864,-194.3046074506897,94,vrp,quantile
2025-01-06,15908.702068585882,20000.0,3.126388037344441e-13,94,vrp,quantile
2025-01-07,1424.0899897028635,19967.892628493315,200.88791003820538,94,vrp,quantile
2025-01-08,-6116.800810963188,19513.045251274772,114.89991120437102,94,vrp,quantile
2025-01-10,-7594.526991061027,18487.548122408578,-150.81341416364333,94,vrp,quantile
2025-01-13,-4163.271615746656,20000.0,5.684341886080802e-14,94,vrp,quantile
2025-01-14,4392.4813783102445,19710.68612666717,-105.36880401292609,94,vrp,quantile
2025-01-15,8543.278178996135,18880.94951870096,-152.7962767648729,94,vrp,quantile
2025-01-16,6828.008195409841,18592.43321839066,-36.21565627520147,94,vrp,quantile
2025-01-17,-1621.762000996427,17896.455536108355,134.93651935965454,94,vrp,quantile
2025-01-21,6738.121720174829,20000.0,2.842170943040401e-14,94,vrp,quantile
2025-01-22,7743.900378899784,20503.74840218061,833.8849383520155,94,vrp,quantile
2025-01-23,129.03530812028566,20153.291414861345,-169.41700345340575,94,vrp,quantile
2025-01-24,1647.577338337491,19878.101855000645,-178.37021301502386,94,vrp,quantile
2025-01-27,27545.391231275556,20000.0,-2.842170943040401e-14,94,vrp,quantile
2025-01-28,-6658.522989488952,21298.5619957113,866.8853088492857,94,vrp,quantile
2025-01-29,20746.007283196603,21429.063318260796,2149.2960261291623,94,vrp,quantile
2025-01-30,-25448.783642480117,19408.002666931716,956.3667263451952,94,vrp,quantile
2025-01-31,17960.650118988655,18933.302892919513,1349.8918484575056,94,vrp,quantile
2025-02-03,-12772.687096557325,20000.0,-2.842170943040401e-14,94,vrp,quantile
2025-02-04,-6825.92176106351,19629.599780830173,126.87305273698007,94,vrp,quantile
2025-02-05,-3275.581748158563,19121.44612669662,179.40027658575985,94,vrp,quantile
2025-02-06,12789.265652517235,18456.807016669904,139.8639083118909,94,vrp,quantile
2025-02-07,2578.277433579787,18331.31163828844,262.8823594201331,94,vrp,quantile
2025-02-10,-2414.002768132408,20000.0,8.526512829121202e-14,94,vrp,quantile
2025-02-11,7171.594280645799,19685.143511839735,33.84840744878386,94,vrp,quantile
2025-02-12,-8557.120012178617,19247.525580930862,-92.34090931933497,94,vrp,quantile
2025-02-13,8418.517849400047,18644.90445672813,-76.8984139988894,94,vrp,quantile
2025-02-14,-4219.725040658361,17859.02595504132,-649.1597926702042,94,vrp,quantile
2025-02-18,1117.3024595130755,20000.0,-5.684341886080802e-14,96,vrp,quantile
2025-02-19,-3174.351714640398,20015.29481226485,655.7279491146506,96,vrp,quantile
2025-02-20,-8026.2488075337615,19205.923729737347,233.7502313730834,96,vrp,quantile
2025-02-21,5887.28692884821,22187.727781991114,2981.468364904346,96,vrp,quantile
2025-02-24,-8488.139472675242,20000.0,1.1368683772161603e-13,94,vrp,quantile
2025-02-25,20805.32395546689,20303.470167654155,1162.59737221256,94,vrp,quantile
2025-02-26,-11863.982919334794,21892.42231660251,1844.5103458906483,94,vrp,quantile
2025-02-27,-14967.716950505377,20982.490670302774,1604.9520046947566,94,vrp,quantile
2025-02-28,9142.976359147679,20180.465965205818,1673.08015241863,94,vrp,quantile
2025-03-03,11984.220714513427,20000.0,1.7053025658242404e-13,94,vrp,quantile
2025-03-04,1882.9789939590455,19836.52810178534,295.9554206217046,94,vrp,quantile
2025-03-05,2511.5225291538873,19021.747404964448,-302.2461579398781,94,vrp,quantile
2025-03-06,-9888.031514235709,18969.238681716106,72.33505406816494,94,vrp,quantile
2025-03-07,2475.879588834145,18266.796688373943,39.09640228837122,94,vrp,quantile
2025-03-10,9793.634834008242,20000.0,-2.2737367544323206e-13,94,vrp,quantile
2025-03-11,-1409.663778008333,20693.812225272224,-75.20618924217419,94,vrp,quantile
2025-03-12,5027.32139910543,20437.152778787735,7.0643348191861435,94,vrp,quantile
2025-03-13,-2491.2299736592436,19651.930710045322,447.669265257636,94,vrp,quantile
2025-03-14,842.7963126296045,19664.874599315714,492.8731184081564,94,vrp,quantile
2025-03-17,-4033.581817603206,20000.0,-1.1368683772161603e-13,96,vrp,quantile
2025-03-18,4094.318141768169,19965.13655435108,-193.17642355442922,96,vrp,quantile
2025-03-19,5294.133503427128,19630.383793514367,23.952994254696762,96,vrp,quantile
2025-03-20,-3386.9366442299397,18874.958750098092,-245.7303747588297,96,vrp,quantile
2025-03-21,5897.056122266488,18290.69628706329,-484.0112865442229,96,vrp,quantile
2025-03-24,5050.202963241549,20000.0,-2.8421709430404007e-13,94,vrp,quantile
2025-03-25,4565.563715918352,19360.666610732693,-265.1865507359629,94,vrp,quantile
2025-03-26,-10624.533143588438,18818.437892426988,-389.71695245059607,94,vrp,quantile
2025-03-27,2934.0300142876654,18461.51214423379,-293.88793222712843,94,vrp,quantile
2025-03-28,-4736.925383588159,32327.948697525437,4060.513988483905,94,vrp,quantile
2025-03-31,-1368.3761491087548,20000.0,-3.410605131648481e-13,96,vrp,quantile
2025-04-01,1307.7486869511215,19762.196849262305,16.07181993550799,96,vrp,quantile
2025-04-02,-5887.227160002508,19440.576458817894,20.982251952864914,96,vrp,quantile
2025-04-03,25735.933288941695,18416.72155370369,37.87255479969377,96,vrp,quantile
2025-04-04,5787.480112504856,18204.23718921171,365.0987532784289,96,vrp,quantile
2025-04-07,-12098.424794939989,19999.999999999996,-5.684341886080802e-14,96,vrp,quantile
2025-04-08,-4740.577231512513,19533.424340902944,-68.14618699665519,96,vrp,quantile
2025-04-09,-7252.567006030439,21018.941964285124,22.98521354340673,96,vrp,quantile
2025-04-10,16586.359257138793,20405.935358876282,30.036259639454272,96,vrp,quantile
2025-04-11,-6626.439309279926,20529.782807716096,175.5915563003946,96,vrp,quantile
2025-04-14,-3319.528847605143,19999.999999999996,-1.7053025658242404e-13,96,vrp,quantile
2025-04-15,840.5809446338084,19360.40026779979,-11.447144628160487,96,vrp,quantile
2025-04-16,7479.465692834363,18855.811863444676,-271.83449185083,96,vrp,quantile
2025-04-17,-1225.694301350194,18493.986338867242,-92.72236334610636,96,vrp,quantile
2025-04-21,-6192.6871829190895,20000.0,0.0,96,vrp,quantile
2025-04-22,-10124.01092495243,21092.023325940725,111.76766676441608,96,vrp,quantile
2025-04-23,1131.067347245246,20917.245290944426,-637.0854963196849,96,vrp,quantile
2025-04-24,-24673.75183776063,20680.727490517715,-1072.1179975399282,96,vrp,quantile
2025-04-25,13120.807468659945,19513.732043499716,-789.7161616294507,96,vrp,quantile
2025-04-28,11415.106618783138,20000.0,-8.526512829121202e-14,96,vrp,quantile
2025-04-29,5034.29831204682,19413.44777431677,62.23822500020739,96,vrp,quantile
2025-04-30,3340.8553421594484,19145.641182396335,375.76276336043856,96,vrp,quantile
2025-05-01,17754.75582966888,18883.09959317991,576.5984773415086,96,vrp,quantile
2025-05-02,-15239.671830579377,18294.3445720096,15.156703424381277,96,vrp,quantile
2025-05-05,-348.6297954147554,19999.999999999996,8.526512829121202e-14,96,vrp,quantile
2025-05-06,2378.665334073367,19711.98960969996,154.13549608548686,96,vrp,quantile
2025-05-07,8970.714973733824,19166.34842389239,-394.8460884423391,96,vrp,quantile
2025-05-08,-1260.302925859266,18673.03304203462,-417.8663321785078,96,vrp,quantile
2025-05-09,-9038.351933763213,18569.463962819296,-522.0471391001366,96,vrp,quantile
2025-05-12,-475.6494905195225,20000.0,1.4210854715202004e-13,96,vrp,quantile
2025-05-13,-13090.497338809373,20890.217981521677,-137.938685423988,96,vrp,quantile
2025-05-14,-9449.562632003495,21280.58362204807,61.076586980943716,96,vrp,quantile
2025-05-15,-4662.205261116735,20061.45202997182,-361.26176907759225,96,vrp,quantile
2025-05-16,-3976.3141422644417,18936.38309903029,-549.9408059723285,96,vrp,quantile
2025-05-19,12361.131899494987,20000.0,5.684341886080802e-14,96,vrp,quantile
2025-05-20,1838.2141616631354,20392.45660498975,682.2663713804149,96,vrp,quantile
2025-05-21,14974.07859735951,22260.8656746656,2041.7976784881569,96,vrp,quantile
2025-05-22,-6343.933155670535,21187.51127789077,1726.8436605990603,96,vrp,quantile
2025-05-23,2600.6539835677972,21353.20278652148,2019.0126957491793,96,vrp,quantile
2025-05-27,-1958.221309314505,20000.0,0.0,96,vrp,quantile
2025-05-28,-15885.539734974356,20279.02168567102,516.3730918019813,96,vrp,quantile
2025-05-29,33164.4832162853,19346.764132558743,1009.0073947004375,96,vrp,quantile
2025-05-30,-20436.12500411016,18784.3128135573,132.4696362164402,96,vrp,quantile
2025-06-02,-25493.52076771896,19999.999999999996,0.0,96,vrp,quantile
2025-06-03,-7405.559744175018,19553.53404445525,-164.17998150396713,96,vrp,quantile
2025-06-04,-625.92345644455,19231.809010031087,-176.5436747551613,96,vrp,quantile
2025-06-05,956.1615745507546,19382.462692531924,-21.402782147805965,96,vrp,quantile
2025-06-06,3428.67882112613,18882.378462609544,-138.81662747459455,96,vrp,quantile
2025-06-09,-1165.259432368363,20000.0,-1.1368683772161603e-13,96,vrp,quantile
2025-06-10,-3719.0363118535515,21026.053367720422,1500.665308471304,96,vrp,quantile
2025-06-11,-1260.1745073832792,21187.554437707735,1623.6920152910564,96,vrp,quantile
2025-06-12,-87.47959507898747,20776.443230470122,1432.929163673681,96,vrp,quantile
2025-06-13,2531.5853164618434,20691.48638363227,1605.2038052799894,96,vrp,quantile
2025-06-16,9003.542289903451,19999.999999999996,5.684341886080802e-14,96,vrp,quantile
2025-06-17,-8806.974724002916,19630.77558004718,276.86534910397313,96,vrp,quantile
2025-06-18,-3799.139990777411,19393.671200539007,-268.0817430517799,96,vrp,quantile
2025-06-20,-2603.1225057500546,18783.928674234412,-499.4869708368541,96,vrp,quantile
2025-06-23,8930.241683157412,19999.999999999996,5.684341886080802e-14,96,vrp,quantile
2025-06-24,-8183.456857723391,19754.103626711716,-290.0369030909509,96,vrp,quantile
2025-06-25,527.5632936762646,19001.08192903505,-474.0274275107505,96,vrp,quantile
2025-06-26,-3540.0943669944118,18162.832180479098,-413.34505305567416,96,vrp,quantile
2025-06-27,-1115.4303714035136,17962.258844293006,-344.0420822685495,96,vrp,quantile
2025-06-30,3983.8193993928953,19999.999999999996,-5.684341886080802e-14,96,vrp,quantile
2018-07-09,0.0,19999.999559636995,499.9999982624494,450,vrp,mvo
2018-07-10,-13005.05822628649,19009.80152480791,-82.39197192415791,450,vrp,mvo
2018-07-11,11270.650332461564,19099.002556121275,231.84544424782436,450,vrp,mvo
2018-07-12,2734.6156528758625,18871.783143407694,-299.7451794332548,450,vrp,mvo
2018-07-13,-3642.158291780872,18345.254000394176,-319.12785664960785,450,vrp,mvo
2018-07-16,-7055.659861855361,19999.999934955176,-499.99999835899456,456,vrp,mvo
2018-07-17,4447.757759350856,19455.288570304598,-596.994261771838,456,vrp,mvo
2018-07-18,-16609.102404248846,18345.24481209451,-463.9533846805499,455,vrp,mvo
2018-07-19,5934.961678300747,17999.24734759466,-88.22492581864421,455,vrp,mvo
2018-07-20,1600.0661193589635,17315.729482197727,-286.8193324855318,455,vrp,mvo
2018-07-23,7839.85916460052,19999.999699780663,-499.99999753919207,455,vrp,mvo
2018-07-24,7028.973037286847,19097.94195838825,-1316.933101327428,455,vrp,mvo
2018-07-25,-12861.573690581685,17326.396839406334,-1903.2364894307339,455,vrp,mvo
2018-07-26,62055.9498829725,17008.428335571665,-721.3025904994311,455,vrp,mvo
2018-07-27,-15639.014810748917,15745.007131331082,-418.4298021460735,455,vrp,mvo
2018-07-30,368.40777361304305,19999.999928525085,-499.9999983423957,456,vrp,mvo
2018-07-31,18144.66645544306,19625.89672287178,-609.7226169047202,456,vrp,mvo
2018-08-01,-7401.503763576598,19273.566857518163,-770.8843464603572,456,vrp,mvo
2018-08-02,18019.650310809775,18813.995732006926,-848.418806778941,456,vrp,mvo
2018-08-03,-43346.54357511278,18137.45253638846,-710.2235136568116,456,vrp,mvo
2018-08-06,13330.74228026966,20000.000008136853,-499.9999994319682,459,vrp,mvo
2018-08-07,2155.9753041705194,19379.418453304923,-666.649610920507,459,vrp,mvo
2018-08-08,9662.042783364353,19349.821866955383,-1356.1163136721816,459,vrp,mvo
2018-08-09,6841.305316266982,18896.81868387068,-19.239609315457034,459,vrp,mvo
2018-08-10,-30611.037935339435,19705.397652237487,-628.5787196999479,459,vrp,mvo
2018-08-13,13611.164118618048,19999.99998979646,-46.077776595755594,459,vrp,mvo
2018-08-14,30579.03380622846,18090.95902662356,28.798237266744135,459,vrp,mvo
2018-08-15,-50840.09048561109,18233.940127358263,147.7393657312103,459,vrp,mvo
2018-08-16,1607.884615419826,16606.586900720475,-503.43744965282406,459,vrp,mvo
2018-08-17,-20306.256303609676,16433.294123411415,-276.93184557871757,459,vrp,mvo
2018-08-20,41057.71189698441,20000.00005155648,-499.9999945564976,459,vrp,mvo
2018-08-21,35489.179035867455,19441.4822909926,231.3805282660806,459,vrp,mvo
2018-08-22,17751.707598681973,19997.682846167823,1202.7566488241296,459,vrp,mvo
2018-08-23,-12862.78294984428,19084.37442165222,162.7305058015851,459,vrp,mvo
2018-08-24,16568.6489689814,18962.97815321041,613.8306078240789,459,vrp,mvo
2018-08-27,-7205.773171264668,19999.9998940255,-499.99998977042173,459,vrp,mvo
2018-08-28,-14567.383933132407,19405.145766360787,-235.58601674316654,459,vrp,mvo
2018-08-29,14882.707323909544,17174.703606939955,-554.5132427757837,459,vrp,mvo
2018-08-30,-12925.34511369674,17112.536559968587,917.7109937749717,459,vrp,mvo
2018-08-31,43025.894552401594,18111.533531659665,1528.6650053164376,459,vrp,mvo
2018-09-04,656.3818750373234,19999.99990173341,-499.99996462679565,459,vrp,mvo
2018-09-05,10588.643095206728,19918.524116642697,50.0445377252034,459,vrp,mvo
2018-09-06,3758.6826367585877,19662.110328459465,47.151350886751636,458,vrp,mvo
2018-09-07,1648.7762420881802,19135.607925523414,56.82055940972587,458,vrp,mvo
2018-09-10,1210.4096582740065,19999.999992559682,-228.0173878105824,458,vrp,mvo
2018-09-11,9725.80446397078,19749.03190380108,-147.01968636866368,458,vrp,mvo
2018-09-12,243.8436643303573,19253.85397129182,-282.7870713311753,458,vrp,mvo
2018-09-13,-8333.997174155098,19051.155679439365,-223.96618189514007,458,vrp,mvo
2018-09-14,-7244.934570832548,18596.130713464074,-234.96658686684233,458,vrp,mvo
2018-09-17,17130.065104372778,19999.999985613696,-499.9999986936858,458,vrp,mvo
2018-09-18,-10258.236727187692,19461.472699504302,-168.05889225974502,458,vrp,mvo
2018-09-19,919.7079638487119,18988.818898775036,-108.91900624925036,458,vrp,mvo
2018-09-20,-14058.543679886063,18369.572302842596,67.1440721862091,458,vrp,mvo
2018-09-21,36911.994464916555,17716.50105342889,544.5966894201678,458,vrp,mvo
2018-09-24,886.2681084022623,19999.99996177731,-499.9999936307496,458,vrp,mvo
2018-09-25,9098.058964094982,19559.092953716572,-647.5518211297685,458,vrp,mvo
2018-09-26,21807.96927890574,19283.885342385365,-391.4263675043808,458,vrp,mvo
2018-09-27,-39399.603799656674,17777.849222714576,-1009.8767156005982,458,vrp,mvo
2018-09-28,-1739.1934852473591,17312.74585421371,-156.59574674990617,458,vrp,mvo
2018-10-01,32726.981809807818,19999.99951061376,-499.99999225727277,458,vrp,mvo
2018-10-02,-5039.544439851121,19507.40633763923,-431.69450598056847,458,vrp,mvo
2018-10-03,-9362.401339141623,19444.734399101526,-389.72511192039104,458,vrp,mvo
2018-10-04,6951.754289987855,18897.69302868569,-355.9717243377038,458,vrp,mvo
2018-10-05,-4123.932299915023,18523.1826057444,-326.1135072646737,458,vrp,mvo
2018-10-08,9812.515120841217,19999.999675251227,-499.99999322525247,458,vrp,mvo
2018-10-09,10540.852965014812,19693.644306438317,-554.3765647163876,458,vrp,mvo
2018-10-10,-5227.296694325304,18477.43983779175,-705.5600969338469,458,vrp,mvo
2018-10-11,21135.164276929463,18938.385108885588,516.6461197802896,458,vrp,mvo
2018-10-12,11608.609518084757,18870.261059194003,365.9692319983963,458,vrp,mvo
2018-10-15,-811.654748560501,20000.000066291967,-499.9999938517683,458,vrp,mvo
2018-10-16,-17808.70459557758,19532.781742623087,-365.8308329973689,458,vrp,mvo
2018-10-17,-952.2627178961736,18630.97965956611,-688.831490350388,458,vrp,mvo
2018-10-18,18437.683506160956,17841.582096622584,-822.8678878393954,458,vrp,mvo
2018-10-19,12153.823570257058,18700.008258401114,283.3071616463951,457,vrp,mvo
2018-10-22,-18366.73980979039,19999.99968143449,-206.7317146161547,457,vrp,mvo
2018-10-23,18601.950776413032,18937.541933338292,124.50727386059388,457,vrp,mvo
2018-10-24,25730.17789936055,17921.84907622508,-254.3782655598921,457,vrp,mvo
2018-10-25,-99.89375943517405,17944.28236766753,95.75775648148985,457,vrp,mvo
2018-10-26,809.7220954831029,19868.227652745307,-256.42689255752975,457,vrp,mvo
2018-10-29,-5969.570982798774,20000.000178728988,-499.9999994411758,458,vrp,mvo
2018-10-30,-12454.84059932384,19594.155417983584,-626.4538487086113,458,vrp,mvo
2018-10-31,23049.67388728411,19059.396947114335,-671.0654484438786,458,vrp,mvo
2018-11-01,-2551.4799822022665,18381.312150861773,-899.3674378121483,458,vrp,mvo
2018-11-02,-17824.425981510656,17900.111221646526,-1020.8316685571783,458,vrp,mvo
2018-11-05,1694.7678698266009,20000.000106558648,-499.9999996494381,458,vrp,mvo
2018-11-06,23546.313743396186,19339.81661267864,-471.6159400373775,458,vrp,mvo
2018-11-07,-16060.280905624151,19038.24639726064,-1094.446909066335,458,vrp,mvo
2018-11-08,-7983.014523248134,19213.81822243116,-1151.436053991447,458,vrp,mvo
2018-11-09,-35144.164679061316,19794.903466764707,-1141.7691366377433,458,vrp,mvo
2018-11-12,-34179.86311038126,19833.993432076702,-666.0062683521196,458,vrp,mvo
2018-11-13,-4037.7594776271753,19450.204138632904,-785.5387615574217,457,vrp,mvo
2018-11-14,-24117.44366623689,19035.979670095912,-842.0084402974594,457,vrp,mvo
2018-11-15,5001.576687869319,18287.04540891508,-884.425133032747,457,vrp,mvo
2018-11-16,-5644.495638342466,18322.996320862556,-522.1083413039784,457,vrp,mvo
2018-11-19,15564.2092130462,19999.99962079975,-499.9999964399188,457,vrp,mvo
2018-11-20,29106.07999689724,20653.49937167733,868.6172623907571,457,vrp,mvo
2018-11-21,-4511.170017224668,19771.18590383983,-89.38152265716694,457,vrp,mvo
2018-11-23,-4453.183491420955,19317.576456493247,188.83354297927556,457,vrp,mvo
2018-11-26,11147.229734529059,20000.000110589524,-499.99999791856845,457,vrp,mvo
2018-11-27,5573.248145412876,19865.777175897132,-1288.597583872971,457,vrp,mvo
2018-11-28,-11524.88997815894,19348.18424970594,-1606.603348284046,457,vrp,mvo
2018-11-29,6824.190271587314,19530.777237314236,-1957.3815433085372,457,vrp,mvo
2018-11-30,6551.537472341136,18949.353659771972,-1932.2229224458147,457,vrp,mvo
2018-12-03,1323.8425724996373,19999.999790047743,-499.9999959444034,458,vrp,mvo
2018-12-04,-1273.0825103900129,20076.919841379782,16.435471978226264,458,vrp,mvo
2018-12-06,21030.081986352434,18865.47594168331,72.29871648396386,457,vrp,mvo
2018-12-07,-2327.579832050803,18803.768885163547,76.7237199149071,457,vrp,mvo
2018-12-10,39782.75703523203,19981.77737016731,-518.2227662456165,456,vrp,mvo
2018-12-11,-52123.47052813069,20282.901670992127,-116.55292231177275,456,vrp,mvo
2018-12-12,43644.22560961933,20390.157129026167,-108.43419365516233,456,vrp,mvo
2018-12-13,-14198.307970899943,19341.954603606242,246.39264215183053,456,vrp,mvo
2018-12-14,-29768.725134047138,18770.023641619966,-620.2310109026098,456,vrp,mvo
2018-12-17,41026.23883570671,20000.000090471454,-499.99998633855347,456,vrp,mvo
2018-12-18,-7837.857277281046,19050.27419979018,-467.3295356777944,456,vrp,mvo
2018-12-19,-24975.007931685042,19340.97267767892,-451.6572397653297,456,vrp,mvo
2018-12-20,-42768.02743769293,19705.314984667628,-779.1345353708166,455,vrp,mvo
2018-12-21,-57799.92227368349,18837.624686214527,-921.809491624745,455,vrp,mvo
2018-12-24,-36836.38132091352,20000.000335628734,-499.9999932717415,455,vrp,mvo
2018-12-26,64265.47821292516,21745.151129710124,757.3270766163569,455,vrp,mvo
2018-12-27,-14701.02395485837,21846.883309826764,1118.0517715019257,455,vrp,mvo
2018-12-28,408.5493086351656,21293.435865674943,557.3439176726475,455,vrp,mvo
2018-12-31,19533.16154505662,19729.341215752644,-560.561077821271,455,vrp,mvo
2019-01-02,2745.0000712472524,19279.054760703708,-367.0217957726349,454,vrp,mvo
2019-01-03,-764.2669656236204,18977.12076307256,-457.51123981238567,454,vrp,mvo
2019-01-04,-14236.545395431853,19301.708734485026,-831.0491902378562,454,vrp,mvo
2019-01-07,-11559.071572833062,19999.999868540162,463.8199044076873,454,vrp,mvo
2019-01-08,5389.372256041609,19552.374685781717,561.034895905341,454,vrp,mvo
2019-01-09,-6548.973729790909,17437.705219375857,690.2251105184646,454,vrp,mvo
2019-01-10,5396.423096826678,17470.91842726406,518.216826031288,446,vrp,mvo
2019-01-11,9191.204081583606,17058.115362999648,403.8295686954392,446,vrp,mvo
2019-01-14,-5861.087625415418,20000.00009753423,499.9999975273661,446,vrp,mvo
2019-01-15,20887.349629653265,19395.050022501622,733.6106913220568,446,vrp,mvo
2019-01-16,6911.1532109278105,18968.139663068097,1133.98183257405,446,vrp,mvo
2019-01-17,-15840.544517011078,18295.95427488785,917.3308338958814,446,vrp,mvo
2019-01-18,9384.17598854327,17454.562193627487,1069.9768753419398,446,vrp,mvo
2019-01-22,-12603.668594224047,19999.999397837193,-274.7506246130596,446,vrp,mvo
2019-01-23,-60245.819833352696,19580.69908407476,-1167.3796545473024,446,vrp,mvo
2019-01-24,94316.46022990125,20860.598399796498,1540.9600530285154,446,vrp,mvo
2019-01-25,-42923.72035099462,21144.1874264248,926.2114948025514,446,vrp,mvo
2019-01-28,23797.763298293186,20000.000250563728,-499.99999190739953,447,vrp,mvo
2019-01-29,-8244.691920668618,19550.98122675634,-672.6506385926205,447,vrp,mvo
2019-01-30,-9455.525122375568,19136.879322508765,-655.5486543740677,447,vrp,mvo
2019-01-31,-4420.6586158723285,18717.763216202966,-1005.7600694326446,447,vrp,mvo
2019-02-01,1304.2014966771499,18353.442128653718,-1844.0954580595615,447,vrp,mvo
2019-02-04,-3499.671574799743,20000.00016546211,-499.9999941141367,447,vrp,mvo
2019-02-05,1689.3015430466862,19753.131216868136,-352.3621597377429,447,vrp,mvo
2019-02-06,965.6779306930498,19673.542584623006,-756.0095953705772,447,vrp,mvo
2019-02-07,-15497.109736024402,19665.2120595043,-470.8078409163911,447,vrp,mvo
2019-02-08,-17324.410217184028,19670.526797584465,-1204.5821122751881,447,vrp,mvo
2019-02-11,-2117.516190695292,19999.999767284473,-499.99999901974763,447,vrp,mvo
2019-02-12,32664.195413495025,18939.380093392014,-435.56132663937274,447,vrp,mvo
2019-02-13,25184.87084044311,17963.36429304892,-1163.4739158996745,447,vrp,mvo
2019-02-14,1607.1527356553108,17736.85716789553,-789.2136794355088,447,vrp,mvo
2019-02-15,-22995.06832721606,15856.528505633925,-2035.3572771060635,447,vrp,mvo
2019-02-19,11544.503945904913,20000.00017553456,-499.99999637360327,448,vrp,mvo
2019-02-20,-18318.214982609585,18682.172277063695,-1555.8418893650598,448,vrp,mvo
2019-02-21,5756.541074310851,18353.623880292318,-1763.996294555614,448,vrp,mvo
2019-02-22,27316.03077020226,18344.542953495118,-2041.6993208293445,448,vrp,mvo
2019-02-25,-8540.649265152719,20000.000097901353,-499.99999859516475,447,vrp,mvo
2019-02-26,9186.386807214914,19567.37662547988,-568.1119705797219,447,vrp,mvo
2019-02-27,-1520.0121454227638,19273.49268195775,-685.2218028497806,447,vrp,mvo
2019-02-28,15011.900925793852,19106.939978221148,-786.9938344248642,447,vrp,mvo
2019-03-01,-3684.266127864751,18697.769531010657,-287.0408750775508,447,vrp,mvo
2019-03-04,-693.6361548922845,20000.00003109448,-499.999998953171,447,vrp,mvo
2019-03-05,1610.4742816517141,19782.434116037042,-439.937379976601,447,vrp,mvo
2019-03-06,-6394.127861156441,19050.439195101044,-914.0568153400797,447,vrp,mvo
2019-03-07,10542.68446605274,18583.873133729365,-313.1638769335458,447,vrp,mvo
2019-03-08,-18703.810635221118,19241.38980901627,-1214.2812034398312,447,vrp,mvo
2019-03-11,10617.229778487592,19999.999953004834,112.5202903247063,448,vrp,mvo
2019-03-12,4350.802070316295,19803.350967608934,-182.31237596685978,448,vrp,mvo
2019-03-13,-2690.1130327702003,19804.807755157773,72.59388691899355,448,vrp,mvo
2019-03-14,4201.372484450947,19357.0697114522,-247.34466831710975,448,vrp,mvo
2019-03-15,5027.0233826988315,19244.47402860193,-270.8367895741814,448,vrp,mvo
2019-03-18,-2774.154598643366,19999.999532253583,-444.40519998931217,448,vrp,mvo
2019-03-19,8954.214104238954,20063.377704417984,203.7216077904481,448,vrp,mvo
2019-03-20,-21093.559008801323,19861.055144121776,-187.36393976959184,448,vrp,mvo
2019-03-21,-2092.0349899199205,18986.559224314493,6.842011617001672,448,vrp,mvo
2019-03-22,9207.564076267745,17691.51850652245,348.6690027878078,448,vrp,mvo
2019-03-25,15840.994675109554,19999.999988755582,-499.99999345985594,448,vrp,mvo
2019-03-26,-11129.899031092595,19094.765081999863,-638.1643418232168,448,vrp,mvo
2019-03-27,-8.893107111774597,18095.58625927361,-784.2167143422935,447,vrp,mvo
2019-03-28,-28452.022684385924,18316.905597405188,-1013.477611246143,447,vrp,mvo
2019-03-29,3797.0744450665848,35072.40466525539,-3039.870958286985,447,vrp,mvo
2019-04-01,28519.10200521871,20000.000096397773,-499.99984932393437,469,vrp,mvo
2019-04-02,-3819.8509297672813,19781.46252690778,-460.79119391951724,469,vrp,mvo
2019-04-03,-5596.628352942549,19391.990501037642,-530.8459570246465,469,vrp,mvo
2019-04-04,-8282.79793309433,18960.65913104067,-485.19672036400965,469,vrp,mvo
2019-04-05,7074.172545985242,18833.62066624003,-350.1168125511346,469,vrp,mvo
2019-04-08,8954.22459135831,20000.000046398753,-499.9999987033508,469,vrp,mvo
2019-04-09,-6745.90262374485,19849.846103779204,-566.7450260069493,469,vrp,mvo
2019-04-10,8973.311275186845,19124.660674722345,-915.5768511829544,469,vrp,mvo
2019-04-11,5141.908081214942,18832.10317219565,-845.6899961584488,469,vrp,mvo
2019-04-12,-5008.841375445966,17943.575258415854,-1272.7296261566746,469,vrp,mvo
2019-04-15,-7663.650510593949,19999.99998221799,-499.99999866680133,469,vrp,mvo
2019-04-16,2411.3949178653006,19113.887389921296,-658.2851601127592,469,vrp,mvo
2019-04-17,9647.061490869844,18497.794519047184,-841.7561778181064,469,vrp,mvo
2019-04-18,-12782.303549488239,17736.93288037033,-1328.1583039303741,469,vrp,mvo
2019-04-22,12341.582160382432,19999.99992427356,-499.99999880931927,469,vrp,mvo
2019-04-23,-36430.52160393511,20460.118997893755,-1499.4942773675298,469,vrp,mvo
2019-04-24,14705.450610947679,19088.092519743015,-2204.269902906153,469,vrp,mvo
2019-04-25,8431.446752805581,19631.123479814883,-1328.5177587616863,469,vrp,mvo
2019-04-26,23742.467312469682,18673.26782593863,-1568.163563309019,469,vrp,mvo
2019-04-29,12009.097993279875,19999.99942447726,-159.54402529000546,469,vrp,mvo
2019-04-30,-3946.452347438487,19489.267630775375,-44.256603557690056,469,vrp,mvo
2019-05-01,9531.910468065771,19244.489074333662,57.733284828136284,469,vrp,mvo
2019-05-02,14354.520801290488,18648.6703724993,5.956436580445436,469,vrp,mvo
2019-05-03,-3648.946968613164,18042.026365938404,190.2718857817893,469,vrp,mvo
2019-05-06,-9359.205283203457,19999.999959802975,-499.99997078076,469,vrp,mvo
2019-05-07,10600.009883380111,20171.03592680011,-105.01689017531302,469,vrp,mvo
2019-05-08,13077.530057445068,19518.49323668148,-347.2439507293848,469,vrp,mvo
2019-05-09,-163.1832205541616,19168.286080105176,-435.27790568713095,469,vrp,mvo
2019-05-10,1885.8443356240457,18676.85474509828,-88.17639359356825,469,vrp,mvo
2019-05-13,-3712.53225216833,20000.000071669503,-499.99971536721694,469,vrp,mvo
2019-05-14,13858.274226084166,19828.124649005433,-547.0316350959182,469,vrp,mvo
2019-05-15,6524.105337173772,19924.977143797783,-1186.3994770194613,469,vrp,mvo
2019-05-16,11409.530844942921,19141.128111111204,-1716.5905529337208,469,vrp,mvo
2019-05-17,-18509.999606064073,18529.63289839994,-2583.687383105086,469,vrp,mvo
2019-05-20,22204.522170757835,19999.99927459644,-499.99999406468226,469,vrp,mvo
2019-05-21,10267.426739243556,20009.184450155815,-319.444586202826,469,vrp,mvo
2019-05-22,12304.376407515692,21580.508591781672,1800.5356164687696,469,vrp,mvo
2019-05-23,-7666.087704783896,20584.861980091966,1715.0230160465096,469,vrp,mvo
2019-05-24,19092.540824904685,19494.876171817366,1372.4793071374309,469,vrp,mvo
2019-05-28,2517.910261762799,19999.999406283267,-499.9999935349965,471,vrp,mvo
2019-05-29,12525.078213231602,20344.46574457083,-314.7280842748431,471,vrp,mvo
2019-05-30,3293.2987111082502,22264.19671959066,-1330.4492137607735,471,vrp,mvo
2019-05-31,-1738.6544342112118,20764.60888597459,-2081.671693180736,471,vrp,mvo
2019-06-03,-131.76202228377565,20000.00010523892,193.03973000463657,471,vrp,mvo
2019-06-04,-10207.633505492373,20307.322518249952,-39.614935221331734,471,vrp,mvo
2019-06-05,-16015.929880645173,19453.369494898612,223.43622623769883,471,vrp,mvo
2019-06-06,-11383.476686000864,18952.81732213569,530.4715927241947,471,vrp,mvo
2019-06-07,8422.330125832237,18425.364596056785,380.4795258331938,471,vrp,mvo
2019-06-10,2289.2794957929227,19910.049135860347,-373.5959603344571,471,vrp,mvo
2019-06-11,10548.224383816385,19372.38749937299,-126.56363851090902,470,vrp,mvo
2019-06-12,2404.7526475013365,19277.393512648076,-68.0455512030116,470,vrp,mvo
2019-06-13,-1030.8943727042515,18401.433208950224,147.38865668455028,470,vrp,mvo
2019-06-14,6746.698372752908,18279.10560055344,-112.11362987550618,470,vrp,mvo
2019-06-17,-1046.192771749244,19999.999967174015,-499.9999987426276,471,vrp,mvo
2019-06-18,15755.04078036854,18799.29633109797,-371.0354169488505,471,vrp,mvo
2019-06-19,-10049.222904623766,17540.90666783795,-365.12245970115015,471,vrp,mvo
2019-06-20,3162.003390716044,18892.452455772393,160.4679151584616,471,vrp,mvo
2019-06-21,7614.392763911886,17955.848638206415,-185.94380636891464,471,vrp,mvo
2019-06-24,4556.460914040829,19999.999963339276,-499.99999764444726,471,vrp,mvo
2019-06-25,10234.21268412663,20602.052153205987,68.50488383604474,471,vrp,mvo
2019-06-26,12572.463341151459,19726.855831320758,-69.43165069896936,471,vrp,mvo
2019-06-27,-17768.80785664264,18240.073399919464,240.11598704391878,471,vrp,mvo
2019-06-28,23410.906526025406,18658.697243472434,-220.60683238434163,471,vrp,mvo
2019-07-01,-4755.080574062142,19999.999769646478,499.9998369537556,471,vrp,mvo
2019-07-02,6039.548306334539,19576.403604741758,352.00524354382213,471,vrp,mvo
2019-07-03,5616.205069665831,19223.069522022422,247.15253253516286,471,vrp,mvo
2019-07-05,1517.461170256677,18875.644992187496,333.2128163244298,471,vrp,mvo
2019-07-08,12583.758371160004,19999.999969423043,499.9999888494794,471,vrp,mvo
2019-07-09,-7071.692742041909,19408.539913896504,183.2860281155947,471,vrp,mvo
2019-07-10,8181.371138889682,18995.097919954587,46.40857715004662,470,vrp,mvo
2019-07-11,1465.1409382260058,19015.466311772336,175.86748294101986,470,vrp,mvo
2019-07-12,-2505.151650972813,18371.63034359558,17.72469088839955,470,vrp,mvo
2019-07-15,-3652.6105780519356,19999.99926803375,-499.99994549841244,470,vrp,mvo
2019-07-16,2309.183500584341,19591.11659467964,-442.007161978513,470,vrp,mvo
2019-07-17,1935.261962468864,19003.757841260227,-682.1208972047189,469,vrp,mvo
2019-07-18,2090.592337911012,18428.111405915668,-615.3733329913921,469,vrp,mvo
2019-07-19,-2949.06419002379,18176.185356861854,-411.5342813967213,469,vrp,mvo
2019-07-22,-2910.503685345222,20000.000361892202,-499.9999896339196,469,vrp,mvo
2019-07-23,-4469.889680429617,18939.410858835672,-403.480522696854,469,vrp,mvo
2019-07-24,13167.108084442048,18275.71829677802,181.61246238404206,469,vrp,mvo
2019-07-25,-2304.7203596875115,18231.464592151417,478.7672690244478,469,vrp,mvo
2019-07-26,-1729.5426028502955,17349.226347243068,-132.97217491874318,469,vrp,mvo
2019-07-29,2409.4033902456445,19999.99956547394,-499.99998333235055,470,vrp,mvo
2019-07-30,-4951.424313876851,19196.631165014674,-468.9648593786559,470,vrp,mvo
2019-07-31,2255.158022207993,19007.638972312965,-463.815154168624,470,vrp,mvo
2019-08-01,-19017.109400638055,17905.01682691409,-511.7119814858006,470,vrp,mvo
2019-08-02,5607.252494611864,17651.33929430799,-638.8399545596751,470,vrp,mvo
2019-08-05,-8809.79498429029,19999.99991473032,-499.9999876277124,470,vrp,mvo
2019-08-06,11615.554743035236,19667.97428770538,-501.6298232981156,470,vrp,mvo
2019-08-07,-16657.393699587945,19443.4181981829,-399.305431101021,470,vrp,mvo
2019-08-08,10811.288541884507,19942.279197248372,29.174697425229233,470,vrp,mvo
2019-08-09,-10058.685412718442,19202.946732379623,-284.54038049509165,470,vrp,mvo
2019-08-12,-10509.916297784192,19999.999413842757,-58.27651614780819,470,vrp,mvo
2019-08-13,-7935.142200993191,20320.92387897023,-420.9784954312822,470,vrp,mvo
2019-08-14,-22973.970023375612,18541.684790013405,-1018.8342082696827,470,vrp,mvo
2019-08-15,-13613.842962317354,18477.9541409465,-1716.2353968021825,470,vrp,mvo
2019-08-16,-608.9893185837418,18859.524365132853,-1805.5520872402453,470,vrp,mvo
2019-08-19,-4255.1439875879505,19961.78418964532,461.78371038951667,469,vrp,mvo
2019-08-20,-156.9681105293698,19195.202181762503,478.6522486105589,469,vrp,mvo
2019-08-21,16645.17939247335,19299.97585557119,1247.8998916414723,469,vrp,mvo
2019-08-22,-28734.468832501087,19009.696253082246,789.995526882225,469,vrp,mvo
2019-08-23,-14738.019314720736,18177.836565541493,-383.13216011453994,469,vrp,mvo
2019-08-26,9583.273347854454,20000.00003137931,499.99993460475207,470,vrp,mvo
2019-08-27,-1805.249099423846,19745.43808805792,836.3765957160422,470,vrp,mvo
2019-08-28,-1662.8319397274083,19195.47904760943,-361.53983585902637,470,vrp,mvo
2019-08-29,1010.9083739102834,19535.46719550324,220.17163381425138,470,vrp,mvo
2019-08-30,-3437.5325071767224,20379.94854324706,787.0563021938871,470,vrp,mvo
2019-09-03,-4774.087125529584,19933.57046723767,566.4289359990272,471,vrp,mvo
2019-09-04,8174.930579738947,19370.81809237487,341.0752628974555,447,vrp,mvo
2019-09-05,6945.496243183091,18181.34290318644,97.21428663022492,447,vrp,mvo
2019-09-06,13022.319264089901,17878.760808869323,265.0075985693674,447,vrp,mvo
2019-09-09,-22761.30265376741,20000.000166914106,290.3032961601022,447,vrp,mvo
2019-09-10,28137.517158226034,20232.93573034386,2390.950016198847,447,vrp,mvo
2019-09-11,753.2052843987417,20451.916855692405,1181.9224375918898,447,vrp,mvo
2019-09-12,8704.49511046606,20446.095633659035,1037.1409576784997,447,vrp,mvo
2019-09-13,5280.517418720697,20351.254531870192,1450.5509637886084,447,vrp,mvo
2019-09-16,12501.019186118838,19999.999936360942,-467.66757004639175,447,vrp,mvo
2019-09-17,-53755.87531723982,20163.928433652574,-2158.1438383061577,447,vrp,mvo
2019-09-18,-4583.058145678255,21302.0717695228,-2025.6490350317524,447,vrp,mvo
2019-09-19,-25517.06354294756,21438.869200715824,-2723.0551015678147,447,vrp,mvo
2019-09-20,68421.69620914065,19727.905129036186,-1602.3042035051578,447,vrp,mvo
2019-09-23,11161.15140085752,20000.00010100904,-499.9999989775471,447,vrp,mvo
2019-09-24,4115.001295045473,20776.763258317216,371.18002397892843,447,vrp,mvo
2019-09-25,-11301.959294507467,19456.43160781973,-651.6826912859748,447,vrp,mvo
2019-09-26,19361.90625853147,19257.705118492737,-711.5363517388794,446,vrp,mvo
2019-09-27,7321.085986189718,19199.10640381808,-836.3625509324829,446,vrp,mvo
2019-09-30,22252.139919889014,19999.999742104643,-499.9999964656299,446,vrp,mvo
2019-10-01,5066.213898942407,19817.326920795655,-584.2341560936151,446,vrp,mvo
2019-10-02,-4572.82165345293,19180.227903118874,-181.56603478385543,446,vrp,mvo
2019-10-03,2556.3507216871435,19182.278347285257,-183.43107825926973,446,vrp,mvo
2019-10-04,-3935.0602636502044,18871.92348232679,-481.72750260044387,446,vrp,mvo
2019-10-07,10879.125088178062,19999.999839797743,-499.9999952412173,446,vrp,mvo
2019-10-08,-19188.08882424802,19177.849295401316,-414.91355558566937,446,vrp,mvo
2019-10-09,10795.984932890617,19001.8372772011,-568.5412188806929,446,vrp,mvo
2019-10-10,-7143.12647645245,18793.141958787513,-737.4663640624705,446,vrp,mvo
2019-10-11,-2552.8196118032374,18562.353640824254,-1056.9332050721353,446,vrp,mvo
2019-10-14,17429.23281394521,19999.999348875423,-499.99997463279783,446,vrp,mvo
2019-10-15,28080.21304739937,18681.831681297244,-119.5111733404498,446,vrp,mvo
2019-10-16,-19761.939636231687,18574.960798883418,-522.6235211255994,446,vrp,mvo
2019-10-17,-11596.734806622962,18341.06235622998,-671.5207901179896,446,vrp,mvo
2019-10-18,18184.74438216889,17244.124136391838,-1068.5873326146461,446,vrp,mvo
2019-10-21,-3575.541382762348,19999.999262539546,205.36298785579447,446,vrp,mvo
2019-10-22,-7138.29824045543,18976.37656943005,1248.9470937638782,446,vrp,mvo
2019-10-23,-17788.208739033144,30685.669226106078,11741.673132512075,446,vrp,mvo
2019-10-24,60447.66484827174,32148.72157984287,10250.407186285545,446,vrp,mvo
2019-10-25,-7572.876058888146,30582.20838741487,9524.084499655633,446,vrp,mvo
2019-10-28,-23660.13610730267,19999.999542484158,499.9999787183145,447,vrp,mvo
2019-10-29,22184.068331989834,19845.112138120472,612.3871362948436,447,vrp,mvo
2019-10-30,-100.88874168712056,19373.68920573728,675.4733713614302,447,vrp,mvo
2019-10-31,-18708.823123489172,18776.864249023292,738.2262457720818,447,vrp,mvo
2019-11-01,12455.555850740791,18461.215697742293,228.15278885341343,447,vrp,mvo
2019-11-04,-26666.441255578902,20000.000303219244,-335.2687603568716,447,vrp,mvo
2019-11-05,7307.909548552497,19278.709438699298,-373.34026043789004,447,vrp,mvo
2019-11-06,-19981.762993849563,19581.91052270879,182.48251423353594,447,vrp,mvo
2019-11-07,16568.513750309176,18446.629025329985,763.9118833956227,447,vrp,mvo
2019-11-08,-3529.4673360085194,18079.990292766073,861.0276965162975,447,vrp,mvo
2019-11-11,1924.5390996826309,20000.00021432271,-499.9999940318189,447,vrp,mvo
2019-11-12,-5824.692506758441,20091.933115067044,-1189.9051194474746,447,vrp,mvo
2019-11-13,9504.063519633846,19464.828183766527,-1592.6144900484203,447,vrp,mvo
2019-11-14,18315.361005667237,19220.520964084204,-1220.7929170692705,447,vrp,mvo
2019-11-15,-11502.100344086683,19174.448655353743,-1386.8233175631751,447,vrp,mvo
2019-11-18,-3934.215461093248,19999.999975243,-499.9999853303162,447,vrp,mvo
2019-11-19,-18139.93995471462,23219.009680621,-3477.0960278106663,447,vrp,mvo
2019-11-20,-31223.25799576444,22607.583072502355,-2782.8378797199866,447,vrp,mvo
2019-11-21,-4209.481764969423,22333.30285669609,-2388.3182353260636,447,vrp,mvo
2019-11-22,45685.3515100385,21161.206921281388,-1601.5011632456833,447,vrp,mvo
2019-11-25,-3384.8112795564953,19999.99999962809,-499.9999968723651,447,vrp,mvo
2019-11-26,20630.55048386769,19751.17890428808,-1291.759487413464,447,vrp,mvo
2019-11-27,-18643.100386145292,21743.07625939098,-4980.459412618478,447,vrp,mvo
2019-11-29,8276.038599232259,20564.520119726083,-4525.160977538569,447,vrp,mvo
2019-12-02,-6210.382810634632,19756.435905988816,-743.5641241897428,446,vrp,mvo
2019-12-03,-260.67280725369886,19416.03695061376,-690.0451792557466,446,vrp,mvo
2019-12-04,1322.86971224405,19032.782762925017,-1246.4513374594458,446,vrp,mvo
2019-12-05,14808.8682407203,18592.186350841013,-1315.029082191904,446,vrp,mvo
2019-12-06,11144.273668372129,18110.283102092846,-1428.7158524488602,446,vrp,mvo
2019-12-09,-9767.203480355065,19999.999516562504,-499.99998497639825,446,vrp,mvo
2019-12-10,7977.643715094759,21168.53339376608,880.4925181749395,446,vrp,mvo
2019-12-11,-8099.419521162321,20712.620549137555,875.1977524421322,446,vrp,mvo
2019-12-12,-12502.444556433424,20189.295949671698,429.8975524009728,446,vrp,mvo
2019-12-13,-4797.0339371995615,19903.372751182105,504.4988399376002,445,vrp,mvo
2019-12-16,4741.347906379519,19999.9986683692,-499.9999724058876,445,vrp,mvo
2019-12-17,15125.249076218128,19476.69731248355,-783.2529439022203,444,vrp,mvo
2019-12-18,-349.2610372199095,18800.611056864516,-1285.9242564659096,444,vrp,mvo
2019-12-19,6348.823478263759,18157.661827470965,-1141.9269883421714,444,vrp,mvo
2019-12-20,-9070.054927678804,17501.27921397987,-1095.0171124631377,444,vrp,mvo
2019-12-23,3615.2230069606953,19999.999652583796,87.09944885598554,444,vrp,mvo
2019-12-24,5313.178005379134,20319.777102382544,829.7634483399611,444,vrp,mvo
2019-12-26,7774.37916093545,18150.350448784866,590.6575729865617,444,vrp,mvo
2019-12-27,29150.794209878775,17998.1912811642,569.5174029229215,444,vrp,mvo
2019-12-30,-12977.835469258893,20000.000118316668,159.77944339779907,444,vrp,mvo
2019-12-31,349.1779645869681,19802.488442949434,111.39113327102415,444,vrp,mvo
2020-01-02,1129.3307133039493,19393.233785327084,138.94882481532198,444,vrp,mvo
2020-01-03,-3213.9987875584106,19064.253358675338,251.86920785317068,444,vrp,mvo
2020-01-06,1928.3502499672468,20000.00012943472,225.37205018101778,445,vrp,mvo
2020-01-07,32364.558885198694,19946.686433320698,403.5419653154999,445,vrp,mvo
2020-01-08,849.762468952526,19391.66356810767,210.14963631955257,445,vrp,mvo
2020-01-09,-3540.3048583110385,18676.748508242334,371.4741314854354,445,vrp,mvo
2020-01-10,290.12280455954715,18095.408495414766,95.54827311991683,436,vrp,mvo
2020-01-13,8976.47556860693,19999.999916442986,180.9388839634614,436,vrp,mvo
2020-01-14,6372.134157637709,19805.821285466176,266.47484590005024,436,vrp,mvo
2020-01-15,-6873.014302057421,19160.883423913237,413.8216207355773,436,vrp,mvo
2020-01-16,11774.509723266034,18173.743994396656,786.1085599752399,436,vrp,mvo
2020-01-17,-4878.892879398837,17992.521299704324,629.3992269072867,436,vrp,mvo
2020-01-21,13193.887320879316,19999.99976285592,129.16992185432554,436,vrp,mvo
2020-01-22,-6375.1941927029675,18843.021464456906,-759.7536178308501,436,vrp,mvo
2020-01-23,-1414.04844452781,18542.446393084512,-640.1774264426879,436,vrp,mvo
2020-01-24,-2991.8896432201423,18851.5905354061,-729.0394510140482,436,vrp,mvo
2020-01-27,-9252.183319955655,19999.999724735524,-499.9999977425242,436,vrp,mvo
2020-01-28,18035.747495347037,19752.95158205132,126.49588769208891,436,vrp,mvo
2020-01-29,10879.02638219176,19509.033315112712,831.006047263456,436,vrp,mvo
2020-01-30,31604.69904083383,19045.436843111303,1049.6905700214295,436,vrp,mvo
2020-01-31,10286.164692970282,21463.242139511396,3781.749821017361,436,vrp,mvo
2020-02-03,-21849.396532261904,19999.999940527065,-97.30827190083318,435,vrp,mvo
2020-02-04,-1258.6711993382426,19771.349324871844,77.62094590138372,435,vrp,mvo
2020-02-05,-36838.04710595274,19195.64171832089,-151.94391765262435,435,vrp,mvo
2020-02-06,8637.327858972549,18573.074348067967,-90.15477929466626,435,vrp,mvo
2020-02-07,17014.81689721015,18558.062649989763,342.96971094567743,435,vrp,mvo
2020-02-10,-10018.330616481717,19999.999972420283,-499.9999936914444,435,vrp,mvo
2020-02-11,-4446.654666689206,19698.300604185028,-304.92487622297034,435,vrp,mvo
2020-02-12,-11863.633873468838,19728.702090054114,-926.1134580868548,435,vrp,mvo
2020-02-13,3438.0062429955847,19353.020765332596,-314.8883040662027,435,vrp,mvo
2020-02-14,13382.64583482513,18643.262889900077,-472.9303077014165,435,vrp,mvo
2020-02-18,7162.901229763758,19999.999906856832,499.9999961486124,435,vrp,mvo
2020-02-19,12307.99257730329,19070.00971285251,431.0493694496743,435,vrp,mvo
2020-02-20,8529.41033414526,18842.336009201725,-133.3439637035344,435,vrp,mvo
2020-02-21,-8316.020711730776,18589.236623720637,812.5651310949227,435,vrp,mvo
2020-02-24,-10158.534037719044,19999.99953923149,105.05464610947867,435,vrp,mvo
2020-02-25,-6278.764305253743,21375.592376115175,-1825.5424193604488,435,vrp,mvo
2020-02-26,-240.19211932021426,20320.221572761155,-2192.923757792931,435,vrp,mvo
2020-02-27,-31824.193026636145,23006.851004233264,4037.5008299368296,435,vrp,mvo
2020-02-28,15703.130875839619,25683.55068163083,4529.5600866121595,434,vrp,mvo
2020-03-02,-23221.334312936684,20000.000000926833,499.99998996811166,434,vrp,mvo
2020-03-03,5425.962916601228,19291.524516839912,651.1569554990441,434,vrp,mvo
2020-03-04,3654.8260916005265,19410.294136733457,389.7183247989319,434,vrp,mvo
2020-03-05,15047.653565498165,18655.39922776506,1331.8275253838558,434,vrp,mvo
2020-03-06,-28559.862467753883,18627.987024384813,1288.1461508653526,433,vrp,mvo
2020-03-09,2162.7634725911985,19999.99996530347,499.9999892843696,434,vrp,mvo
2020-03-10,-19408.444645065185,20475.370804735103,697.8674628396246,434,vrp,mvo
2020-03-11,-60560.69133113656,19425.540132252558,709.2808731315246,434,vrp,mvo
2020-03-12,-33538.397173857,17883.37395719148,379.7407797968163,434,vrp,mvo
2020-03-13,73339.57464192118,18654.520501061976,1037.8751500091523,434,vrp,mvo
2020-03-16,93499.39245025787,19776.107531041485,276.10765285788295,456,vrp,mvo
2020-03-17,-18771.528876221877,19825.29541156932,796.289300033172,455,vrp,mvo
2020-03-18,-19191.717883999325,18483.960518995817,1928.3251422635462,453,vrp,mvo
2020-03-19,-19846.562073896966,17327.30672128726,2412.0966725858093,452,vrp,mvo
2020-03-20,118497.8110960678,16728.943568880786,2132.078156575356,452,vrp,mvo
2020-03-23,-17693.800139586645,20000.00019574597,499.99999480734743,455,vrp,mvo
2020-03-24,100821.11110194487,21763.582284436467,419.49074796659266,454,vrp,mvo
2020-03-25,-64327.55696716281,23003.691018173915,527.0013279477558,453,vrp,mvo
2020-03-26,144541.59557848566,23757.886244521826,1071.3080095700677,453,vrp,mvo
2020-03-27,-62541.27379926461,23086.95315731904,1345.7364043744474,453,vrp,mvo
2020-03-30,169633.83316364035,20000.000055454155,-499.9999888347915,469,vrp,mvo
2020-03-31,4382.7441204760435,20140.43635490907,-146.31443276587706,468,vrp,mvo
2020-04-01,22399.80573441462,19123.46663802417,304.8466371407149,467,vrp,mvo
2020-04-02,-11739.035438746503,18833.249842422807,587.8164421513613,467,vrp,mvo
2020-04-03,7127.3938998819585,18741.51346219281,606.4395752832123,466,vrp,mvo
2020-04-06,48299.986841619335,19999.99985945619,-499.99999875480137,468,vrp,mvo
2020-04-07,14517.715295105318,20901.02485492061,-853.08366608632,467,vrp,mvo
2020-04-08,4240.715000549718,22523.957572037376,-361.05652708497445,467,vrp,mvo
2020-04-09,-15068.528471090793,23761.895370623555,-689.2666016767249,467,vrp,mvo
2020-04-13,26490.822838198557,20000.000084579187,-499.9999997044697,470,vrp,mvo
2020-04-14,-15016.863511647392,19649.61256931575,-723.0524806930142,469,vrp,mvo
2020-04-15,35488.76244616893,19185.435267609955,-740.3485095906907,469,vrp,mvo
2020-04-16,-58721.28089437621,17829.250490132963,-169.13364833208266,468,vrp,mvo
2020-04-17,61549.71122854471,17897.988476315317,-215.4146939597834,467,vrp,mvo
2020-04-20,58600.216490351,20000.00010000371,-499.99999948958447,467,vrp,mvo
2020-04-21,1664.0513722073194,19619.875320491283,-740.8858889867795,467,vrp,mvo
2020-04-22,10335.300703937657,19440.32707173571,-755.684700039123,466,vrp,mvo
2020-04-23,26777.362676044435,19365.8999218117,-1214.9761779600392,466,vrp,mvo
2020-04-24,22745.411944814896,19059.374786389708,-2170.7044035295403,466,vrp,mvo
2020-04-27,-2201.522860731491,20000.000152624416,-499.9999993384721,468,vrp,mvo
2020-04-28,-7822.170417179246,20002.530839338124,-710.0620341937879,468,vrp,mvo
2020-04-29,-12833.246835711303,20278.318539061856,-935.2206176626446,468,vrp,mvo
2020-04-30,-6595.647237843163,20118.563389278228,-872.201791313393,468,vrp,mvo
2020-05-01,10068.676187102727,19333.561534341858,-721.0481308363833,468,vrp,mvo
2020-05-04,-8060.322543269889,20000.000091735463,-499.99999941573105,469,vrp,mvo
2020-05-05,7532.576786986784,19440.905739593763,-502.09160945896514,469,vrp,mvo
2020-05-06,-2420.046113621823,18772.763927921165,-742.6530035145071,469,vrp,mvo
2020-05-07,9227.782095773919,18800.033509939076,-704.546207452874,469,vrp,mvo
2020-05-08,8605.549160095592,19107.16247317875,-937.3149851434987,469,vrp,mvo
2020-05-11,17068.813771656758,20000.000044796354,-499.9999992475466,469,vrp,mvo
2020-05-12,1318.2247949347857,19569.66822918702,-241.04428863627254,469,vrp,mvo
2020-05-13,7126.118810884098,19704.031741558876,116.34158567157223,469,vrp,mvo
2020-05-14,8962.011607473669,19990.43732222967,294.3028601559905,468,vrp,mvo
2020-05-15,-9097.815455476151,19733.12882794297,380.0299679555446,468,vrp,mvo
2020-05-18,13014.245743724721,19831.20491948448,-668.7951267744368,468,vrp,mvo
2020-05-19,34258.04574534163,19592.22235563812,-490.0637573642678,467,vrp,mvo
2020-05-20,22311.6845288206,19445.839568101423,-434.98105077596057,467,vrp,mvo
2020-05-21,-8874.333274347393,20392.56138151399,-429.00431481218885,467,vrp,mvo
2020-05-22,23702.699250135844,19817.13656232619,-583.2203828331856,467,vrp,mvo
2020-05-26,-685.6925068214855,20000.00011689647,-499.9999987616827,468,vrp,mvo
2020-05-27,-22878.985912362816,23709.64516242599,-1117.4472680830352,468,vrp,mvo
2020-05-28,-39641.77494724676,23490.00541682485,-620.6847578320293,468,vrp,mvo
2020-05-29,17367.93340042693,22610.02910962161,-108.28355900894553,468,vrp,mvo
2020-06-01,20901.685613193997,20000.000234848296,-499.9999997671279,468,vrp,mvo
2020-06-02,-5692.453122001471,20400.490362410525,-134.55179766919085,468,vrp,mvo
2020-06-03,-14955.97469711884,20340.20557621735,-381.0005059838714,468,vrp,mvo
2020-06-04,-106163.5729010099,20573.16981091758,-1002.1334309633824,468,vrp,mvo
2020-06-05,-12768.215472317986,22166.57407594043,-3624.5798720655375,468,vrp,mvo
2020-06-08,-48506.0726667041,20000.0001261144,-499.999999166678,468,vrp,mvo
2020-06-09,-24785.330654116922,20337.635316507134,153.81734212209264,468,vrp,mvo
2020-06-10,25437.453149403726,19860.046658964195,774.6661264910766,468,vrp,mvo
2020-06-11,-7534.014712559192,18077.11601282368,970.0117867963958,468,vrp,mvo
2020-06-12,-24854.376480572882,18098.85587979348,1165.59683069442,467,vrp,mvo
2020-06-15,20234.75139129257,19999.99997542147,-499.999997161435,467,vrp,mvo
2020-06-16,26584.581484607872,19911.112725659357,-600.5714060612869,467,vrp,mvo
2020-06-17,25652.946479010727,19483.3970062382,-656.6011869987302,467,vrp,mvo
2020-06-18,-7439.104342409037,19195.657765667005,-807.7089342763691,467,vrp,mvo
2020-06-19,-115.94184945194577,18523.60056809531,-882.62436645012,467,vrp,mvo
2020-06-22,4107.290907577074,19999.99980095764,-499.99999684372017,468,vrp,mvo
2020-06-23,9164.529514078173,19721.83110365087,-736.3519355668401,468,vrp,mvo
2020-06-24,12055.84150382665,19032.59126841222,-1168.4423379468565,468,vrp,mvo
2020-06-25,20504.544149202306,18771.038376075558,-1001.3483642781248,468,vrp,mvo
2020-06-26,-13386.433593603131,17981.846449805067,-1376.9916090918714,468,vrp,mvo
2020-06-29,-1482.5354703737762,20000.000101766578,-499.99999413029013,469,vrp,mvo
2020-06-30,-7897.829224082498,19350.279609136065,99.17294921903894,467,vrp,mvo
2020-07-01,11365.692967927933,18950.492297812172,54.736545863885794,467,vrp,mvo
2020-07-02,-22070.05702771808,18709.994969814034,111.60042481772733,467,vrp,mvo
2020-07-06,37339.91890106312,20000.00006604701,-18.66173423727291,468,vrp,mvo
2020-07-07,24479.002820072354,19620.290868463195,20.3528369544917,468,vrp,mvo
2020-07-08,-15535.085234940669,19360.995599898524,25.641790175997198,468,vrp,mvo
2020-07-09,-20848.188947918163,18796.27434416256,41.55231336415788,468,vrp,mvo
2020-07-10,35630.24999162026,19260.181625123685,-342.75030879999514,467,vrp,mvo
2020-07-13,-45039.138859473955,20000.000023876702,499.99998928339636,468,vrp,mvo
2020-07-14,50021.36274478385,19581.00316538103,358.5517935006077,468,vrp,mvo
2020-07-15,-3059.195720861374,20296.766584665602,616.6922733958877,468,vrp,mvo
2020-07-16,15662.86003477148,20162.906112947807,853.5092435981785,468,vrp,mvo
2020-07-17,-4630.453173449894,19940.56750891233,878.8301749719146,468,vrp,mvo
2020-07-20,-45582.483856209896,20000.000167040773,499.99999645747397,469,vrp,mvo
2020-07-21,-5771.606067027715,19827.41306566557,307.2093007893575,469,vrp,mvo
2020-07-22,23496.209791902074,19608.92457582279,377.04931115656734,469,vrp,mvo
2020-07-23,19416.46221103277,19133.142489639828,233.05480918769396,469,vrp,mvo
2020-07-24,-13348.74669373923,18883.088539236614,157.51082200647437,469,vrp,mvo
2020-07-27,20818.96355477554,20000.000141108,499.999999399697,469,vrp,mvo
2020-07-28,3963.9619106665327,19694.889718428327,635.2132367041768,469,vrp,mvo
2020-07-29,-3364.138876862884,18986.502558594864,353.26594572799337,469,vrp,mvo
2020-07-30,-5044.695268894998,20293.873154343673,-885.1598194290744,469,vrp,mvo
2020-07-31,35667.662237102864,19674.277708127713,-423.01007065477233,469,vrp,mvo
2020-08-03,-33850.005282722006,20000.000057502326,19.64795449940192,469,vrp,mvo
2020-08-04,-15460.731931829674,19578.590098978548,266.42919527921237,468,vrp,mvo
2020-08-05,1420.807874165335,19234.47023051642,383.40356641294517,468,vrp,mvo
2020-08-06,4429.150455448277,18915.044638181407,481.0741470186007,468,vrp,mvo
2020-08-07,16339.772458448331,18401.99608399764,716.0623548603161,468,vrp,mvo
2020-08-10,-3434.3597010132667,19999.999880179665,120.50042191715698,470,vrp,mvo
2020-08-11,-11799.401441854927,19658.399752746107,-415.6887116954201,470,vrp,mvo
2020-08-12,16934.69002599054,19260.66431634505,-94.22989875019609,470,vrp,mvo
2020-08-13,11186.258881667558,20022.696999979264,971.6042946658047,470,vrp,mvo
2020-08-14,-1668.7682619121108,19142.84286947464,-220.61602687798742,470,vrp,mvo
2020-08-17,-482.414458648063,20000.00002185224,-499.99999651715694,470,vrp,mvo
2020-08-18,5655.982131730716,19556.71744387023,-366.73925142992385,470,vrp,mvo
2020-08-19,9405.952532114674,19262.579441111702,-546.1617083857103,470,vrp,mvo
2020-08-20,-1980.779747962227,19000.397510288603,-485.86081194413686,470,vrp,mvo
2020-08-21,15697.317576908226,18660.515810346235,-695.0476451957702,470,vrp,mvo
2020-08-24,-15266.995947155745,19999.999969341538,23.35892469973684,471,vrp,mvo
2020-08-25,-8347.483795758524,19520.818465451426,266.32004424844075,471,vrp,mvo
2020-08-26,14763.929774193271,19335.23399287284,11.290960084992882,470,vrp,mvo
2020-08-27,4916.691869371627,19093.387170168447,190.59224622640144,470,vrp,mvo
2020-08-28,13322.798858660743,19050.936620356802,287.7824632523202,470,vrp,mvo
2020-08-31,3710.9262067368422,20000.000038907692,-499.9999922790588,471,vrp,mvo
2020-09-01,5725.814770293923,19108.908081666184,-87.49703780376025,470,vrp,mvo
2020-09-02,4304.294913463245,18862.366902093636,-290.20618660423247,470,vrp,mvo
2020-09-03,-9863.91405485083,18834.547628941815,-6.180133623775405,470,vrp,mvo
2020-09-04,6202.75382179787,18382.540105658558,17.964601687932856,470,vrp,mvo
2020-09-08,1924.2143445492559,20000.00002072635,-499.99999468282687,472,vrp,mvo
2020-09-09,20260.026596940752,19914.13054957532,-580.3295246854163,472,vrp,mvo
2020-09-10,18395.238555539825,19046.02380392901,-287.9310124465657,472,vrp,mvo
2020-09-11,4035.1510214093205,18549.296451053124,-362.5195295328792,472,vrp,mvo
2020-09-14,3134.3435047733287,20000.000130687604,-499.9999995196794,472,vrp,mvo
2020-09-15,8536.569978066156,19356.018927301044,-515.4472314982986,472,vrp,mvo
2020-09-16,1722.062325145887,18856.588682837264,-550.3311275785816,472,vrp,mvo
2020-09-17,5221.2988609958775,19166.930547172968,-119.11000553506969,472,vrp,mvo
2020-09-18,1687.356911308469,19726.56544051814,-1087.5708563324558,472,vrp,mvo
2020-09-21,-5829.803215888903,20000.00002192114,-499.9999987123397,473,vrp,mvo
2020-09-22,722.237407045595,19858.582997552396,-94.21696683609616,473,vrp,mvo
2020-09-23,8805.050665381748,18601.674336082,-690.3474283816174,473,vrp,mvo
2020-09-24,-14743.83038737881,18674.841171813205,-1540.6641900579607,472,vrp,mvo
2020-09-25,4813.623263932037,18937.824327752915,-1160.4505271822118,472,vrp,mvo
2020-09-28,17667.089006523238,19999.999913670123,-499.99999729010443,472,vrp,mvo
2020-09-29,-19596.436926074555,19626.548756282595,-553.4978483581775,472,vrp,mvo
2020-09-30,17612.908405830785,19566.724457127955,-490.97289204093454,472,vrp,mvo
2020-10-01,11485.193323240625,19360.655055501276,-406.93069191139546,472,vrp,mvo
2020-10-02,-3470.648650821479,19234.32733907664,-461.547068212012,472,vrp,mvo
2020-10-05,4591.324501291449,19999.99978452259,-499.9998933109388,472,vrp,mvo
2020-10-06,12409.882955184768,19608.836204272506,-246.62480482242216,472,vrp,mvo
2020-10-07,-8448.51062482999,19270.082534051784,-778.3038817976168,472,vrp,mvo
2020-10-08,-69.53543621333735,18869.165762444783,-759.0456913204137,472,vrp,mvo
2020-10-09,-9028.78877920493,18251.372185248187,-847.7572963733724,472,vrp,mvo
2020-10-12,-3164.980495621961,20000.000168570128,-500.00000072153426,474,vrp,mvo
2020-10-13,-6853.650724006027,19825.916780827953,-275.9137606135995,474,vrp,mvo
2020-10-14,23684.77859576156,19778.43879805341,275.7691335129788,474,vrp,mvo
2020-10-15,-6117.63956345044,19368.334354277264,118.38206065789682,474,vrp,mvo
2020-10-16,241.02750994782716,19020.511234256202,-27.31386065990389,474,vrp,mvo
2020-10-19,1282.199758825597,19999.99982459927,-499.9999949519411,474,vrp,mvo
2020-10-20,-4651.587228992934,20053.296702938715,-605.7780619130239,474,vrp,mvo
2020-10-21,16560.859672681334,19201.150189965098,-1060.8302172834938,474,vrp,mvo
2020-10-22,-21275.57367890018,19427.815991198506,-1178.8420122267682,474,vrp,mvo
2020-10-23,-16026.303492962184,18489.860241406757,-2340.3885488464816,474,vrp,mvo
2020-10-26,-10150.776742386945,20000.000094066403,-499.99955847243865,474,vrp,mvo
2020-10-27,14443.223414067737,20801.19318765031,-351.1905393014636,474,vrp,mvo
2020-10-28,2255.023272225583,20851.847693625437,150.56151221299518,474,vrp,mvo
2020-10-29,5124.5887923313185,20732.285281425375,-701.6169481949379,474,vrp,mvo
2020-10-30,1883.0889672280598,20195.06276307092,-636.888554923918,474,vrp,mvo
2020-11-02,34565.28632058232,19902.905251020202,-402.9051620053366,474,vrp,mvo
2020-11-03,-889.5921006521247,19593.821823746268,-157.37060321091047,473,vrp,mvo
2020-11-04,-23297.23793358379,19379.017632408395,-363.43786046202086,473,vrp,mvo
2020-11-05,-2522.4267836379377,18875.543239588507,-125.3315944941511,473,vrp,mvo
2020-11-06,-2066.8789373872805,19010.66711968429,-515.4131384316247,473,vrp,mvo
2020-11-09,31793.8230373605,19982.05918985476,-482.05924847477013,473,vrp,mvo
2020-11-10,-16701.58211321166,20348.93869990753,-636.919496919179,473,vrp,mvo
2020-11-11,27573.18254610076,20141.506019379725,-1238.2783762882455,473,vrp,mvo
2020-11-12,-12172.748197467148,19938.05069991416,-1122.2087713384908,473,vrp,mvo
2020-11-13,-8985.85145139514,19609.876622033906,-1605.26864902602,473,vrp,mvo
2020-11-16,-2809.4792200736574,19999.999792264694,-499.9999989163564,474,vrp,mvo
2020-11-17,7134.482338669773,20835.859535418196,475.39375561688934,474,vrp,mvo
2020-11-18,-3994.528140722456,20869.31065526287,555.4849615704244,474,vrp,mvo
2020-11-19,-4834.054953023207,20628.041225021614,659.1088616302466,474,vrp,mvo
2020-11-20,11388.69623495032,20702.442143494987,785.8326755504622,474,vrp,mvo
2020-11-23,-7272.975817825384,19999.999828350312,-499.9999984417626,475,vrp,mvo
2020-11-24,15659.693946560054,21962.83159471703,-265.80041105479523,475,vrp,mvo
2020-11-25,-19654.89356269435,21478.8430202334,-565.8892877181589,475,vrp,mvo
2020-11-27,12270.21081796325,21720.721505179194,-60.34045784384564,475,vrp,mvo
2020-11-30,2546.7615975105687,20000.000098681,-499.999999247115,475,vrp,mvo
2020-12-01,2531.2092939891822,19960.76619387923,-191.75322956234933,475,vrp,mvo
2020-12-02,4142.039360999794,19543.225132771215,-161.55581447671543,475,vrp,mvo
2020-12-03,-4834.939276073251,19526.112706301876,-636.6210603753069,475,vrp,mvo
2020-12-04,6024.8193181049455,19536.635489682423,-570.8934757536113,475,vrp,mvo
2020-12-07,2637.761804140297,20000.000120185796,-499.9999973224276,475,vrp,mvo
2020-12-08,-3227.179928992679,19556.86689662229,-515.0857435583026,475,vrp,mvo
2020-12-09,3405.613886152219,19301.47633360802,-330.79679491466186,475,vrp,mvo
2020-12-10,1615.344529088171,19099.88373673067,-450.4981959788699,475,vrp,mvo
2020-12-11,-13596.677728874578,18838.185614450704,-545.1369282894226,475,vrp,mvo
2020-12-14,11376.350479756184,19999.999892223237,-499.99999903332997,475,vrp,mvo
2020-12-15,6620.94403235604,19759.04597235507,-785.9079946791146,475,vrp,mvo
2020-12-16,4160.852602906879,18948.556026622133,-882.7732549300805,475,vrp,mvo
2020-12-17,9538.225762731428,18611.904110679247,-617.00553074669,475,vrp,mvo
2020-12-18,14089.413012073663,19050.319518357686,-1175.7461073868822,475,vrp,mvo
2020-12-21,-3581.927949735863,20000.000077986824,-499.9997817245897,475,vrp,mvo
2020-12-22,-13297.14394250764,20075.313233654033,-658.6104434739696,475,vrp,mvo
2020-12-23,3538.435847961854,20026.697733993064,-631.4443316780181,475,vrp,mvo
2020-12-24,24240.766544354374,19390.319539351836,-263.45347887023075,475,vrp,mvo
2020-12-28,12394.896589425813,20000.00020258726,499.99999219560794,475,vrp,mvo
2020-12-29,10334.299236761693,19729.34589629898,573.6252857042844,475,vrp,mvo
2020-12-30,-6039.0713022917525,19346.811530786355,260.3036343628681,475,vrp,mvo
2020-12-31,10466.655696388229,19322.40130657259,433.2617607670241,475,vrp,mvo
2021-01-04,1385.0753119497542,19999.9999930411,499.99999153618666,475,vrp,mvo
2021-01-05,-3430.149187544257,19846.7114645626,457.68268792343264,475,vrp,mvo
2021-01-06,15677.999078661232,19666.926300631843,321.7286928273186,475,vrp,mvo
2021-01-07,-9784.41784055896,19287.567470364,109.423831043582,475,vrp,mvo
2021-01-08,-548.3638562346069,19003.12159931342,199.30683564282762,475,vrp,mvo
2021-01-11,-7663.422653204869,19859.51597574777,614.7138568718802,475,vrp,mvo
2021-01-12,1252.1741566758649,20253.817794552215,500.9040402969688,463,vrp,mvo
2021-01-13,-1143.5775678989476,20235.615106789213,497.51135342743277,463,vrp,mvo
2021-01-14,-7989.179311732654,19601.9903255906,522.8530512087402,463,vrp,mvo
2021-01-15,12802.997770070184,19354.93192260352,467.1667630762378,462,vrp,mvo
2021-01-19,23863.809903507237,19999.999995610076,499.99998815397004,463,vrp,mvo
2021-01-20,-5667.51609318881,19715.909543685357,881.8576509341071,463,vrp,mvo
2021-01-21,-493.5552214676667,19521.73351418944,766.4663628506178,463,vrp,mvo
2021-01-22,16587.644884504247,18975.909909911148,633.4081002063491,463,vrp,mvo
2021-01-25,-5483.661691247196,19999.999971591635,499.99999587812215,463,vrp,mvo
2021-01-26,-1212.0558463778182,21063.26413460929,1762.8875821044203,463,vrp,mvo
2021-01-27,-46969.13523288611,20669.09358545796,507.62205523579485,462,vrp,mvo
2021-01-28,-8947.78677198139,20797.12186306186,235.44957804079,462,vrp,mvo
2021-01-29,21677.724432637224,19305.086243762467,428.25107155515917,462,vrp,mvo
2021-02-01,37311.199255497195,20000.000113412712,-42.48558877095277,462,vrp,mvo
2021-02-02,9857.562009927637,20035.344982444,113.22866931941533,461,vrp,mvo
2021-02-03,-3814.935203401062,19640.769925070315,330.40692654203326,461,vrp,mvo
2021-02-04,13098.463564478723,19605.020045537654,-11.633761665092727,461,vrp,mvo
2021-02-05,11678.980557087058,19466.703284337847,-241.53431862972195,461,vrp,mvo
2021-02-08,2100.0485178070685,20000.000080265603,25.059598820012695,461,vrp,mvo
2021-02-09,-10120.652273288219,19841.595561960923,8.879633685707171,461,vrp,mvo
2021-02-10,8384.48351549504,19727.55570742925,-170.12422577479992,461,vrp,mvo
2021-02-11,-4642.261488947549,19167.95191128945,-179.26466074266614,461,vrp,mvo
2021-02-12,-2564.3011095076686,19052.021528113746,-304.6713985631921,461,vrp,mvo
2021-02-16,6176.137693288926,20000.000052787524,-391.289345670379,461,vrp,mvo
2021-02-17,5132.864265080014,20181.14672465575,-198.2456975849992,461,vrp,mvo
2021-02-18,-839.4258637769661,19887.20850221772,-110.76277708220717,461,vrp,mvo
2021-02-19,7947.281491972994,20638.771221824496,-1825.7920344732825,461,vrp,mvo
2021-02-22,-1144.9366847351425,19999.999955441508,-499.9999990004984,461,vrp,mvo
2021-02-23,-4756.067009831189,19282.74712588389,-998.9781556701706,461,vrp,mvo
2021-02-24,-8673.166987369403,18718.181944872533,-966.3258511202138,461,vrp,mvo
2021-02-25,12164.440500466173,20043.89612423181,254.871891352225,461,vrp,mvo
2021-02-26,-1735.3532627488592,19690.945178216814,-141.699282043309,461,vrp,mvo
2021-03-01,12085.99302849097,20000.000057307054,-499.9999994387556,461,vrp,mvo
2021-03-02,5251.195189727896,19093.32677887613,-1001.9449955576741,461,vrp,mvo
2021-03-03,6672.271487954614,19250.9427678906,-253.5573990571296,461,vrp,mvo
2021-03-04,-20113.04923843588,18802.53291743914,-625.1826705308785,461,vrp,mvo
2021-03-05,20888.223938971667,18684.216606210226,-182.79799328081555,461,vrp,mvo
2021-03-08,-6946.231063151481,19999.999927119698,-499.99999624331406,463,vrp,mvo
2021-03-09,5079.0709570854515,19862.311861037535,-568.6352618890477,463,vrp,mvo
2021-03-10,6728.858109148954,19566.04087262937,-1430.6280463526316,463,vrp,mvo
2021-03-11,6182.274706723302,19264.006723514754,-1229.950663872859,463,vrp,mvo
2021-03-12,-4556.038230910189,19176.011304769156,-276.6191317073299,463,vrp,mvo
2021-03-15,112.5432516128609,20000.00009575281,-499.9999958735776,463,vrp,mvo
2021-03-16,-10105.361708577138,19918.661077156943,-335.9956963108232,463,vrp,mvo
2021-03-17,12280.387199055072,19212.783675935345,-600.7953064466489,463,vrp,mvo
2021-03-18,6173.463573491687,19159.092655878198,-412.056280117167,463,vrp,mvo
2021-03-19,40226.16125325646,18934.872133534587,-377.32738468902295,463,vrp,mvo
2021-03-22,-12421.100094307812,20000.00005274855,-499.9999976152262,463,vrp,mvo
2021-03-23,11801.616018825944,20901.894669371617,605.0711211121005,463,vrp,mvo
2021-03-24,-30719.470925936093,21241.902384563404,1843.0456058374214,463,vrp,mvo
2021-03-25,-17360.85375091946,21853.76927325302,1940.6016479710024,463,vrp,mvo
2021-03-26,19297.404480639525,20149.870099539738,1113.1314312948075,463,vrp,mvo
2021-03-29,14817.153868734495,19999.999855892354,-499.99998735329336,476,vrp,mvo
2021-03-30,6001.997972443235,19945.769123020873,-287.00195258768656,476,vrp,mvo
2021-03-31,6881.317701700884,19670.85770583768,-323.9217588137474,476,vrp,mvo
2021-04-01,4615.269907931772,19407.937738551,-210.72008343502074,476,vrp,mvo
2021-04-05,-8460.18031529746,19999.999552961024,-499.99999485090694,476,vrp,mvo
2021-04-06,1907.0899285737337,19727.440036598833,-343.96915739375487,476,vrp,mvo
2021-04-07,14173.268765024239,19472.49158548819,-303.7443691324496,476,vrp,mvo
2021-04-08,-2254.757527008363,19117.962032900916,-279.4174283570957,476,vrp,mvo
2021-04-09,9825.682484250825,18690.651993885083,-418.9726406970883,476,vrp,mvo
2021-04-12,-4897.471126198339,19999.99977132541,-499.9999937130197,477,vrp,mvo
2021-04-13,-1842.206171508362,19727.71328286784,-669.4962539254235,477,vrp,mvo
2021-04-14,947.3711974212,19224.813236720976,-751.341903489734,477,vrp,mvo
2021-04-15,6404.863710272243,18756.08926099699,-926.1368973067748,477,vrp,mvo
2021-04-16,3725.0805189518046,18070.51275595294,-1368.226877816614,477,vrp,mvo
2021-04-19,-2293.4465803084768,19999.999829927092,-499.99645294005,477,vrp,mvo
2021-04-20,38047.486814655385,19325.35771392195,-966.3154320088685,477,vrp,mvo
2021-04-21,7313.822508770681,18652.36906544073,-739.3039387194588,477,vrp,mvo
2021-04-22,-8460.05131706366,19046.890297747585,-1120.0540684463883,477,vrp,mvo
2021-04-23,1140.0517967179292,18050.976280749313,-1406.877025889074,476,vrp,mvo
2021-04-26,13458.505220091283,20000.000213001887,43.610487568481346,476,vrp,mvo
2021-04-27,-6741.221310720236,19537.65155970772,384.15294184387204,476,vrp,mvo
2021-04-28,592.8707932745918,18168.27458168345,455.5405619538286,476,vrp,mvo
2021-04-29,-6760.209348713817,17469.019702992256,139.2434325357583,476,vrp,mvo
2021-04-30,10176.206336782374,17131.105288262854,-120.20501722342169,476,vrp,mvo
2021-05-03,-16150.399740861918,20000.000131416375,499.99593458471765,476,vrp,mvo
2021-05-04,9305.252261669992,19340.917139331952,664.904927946431,476,vrp,mvo
2021-05-05,-4959.414242688259,19217.349487873165,221.75826581435436,476,vrp,mvo
2021-05-06,5467.534922900293,18869.852343489776,239.114343540887,476,vrp,mvo
2021-05-07,4965.716271805566,18400.300609577775,-59.69844334360809,476,vrp,mvo
2021-05-10,-8071.357087169572,19999.999650574875,-474.01184112636656,476,vrp,mvo
2021-05-11,14816.678975958705,19852.729517873264,129.26649504290978,476,vrp,mvo
2021-05-12,-9750.895826288925,19533.40528482848,476.7475992052296,476,vrp,mvo
2021-05-13,-3649.9520204713267,19123.480810064037,-0.7257982932063911,476,vrp,mvo
2021-05-14,12470.94977323327,18742.537400216774,-273.0716287485063,476,vrp,mvo
2021-05-17,8641.60430816047,20000.00016097217,-143.65781983242104,476,vrp,mvo
2021-05-18,-757.6148881526641,19888.295290482354,-94.87319565789407,476,vrp,mvo
2021-05-19,-2433.414095857093,19871.577591721063,-15.616025530505349,476,vrp,mvo
2021-05-20,13511.847167969716,19146.12604058129,289.8544412907724,476,vrp,mvo
2021-05-21,3663.083561490023,18715.80083439627,613.3951752209878,476,vrp,mvo
2021-05-24,-3679.8753817216484,20000.000121581044,132.25458174138853,475,vrp,mvo
2021-05-25,2239.687320638558,20023.586688842304,768.8750490626311,475,vrp,mvo
2021-05-26,-5079.228488431236,19050.23460350799,1000.7719621062547,475,vrp,mvo
2021-05-27,-1644.793445889789,18360.565093732017,793.1175165362711,475,vrp,mvo
2021-05-28,-5839.828438764753,18080.530880947186,370.9671724631095,475,vrp,mvo
2021-06-01,-9296.174553192752,20000.000029788902,95.74060496981959,476,vrp,mvo
2021-06-02,2771.8881462478603,19921.95282408922,716.9184157911549,476,vrp,mvo
2021-06-03,-1187.8014281563487,19401.10579552611,469.2797129236263,476,vrp,mvo
2021-06-04,9411.402662330018,19495.292196117796,1154.7796132941226,476,vrp,mvo
2021-06-07,28827.570725601894,19999.999942562124,286.68288089795004,476,vrp,mvo
2021-06-08,1783.0058819767305,19795.222386832527,443.0651519088319,476,vrp,mvo
2021-06-09,-5177.414418035583,19248.146255527965,572.8515235518961,476,vrp,mvo
2021-06-10,-770.9229726894209,18424.73327975957,726.5156862550235,476,vrp,mvo
2021-06-11,-2394.942897109863,17349.196810271675,1246.6120515416067,476,vrp,mvo
2021-06-14,23915.24094787157,19999.999999163134,499.9999972739534,476,vrp,mvo
2021-06-15,-2336.9270930134735,21293.50812194953,-1136.5842014314237,476,vrp,mvo
2021-06-16,803.5258163334179,20782.406529145253,-2066.1046262722916,476,vrp,mvo
2021-06-17,-37879.788140364144,20559.04476867094,-2779.201695673514,476,vrp,mvo
2021-06-18,11773.989708221945,20424.596265958793,-2956.7123508956442,476,vrp,mvo
2021-06-21,19820.69760056302,19999.999998953837,499.9999947774044,476,vrp,mvo
2021-06-22,2509.761937986805,18864.572486316654,786.2105656690449,476,vrp,mvo
2021-06-23,-15630.045713698368,18727.932945990065,456.8786201709386,476,vrp,mvo
2021-06-24,39473.203060833126,20474.3868538073,933.2179536134134,476,vrp,mvo
2021-06-25,-16577.168416526703,18720.555934027267,-715.7000817119659,476,vrp,mvo
2021-06-28,-7017.38331380615,20000.000036114754,499.9999980869455,477,vrp,mvo
2021-06-29,1558.8983639857086,19730.846090803763,548.1218846274056,477,vrp,mvo
2021-06-30,334.19343472838284,19547.638787181648,600.0320455453146,477,vrp,mvo
2021-07-01,10317.43812372974,19292.722840435104,442.9576055930104,477,vrp,mvo
2021-07-02,4878.019511362641,18915.019653571424,312.2464929195013,477,vrp,mvo
2021-07-06,-5098.433696506178,20000.00004903347,499.99999347131006,478,vrp,mvo
2021-07-07,-3363.1791943845237,19539.266942308026,451.75443561104464,478,vrp,mvo
2021-07-08,7279.587549444033,18881.801543586404,382.973338306847,478,vrp,mvo
2021-07-09,12026.853263097517,19044.96783249093,492.5854486745527,478,vrp,mvo
2021-07-12,4036.812950562566,20000.00018807835,-14.633320390407523,480,vrp,mvo
2021-07-13,-5809.7938682136055,19395.734516105535,400.753494714789,480,vrp,mvo
2021-07-14,-5573.187845042441,19102.44447566757,62.146249571459286,480,vrp,mvo
2021-07-15,10040.840681036549,18667.994317803175,109.0326477661015,480,vrp,mvo
2021-07-16,-1400.2898266661402,17443.30433275684,347.0595096794598,480,vrp,mvo
2021-07-19,716.1552499062261,20000.000165753092,499.9999947852205,480,vrp,mvo
2021-07-20,12522.334957925563,20451.534512533508,-91.4973916234953,480,vrp,mvo
2021-07-21,9123.14658698533,20564.799963004298,-34.57940274940631,480,vrp,mvo
2021-07-22,5238.075217861614,19122.030081717585,-357.08592635960673,480,vrp,mvo
2021-07-23,-465.1671848388279,18295.291946413512,-1231.9372467455119,480,vrp,mvo
2021-07-26,-1283.3448177543369,19999.999721864817,499.99999492403174,480,vrp,mvo
2021-07-27,-11699.818365195642,19384.498697603376,285.95072870914106,480,vrp,mvo
2021-07-28,-4573.123769546383,19204.4996440119,131.93042468761473,480,vrp,mvo
2021-07-29,-21301.359564625833,17194.988937319256,-979.8445073063634,479,vrp,mvo
2021-07-30,10934.85166715057,16391.055624130335,-308.5448271624668,479,vrp,mvo
2021-08-02,7805.69006494475,19999.99971699555,499.9999934130275,479,vrp,mvo
2021-08-03,10271.664886165427,19661.237785306465,799.2888280254184,479,vrp,mvo
2021-08-04,-4844.342654203261,19262.51163668878,727.5584042650817,479,vrp,mvo
2021-08-05,13689.429737677125,19458.280970434742,566.1442034296563,479,vrp,mvo
2021-08-06,8205.984590995202,19168.66252241731,677.5111042115825,479,vrp,mvo
2021-08-09,4363.0517957674765,20000.000356239365,-499.99999299016935,479,vrp,mvo
2021-08-10,-760.3500949218045,19586.115704264954,-602.4007020762696,479,vrp,mvo
2021-08-11,-2717.756254411429,19002.996702117238,-519.8323119878739,479,vrp,mvo
2021-08-12,-2264.278845179948,18702.495594428,-668.4700663877471,479,vrp,mvo
2021-08-13,6205.233946815275,18376.577563548388,-512.7973933588619,479,vrp,mvo
2021-08-16,-1700.819399930782,20000.00009161667,-499.9999865105639,479,vrp,mvo
2021-08-17,-13339.526459763843,19840.789391526156,-549.5728045015221,479,vrp,mvo
2021-08-18,14974.909090962585,19477.000853785183,-660.151448514534,479,vrp,mvo
2021-08-19,-9348.731530987481,19108.614726592794,-486.01084422175353,479,vrp,mvo
2021-08-20,1599.270414223194,18840.410379185967,-731.1190797724967,479,vrp,mvo
2021-08-23,13844.982860074831,20000.000014258378,-10.414359139023631,479,vrp,mvo
2021-08-24,-17243.449882918223,20152.106164162604,-348.346599047181,479,vrp,mvo
2021-08-25,2153.3742541211764,19688.255058504477,-5.00922361952751,479,vrp,mvo
2021-08-26,4066.935235306762,19214.5920678657,44.54949853287375,479,vrp,mvo
2021-08-27,5331.879987681854,18320.98996355297,-79.68879508912713,479,vrp,mvo
2021-08-30,-9551.984790664192,20000.00011914658,-499.9999978422818,479,vrp,mvo
2021-08-31,-5766.253531552414,20012.491890184127,-758.8507002044228,479,vrp,mvo
2021-09-01,-1956.0485866851484,19593.98778786114,-562.8952485752714,479,vrp,mvo
2021-09-02,-8032.673562051054,19310.777997895166,-1024.7996566240517,479,vrp,mvo
2021-09-03,1964.7154668463786,18755.693147908652,-976.9743369697053,478,vrp,mvo
2021-09-07,17110.164043718738,19999.99996765248,-499.9999911791078,478,vrp,mvo
2021-09-08,24135.683237527388,20523.494788842778,1398.2444197030723,478,vrp,mvo
2021-09-09,10094.186816775646,19964.70551466643,1779.8887670437737,478,vrp,mvo
2021-09-10,-6214.28637382483,17808.196806287546,512.0875377613279,478,vrp,mvo
2021-09-13,-13276.842344412402,20000.000193867305,-141.65420345895242,478,vrp,mvo
2021-09-14,6792.1004140532195,18672.413242283335,-159.14705743065008,478,vrp,mvo
2021-09-15,-13572.68104083161,18796.853351894217,-58.30562369632285,478,vrp,mvo
2021-09-16,20557.912406500785,18730.93498849298,49.661010407469924,478,vrp,mvo
2021-09-17,-12298.50106156997,17928.475460919562,-165.5763723346962,478,vrp,mvo
2021-09-20,-5622.018103272751,19999.999958168974,-499.9999949445368,478,vrp,mvo
2021-09-21,3864.3230540134387,20341.96312602031,1626.1509861203513,478,vrp,mvo
2021-09-22,-1614.6088258524526,19767.98975836719,1788.3323810198913,478,vrp,mvo
2021-09-23,-7499.060691653651,18852.41438418452,2190.1043324959132,478,vrp,mvo
2021-09-24,13754.981658492878,18426.243999607403,1973.174926110687,478,vrp,mvo
2021-09-27,-7348.802790846399,19999.99997057334,143.5248439997796,478,vrp,mvo
2021-09-28,1286.4833230427546,19468.645226836998,256.3495504393715,478,vrp,mvo
2021-09-29,27384.114501941254,20250.1334978959,1417.387059934108,478,vrp,mvo
2021-09-30,12605.027124896536,19180.223699627204,747.3213464939304,478,vrp,mvo
2021-10-01,-9910.601094339268,19807.176305026558,1205.169583127741,478,vrp,mvo
2021-10-04,11376.651537103107,20000.000138865544,28.93221055885066,478,vrp,mvo
2021-10-05,-1165.553740553526,20210.52799896916,76.02234236574785,478,vrp,mvo
2021-10-06,-10926.349361784163,19924.695232595,-154.25199383682673,478,vrp,mvo
2021-10-07,9108.231685045996,19928.801009493516,248.4342616653059,478,vrp,mvo
2021-10-08,-4713.024669528779,19266.91572613533,1.1496150192502503,478,vrp,mvo
2021-10-11,2424.3679864908104,20000.00042465062,-499.99997341306744,479,vrp,mvo
2021-10-12,-794.4016414679967,19689.762849758048,-488.836646219743,479,vrp,mvo
2021-10-13,4431.756613054481,19444.041822467334,-773.1999716236181,479,vrp,mvo
2021-10-14,17893.174131591346,19218.67553442519,-658.8779637332041,479,vrp,mvo
2021-10-15,-6735.49582764218,18821.36965837471,-745.2168983646496,479,vrp,mvo
2021-10-18,-5120.540581599485,20000.000349962753,-499.99999896037184,479,vrp,mvo
2021-10-19,-4124.7446077698605,19866.877113521496,-864.6920314033065,479,vrp,mvo
2021-10-20,12096.345665060237,19188.884210667282,-944.5979670902665,479,vrp,mvo
2021-10-21,18604.6431242223,18258.731992036242,-1176.0293527399847,479,vrp,mvo
2021-10-22,-8106.01272322435,17643.206807083887,-1329.7202148061103,479,vrp,mvo
2021-10-25,-10390.740516367825,19999.99989602596,-499.9999981977081,479,vrp,mvo
2021-10-26,6667.717019893484,19865.36466369132,-639.2220384998409,479,vrp,mvo
2021-10-27,-16636.50196877623,19928.068608014266,514.9641778177772,479,vrp,mvo
2021-10-28,17834.085423408167,18730.22147186344,-590.5002639807567,479,vrp,mvo
2021-10-29,-10549.895113567733,17335.98279865351,-686.9294541254922,479,vrp,mvo
2021-11-01,-3259.864193512381,20000.00004283158,-499.99997762796255,479,vrp,mvo
2021-11-02,15311.540909834914,19365.565910989935,-387.84823858873034,479,vrp,mvo
2021-11-03,-3231.162749230436,18968.76750111688,-650.060651751803,479,vrp,mvo
2021-11-04,14073.948641820469,18395.089248316282,-534.7380701348245,479,vrp,mvo
2021-11-05,-15340.697138607116,17859.581816788203,-425.9667813286864,479,vrp,mvo
2021-11-08,-8668.33652105737,19999.999980496672,-499.99999158411487,479,vrp,mvo
2021-11-09,3770.463851390428,19320.333299635386,-689.9286498173802,479,vrp,mvo
2021-11-10,12968.545017137014,19097.39283975501,-87.1655568940418,479,vrp,mvo
2021-11-11,-8969.391825085306,18864.745511420453,-598.1748426570633,479,vrp,mvo
2021-11-12,-3188.641810995281,18188.203161684414,-932.4386046907982,479,vrp,mvo
2021-11-15,-2968.1030120101736,19999.99997631249,-499.9999937765243,479,vrp,mvo
2021-11-16,15061.005426818132,20701.239624079364,-1236.5110293648045,479,vrp,mvo
2021-11-17,-3830.545574033567,20640.877213567008,-1164.1620709832275,479,vrp,mvo
2021-11-18,229937.317608717,20022.168330833007,-1383.3821398978546,479,vrp,mvo
2021-11-19,-18317.713520765254,19206.59564919034,-1368.2366302792832,479,vrp,mvo
2021-11-22,16268.061474522325,19999.999792946226,-499.9999978579404,479,vrp,mvo
2021-11-23,3054.3935692385953,21191.71800501454,321.246508410621,479,vrp,mvo
2021-11-24,-16094.57795781263,20269.58504028167,428.7155612788966,479,vrp,mvo
2021-11-26,-12193.914781211508,19498.65312470544,133.98861993536292,479,vrp,mvo
2021-11-29,536.267570118499,20000.000061687206,-499.9999983452879,479,vrp,mvo
2021-11-30,4049.8636437800974,18828.52058070081,-779.3679855524265,479,vrp,mvo
2021-12-01,-15458.451822076338,17703.646534290514,-770.9173046839414,479,vrp,mvo
2021-12-02,-8373.02606073546,18412.200089089776,-784.9470629503893,479,vrp,mvo
2021-12-03,-2429.5989910655608,17881.543542124833,-1068.0728091148385,479,vrp,mvo
2021-12-06,24599.239725377865,20000.00004111765,-499.99999319474244,479,vrp,mvo
2021-12-07,8962.630698118213,19901.59700385844,-617.4423669035061,479,vrp,mvo
2021-12-08,-2698.925273135351,19650.152775783474,-517.0058136167726,479,vrp,mvo
2021-12-09,17584.96222887118,18966.23394113269,-452.76719798630137,479,vrp,mvo
2021-12-10,19889.06229763469,18376.693189816844,-419.1674979834569,479,vrp,mvo
2021-12-13,-3114.613520000213,19999.999682186888,-499.9999958326838,480,vrp,mvo
2021-12-14,-17782.43913938083,19843.409832392867,-692.9441486279751,480,vrp,mvo
2021-12-15,-15144.68551141462,19530.518285510512,-361.11540640473913,480,vrp,mvo
2021-12-16,200.49252218982303,19364.51599029081,-61.38841252175094,480,vrp,mvo
2021-12-17,9427.822622312677,18871.26139705849,-473.4588528844522,480,vrp,mvo
2021-12-20,12179.853124951827,20000.000065748092,-499.999999497987,480,vrp,mvo
2021-12-21,-4612.885097497812,19860.744395771068,-922.7559484717278,480,vrp,mvo
2021-12-22,-3469.9325270880745,19354.42889658253,-1254.2490270256326,479,vrp,mvo
2021-12-23,9144.538409507495,19254.69645149552,-1203.526509174778,479,vrp,mvo
2021-12-27,4687.561004839566,19999.99989220293,-499.999999178124,479,vrp,mvo
2021-12-28,-4298.630224133764,19949.222981491603,-855.498866865666,479,vrp,mvo
2021-12-29,-26762.574563727576,19040.47383654768,-951.5045388695625,479,vrp,mvo
2021-12-30,-48564.37621497545,18887.366915615643,-1616.1404896610577,479,vrp,mvo
2021-12-31,76670.53669306169,17784.593390491802,-1065.704130146512,479,vrp,mvo
2022-01-03,-62822.71669173996,19999.99963159127,-499.99999757779113,479,vrp,mvo
2022-01-04,-781.4178557625503,19649.570367894485,-550.8726180238881,479,vrp,mvo
2022-01-05,11558.422803382184,19000.997288049326,-649.3092641112577,479,vrp,mvo
2022-01-06,-7116.318676895625,18791.818820022876,-840.9794521817498,479,vrp,mvo
2022-01-07,-14094.726373881596,18367.273546818684,-1011.5219847430709,479,vrp,mvo
2022-01-10,-25790.699120998466,19499.35536289816,-1000.6447171092767,481,vrp,mvo
2022-01-11,20877.780985057296,19338.4534573133,-935.590029820915,470,vrp,mvo
2022-01-12,1236.3145674715577,18903.0936096181,-958.3873712196031,470,vrp,mvo
2022-01-13,-573.9757264856091,19178.10429323475,-337.864801814228,470,vrp,mvo
2022-01-14,-4831.555156176609,18676.429853996473,-491.0878892848558,470,vrp,mvo
2022-01-18,-15490.672640591602,19999.999609297138,-499.99934999541534,470,vrp,mvo
2022-01-19,6871.82123702957,20205.567265763424,-236.7822209757052,469,vrp,mvo
2022-01-20,-2538.529127381236,19333.133745792242,-554.4048702378205,469,vrp,mvo
2022-01-21,-4365.812008024592,19222.536974664785,-254.14921430635272,469,vrp,mvo
2022-01-24,959.6588776202973,20000.00038819695,-377.17989492162974,469,vrp,mvo
2022-01-25,37463.379552620405,19108.674394848054,-187.8092238521993,469,vrp,mvo
2022-01-26,-21957.648406002623,19324.09016521697,-236.41325775541048,469,vrp,mvo
2022-01-27,-25830.873156953363,18719.974890767564,-479.57926847725713,469,vrp,mvo
2022-01-28,15519.834085101522,18847.767800467213,-34.10332998393523,469,vrp,mvo
2022-01-31,7872.260532518507,19999.999940326787,-499.99998741555515,469,vrp,mvo
2022-02-01,-1875.1372981761945,19711.966395084593,-1041.3844209845051,469,vrp,mvo
2022-02-02,-11096.348449971765,19558.34228088478,-1076.1450730176314,469,vrp,mvo
2022-02-03,10840.828762364727,19222.07848485738,-1061.9781586769898,469,vrp,mvo
2022-02-04,-9009.809924950916,18872.62013138423,-891.0767495952603,469,vrp,mvo
2022-02-07,-4256.012183750503,20000.000101044792,428.8538674302181,469,vrp,mvo
2022-02-08,10022.227657158714,19162.337249116124,584.3511341235119,469,vrp,mvo
2022-02-09,-12791.624871213551,19845.438976698188,1211.4340337132803,469,vrp,mvo
2022-02-10,357.89721431255725,19743.206397659185,1615.1115652938263,469,vrp,mvo
2022-02-11,25946.177298635517,18955.834812519686,1905.838797376154,469,vrp,mvo
2022-02-14,-18416.54679848787,19999.999873774508,125.01760440806375,470,vrp,mvo
2022-02-15,-3076.1063981611833,19475.389964544225,-46.54408972930885,470,vrp,mvo
2022-02-16,-10991.35058553499,19073.01491211205,18.89940071451135,470,vrp,mvo
2022-02-17,9403.871972370123,18596.167451753663,-228.233352721398,470,vrp,mvo
2022-02-18,-1420.871465188986,17927.276914522135,-177.94244951242268,470,vrp,mvo
2022-02-22,10933.61302488693,19799.75355037751,592.4126596078819,470,vrp,mvo
2022-02-23,2965.7091976430333,20967.337584482964,-2396.568892292117,469,vrp,mvo
2022-02-24,-4816.734110357276,21663.272730810957,-2026.7043776992355,467,vrp,mvo
2022-02-25,6452.232383406901,22184.476295634206,-2802.1446037332403,467,vrp,mvo
2022-02-28,10540.502804628974,20000.00014671434,499.99999911173404,467,vrp,mvo
2022-03-01,2878.4757114445356,12935.71761078782,674.424791581019,368,vrp,mvo
2022-03-02,-4848.734596962905,12927.592716230438,678.5937467597201,368,vrp,mvo
2022-03-03,4098.700926566525,12723.764988018163,719.1962419369934,368,vrp,mvo
2022-03-04,3355.323573790325,12599.774580040392,611.0464797305726,368,vrp,mvo
2022-03-07,4458.750499806455,19198.71363372244,-963.3271986845907,368,vrp,mvo
2022-03-08,3746.781942879256,19426.141344601496,-1214.1801178100854,366,vrp,mvo
2022-03-09,16354.430343856688,19457.041900281965,-996.5120408593783,366,vrp,mvo
2022-03-10,-445.50640256556517,19156.96958882366,-968.0334708021853,366,vrp,mvo
2022-03-11,1039.0111718491191,18639.63123090252,-745.207216539066,366,vrp,mvo
2022-03-14,-7973.638595675141,19999.998203281808,-499.99993714301576,371,vrp,mvo
2022-03-15,12971.705894739554,19945.228551281372,-746.3424679289725,371,vrp,mvo
2022-03-16,17898.457093819612,20102.193380056946,-780.5985030047196,371,vrp,mvo
2022-03-17,7459.589720367624,20104.545939484462,-688.2311163648222,371,vrp,mvo
2022-03-18,3499.9795149128486,19893.662967541113,-782.1011135985624,371,vrp,mvo
2022-03-21,6767.3486220032055,20000.00041518844,-499.9999967894136,464,vrp,mvo
2022-03-22,-5374.333141455608,19734.014428862298,-311.87686032982776,464,vrp,mvo
2022-03-23,-14980.64209221179,19611.092305181475,-556.9297853031665,464,vrp,mvo
2022-03-24,15346.974609133085,19200.318030682072,-213.24643157741122,464,vrp,mvo
2022-03-25,-7020.2831199124785,18577.85687464198,-231.10180012994368,464,vrp,mvo
2022-03-28,23520.834801454752,20000.000135525377,-499.99999666813716,485,vrp,mvo
2022-03-29,25099.04536939295,19600.16109777561,-1642.2791803426817,485,vrp,mvo
2022-03-30,1351.3350648575679,19072.23162039319,-1652.7725997258794,485,vrp,mvo
2022-03-31,-9499.7500421718,19930.421892947146,-1811.5367826157044,485,vrp,mvo
2022-04-01,8981.938937918165,19293.840409861154,-1514.0342965445418,485,vrp,mvo
2022-04-04,14632.255038998055,19999.99937573998,-499.99999411635554,487,vrp,mvo
2022-04-05,-5163.061411303897,20088.826552083578,-288.69580779584163,487,vrp,mvo
2022-04-06,168.09391404409902,19652.220674405304,-1694.0441551797269,487,vrp,mvo
2022-04-07,-16921.671473582675,19546.447131156223,-1119.3411036345153,487,vrp,mvo
2022-04-08,5387.781174031471,19041.65122673717,-863.4695945186594,487,vrp,mvo
2022-04-11,16920.838204358497,19828.47131568688,-671.5286341599614,487,vrp,mvo
2022-04-12,-5159.888783253719,18962.824379140275,-1057.2391229555544,486,vrp,mvo
2022-04-13,5693.219598300608,18478.560498429826,-622.0559426285372,486,vrp,mvo
2022-04-14,-9039.407081923755,18924.741375845024,-251.49852781348932,486,vrp,mvo
2022-04-18,17847.401479215554,20000.000575509584,499.99996386909476,486,vrp,mvo
2022-04-19,-21987.436699421552,19208.48015837212,444.86283693726915,486,vrp,mvo
2022-04-20,8807.879558861634,18329.461753035434,337.05174475712346,484,vrp,mvo
2022-04-21,-14404.421195641677,18575.83120651094,292.1538991020132,484,vrp,mvo
2022-04-22,-29776.58319227436,18875.83760006301,-304.1819536426234,484,vrp,mvo
2022-04-25,7793.299823221817,20000.000006315942,499.9999844539327,484,vrp,mvo
2022-04-26,-14481.492450692524,20087.289301786823,814.1173313733664,484,vrp,mvo
2022-04-27,17710.1906662971,18742.742531851367,84.20959606473316,484,vrp,mvo
2022-04-28,17893.233310736596,19504.508309314075,1135.8187941919807,484,vrp,mvo
2022-04-29,-16539.542995629323,19187.606633551193,1096.4857003073778,484,vrp,mvo
2022-05-02,44582.72247083408,20000.000181053343,499.9999977481303,484,vrp,mvo
2022-05-03,6929.627573202447,19732.199907851056,603.3388389122381,484,vrp,mvo
2022-05-04,3740.59846599902,19171.125285041588,599.3815895081987,484,vrp,mvo
2022-05-05,1690.110407282111,19205.723972229083,562.70071798875,484,vrp,mvo
2022-05-06,-21388.36707721118,18016.509727195065,857.5611701487137,484,vrp,mvo
2022-05-09,12450.811022428761,20000.000129890188,312.7839070361352,484,vrp,mvo
2022-05-10,17358.535868563325,20252.062351698925,-89.09369347251905,484,vrp,mvo
2022-05-11,-17433.53743361513,19743.056121457776,-443.1046114573609,484,vrp,mvo
2022-05-12,36648.85311931102,19696.552688412638,-296.8441848196636,484,vrp,mvo
2022-05-13,-5369.295322401096,19692.80753857772,402.2316608499502,484,vrp,mvo
2022-05-16,6014.214632298044,20000.000038768372,499.9999931310157,484,vrp,mvo
2022-05-17,-15620.874210632866,19651.295700714145,-629.4311667271099,484,vrp,mvo
2022-05-18,-36551.53782203295,19945.277504177415,-407.53605153626023,484,vrp,mvo
2022-05-19,4696.598966388128,19582.20433815647,-228.06159741968588,484,vrp,mvo
2022-05-20,28474.38876917147,19511.504668911264,-260.5102378873306,484,vrp,mvo
2022-05-23,-1958.4524493416977,19999.999646363925,499.99999536865835,484,vrp,mvo
2022-05-24,-3543.4336039821633,19398.05918565365,143.31231861226178,484,vrp,mvo
2022-05-25,2045.498040873583,18758.206499255713,45.99897237337547,484,vrp,mvo
2022-05-26,-55639.247280401854,20502.06255970687,-970.4034552174129,484,vrp,mvo
2022-05-27,19090.188517593986,19877.14800917156,-1421.2471821063689,484,vrp,mvo
2022-05-31,1332.5237359602536,19999.99967953192,499.9999908433832,484,vrp,mvo
2022-06-01,-5106.713946752989,19240.24433469936,143.4989494181491,484,vrp,mvo
2022-06-02,4718.361345791374,19031.558953360116,99.66610409956694,484,vrp,mvo
2022-06-03,20632.933790939253,18975.70271722043,453.82202619902324,484,vrp,mvo
2022-06-06,268.9017915615152,19999.999150238982,-152.2807785765613,484,vrp,mvo
2022-06-07,2981.0044516265407,19530.565144241325,-570.7610171938891,484,vrp,mvo
2022-06-08,13028.837711084081,19247.787554080838,350.4250291454887,484,vrp,mvo
2022-06-09,-32433.22008412867,19083.963046819394,285.54578586234925,484,vrp,mvo
2022-06-10,28315.42673028389,18127.535140604738,240.48481304867678,484,vrp,mvo
2022-06-13,-44672.750263434995,19999.999917968635,-499.9998528416273,484,vrp,mvo
2022-06-14,-1311.9311763120372,20223.82962428692,189.68343317612687,484,vrp,mvo
2022-06-15,14138.680843062126,19055.32654324756,-805.3196469855772,483,vrp,mvo
2022-06-16,638.4689059308599,21067.292470113327,-577.9905683999214,482,vrp,mvo
2022-06-17,-23691.686222988592,21013.15889313219,-878.735707644812,482,vrp,mvo
2022-06-21,-5794.678255343994,20000.000473252858,-499.999980791312,483,vrp,mvo
2022-06-22,-21426.26686908552,19342.041206424037,-605.4231493880687,483,vrp,mvo
2022-06-23,-26886.830851020026,19786.589991657296,-267.2774000831064,483,vrp,mvo
2022-06-24,20472.17010595126,19779.07150606125,626.1845821939834,483,vrp,mvo
2022-06-27,-1880.2720049324519,20000.0000844923,499.9998154926414,483,vrp,mvo
2022-06-28,5034.693627249695,19700.451090569095,440.3802186297762,483,vrp,mvo
2022-06-29,14138.564032467648,19305.97056511132,421.1555015871724,483,vrp,mvo
2022-06-30,-5633.574398449754,18869.91403598357,117.12228458463966,483,vrp,mvo
2022-07-01,-6012.633434658246,18868.631837447912,56.976929864959615,482,vrp,mvo
2022-07-05,1621.1936441025491,19999.999353820156,499.9999870739151,482,vrp,mvo
2022-07-06,16889.933124608007,19589.356125109258,424.1579810635935,482,vrp,mvo
2022-07-07,-25245.07575426387,19541.421197164073,453.4024387075642,482,vrp,mvo
2022-07-08,4607.766467992582,19123.45692025605,479.6483114258723,482,vrp,mvo
2022-07-11,-12411.173263996929,19499.901581764712,-0.09828975705595247,482,vrp,mvo
2022-07-12,13919.476986345255,19281.07864790242,-108.40400655195826,482,vrp,mvo
2022-07-13,16753.872659705983,18791.25743394624,-233.42390857016196,482,vrp,mvo
2022-07-14,-39117.92439270266,18151.20427782196,-485.0635693436139,482,vrp,mvo
2022-07-15,22800.803065001848,18193.087042613355,-338.4356801483201,482,vrp,mvo
2022-07-18,43687.11414483623,20000.000238373737,386.15596675,483,vrp,mvo
2022-07-19,-92234.03698291817,21418.803087876986,-869.8021916829284,483,vrp,mvo
2022-07-20,18602.72901218964,20419.427877109392,-612.2568977600636,483,vrp,mvo
2022-07-21,15656.349451489714,19341.813697194048,-1624.346539361812,483,vrp,mvo
2022-07-22,2854.5471652476863,20404.28966319584,-3799.2934437587446,483,vrp,mvo
2022-07-25,1505.1384502889607,20000.00017891241,-499.9999783218647,483,vrp,mvo
2022-07-26,562.746188513616,19416.198220624447,-825.488988266363,483,vrp,mvo
2022-07-27,17787.17487499947,18070.821831805224,-502.4498882024659,482,vrp,mvo
2022-07-28,-3402.5483967813834,19785.181840257374,1417.2262444690637,482,vrp,mvo
2022-07-29,-19917.504823368115,20097.156983268036,2793.071839828252,482,vrp,mvo
2022-08-01,13226.912402952776,20000.000262218276,-499.9998801239063,483,vrp,mvo
2022-08-02,-2442.6843317819835,20867.86182724143,-1868.9101998652795,483,vrp,mvo
2022-08-03,14232.710695193622,20502.113123732943,-2015.3963505662205,483,vrp,mvo
2022-08-04,12273.213755165236,20313.883261887157,-2199.1142256686835,483,vrp,mvo
2022-08-05,4781.698971176192,19223.59045158653,-2061.26022936382,483,vrp,mvo
2022-08-08,-58238.07462170054,19999.999819163648,-499.9999894762683,483,vrp,mvo
2022-08-09,39152.726558760645,19317.82892158865,-112.64758013821427,483,vrp,mvo
2022-08-10,12365.630081439273,17932.369328827433,-215.66230030773605,483,vrp,mvo
2022-08-11,-332.0911437321384,17682.202020570396,-33.39400231086079,483,vrp,mvo
2022-08-12,10558.38823164148,16538.22122132507,-119.5420671769887,482,vrp,mvo
2022-08-15,-7034.890325442996,19999.999664280793,499.99999046663476,482,vrp,mvo
2022-08-16,-6413.300718324394,20854.290242333365,923.9286730499149,482,vrp,mvo
2022-08-17,8640.041198865109,20935.845182049787,913.1603594165603,482,vrp,mvo
2022-08-18,-6459.819527397687,21004.814199643315,217.7398321732768,482,vrp,mvo
2022-08-19,4202.74918076738,20135.083136208155,-47.27140680036338,482,vrp,mvo
2022-08-22,25995.100682283723,20000.00003086385,-499.99998347354193,483,vrp,mvo
2022-08-23,-26034.59659214714,19393.255862825616,-792.4625169592684,483,vrp,mvo
2022-08-24,1216.366070613079,20114.003053165015,-1779.1708403334464,483,vrp,mvo
2022-08-25,-9987.445371883645,19274.583522128414,-1173.3562475862384,483,vrp,mvo
2022-08-26,22660.696748097747,20311.44075262569,-602.4932806898507,483,vrp,mvo
2022-08-29,2498.3274857781994,19999.999975761482,-499.9998244623277,483,vrp,mvo
2022-08-30,-11774.6377818728,19573.050317955338,-346.9310006887871,481,vrp,mvo
2022-08-31,8694.15366911473,19204.70874516951,-264.2270833472665,481,vrp,mvo
2022-09-01,10750.457098326504,18750.006825504785,-307.36886866023815,481,vrp,mvo
2022-09-02,-14050.693791224818,18373.857285972532,-474.50690111985585,481,vrp,mvo
2022-09-06,19872.706802366978,20000.00023721999,-499.99999153735286,483,vrp,mvo
2022-09-07,34438.78003077311,20157.162689884,-592.224054193188,483,vrp,mvo
2022-09-08,4315.4162152370545,20555.163973728286,-1464.4251484556803,483,vrp,mvo
2022-09-09,-12051.71643666141,20407.280037331147,-1907.9099361006895,483,vrp,mvo
2022-09-12,9906.76663739334,19999.999988655156,-499.9999819481866,484,vrp,mvo
2022-09-13,423.7231907238622,19597.530131067808,261.2429713215144,484,vrp,mvo
2022-09-14,4500.442351817248,18907.750921111045,-282.2014899721745,483,vrp,mvo
2022-09-15,-11681.661068950281,19034.353792412265,-215.3482944709232,483,vrp,mvo
2022-09-16,-8753.082974611543,18077.23498899351,-444.59814509926207,483,vrp,mvo
2022-09-19,12365.7035866245,20000.000245967472,-330.6079337025303,483,vrp,mvo
2022-09-20,-5386.550781976097,18035.213865937752,-438.17485667389315,483,vrp,mvo
2022-09-21,-6036.607273251515,18156.579464750383,-207.8562588691049,483,vrp,mvo
2022-09-22,-5243.384182019655,19404.240048672906,463.3698359687781,483,vrp,mvo
2022-09-23,2077.776121008929,20857.60058240828,823.8305484814488,483,vrp,mvo
2022-09-26,5166.626104711126,20000.000064724976,295.77020993396513,484,vrp,mvo
2022-09-27,37616.77817599256,20316.435523598935,974.9260903453834,484,vrp,mvo
2022-09-28,-92928.25240723528,21783.350905469906,52.41535140041908,484,vrp,mvo
2022-09-29,13663.021227192005,21047.67998649585,470.1513838065074,484,vrp,mvo
2022-09-30,-23216.732419191496,20064.580505805807,-1805.274727576053,483,vrp,mvo
2022-10-03,35901.08388218114,19999.999611539162,162.02963490042475,483,vrp,mvo
2022-10-04,7325.378540586852,19436.242923118276,352.8701773808869,482,vrp,mvo
2022-10-05,-14511.836031052135,19341.43671324838,260.5217925770569,482,vrp,mvo
2022-10-06,-7368.676822924292,19008.932974224652,393.0848417217502,482,vrp,mvo
2022-10-07,2563.9329508421356,18434.538849588127,232.1083349109193,482,vrp,mvo
2022-10-10,6177.4944242822485,20000.00002908356,499.99998276982205,482,vrp,mvo
2022-10-11,-11538.182734035976,19649.09170505433,511.0224996873432,481,vrp,mvo
2022-10-12,-2817.0079085608936,19379.963773322936,480.53101291273805,481,vrp,mvo
2022-10-13,8491.714214768845,19411.243090320524,600.0793169128165,481,vrp,mvo
2022-10-14,-3201.743761435226,18952.104854153746,435.7722592356248,481,vrp,mvo
2022-10-17,6310.394686790256,19999.99993915141,-499.9999817645948,481,vrp,mvo
2022-10-18,-2381.904671398901,19739.198331422365,-566.6445528013522,481,vrp,mvo
2022-10-19,-1532.1565784360137,19432.62313713114,-569.0622589043742,481,vrp,mvo
2022-10-20,-4757.065567924324,19615.293144656785,-944.5539483277691,480,vrp,mvo
2022-10-21,15620.071851162715,19315.855414927377,-889.9565430250899,480,vrp,mvo
2022-10-24,3169.283716128508,20000.00009354168,-499.99999537910895,480,vrp,mvo
2022-10-25,-25533.6150587754,19623.87804673058,-844.409192189019,480,vrp,mvo
2022-10-26,22473.54497616832,18785.661313953653,-587.0065690063844,480,vrp,mvo
2022-10-27,-34539.665080611514,19300.93129029266,-961.4278316417314,480,vrp,mvo
2022-10-28,39236.67706981612,18866.890537989017,-1152.591330400454,480,vrp,mvo
2022-10-31,-58187.615106432175,19999.99996501519,-499.99998899127024,482,vrp,mvo
2022-11-01,19988.58267552943,19453.184345892267,-450.3052168470619,481,vrp,mvo
2022-11-02,-5664.522167732488,19044.75796916218,-721.4888548293786,481,vrp,mvo
2022-11-03,6929.81558732457,18347.708147727964,-454.96259564146027,481,vrp,mvo
2022-11-04,2811.8442414065694,18178.819849237,-601.6890104549941,481,vrp,mvo
2022-11-07,-11979.933973080855,19915.139078050204,-584.8606315731781,481,vrp,mvo
2022-11-08,-9788.327081086236,19901.55182574729,-785.53819292601,481,vrp,mvo
2022-11-09,22390.232785998574,19372.33829177659,-1107.367917601294,481,vrp,mvo
2022-11-10,30359.772965421434,19088.16548978405,-214.58538144367992,481,vrp,mvo
2022-11-11,-3385.2737447877926,19175.589998354364,-1786.4434775471502,481,vrp,mvo
2022-11-14,11258.162409898368,20000.00011188798,-499.99998263553766,481,vrp,mvo
2022-11-15,1923.4132330651023,19523.50648099477,-1406.3539935286017,481,vrp,mvo
2022-11-16,4442.100132362369,20075.116902616,-1161.635038198001,481,vrp,mvo
2022-11-17,-7384.843142544401,19537.208995683774,-1613.3244054224035,481,vrp,mvo
2022-11-18,18266.105677139723,19852.34656279318,-1872.5731084581837,481,vrp,mvo
2022-11-21,3610.800402251268,20000.000266310923,-499.9999989722664,481,vrp,mvo
2022-11-22,-8143.826339634615,19020.82512946153,-995.0152443198931,481,vrp,mvo
2022-11-23,-544.5666973386604,18403.40314990565,-853.6156014044576,481,vrp,mvo
2022-11-25,-11648.83231460078,17116.627824325376,-1364.0502163327906,481,vrp,mvo
2022-11-28,44375.48026138617,19999.99937492402,-499.99999456068645,481,vrp,mvo
2022-11-29,-8929.095244028736,19590.903507498846,-669.6281246241679,481,vrp,mvo
2022-11-30,26661.02029878138,18958.06482629559,-762.1738120048357,481,vrp,mvo
2022-12-01,-13862.334725761948,18180.764951002155,-1605.6312675946353,481,vrp,mvo
2022-12-02,12579.522595514889,18353.868371599983,-1156.8633972489677,481,vrp,mvo
2022-12-05,1211.2346069234816,20000.000152606153,-499.99999859696425,480,vrp,mvo
2022-12-06,-10455.808028062578,20094.02733429033,-67.07086944188391,480,vrp,mvo
2022-12-07,-2032.7625428358854,19944.344488375376,121.36086718185003,480,vrp,mvo
2022-12-08,6271.927591372502,19091.88638931335,-531.4234563051649,480,vrp,mvo
2022-12-09,11688.222363072859,18738.84330100149,-607.8521435760231,480,vrp,mvo
2022-12-12,-13591.633324002156,19999.99979515082,-499.99999899303197,481,vrp,mvo
2022-12-13,-5830.237234751753,19530.401050187327,-556.999575979644,481,vrp,mvo
2022-12-14,967.5928811528969,18913.58441915266,-207.3835071084568,481,vrp,mvo
2022-12-15,6314.825918147652,18548.153519212377,-518.5850661728939,481,vrp,mvo
2022-12-16,5104.123062209328,18475.74494510831,-236.10258466286194,481,vrp,mvo
2022-12-19,-1016.5062872510982,20000.000108072618,-499.9999847031227,481,vrp,mvo
2022-12-20,844.6796066831852,19494.37174424977,-696.5331743332642,481,vrp,mvo
2022-12-21,3294.888814610403,19162.72785685973,-691.6475172198377,481,vrp,mvo
2022-12-22,5720.174957644265,19138.363609049055,-582.9674595521161,481,vrp,mvo
2022-12-23,-7942.03860540726,18564.28443997193,-977.8733689202462,480,vrp,mvo
2022-12-27,-2919.907723528417,20000.000152610726,-499.99999542202363,480,vrp,mvo
2022-12-28,10473.292517712207,19454.74038799056,-360.85196549600386,480,vrp,mvo
2022-12-29,-14573.76544814588,19823.620210604906,-441.09629119990257,480,vrp,mvo
2022-12-30,7551.177176226803,19051.674380808403,-903.4628428524992,480,vrp,mvo
2023-01-03,6334.5912073480495,19656.07623017403,-843.923964004855,478,vrp,mvo
2023-01-04,-5755.997864206952,19507.070672087866,-877.2192714935437,478,vrp,mvo
2023-01-05,4553.071346843802,19168.15761821324,-821.4586333959785,478,vrp,mvo
2023-01-06,7021.3553842265965,18838.98047105843,-1110.2133356431787,478,vrp,mvo
2023-01-09,7775.2217471999365,20000.0006217043,-499.9999991243439,478,vrp,mvo
2023-01-10,-586.23278391916,19460.761299584927,-580.4295196166689,478,vrp,mvo
2023-01-11,-4886.873925693303,18604.55778152685,-953.4217167811831,473,vrp,mvo
2023-01-12,8115.970072928319,19510.324248744862,-2359.4633079450296,473,vrp,mvo
2023-01-13,-4611.033828064912,18805.625717347983,-2568.449228436875,473,vrp,mvo
2023-01-17,12595.060901979894,20000.000325826353,-499.99999742207024,473,vrp,mvo
2023-01-18,-29466.18019240937,21206.93616955049,-837.5592137295076,473,vrp,mvo
2023-01-19,-3086.052258049947,21224.520360339513,-638.1174640012575,473,vrp,mvo
2023-01-20,-424.52589225643896,20755.10370837177,-1047.1486913351057,473,vrp,mvo
2023-01-23,7686.848097420999,20000.00033666924,-499.999998845985,473,vrp,mvo
2023-01-24,1789.8492225613584,20886.953117042474,30.898828819493648,473,vrp,mvo
2023-01-25,23114.550823105095,21934.179922293282,-264.41408238924987,473,vrp,mvo
2023-01-26,-24941.565053085174,20843.188269390917,-1563.7899254019414,473,vrp,mvo
2023-01-27,15862.945693330226,20658.63754865368,-804.2961690831957,473,vrp,mvo
2023-01-30,-23057.45667746135,20000.000220344056,-25.7488438979404,473,vrp,mvo
2023-01-31,995.0330724897802,19224.89138431712,-270.3576925189692,473,vrp,mvo
2023-02-01,-4437.203463218215,18339.155146253568,-320.6848375738981,473,vrp,mvo
2023-02-02,10349.082984634262,17808.432730599827,-226.01042433736492,473,vrp,mvo
2023-02-03,-16732.987541487328,18711.899719988192,-219.48679262054193,473,vrp,mvo
2023-02-06,-23611.379189406693,20000.0000203744,-499.9999961459722,473,vrp,mvo
2023-02-07,4138.323704129819,19558.13828290252,-574.9072821721758,473,vrp,mvo
2023-02-08,-23376.115378642877,19603.86421412185,-448.9191120591167,473,vrp,mvo
2023-02-09,12771.935204522784,19581.786949676378,-493.2993497445976,473,vrp,mvo
2023-02-10,-6572.947560856145,18937.481859722808,-443.5679120561607,473,vrp,mvo
2023-02-13,-574.4386310873823,19999.999643130468,-499.99970236427214,474,vrp,mvo
2023-02-14,24586.134780079232,20297.054728325118,-8.40134362835923,474,vrp,mvo
2023-02-15,-3597.8517831284425,19089.038356995403,-527.3769068023952,474,vrp,mvo
2023-02-16,-18327.623447705697,18644.396871279157,-223.2613631075589,474,vrp,mvo
2023-02-17,-5249.260623492452,17166.52504399026,-843.4836686145229,474,vrp,mvo
2023-02-21,7796.230529607403,19999.999758526206,-499.9997276123699,474,vrp,mvo
2023-02-22,1580.4962059037791,19292.548197288124,-535.6422323775115,474,vrp,mvo
2023-02-23,36853.68582896726,19272.028415894292,-1286.7421701246299,474,vrp,mvo
2023-02-24,4621.847373022538,19231.79462458167,-1621.222334749289,474,vrp,mvo
2023-02-27,-658.9980992472783,19999.999966407893,-499.99998766919566,474,vrp,mvo
2023-02-28,-1452.7249720898164,19498.279800435615,-278.88004675239864,474,vrp,mvo
2023-03-01,11106.140846477447,18980.3688007761,-297.54070086883695,474,vrp,mvo
2023-03-02,-4898.581745838948,18634.643858703286,-73.62252899951599,474,vrp,mvo
2023-03-03,3182.6630484052735,18332.139294504035,-138.79296665095842,474,vrp,mvo
2023-03-06,-3491.2330096143105,20000.000311179036,-499.2438909696226,474,vrp,mvo
2023-03-07,-1974.446378356651,19509.37897960128,-904.2369274400576,474,vrp,mvo
2023-03-08,5171.193747647906,19225.277911504116,-935.9915044546517,474,vrp,mvo
2023-03-09,24433.016170770592,18182.22445329765,-1018.1744167778085,474,vrp,mvo
2023-03-10,13768.35115850032,17929.153309547877,-762.4157505601567,474,vrp,mvo
2023-03-13,-617.3836901925459,19999.999851730503,-499.999985746552,474,vrp,mvo
2023-03-14,-14333.18466745333,19697.945771187355,-467.903259227279,474,vrp,mvo
2023-03-15,14955.890112581228,20162.597806614398,-190.95137970664575,474,vrp,mvo
2023-03-16,1157.2433134696355,20498.28638410259,-789.8288754925229,474,vrp,mvo
2023-03-17,570.3252914329681,19400.95827700307,-763.3128967311046,473,vrp,mvo
2023-03-20,-3131.769871302226,20000.000331233576,-499.9999790590797,473,vrp,mvo
2023-03-21,13989.24881142048,20019.121475791104,-838.2376007921182,472,vrp,mvo
2023-03-22,-191.9423985665589,19344.9383729639,-188.67218930506473,472,vrp,mvo
2023-03-23,-24669.43603637963,18794.386987223545,-603.4163881226208,472,vrp,mvo
2023-03-24,2180.7026240353816,18698.48409540503,-168.81822607199396,472,vrp,mvo
2023-03-27,-5427.638016840141,20000.00017832141,-499.9999986689088,473,vrp,mvo
2023-03-28,-25422.352727074875,19587.669342977242,-771.8006014367513,473,vrp,mvo
2023-03-29,3288.295303612332,20771.48395740481,717.7794486545538,473,vrp,mvo
2023-03-30,-7266.289674745059,20015.794080878677,197.4987406242378,473,vrp,mvo
2023-03-31,9902.6319807049,21438.392582330674,1836.1945140887995,473,vrp,mvo
2023-04-03,-25514.918370596537,20000.000121712004,-499.99999928486744,484,vrp,mvo
2023-04-04,13322.910763005537,18788.06745136534,305.1542377833648,483,vrp,mvo
2023-04-05,12385.539230268847,18093.453278435998,119.66279441732749,483,vrp,mvo
2023-04-06,-3377.2985298109725,17867.813011383943,121.66124024089494,483,vrp,mvo
2023-04-10,-2594.958386418055,19999.999216640947,-499.99998894267526,484,vrp,mvo
2023-04-11,-2511.4409152398994,19794.581600346584,-412.07956627214475,484,vrp,mvo
2023-04-12,-17104.455458360433,19302.033312753505,-300.5421874852448,484,vrp,mvo
2023-04-13,1294.5206926172061,18939.787473451615,-238.66697349011517,484,vrp,mvo
2023-04-14,-2745.902864228297,18617.690079849534,-189.91187391438754,484,vrp,mvo
2023-04-17,3458.7885408274415,20000.000496482455,-499.99999915144207,485,vrp,mvo
2023-04-18,-6148.372467941766,19416.48646667009,-166.00701214542212,485,vrp,mvo
2023-04-19,-1287.9255895481156,18957.26537655605,-253.06807556159973,485,vrp,mvo
2023-04-20,25946.200326632355,18600.834262889126,-250.3349831398085,485,vrp,mvo
2023-04-21,16953.26325679678,17883.094958778056,-282.50688178075774,485,vrp,mvo
2023-04-24,-23587.491914761686,20000.000072609924,-499.99999812451176,485,vrp,mvo
2023-04-25,51754.46749328978,19444.794000892547,-665.848144085556,485,vrp,mvo
2023-04-26,-51104.97284154667,20390.47219723145,-1786.059292718951,485,vrp,mvo
2023-04-27,-20228.64754129409,21449.883273570642,-3580.865087668222,485,vrp,mvo
2023-04-28,-19573.390549603915,20792.81593588286,-3712.4541053769312,485,vrp,mvo
2023-05-01,38706.49497765502,20000.00024269454,-499.99999839716327,485,vrp,mvo
2023-05-02,8648.415356227175,19051.119117360206,-739.5581565010493,485,vrp,mvo
2023-05-03,7740.995240112305,18001.94886738536,-566.9115987261664,484,vrp,mvo
2023-05-04,2467.2214263202673,17665.562526701455,-553.6774917868934,484,vrp,mvo
2023-05-05,-14736.70576327476,17781.307805180186,-320.61545992724257,484,vrp,mvo
2023-05-08,41012.16673375115,20000.00017454268,-499.99999318351206,485,vrp,mvo
2023-05-09,-11386.302364485422,19658.795275505516,-670.9930557940663,485,vrp,mvo
2023-05-10,7843.314436117561,19792.86452169457,-1143.239807328095,485,vrp,mvo
2023-05-11,15305.762720620145,19473.31346766858,-1121.815443870172,485,vrp,mvo
2023-05-12,2179.5214956330988,20108.36779783102,-678.6629712364975,485,vrp,mvo
2023-05-15,-6562.761042856733,20000.00004583272,499.9999977035799,485,vrp,mvo
2023-05-16,6090.514802019322,20323.18800173291,-442.0103895776603,485,vrp,mvo
2023-05-17,1089.0893590688577,19821.6945850534,137.95119871007267,485,vrp,mvo
2023-05-18,-28803.3723451741,19814.539831602793,-1141.7615436854287,485,vrp,mvo
2023-05-19,21347.911121111232,21605.31352228285,1212.2748661136204,485,vrp,mvo
2023-05-22,4894.2913205941895,19999.99999728502,499.99999747190833,485,vrp,mvo
2023-05-23,-10507.147292467278,21499.76178163691,61.722285067116715,485,vrp,mvo
2023-05-24,44875.954178487256,21928.35855621662,1730.801428487728,485,vrp,mvo
2023-05-25,-46394.48903601876,21273.053361036124,1483.49530878731,485,vrp,mvo
2023-05-26,-3125.3141853059246,20965.352204966934,1260.179128374908,485,vrp,mvo
2023-05-30,1260.8683224853398,19999.999489277947,499.9999897463767,485,vrp,mvo
2023-05-31,1356.9767347479342,19535.02972161245,589.8318434863619,485,vrp,mvo
2023-06-01,14781.552732955646,19105.137671887085,867.1067413607677,485,vrp,mvo
2023-06-02,-11865.625785349332,19078.24708400881,647.1521913045772,485,vrp,mvo
2023-06-05,4106.4411419528415,20000.00008465087,499.99999900097447,485,vrp,mvo
2023-06-06,-16160.430830212488,20167.27257425487,80.3723256610964,485,vrp,mvo
2023-06-07,5108.762528465217,19515.09700149491,-333.4732570943589,485,vrp,mvo
2023-06-08,16155.550231769863,19412.917570679645,-542.6886162399536,485,vrp,mvo
2023-06-09,-18079.091368641955,19050.037653703406,-588.841339480165,485,vrp,mvo
2023-06-12,2448.500315419626,19999.999896647027,-499.9999919108059,485,vrp,mvo
2023-06-13,-8369.186808875398,19752.70334848215,-526.438505280535,485,vrp,mvo
2023-06-14,-7898.553267013858,19268.368104442125,-575.9915149946007,485,vrp,mvo
2023-06-15,-5282.270563484466,18121.971740574416,-754.3930280767369,484,vrp,mvo
2023-06-16,14719.915779643845,17889.448527233024,-726.5596458811686,484,vrp,mvo
2023-06-20,6940.002577306309,20000.000037786423,-499.99999697362927,484,vrp,mvo
2023-06-21,18085.36990433572,19173.150810897547,-557.5136694530911,484,vrp,mvo
2023-06-22,-3950.1390213705813,17802.366099650175,-1041.7666618754135,484,vrp,mvo
2023-06-23,2087.497744370373,17991.466109455065,-1260.673198777282,484,vrp,mvo
2023-06-26,-4638.191679356647,20000.000068841127,-499.99999776700844,484,vrp,mvo
2023-06-27,-6208.250363717403,19161.00178565511,-993.9908066721833,484,vrp,mvo
2023-06-28,5242.5287694238605,18740.4805909065,-1073.436108826069,484,vrp,mvo
2023-06-29,29822.769008990817,18530.711106291565,-225.63892512953714,484,vrp,mvo
2023-06-30,-13547.952001255693,16997.732633997042,-2176.820969843534,484,vrp,mvo
2023-07-03,8810.259783342915,19999.9996764253,-499.9999812069388,484,vrp,mvo
2023-07-05,434.3146494363789,19583.68633706543,-435.10308715515913,483,vrp,mvo
2023-07-06,8117.152614305347,19451.498179117145,-331.6968501230718,483,vrp,mvo
2023-07-07,4551.31466186972,19918.56046958938,-910.3127289095013,483,vrp,mvo
2023-07-10,-892.0497737898459,19999.999769573566,-299.8256816418526,485,vrp,mvo
2023-07-11,-19883.581539194554,19413.02952370023,-177.30262792127874,485,vrp,mvo
2023-07-12,4238.0705125183695,18972.081316685017,-357.70773609475015,485,vrp,mvo
2023-07-13,3694.524313486251,18420.533231338173,-453.2904034632014,485,vrp,mvo
2023-07-14,5601.331905187068,18121.956369847558,-475.67001053690484,485,vrp,mvo
2023-07-17,-23971.00296047502,19999.99995738633,-499.99986958400257,485,vrp,mvo
2023-07-18,2047.3026172186085,19566.65981605431,-428.45941372432014,485,vrp,mvo
2023-07-19,-3243.944181866206,19232.53894832547,-936.4082800955982,485,vrp,mvo
2023-07-20,12724.011279165208,19149.99695832044,-552.9041994651549,485,vrp,mvo
2023-07-21,199.23582963853195,18786.13608548391,-810.8537971569035,485,vrp,mvo
2023-07-24,-18354.665429945508,20000.000045815777,200.63042092957772,485,vrp,mvo
2023-07-25,-8224.353923561332,28432.16484600083,9052.04346519164,485,vrp,mvo
2023-07-26,31649.306175265072,28216.197595607882,9560.930752851382,485,vrp,mvo
2023-07-27,732.6776080760353,27685.57603028794,10037.647298577533,485,vrp,mvo
2023-07-28,-29242.826071649528,26435.4431480576,9383.201739595805,484,vrp,mvo
2023-07-31,31185.632780510772,19999.9994285823,499.99995189557416,484,vrp,mvo
2023-08-01,20255.253213439166,19752.10938045503,598.256803919991,484,vrp,mvo
2023-08-02,3854.5806597346536,19515.93047664218,689.6872704525628,484,vrp,mvo
2023-08-03,-8198.488015155272,19339.31538183999,528.317677464617,484,vrp,mvo
2023-08-04,16410.36200994893,19019.37034037859,558.9151646920471,484,vrp,mvo
2023-08-07,-14702.790964441785,19999.999501754974,-499.9999574383377,486,vrp,mvo
2023-08-08,-2707.113275977216,19450.072123857008,-307.1729927900767,486,vrp,mvo
2023-08-09,5634.603033452273,18841.742425064323,-480.1722415307195,486,vrp,mvo
2023-08-10,23508.69990186102,18146.620756005796,-104.12164208012209,486,vrp,mvo
2023-08-11,-2490.3957472744555,18109.043628073818,66.7651754129028,486,vrp,mvo
2023-08-14,8471.458844878174,20000.000123012516,499.99999750403964,486,vrp,mvo
2023-08-15,-6039.775706812785,20830.529150547867,-0.790331664330774,486,vrp,mvo
2023-08-16,32880.11589280547,19702.721909011954,506.9881169452986,485,vrp,mvo
2023-08-17,-23404.920391587133,18567.915892264424,80.34274945743013,485,vrp,mvo
2023-08-18,48279.55254086461,18227.207799755965,1374.9897943241774,485,vrp,mvo
2023-08-21,-24729.637155435565,19999.99997258624,499.99997841196495,485,vrp,mvo
2023-08-22,-12356.092315350228,19228.317744909076,58.3573894514323,485,vrp,mvo
2023-08-23,64676.97556390289,19932.254975925807,443.37266750627606,485,vrp,mvo
2023-08-24,2348.047454237747,18793.526078019222,1316.360804584995,485,vrp,mvo
2023-08-25,13367.833474982372,18972.99913084402,-206.4085179863901,485,vrp,mvo
2023-08-28,-7437.142860784444,20000.00012906811,-499.9999985582801,486,vrp,mvo
2023-08-29,9223.057631038144,19402.475052676164,-540.5926426928102,486,vrp,mvo
2023-08-30,6181.33906440795,18880.32702603395,-474.3633728120249,486,vrp,mvo
2023-08-31,-8585.001302957644,17847.15977367427,-12.583729407171404,486,vrp,mvo
2023-09-01,6673.223500013171,17572.708136540987,-813.4872301625968,486,vrp,mvo
2023-09-05,-2435.441650567797,19999.99986167643,499.9999970908519,487,vrp,mvo
2023-09-06,-1195.0340176528455,19250.232837737105,718.0666658139717,487,vrp,mvo
2023-09-07,8213.55550915372,19543.208758452536,1434.1573236305078,487,vrp,mvo
2023-09-08,-146.02666706714302,19044.403521743592,1319.846489679013,487,vrp,mvo
2023-09-11,3386.945522889731,19999.999905476896,499.9999976475001,487,vrp,mvo
2023-09-12,6364.933906423051,19515.433299892982,637.7005466460678,487,vrp,mvo
2023-09-13,-2442.3390168432747,19135.41049885855,266.62216062243516,487,vrp,mvo
2023-09-14,-18302.99637186609,18482.401117125173,-159.45327718431162,487,vrp,mvo
2023-09-15,10193.899156105039,17903.711177603596,70.85510180776598,487,vrp,mvo
2023-09-18,-5624.95102086934,19999.999929143774,-133.45890829492737,487,vrp,mvo
2023-09-19,-7750.776652688369,19490.766844668437,-682.7797714097268,487,vrp,mvo
2023-09-20,-4302.843551504313,18918.921706098397,-1100.747031012554,487,vrp,mvo
2023-09-21,6233.500248611392,19608.23527771335,-915.0019086765083,487,vrp,mvo
2023-09-22,21084.630876857296,18777.91545707365,-1087.9095161645164,487,vrp,mvo
2023-09-25,-6041.460711505514,20000.00009098371,-499.99999861849057,488,vrp,mvo
2023-09-26,-14726.604285052661,21673.498098144028,1234.49263960776,488,vrp,mvo
2023-09-27,4128.894011566839,22262.14739083,663.60808456932,488,vrp,mvo
2023-09-28,354.2847412700922,22246.895451010405,641.9555522067235,488,vrp,mvo
2023-09-29,38579.68752195012,21734.891686041272,1000.690484021108,488,vrp,mvo
2023-10-02,9010.324258960396,19999.999340614482,-499.9999925451862,488,vrp,mvo
2023-10-03,-5890.740797694768,19403.067081415295,-228.08718779742728,488,vrp,mvo
2023-10-04,-557.1052042638523,19216.909510729794,-229.08471339656816,488,vrp,mvo
2023-10-05,-1450.8044087060232,18934.88614789364,-336.93826544586676,488,vrp,mvo
2023-10-06,3366.752313633705,18682.426095067618,-416.49765243898236,488,vrp,mvo
2023-10-09,-7531.051240154033,19538.402678388713,-38.403192938603524,487,vrp,mvo
2023-10-10,5059.5485694791,19445.388078142776,-3.9392220287119843,487,vrp,mvo
2023-10-11,-5112.867163296985,18833.710459159734,12.919328764011473,487,vrp,mvo
2023-10-12,1921.5388442670617,18278.450834707284,-373.7469235144189,487,vrp,mvo
2023-10-13,1340.3033394098966,18252.48912722387,-167.95364477626762,487,vrp,mvo
2023-10-16,-2678.1831532343385,20000.00015977147,190.7612926448745,488,vrp,mvo
2023-10-17,6445.798914768133,19829.0572922346,422.19454991639367,488,vrp,mvo
2023-10-18,-7335.95648688902,19296.33259694896,121.62242573514517,488,vrp,mvo
2023-10-19,-1039.7593832601049,18912.243015607462,65.9964961866087,488,vrp,mvo
2023-10-20,2129.8627441356957,18082.29559155075,814.4084739979252,488,vrp,mvo
2023-10-23,-10391.250066748513,19616.363605278115,-116.36345737725642,487,vrp,mvo
2023-10-24,-6684.64962809733,19600.922309558464,-719.5501756165065,487,vrp,mvo
2023-10-25,8122.4064333698925,20830.12571281118,2628.294526862508,487,vrp,mvo
2023-10-26,-12329.865985526498,20638.93671956455,2560.9233876471294,487,vrp,mvo
2023-10-27,-5277.035137068531,21094.97056195853,2556.1541786581033,487,vrp,mvo
2023-10-30,-11835.276081805185,20000.000002420646,178.91131297890084,487,vrp,mvo
2023-10-31,11720.043856812883,19686.44376647632,4.190105132671905,487,vrp,mvo
2023-11-01,11883.566764991821,19307.905439649552,222.81237630146168,487,vrp,mvo
2023-11-02,-17877.27734091895,17859.22922428139,-671.3011124780074,487,vrp,mvo
2023-11-03,-27015.47289510396,17561.992937164407,-978.0901373169497,487,vrp,mvo
2023-11-06,-23003.335074029306,20000.00016530812,-499.9999836598207,487,vrp,mvo
2023-11-07,-1162.897827419465,20125.513990800777,-281.3646891380324,487,vrp,mvo
2023-11-08,8881.913861553428,18510.654587062785,556.4923287838833,486,vrp,mvo
2023-11-09,-7526.4444207273455,18663.46990931838,838.9356100710122,486,vrp,mvo
2023-11-10,3203.6195079858658,18261.155337078606,518.8260751263524,486,vrp,mvo
2023-11-13,12946.670795431306,20000.000058118385,499.9999322497257,486,vrp,mvo
2023-11-14,-7257.4833536459855,18380.749309482504,-825.8497536062137,486,vrp,mvo
2023-11-15,14017.769358232787,18161.757981021787,-385.94629214835135,486,vrp,mvo
2023-11-16,7108.9364192221665,18242.03224592266,38.392319134539235,486,vrp,mvo
2023-11-17,-10750.807798485197,17099.863367175258,-220.54673516982285,486,vrp,mvo
2023-11-20,1449.1657659867487,19999.999744068704,-499.9999930236269,487,vrp,mvo
2023-11-21,2530.5365874662675,20263.817558586343,-773.737093673313,487,vrp,mvo
2023-11-22,-1594.247432551421,21231.020120436486,-1906.8588410254483,487,vrp,mvo
2023-11-24,13231.491369016449,18706.577775427835,-742.2293706334539,486,vrp,mvo
2023-11-27,-2785.6875921115334,19999.99875350945,-186.1430529639484,486,vrp,mvo
2023-11-28,-2423.0172154029733,19843.12049051839,-142.45660968445003,486,vrp,mvo
2023-11-29,9067.120144673723,19317.04689740115,-44.822702265740745,486,vrp,mvo
2023-11-30,-116.48376838566679,18586.666768577707,-185.77603902926532,486,vrp,mvo
2023-12-01,-13687.837613262092,17102.45603911635,-11.975950256007,486,vrp,mvo
2023-12-04,10566.641613241254,20000.000100484696,-28.75272116288745,487,vrp,mvo
2023-12-05,8503.777986601806,20448.400076472913,165.30259032010028,487,vrp,mvo
2023-12-06,-25002.606087995926,20910.81388366123,-1709.2575372574786,487,vrp,mvo
2023-12-07,33228.52754173332,20158.58092193244,-1192.852218565024,487,vrp,mvo
2023-12-08,-13594.038378169244,19947.980882180414,-1423.1543194694914,487,vrp,mvo
2023-12-11,80.30582753289869,19999.999960933987,499.99999435942806,487,vrp,mvo
2023-12-12,-7070.826008541335,19947.74008307383,615.9079738131303,487,vrp,mvo
2023-12-13,-20602.80746657212,20456.977152686366,-443.11836031167593,487,vrp,mvo
2023-12-14,-2240.166100074273,22004.634296664866,643.4574263176606,487,vrp,mvo
2023-12-15,-2429.5040023060624,22317.838807536264,142.08663500176573,486,vrp,mvo
2023-12-18,273.33608684264834,19999.999853048317,499.9999959007839,486,vrp,mvo
2023-12-19,-12850.059377148737,19050.214970037938,1212.5619174779022,486,vrp,mvo
2023-12-20,-39926.34335591794,20676.47298063187,-264.41408005662635,486,vrp,mvo
2023-12-21,-30727.872863971374,20036.6413486822,-914.5449837317644,486,vrp,mvo
2023-12-22,-715.5365139836723,21001.205867181914,-2629.964267674081,486,vrp,mvo
2023-12-26,-2932.708689794552,19999.999335432974,499.99995947256167,487,vrp,mvo
2023-12-27,4950.056448201194,19240.08768238829,798.5244473090029,486,vrp,mvo
2023-12-28,8876.684875165907,17553.813128237452,1337.0678725614673,486,vrp,mvo
2023-12-29,-11792.643486061794,17982.007948085633,965.991618728618,486,vrp,mvo
2024-01-02,16199.594988867038,19999.99895225377,499.99992796221886,487,vrp,mvo
2024-01-03,2689.598422446766,19445.600868540077,311.10621454530195,487,vrp,mvo
2024-01-04,719.7695505656578,19187.633854752923,343.1952017947401,487,vrp,mvo
2024-01-05,-6945.396378406627,18858.934620868673,449.38852721654905,487,vrp,mvo
2024-01-08,-17044.168606656986,20000.00026523286,400.5396027124328,488,vrp,mvo
2024-01-09,-475.2478241616306,18460.40404579456,573.3731266195655,488,vrp,mvo
2024-01-10,2814.7441019038574,17997.920426448418,577.7291256177998,477,vrp,mvo
2024-01-11,963.1677470521875,17625.36734813446,782.5425717522598,477,vrp,mvo
2024-01-12,16272.124418938936,17347.098361956705,880.0106903300533,477,vrp,mvo
2024-01-16,-889.3149595272612,19999.999771790168,-114.41007405621801,477,vrp,mvo
2024-01-17,-9234.017605501087,19624.99781055213,86.58018065877675,477,vrp,mvo
2024-01-18,4461.017569084536,19425.599233620364,-410.4000347265287,477,vrp,mvo
2024-01-19,-2963.9598640753725,18922.627391885377,-650.6385222555687,477,vrp,mvo
2024-01-22,-538.8987648053148,19999.999815859486,-499.9999729528049,477,vrp,mvo
2024-01-23,391.0197365269366,20216.620014743283,-234.82710198165574,477,vrp,mvo
2024-01-24,1907.4779629597306,18885.760973041077,7.312664432753626,477,vrp,mvo
2024-01-25,-15229.095801491005,19035.395226393543,-33.1229984330967,477,vrp,mvo
2024-01-26,6433.527157434753,18026.12329596442,313.12644419570944,477,vrp,mvo
2024-01-29,-853.2583847641054,20000.00021523207,499.9999950509939,477,vrp,mvo
2024-01-30,-8319.919553198784,19972.60191445375,-36.5579059996971,477,vrp,mvo
2024-01-31,10166.328816029656,19755.924184164694,96.17809449240352,477,vrp,mvo
2024-02-01,-19424.507993010528,19289.441295001772,-185.62677296322676,477,vrp,mvo
2024-02-02,8359.946674947396,18424.50306121476,302.8258859420743,477,vrp,mvo
2024-02-05,6702.822957002674,20000.000044449815,-317.70907106531155,477,vrp,mvo
2024-02-06,-12627.414464158603,20634.022428412398,-861.638927899999,477,vrp,mvo
2024-02-07,28439.23370244003,19572.103062621656,-1220.2395100258807,477,vrp,mvo
2024-02-08,18688.703502750996,18329.91899259245,-2007.0258411570949,477,vrp,mvo
2024-02-09,16455.553721870157,17632.52900152509,-1494.1608604329517,476,vrp,mvo
2024-02-12,-59430.60795284653,19999.999772399533,499.99994841739294,476,vrp,mvo
2024-02-13,22637.013349309498,19468.159335927823,1253.1673296303554,476,vrp,mvo
2024-02-14,-2323.30667280658,17959.7628549286,1695.0784446283692,476,vrp,mvo
2024-02-15,1733.5163661218783,18496.625998377425,1986.306427676402,476,vrp,mvo
2024-02-16,-4170.581292860185,20448.03312759164,4361.175033313425,476,vrp,mvo
2024-02-20,17756.50786184014,19999.999656376578,499.99997472042605,476,vrp,mvo
2024-02-21,8943.285531149544,19544.572297546223,-107.92568638268543,476,vrp,mvo
2024-02-22,-20906.2719102633,17460.496855086076,-159.9914752185013,476,vrp,mvo
2024-02-23,-10334.525817130983,16724.173494429393,-406.87215053722025,476,vrp,mvo
2024-02-26,9258.79062013165,19204.948874504604,1295.0507106657842,475,vrp,mvo
2024-02-27,-19213.898298124248,19517.222380216226,889.2316382788375,475,vrp,mvo
2024-02-28,8494.569561735421,19753.38722042529,363.8031265924476,475,vrp,mvo
2024-02-29,-3338.016898683048,19341.038124300503,264.2013504069828,475,vrp,mvo
2024-03-01,2809.9901785674124,18623.888860241084,697.4038237724704,475,vrp,mvo
2024-03-04,-8171.9800613964435,19999.998951025937,499.9999505143927,475,vrp,mvo
2024-03-05,-19939.411368538294,20705.997307735248,-600.0572611789488,475,vrp,mvo
2024-03-06,25070.770472035256,19096.797057292042,-405.9584819319347,475,vrp,mvo
2024-03-07,5394.297204661616,19030.164108033307,-578.280586041991,475,vrp,mvo
2024-03-08,-4724.492408067221,19249.170173930583,-1060.95832378237,475,vrp,mvo
2024-03-11,-8079.739725981443,20000.00004754892,499.99998476515805,476,vrp,mvo
2024-03-12,-5880.905788350282,20754.92072212203,-966.0617401053739,475,vrp,mvo
2024-03-13,10054.312241406275,19103.7288258112,-1176.8400565499117,475,vrp,mvo
2024-03-14,25467.26090478734,21153.118481178426,-691.7639300292457,475,vrp,mvo
2024-03-15,-24260.433756091716,19775.457905432988,-767.1164757104493,475,vrp,mvo
2024-03-18,26796.335384461923,20000.000293730554,-499.9999962399513,475,vrp,mvo
2024-03-19,-8326.566237102812,20718.283708614534,-1021.5352941673513,475,vrp,mvo
2024-03-20,21362.778280757393,21530.96522130125,1303.4182739902287,475,vrp,mvo
2024-03-21,-1634.3392488212983,20230.85251940159,543.0637833184871,475,vrp,mvo
2024-03-22,-18648.93336681798,20419.884617869993,199.82045063141268,475,vrp,mvo
2024-03-25,-10450.576182802513,20000.000052314863,-499.99999536239017,476,vrp,mvo
2024-03-26,24226.388595710927,24118.19863865194,1661.864017135099,476,vrp,mvo
2024-03-27,52484.95757894338,18374.548518768122,1671.9979001043614,476,vrp,mvo
2024-03-28,25750.400086850495,18486.484535565687,2924.3708970040293,476,vrp,mvo
2024-04-01,-22967.86325318627,20000.00002686594,-181.27639662888745,488,vrp,mvo
2024-04-02,1382.1899196729726,19546.68962443719,34.75612546505449,487,vrp,mvo
2024-04-03,-2659.3393705569842,19257.504451499903,-5.050893102446757,486,vrp,mvo
2024-04-04,-4351.825690214361,19096.174529797652,125.26183361259453,486,vrp,mvo
2024-04-05,35540.26917091918,18433.138459937567,380.90260351573056,486,vrp,mvo
2024-04-08,-22743.588093567432,20000.000130423956,-88.43647637996119,488,vrp,mvo
2024-04-09,-35780.33659641066,19804.416309488144,-80.58967388969857,488,vrp,mvo
2024-04-10,26204.933135760646,19050.592179792497,-251.02041243168247,488,vrp,mvo
2024-04-11,-12738.04395273643,18589.406583044536,-345.6208202420278,488,vrp,mvo
2024-04-12,12451.17832172253,18036.082865803677,-238.41391898617198,488,vrp,mvo
2024-04-15,9014.34528009054,19999.999943903516,-499.99999051893235,488,vrp,mvo
2024-04-16,-15294.906485132173,19188.55161062359,-1048.6223608489902,488,vrp,mvo
2024-04-17,-6475.124425594619,18265.848602716847,-1251.9441031799652,488,vrp,mvo
2024-04-18,-397.116749400929,18433.150477169194,-1357.837403594497,488,vrp,mvo
2024-04-19,4046.006164659178,17595.961009035844,-2030.906691028198,488,vrp,mvo
2024-04-22,41114.06296512794,19999.99953710603,-499.99999715324805,488,vrp,mvo
2024-04-23,4155.292395922711,19754.332201297573,-360.85568006747206,488,vrp,mvo
2024-04-24,8660.96910096956,19467.968880128195,-530.0584295251385,488,vrp,mvo
2024-04-25,-1093.6600275277983,19050.485803297444,-1594.6901861352974,488,vrp,mvo
2024-04-26,-17988.71850163703,18279.407277874016,-1375.5991767002452,488,vrp,mvo
2024-04-29,-5189.818726673282,20000.000030988856,-499.9999965041711,488,vrp,mvo
2024-04-30,13542.91248370134,19147.111775823905,-423.15436782043304,488,vrp,mvo
2024-05-01,-5267.54075640415,18508.345450557306,-594.9693511844075,488,vrp,mvo
2024-05-02,3706.4366488327682,18362.620805957726,-337.07332034269064,488,vrp,mvo
2024-05-03,-6557.775163710026,16996.288222922853,-1177.908468213279,488,vrp,mvo
2024-05-06,5315.493189061776,20000.000109445853,-499.9999984221969,488,vrp,mvo
2024-05-07,-20463.255120680762,18959.063940057815,-2032.7886098454283,488,vrp,mvo
2024-05-08,31187.82242262868,18824.701712754915,-1075.007125772344,488,vrp,mvo
2024-05-09,13496.25839219386,19104.128797331083,-847.9200271854646,488,vrp,mvo
2024-05-10,4849.012021238581,17280.039029256033,-1618.3541509660706,488,vrp,mvo
2024-05-13,-11217.938279088352,20000.00009818243,-500.00000033815263,487,vrp,mvo
2024-05-14,-20446.43763594524,19508.87762902969,-557.9090514597128,487,vrp,mvo
2024-05-15,29744.00604081618,21026.700354251487,-542.2116140398612,487,vrp,mvo
2024-05-16,3735.8361492707904,20467.088263101585,-749.1687224471658,487,vrp,mvo
2024-05-17,8572.954109109423,23382.57104148435,2962.0351829857564,487,vrp,mvo
2024-05-20,-2979.994938924887,20000.000139308675,499.99999026493543,487,vrp,mvo
2024-05-21,-8887.99817511206,19668.62910939032,51.50073183749926,487,vrp,mvo
2024-05-22,-12949.661423432251,19456.791020712964,-227.07158877287938,487,vrp,mvo
2024-05-23,45120.54805125614,21420.363466530853,993.5979042483109,487,vrp,mvo
2024-05-24,-41058.19548502977,20317.891015840294,-1120.3002912041711,487,vrp,mvo
2024-05-28,22554.05007704605,19999.999977283238,-499.99998688930737,487,vrp,mvo
2024-05-29,-1531.0495896049506,19335.693261674558,-60.59754607289204,487,vrp,mvo
2024-05-30,-34411.31017171323,18293.406063986393,-57.7980269730463,487,vrp,mvo
2024-05-31,17520.924083214144,17339.770684879535,-1045.1530247520898,487,vrp,mvo
2024-06-03,-7094.348983884491,20000.000117684685,-499.99999598537596,487,vrp,mvo
2024-06-04,11161.805932190722,19137.36790287595,446.2663878525878,485,vrp,mvo
2024-06-05,10220.59860844458,18679.61563075652,267.2563301760757,485,vrp,mvo
2024-06-06,-9.771953399303829,18085.149872758484,779.9068786769631,485,vrp,mvo
2024-06-07,3509.5687985963864,17915.954326822342,757.9115051625733,485,vrp,mvo
2024-06-10,2747.9576387316115,20000.000052413772,499.99995611745356,487,vrp,mvo
2024-06-11,-13775.701169369544,21008.405129169732,507.13620865086017,487,vrp,mvo
2024-06-12,-14593.950038232393,20349.503044368208,1181.250698241739,487,vrp,mvo
2024-06-13,-9390.799788661005,20517.446973332855,-283.60072087933673,487,vrp,mvo
2024-06-14,10776.389505355832,21220.03752980358,-119.78739511689601,487,vrp,mvo
2024-06-17,2114.619919395872,19999.999560670592,-499.99998290917466,487,vrp,mvo
2024-06-18,44280.16434303944,19883.768172523418,334.53998329475246,487,vrp,mvo
2024-06-20,-18536.356873582943,19074.303354050793,-132.92252942266967,487,vrp,mvo
2024-06-21,-26842.512640421148,18104.442477829918,-893.9208984696696,487,vrp,mvo
2024-06-24,60530.22855123467,19999.999903759028,-499.9997380159232,487,vrp,mvo
2024-06-25,-933.9116959469663,18951.34422657409,-803.1209278603848,487,vrp,mvo
2024-06-26,-29355.960644184583,18854.074099141824,-1336.418332759716,487,vrp,mvo
2024-06-27,-14676.692308086642,17291.916772964152,-1250.4381664791981,487,vrp,mvo
2024-06-28,3597.570127478689,17660.311291527163,-1537.2947670133524,487,vrp,mvo
2024-07-01,-1823.928103091765,20000.00006599492,-499.9999928326175,487,vrp,mvo
2024-07-02,724.4894462489907,23670.891153840446,-4595.072042018581,485,vrp,mvo
2024-07-03,7639.005377149348,23191.06614538296,-4479.7570970808065,485,vrp,mvo
2024-07-05,20870.71235141093,22193.348458571494,-4512.677961684721,485,vrp,mvo
2024-07-08,-20914.856433596524,20000.000037886137,-499.9999689302911,486,vrp,mvo
2024-07-09,2082.1841565305053,19925.88290717941,-317.27697350682195,486,vrp,mvo
2024-07-10,-10736.734107771816,20157.211838655432,79.36758678210529,486,vrp,mvo
2024-07-11,25594.132511250384,18418.543973951455,1233.871599628174,486,vrp,mvo
2024-07-12,-29394.646945361375,18244.562059916836,346.1649710067137,486,vrp,mvo
2024-07-15,2862.0503945622677,19999.999774526746,-499.99970299555537,486,vrp,mvo
2024-07-16,-26410.27204620075,20278.89280612499,-1838.0210325670726,486,vrp,mvo
2024-07-17,-30080.002342226388,20662.367477866657,-1338.4968010003722,486,vrp,mvo
2024-07-18,4597.461070566225,21007.15768214056,-1109.7319928683285,486,vrp,mvo
2024-07-19,2185.6706616186634,20675.699512790965,-813.6474911182708,486,vrp,mvo
2024-07-22,21063.028410490104,19999.999900147177,-499.9999912091553,486,vrp,mvo
2024-07-23,72124.89136158353,20970.094440741064,1289.5522156434567,486,vrp,mvo
2024-07-24,-48013.17114996438,20793.588393416438,-63.430045254768935,486,vrp,mvo
2024-07-25,23924.84345780535,20107.380229770977,-385.2975453275432,486,vrp,mvo
2024-07-26,43246.34308203033,20815.18357563028,2055.2409011602226,486,vrp,mvo
2024-07-29,-37197.572935824675,19999.999325392262,-255.3679638212875,486,vrp,mvo
2024-07-30,1498.6219729531838,18308.764950163044,435.95240414399984,485,vrp,mvo
2024-07-31,574.1111790546521,17853.58970337018,208.06679039443165,485,vrp,mvo
2024-08-01,12624.691603822874,17421.71064533718,52.53201293820278,485,vrp,mvo
2024-08-02,6150.909311919943,17400.995533359066,293.7512482887265,485,vrp,mvo
2024-08-05,17294.194534546634,20000.00035239222,-499.999996959063,488,vrp,mvo
2024-08-06,-21351.074261239704,19812.890273108915,-556.242894965197,487,vrp,mvo
2024-08-07,-25565.97825623825,19439.695500130398,-1253.1623810431788,487,vrp,mvo
2024-08-08,7632.516422518143,19976.903852989635,-999.2649871128326,487,vrp,mvo
2024-08-09,47798.923246305494,18998.993956651222,-518.9179700054067,487,vrp,mvo
2024-08-12,-13182.089872644878,20000.000049736944,-499.99999595209704,489,vrp,mvo
2024-08-13,-14887.107769954895,20027.911827042673,-537.3821910274119,489,vrp,mvo
2024-08-14,17927.83590167857,18749.10282589634,-423.982585334153,489,vrp,mvo
2024-08-15,-14790.21835702409,18054.142631751536,-1106.4479179558684,489,vrp,mvo
2024-08-16,6941.823842969003,18132.388481356116,-726.4754985237716,489,vrp,mvo
2024-08-19,14566.592695091893,20000.00014596906,499.9999531607461,489,vrp,mvo
2024-08-20,35718.40169439088,20367.935151033795,489.9370733061908,489,vrp,mvo
2024-08-21,-3905.549025016862,19525.748525498882,1228.2967060214244,489,vrp,mvo
2024-08-22,4614.706574535402,20129.295932580582,1616.1763215043673,489,vrp,mvo
2024-08-23,-22119.83091068185,18954.496549479816,1520.7728033086942,489,vrp,mvo
2024-08-26,-13807.873038995249,19999.99993652519,152.0255686831901,489,vrp,mvo
2024-08-27,6980.1629391124725,20388.68564812341,234.65363191237736,489,vrp,mvo
2024-08-28,-9338.7759565001,20269.950654209413,131.43914213195973,489,vrp,mvo
2024-08-29,2247.2271271681457,19406.23587598114,540.4187600392096,489,vrp,mvo
2024-08-30,1090.7457458024237,17599.843014337956,-196.9084666613853,489,vrp,mvo
2024-09-03,-26796.102104801434,19999.999100440553,499.99997227121975,489,vrp,mvo
2024-09-04,-33969.594924621815,20680.766520064546,-733.9690060242278,488,vrp,mvo
2024-09-05,-15666.449921227324,20231.14171077956,-479.8290742129423,487,vrp,mvo
2024-09-06,-10244.92955566963,20690.443861950796,-1420.9626585282845,487,vrp,mvo
2024-09-09,30688.722509474166,19999.99959113447,499.9999862947154,487,vrp,mvo
2024-09-10,-8500.358153374837,19269.556688670444,106.18192839620849,487,vrp,mvo
2024-09-11,-9494.219160985662,18644.507859267396,340.37909959933086,487,vrp,mvo
2024-09-12,-2148.8984215542982,19786.410918472768,285.9143430875065,487,vrp,mvo
2024-09-13,-24496.531752258143,19860.93620306741,-186.6054573042161,487,vrp,mvo
2024-09-16,35225.28208914092,20000.000318291506,-106.43125934453197,488,vrp,mvo
2024-09-17,-13840.784582776156,19985.974625111947,-452.67687390344423,488,vrp,mvo
2024-09-18,-7130.302870485484,19687.3483856884,-479.77619210429623,488,vrp,mvo
2024-09-19,18514.555324558747,19188.86905888975,-399.16230961246,488,vrp,mvo
2024-09-20,-9480.142135000646,18933.47957861264,-267.0281541527702,488,vrp,mvo
2024-09-23,15245.346337587129,19999.99994291642,64.98831486969596,489,vrp,mvo
2024-09-24,-24556.920633954134,19533.288457591203,148.12033768112386,489,vrp,mvo
2024-09-25,1789.095997804208,19425.926522318037,96.5698217683311,489,vrp,mvo
2024-09-26,-31814.07125205225,19911.882132494684,-1547.802736975158,489,vrp,mvo
2024-09-27,-2084.4400067152724,19788.76535602606,-1633.6572219811212,489,vrp,mvo
2024-09-30,-2774.4814463870916,19999.999792944927,-499.99997855347505,489,vrp,mvo
2024-10-01,-5602.592341425203,19002.264250974535,819.1883948718817,487,vrp,mvo
2024-10-02,14837.98844666519,18557.213870804157,752.5343413745493,487,vrp,mvo
2024-10-03,12865.330574115986,17776.583651405756,1291.0495824230886,487,vrp,mvo
2024-10-04,5624.581299244302,17440.659923481817,1112.29744024197,487,vrp,mvo
2024-10-07,-12545.768072497896,19999.999603929053,499.9999871626858,488,vrp,mvo
2024-10-08,15755.12000410031,19331.205379669147,422.416853770106,488,vrp,mvo
2024-10-09,-12800.586691994606,18893.6713848296,165.5662099268393,488,vrp,mvo
2024-10-10,-28307.69832681119,19401.781483909246,-644.6982716432241,488,vrp,mvo
2024-10-11,8450.402838152519,19190.07030886486,-855.1113759949402,488,vrp,mvo
2024-10-14,19247.468231556202,19999.99993762596,-499.9999691871239,489,vrp,mvo
2024-10-15,-20737.051895167802,20434.19468855735,-1185.2910801011155,489,vrp,mvo
2024-10-16,16717.89671519462,20379.860954496413,-233.29717134086843,489,vrp,mvo
2024-10-17,16324.92087044575,19292.318737771388,25.13349319009455,489,vrp,mvo
2024-10-18,-18504.402646963586,20895.998997710056,657.944515341499,489,vrp,mvo
2024-10-21,-7889.536857918623,19999.99972342792,-499.999968526667,489,vrp,mvo
2024-10-22,16246.251922507954,20559.207651093977,-497.1587068295842,489,vrp,mvo
2024-10-23,30592.90212057709,21363.909841307694,800.3096662548479,489,vrp,mvo
2024-10-24,-41169.101411778305,20288.38278120222,1113.3210890941066,489,vrp,mvo
2024-10-25,56845.39610636719,19948.643951181584,1403.824088002843,489,vrp,mvo
2024-10-28,-24827.036422013156,20000.000334036395,-109.88841074004152,489,vrp,mvo
2024-10-29,-2310.6196665436764,19268.405832358327,387.83158719592694,488,vrp,mvo
2024-10-30,7046.145578752387,18719.73216348527,281.738919557611,488,vrp,mvo
2024-10-31,-12976.607845825667,18636.654404842968,261.1350099461282,488,vrp,mvo
2024-11-01,-3925.666344820837,18531.429667172717,237.93542193571113,488,vrp,mvo
2024-11-04,-1199.0601443701794,20000.000082245537,-499.99999617134625,489,vrp,mvo
2024-11-05,2223.8409243100787,19285.37513645153,-176.5445099010304,489,vrp,mvo
2024-11-06,-342.64115879024337,17514.611403901617,-1256.2946472631925,489,vrp,mvo
2024-11-07,-4722.3897466928065,17645.921227815772,-1539.6414599156128,489,vrp,mvo
2024-11-08,429.17434983945583,16847.37512304281,-1291.0004231265482,489,vrp,mvo
2024-11-11,-20394.263310689,20000.00007746256,499.99999302516386,490,vrp,mvo
2024-11-12,-3745.6361588321647,19907.154501143545,647.3362509288017,490,vrp,mvo
2024-11-13,16616.99513620746,20198.74987558319,1027.6932417175638,490,vrp,mvo
2024-11-14,-12502.359526614517,19741.847889017612,827.0750198101655,490,vrp,mvo
2024-11-15,20111.251790097904,20473.375044819262,2087.925159295661,490,vrp,mvo
2024-11-18,-11876.415211213545,20000.00002227195,499.9999760956532,490,vrp,mvo
2024-11-19,30357.428862134722,19561.763046949407,1890.7512972445427,490,vrp,mvo
2024-11-20,-6079.251652769029,20399.385594884552,2058.695223434037,490,vrp,mvo
2024-11-21,7742.447702867874,19044.932768474322,1331.3885270109442,490,vrp,mvo
2024-11-22,30960.99983163203,18734.684130985486,1398.4331740927564,490,vrp,mvo
2024-11-25,-42175.22559928945,20000.00002561825,-78.63248572408374,490,vrp,mvo
2024-11-26,35574.30366809095,18466.772941188887,-444.11613938593996,490,vrp,mvo
2024-11-27,13617.374224535179,19625.95671485412,1054.5660845144334,490,vrp,mvo
2024-11-29,-21784.3260879908,17347.216759020754,-231.5829195046889,490,vrp,mvo
2024-12-02,-2554.5013541324033,20000.00010016577,-499.9999943285564,490,vrp,mvo
2024-12-03,13080.415377778801,19339.452691460323,289.87759033419184,488,vrp,mvo
2024-12-04,11064.42044455086,19028.426915512086,143.3458004910698,488,vrp,mvo
2024-12-05,28890.06506468751,18544.712484892447,250.77707933930913,488,vrp,mvo
2024-12-06,8835.583924025177,17898.904928477794,-37.76127211131332,488,vrp,mvo
2024-12-09,-7205.0715913529275,19999.999959300396,-499.9999975781291,488,vrp,mvo
2024-12-10,14279.823362087734,19043.233847015694,-964.2597593357286,488,vrp,mvo
2024-12-11,-5291.296203836485,18424.178934800475,-1013.7511008354201,488,vrp,mvo
2024-12-12,7044.497597470889,18598.183939405466,-504.4628688153475,488,vrp,mvo
2024-12-13,-60971.42820670163,18156.96724609572,-589.5544821865045,488,vrp,mvo
2024-12-16,19737.278990091156,19999.999727021856,-436.77192497027704,489,vrp,mvo
2024-12-17,6911.90840956822,20046.66073832874,128.97278568500712,489,vrp,mvo
2024-12-18,8793.601105242182,19182.57473007737,-302.6560697393352,489,vrp,mvo
2024-12-19,-47989.50781494654,18958.802588243227,-669.2236610536648,489,vrp,mvo
2024-12-20,13548.901755449384,18748.15091497632,-991.7190587171551,489,vrp,mvo
2024-12-23,5281.853749779996,20000.000081461672,-499.99999102023395,489,vrp,mvo
2024-12-24,8422.056947312063,18372.037032694312,-410.7946347869571,489,vrp,mvo
2024-12-26,1371.275859013238,17256.18229053928,-1193.9333695031205,489,vrp,mvo
2024-12-27,-2042.9391922808143,16590.27848570546,-1406.451781432006,488,vrp,mvo
2024-12-30,7083.786000748355,20000.000050647443,253.13655934338686,488,vrp,mvo
2024-12-31,-12366.087233141627,19712.419983220872,116.49646290493594,488,vrp,mvo
2025-01-02,-6274.290967080302,19356.84249363921,36.48005737885755,488,vrp,mvo
2025-01-03,-216.15798814592014,18982.45439500759,-162.18351562337853,488,vrp,mvo
2025-01-06,15946.320607410045,19999.99996093185,-290.58846794354685,488,vrp,mvo
2025-01-07,-3607.606401389384,20096.099870169106,-514.0252039009689,488,vrp,mvo
2025-01-08,-7514.087943287722,19398.079694762913,-390.8164948762679,488,vrp,mvo
2025-01-10,-10274.134296502403,18856.172674684647,-821.1723186972046,488,vrp,mvo
2025-01-13,-6931.064100318659,19966.136338679466,-533.8636261179053,476,vrp,mvo
2025-01-14,5870.814382044811,19792.87315572349,-752.9283785636902,476,vrp,mvo
2025-01-15,12299.362270587986,18982.263095457052,-1044.2641986987699,476,vrp,mvo
2025-01-16,23458.994340975973,17986.73660706558,-1186.7691876801455,476,vrp,mvo
2025-01-17,-2735.558745277368,18154.42620318155,-919.9109473858257,476,vrp,mvo
2025-01-21,23572.471397513367,19999.999665855434,-499.9999963414043,476,vrp,mvo
2025-01-22,-1367.1461981398886,20091.731064338263,-108.85679728153002,476,vrp,mvo
2025-01-23,-26851.160999028663,19871.26602680283,-956.1949967231183,476,vrp,mvo
2025-01-24,7611.794837928703,18571.049176423337,-1413.7809066329767,476,vrp,mvo
2025-01-27,60237.29008902187,19999.999782891362,-499.9999963802928,477,vrp,mvo
2025-01-28,-16214.858606116803,21506.679714220038,570.8446593609651,477,vrp,mvo
2025-01-29,22140.491003326842,21132.278059006105,1465.3334916952483,477,vrp,mvo
2025-01-30,-34514.8187049938,19149.60510411444,-417.6507436805125,477,vrp,mvo
2025-01-31,62631.82366747042,19693.014835961934,1261.3847960942753,477,vrp,mvo
2025-02-03,-51402.67163891695,19999.999941700236,-499.99999759830087,477,vrp,mvo
2025-02-04,-1643.763116465654,19786.338209787053,-397.75224197308376,477,vrp,mvo
2025-02-05,-9021.111741347318,18844.72404467563,-751.1902849778353,477,vrp,mvo
2025-02-06,18842.464364780422,18179.409777922774,-538.721536213768,477,vrp,mvo
2025-02-07,-937.6072045076912,18544.474636734714,-310.14075463366686,477,vrp,mvo
2025-02-10,15243.34584395778,20000.000033372322,-499.9999981372534,477,vrp,mvo
2025-02-11,8727.507149115792,19527.98479676122,-507.4618777197487,477,vrp,mvo
2025-02-12,-8818.750812580378,18947.080021498838,-876.9981327155533,477,vrp,mvo
2025-02-13,-1100.328207600258,18120.440054996245,-1105.2047466122863,477,vrp,mvo
2025-02-14,4302.851235894179,17889.824974682822,-1079.334892549374,477,vrp,mvo
2025-02-18,-5954.0076052094,20000.00016330796,-499.99999861473,477,vrp,mvo
2025-02-19,-20148.712297608807,19448.586377139098,-158.4535361116935,477,vrp,mvo
2025-02-20,-14703.017299569865,18804.707996783007,-943.330883994033,477,vrp,mvo
2025-02-21,40029.25321244971,23285.7973337237,3643.016665989478,477,vrp,mvo
2025-02-24,-19425.153968166072,19999.99999294601,-499.99996696644513,477,vrp,mvo
2025-02-25,8212.399697280776,20050.919234591736,161.09319403136013,477,vrp,mvo
2025-02-26,12812.448948979567,22230.936427698798,1171.5648123620508,477,vrp,mvo
2025-02-27,-24175.821379344638,21333.2867573433,1538.723964414941,477,vrp,mvo
2025-02-28,11684.58979030303,19910.416742564692,1097.5950551323485,477,vrp,mvo
2025-03-03,13673.70716182486,20000.000039392624,-499.999991596958,477,vrp,mvo
2025-03-04,9908.516828285026,20528.887351543413,74.45217230050827,477,vrp,mvo
2025-03-05,15801.693216443504,19191.298565739333,-748.5762480592055,477,vrp,mvo
2025-03-06,-10576.890106672376,19044.78962686976,-847.7459733632054,477,vrp,mvo
2025-03-07,2192.8870278800546,17882.389885617024,-1047.5609825796917,477,vrp,mvo
2025-03-10,16309.708232501538,19999.99993306502,-499.99999745928346,477,vrp,mvo
2025-03-11,-13127.137172971352,20275.81481742525,-967.3156683339703,477,vrp,mvo
2025-03-12,5317.268705223937,19792.114704874784,-720.7619893852087,477,vrp,mvo
2025-03-13,5577.191997906879,19188.198321651096,-115.92508731481242,477,vrp,mvo
2025-03-14,10942.8148729882,19173.16072546791,-789.0395963696368,477,vrp,mvo
2025-03-17,-597.0144691044932,19999.999854475012,-499.99999767217395,477,vrp,mvo
2025-03-18,-6873.818569155111,20386.126091740927,-757.1512126325721,477,vrp,mvo
2025-03-19,2266.206351951266,19769.386147529796,-676.1611712182782,477,vrp,mvo
2025-03-20,2033.5784250260635,19326.38800916927,-658.5177104285141,477,vrp,mvo
2025-03-21,26225.33656640326,19333.687779563566,-760.332349829738,477,vrp,mvo
2025-03-24,-21696.5756851844,20000.000044823224,-499.99999871596225,477,vrp,mvo
2025-03-25,24159.633055989576,19624.55307572675,-651.4046455729259,477,vrp,mvo
2025-03-26,13765.547248181956,19553.53947758099,-190.9559022688714,477,vrp,mvo
2025-03-27,-19810.170758479893,18973.168779574327,-42.76246968119993,477,vrp,mvo
2025-03-28,-3006.754026225879,35451.250842444264,2698.5395303204405,477,vrp,mvo
2025-03-31,-3737.283738891819,19999.999924755783,-499.9999953375864,489,vrp,mvo
2025-04-01,-7708.530389680138,19754.64830318765,-426.4857040786707,489,vrp,mvo
2025-04-02,-874.4335359367996,19376.442676605144,-412.47420527680487,489,vrp,mvo
2025-04-03,14609.011832283526,17915.468172516663,-512.4663951585544,489,vrp,mvo
2025-04-04,25336.83702813123,18058.841592297267,-642.3234959478842,489,vrp,mvo
2025-04-07,-43483.08236456954,19999.999945128813,-499.99999892902355,489,vrp,mvo
2025-04-08,-377.51774508171246,19084.687562602623,-713.3380664823808,489,vrp,mvo
2025-04-09,-11369.898810608569,20800.785174732075,-396.84544036251737,489,vrp,mvo
2025-04-10,6162.311620049407,20228.58841025135,-266.99325550703037,489,vrp,mvo
2025-04-11,782.0976334427595,20460.666664546417,-96.94246596752954,489,vrp,mvo
2025-04-14,-11388.71702088215,20000.000067095185,-499.99999675192936,489,vrp,mvo
2025-04-15,-12708.405445073691,19275.494406885897,-771.6184020779457,489,vrp,mvo
2025-04-16,27525.45962180259,19045.757579251276,-878.0986114650927,489,vrp,mvo
2025-04-17,-11602.00888638105,18762.060880887177,-980.6153083178482,489,vrp,mvo
2025-04-21,863.1880034050968,20000.0001100933,-499.99998073497795,489,vrp,mvo
2025-04-22,-60290.866567387646,21208.083657999538,-1981.3601634105835,489,vrp,mvo
2025-04-23,2424.0785345587324,20788.290647357957,-2035.8986421334787,489,vrp,mvo
2025-04-24,5243.515098189496,19860.428070455284,-2325.517782602444,489,vrp,mvo
2025-04-25,373.8027836133673,19473.076384991935,-2388.390344724308,489,vrp,mvo
2025-04-28,32668.530866881527,20000.00005363056,-499.9999962814945,489,vrp,mvo
2025-04-29,2029.3683518980408,19570.94018494751,-420.104920850794,489,vrp,mvo
2025-04-30,-2113.140393262818,18889.95646151932,-478.63332696938147,489,vrp,mvo
2025-05-01,37619.6569978478,18876.53275217948,-135.85178134601495,489,vrp,mvo
2025-05-02,-8718.26922184203,18383.882211007352,-337.15473308239507,489,vrp,mvo
2025-05-05,-4988.847708457588,20000.000035064582,-499.9999798388474,490,vrp,mvo
2025-05-06,-7103.935530025491,19120.337441249943,-761.850776813544,490,vrp,mvo
2025-05-07,14888.551909808837,18807.48157818008,-1043.7967867452267,490,vrp,mvo
2025-05-08,371.82129238608246,18582.726262936292,-667.7547096179538,490,vrp,mvo
2025-05-09,-444.7132433998064,18059.785271026234,-610.6167938355953,490,vrp,mvo
2025-05-12,17442.94427160716,20000.000065759752,111.0651833071199,490,vrp,mvo
2025-05-13,-75949.9602532011,21095.384296424127,329.7307066683548,490,vrp,mvo
2025-05-14,-24547.73665855231,21137.185719218545,-194.3710080404428,490,vrp,mvo
2025-05-15,-23962.10529357117,20459.65858877937,-59.88286570214713,490,vrp,mvo
2025-05-16,12942.599057120278,19497.41400040104,-491.86422535705356,490,vrp,mvo
2025-05-19,24968.49821407417,19999.99993054077,-119.07450920166853,490,vrp,mvo
2025-05-20,-6128.212970854986,20035.888907252676,555.515588684251,490,vrp,mvo
2025-05-21,8700.52682078295,22368.339081046364,2637.60863064232,490,vrp,mvo
2025-05-22,1097.2160184874467,21174.619023654614,2005.1758809285716,490,vrp,mvo
2025-05-23,12399.558335472426,22152.17453172428,3143.708477163581,490,vrp,mvo
2025-05-27,-2767.5062981613123,19999.99991386588,-500.000316045979,490,vrp,mvo
2025-05-28,-30328.08534062164,19770.754394744577,-203.60983145109225,489,vrp,mvo
2025-05-29,34166.1414636914,18882.56156296228,130.77404468999177,489,vrp,mvo
2025-05-30,-6065.1324094716465,17773.462684498878,-531.1021299582064,489,vrp,mvo
2025-06-02,-26228.364739283905,20000.000345285418,465.62014575633674,489,vrp,mvo
2025-06-03,3185.47968618183,19652.17847545792,527.5475870774098,488,vrp,mvo
2025-06-04,-10012.564778854643,19349.23509494888,526.8192779571596,488,vrp,mvo
2025-06-05,13141.211406461282,19042.045552775657,531.7037085074019,488,vrp,mvo
2025-06-06,-13694.824643702676,18777.64707915742,350.4500874551762,488,vrp,mvo
2025-06-09,3551.7340474191183,19999.99995506926,499.9999897414152,489,vrp,mvo
2025-06-10,2085.6251849725054,19456.611114245563,326.0506181369116,489,vrp,mvo
2025-06-11,-311.67595050097293,19532.46547246566,456.65178015188076,489,vrp,mvo
2025-06-12,-1589.2082790500524,19091.550236949337,128.9020426920212,489,vrp,mvo
2025-06-13,9925.59181584784,18606.181477149752,15.824486589843804,489,vrp,mvo
2025-06-16,1243.5325100105688,20000.000076519053,-499.99999724546666,489,vrp,mvo
2025-06-17,-2907.076875039472,19399.65870928989,-200.00561690356295,489,vrp,mvo
2025-06-18,-11169.104655077184,18951.018937856323,-762.6350912329012,489,vrp,mvo
2025-06-20,633.9747955434967,17982.65596576532,-610.7030845598883,489,vrp,mvo
2025-06-23,8801.52777603737,20000.00010633788,-202.0372154301069,490,vrp,mvo
2025-06-24,-21033.058140416757,19697.196121933204,-1248.4256400016616,490,vrp,mvo
2025-06-25,-7150.3215628884855,19568.41538173444,-985.9243058573021,490,vrp,mvo
2025-06-26,13998.664671494862,18701.436466277944,70.84138587153714,490,vrp,mvo
2025-06-27,-8596.628672250781,18854.76965172713,-285.6483243122838,490,vrp,mvo
2025-06-30,11189.12187706664,19999.999873207133,-499.99999610933486,490,vrp,mvo
2018-07-09,0.0,19999.999620975068,499.9999977341548,450,vrp,mvo_factor_neutral
2018-07-10,-11060.150640915512,19093.789685375676,3.4491241956412337,450,vrp,mvo_factor_neutral
2018-07-11,9385.939531984295,19094.73411979239,229.7313958202449,450,vrp,mvo_factor_neutral
2018-07-12,3627.8096555821335,18869.95527450606,-301.7783743478967,450,vrp,mvo_factor_neutral
2018-07-13,-3036.9037688969547,18334.088150661017,-329.5780927334541,450,vrp,mvo_factor_neutral
2018-07-16,-8010.559411030253,19999.99977289232,-499.9999926009994,456,vrp,mvo_factor_neutral
2018-07-17,4928.910810931566,19458.30312458683,-594.7839994763763,456,vrp,mvo_factor_neutral
2018-07-18,-15589.24494173278,18335.72652312082,-476.99059766537925,455,vrp,mvo_factor_neutral
2018-07-19,6031.284670078327,18020.47634342057,-70.15575251171377,455,vrp,mvo_factor_neutral
2018-07-20,1638.0547459969991,17417.427783047107,-188.81279702925613,455,vrp,mvo_factor_neutral
2018-07-23,6396.473041990751,20000.000120934918,-499.9999982839549,455,vrp,mvo_factor_neutral
2018-07-24,7348.437457550039,19157.548200330584,-1257.5749826079082,455,vrp,mvo_factor_neutral
2018-07-25,-12938.4281777266,17420.127489135066,-1807.968039591564,455,vrp,mvo_factor_neutral
2018-07-26,61467.68528298143,17014.04333595364,-707.9387669458492,455,vrp,mvo_factor_neutral
2018-07-27,-14261.53651986769,15833.479357051085,-339.3769171740692,455,vrp,mvo_factor_neutral
2018-07-30,-112.21022961891771,19999.9999945862,-499.99999632727685,456,vrp,mvo_factor_neutral
2018-07-31,18997.028316587803,19616.793943399214,-616.8080322840137,456,vrp,mvo_factor_neutral
2018-08-01,-7589.167897832234,19238.245212797214,-804.8019717203433,456,vrp,mvo_factor_neutral
2018-08-02,18030.9242756357,18783.921234650825,-876.7565236858691,456,vrp,mvo_factor_neutral
2018-08-03,-41588.82064196691,18146.34869970106,-699.1528862808863,456,vrp,mvo_factor_neutral
2018-08-06,11105.844796722366,20000.00001666736,-499.9999993093416,459,vrp,mvo_factor_neutral
2018-08-07,837.9840159688223,19336.72360984241,-690.2323769558086,459,vrp,mvo_factor_neutral
2018-08-08,9233.892756377467,19373.878298241496,-1405.3287655437018,459,vrp,mvo_factor_neutral
2018-08-09,5782.80399108096,18732.852423766384,-105.72536019545079,459,vrp,mvo_factor_neutral
2018-08-10,-29016.497953076185,19628.41072581737,-826.7081616248215,459,vrp,mvo_factor_neutral
2018-08-13,12390.203010833877,20000.000203386226,169.8229798941314,459,vrp,mvo_factor_neutral
2018-08-14,24099.50372238005,18067.94417806197,128.85424683930623,459,vrp,mvo_factor_neutral
2018-08-15,-39966.71007685904,18218.332848905302,257.79387608533455,459,vrp,mvo_factor_neutral
2018-08-16,-528.093391440408,16544.882051873738,-426.291184367991,459,vrp,mvo_factor_neutral
2018-08-17,-17314.448445559046,16355.994016781153,-213.03449524187442,459,vrp,mvo_factor_neutral
2018-08-20,31302.781358331347,19999.999933720737,-499.9999790395559,459,vrp,mvo_factor_neutral
2018-08-21,33784.15230604941,19397.35090925202,339.05595468520124,459,vrp,mvo_factor_neutral
2018-08-22,17673.738107516256,19972.090647260968,1347.538937789476,459,vrp,mvo_factor_neutral
2018-08-23,-11640.79763363588,18937.679899882285,361.3506278113597,459,vrp,mvo_factor_neutral
2018-08-24,14768.005186789485,18945.54242561385,703.6780176433554,459,vrp,mvo_factor_neutral
2018-08-27,-4892.181222842827,20000.000108744083,-499.999830310404,459,vrp,mvo_factor_neutral
2018-08-28,-12276.044835897881,19432.83918082144,-250.54602736050538,459,vrp,mvo_factor_neutral
2018-08-29,14800.15419453589,17195.828726016323,-651.6430966814012,459,vrp,mvo_factor_neutral
2018-08-30,-12309.549914642648,17114.501958484314,858.6890837192024,459,vrp,mvo_factor_neutral
2018-08-31,48506.67954424473,18110.285836947995,1581.27284120239,459,vrp,mvo_factor_neutral
2018-09-04,-5338.752066594525,19999.998892065723,-228.47072772839317,459,vrp,mvo_factor_neutral
2018-09-05,8638.541486022343,20055.49309119502,176.41021548023332,459,vrp,mvo_factor_neutral
2018-09-06,2437.6372353709116,19828.116552121213,165.8693635040305,458,vrp,mvo_factor_neutral
2018-09-07,1320.3314887410572,19307.53970669541,228.01863036532842,458,vrp,mvo_factor_neutral
2018-09-10,-892.385480691663,19999.99991278191,157.15981295045296,458,vrp,mvo_factor_neutral
2018-09-11,8659.422966637156,19740.04435566847,253.93258587974077,458,vrp,mvo_factor_neutral
2018-09-12,-896.8154973878062,19218.332212771886,136.85249555794098,458,vrp,mvo_factor_neutral
2018-09-13,-10215.506546363933,18961.437590009973,95.70555811552671,458,vrp,mvo_factor_neutral
2018-09-14,-8743.012540781232,18557.429156789556,116.94336812594563,458,vrp,mvo_factor_neutral
2018-09-17,15618.356010137497,20000.00013812371,-499.9999895958355,458,vrp,mvo_factor_neutral
2018-09-18,-6967.050942197802,19676.506499736613,13.24464306946308,458,vrp,mvo_factor_neutral
2018-09-19,3157.433190082432,19360.102786610423,81.90595286620183,458,vrp,mvo_factor_neutral
2018-09-20,-13312.161010038479,18823.82697929217,395.96285328426023,458,vrp,mvo_factor_neutral
2018-09-21,31940.97627667804,18044.388756212207,852.034523809671,458,vrp,mvo_factor_neutral
2018-09-24,3603.6290570412425,20000.00044469727,-499.9999961512397,458,vrp,mvo_factor_neutral
2018-09-25,9596.412126445706,19496.052017101567,-736.4407018311605,458,vrp,mvo_factor_neutral
2018-09-26,25464.112158010037,19281.01194425605,-574.9113794685433,458,vrp,mvo_factor_neutral
2018-09-27,-40245.71621036372,17721.894796530763,-1238.0631000748383,458,vrp,mvo_factor_neutral
2018-09-28,-1569.1778512413468,17501.61988922067,-442.90182793830456,458,vrp,mvo_factor_neutral
2018-10-01,35292.827774368525,20000.00025213555,-499.9999968121375,458,vrp,mvo_factor_neutral
2018-10-02,-5286.555263639591,19483.698589704152,-388.772300528051,458,vrp,mvo_factor_neutral
2018-10-03,-8896.643764466373,19333.02042735677,-391.98112438481274,458,vrp,mvo_factor_neutral
2018-10-04,8985.85686274849,18784.852155054195,-247.07580342201018,458,vrp,mvo_factor_neutral
2018-10-05,-2848.6028684207313,18218.109848530145,-269.57819953198367,458,vrp,mvo_factor_neutral
2018-10-08,6897.362653536544,19999.999660971644,-499.99997766902925,458,vrp,mvo_factor_neutral
2018-10-09,8072.010906733219,20093.3243300962,-669.8588691850734,458,vrp,mvo_factor_neutral
2018-10-10,4857.96056346584,18623.655098637577,-1106.2369902863625,458,vrp,mvo_factor_neutral
2018-10-11,14881.617828340492,18745.401201968332,-23.747629586959537,458,vrp,mvo_factor_neutral
2018-10-12,8363.374719587708,18991.275739294055,74.38918203258999,458,vrp,mvo_factor_neutral
2018-10-15,-2793.324266073294,20000.000411926645,-499.9999996273128,458,vrp,mvo_factor_neutral
2018-10-16,-13908.626892447432,20011.229478339363,-243.31661015227425,458,vrp,mvo_factor_neutral
2018-10-17,-11530.781618833858,19420.918822702635,-215.3526720844572,458,vrp,mvo_factor_neutral
2018-10-18,21257.83824075124,18450.351033071725,-561.3066407958653,458,vrp,mvo_factor_neutral
2018-10-19,11937.844160905084,18812.900050718483,50.87250131170603,457,vrp,mvo_factor_neutral
2018-10-22,-20268.40311899283,19999.999415582395,-499.9999960969417,457,vrp,mvo_factor_neutral
2018-10-23,17894.905154046766,18985.150159586177,-248.80190868081624,457,vrp,mvo_factor_neutral
2018-10-24,27817.90277199784,18852.507320533525,-266.27838353914416,457,vrp,mvo_factor_neutral
2018-10-25,-6800.023265926885,18961.678506585067,197.112719365537,457,vrp,mvo_factor_neutral
2018-10-26,4791.629777149992,20597.302166720434,-179.63753062542,457,vrp,mvo_factor_neutral
2018-10-29,-16458.158734493227,20000.0002715039,-499.9999988943419,458,vrp,mvo_factor_neutral
2018-10-30,-27325.858078586956,19511.650366387872,-536.6687609764159,458,vrp,mvo_factor_neutral
2018-10-31,21042.253613337092,18970.169621393437,-645.4375213235412,458,vrp,mvo_factor_neutral
2018-11-01,-89.5761982858242,18353.09233143399,-855.4429394152874,458,vrp,mvo_factor_neutral
2018-11-02,-11014.32203735322,17880.23349728753,-980.3322668393098,458,vrp,mvo_factor_neutral
2018-11-05,2716.3760626470807,19999.99995316222,-499.9999959788925,458,vrp,mvo_factor_neutral
2018-11-06,20971.577981941275,19355.293259978163,-386.5548548560739,458,vrp,mvo_factor_neutral
2018-11-07,-11076.500601129079,18982.574565391806,-992.1261259982847,458,vrp,mvo_factor_neutral
2018-11-08,-9574.802004507465,19193.488167260628,-914.901712389956,458,vrp,mvo_factor_neutral
2018-11-09,-31706.874364095063,19718.836669000313,-1056.1676083913535,458,vrp,mvo_factor_neutral
2018-11-12,-31303.80741079996,19812.09429065433,-687.9054652725247,458,vrp,mvo_factor_neutral
2018-11-13,-4610.828904248009,19442.421497132218,-795.7659904176312,457,vrp,mvo_factor_neutral
2018-11-14,-22945.253412592287,19173.8622073002,-967.8182987715969,457,vrp,mvo_factor_neutral
2018-11-15,5196.224880345714,18387.51411157494,-1034.7955421250645,457,vrp,mvo_factor_neutral
2018-11-16,-4790.138475967292,18348.859939061793,-756.0665938351079,457,vrp,mvo_factor_neutral
2018-11-19,14733.997100609697,20000.000285473612,-499.999998909984,457,vrp,mvo_factor_neutral
2018-11-20,23524.553822932714,20807.604530574066,1119.757604881746,457,vrp,mvo_factor_neutral
2018-11-21,-4773.613365999541,19877.131207623417,141.32030474398266,457,vrp,mvo_factor_neutral
2018-11-23,-5231.954423209939,20022.405180806865,943.0389646375246,457,vrp,mvo_factor_neutral
2018-11-26,7511.525357184505,19999.999577413404,-499.9999935620293,457,vrp,mvo_factor_neutral
2018-11-27,7236.156187859772,19695.622345890653,-1465.636319841434,457,vrp,mvo_factor_neutral
2018-11-28,-13781.839756862108,19298.87304506159,-2038.7488173561173,457,vrp,mvo_factor_neutral
2018-11-29,2760.685528327289,19556.510733369025,-2281.690291093903,457,vrp,mvo_factor_neutral
2018-11-30,6582.580798031128,18504.79549295031,-2492.6198019222006,457,vrp,mvo_factor_neutral
2018-12-03,7220.620451095132,19999.99998284684,-499.99999571039024,458,vrp,mvo_factor_neutral
2018-12-04,-5929.808771297508,19922.077046758768,-79.11352651168228,458,vrp,mvo_factor_neutral
2018-12-06,22800.061796568592,18706.893921344472,-0.369333599540096,457,vrp,mvo_factor_neutral
2018-12-07,-8202.36509845973,18531.41027494917,-76.15439822235689,457,vrp,mvo_factor_neutral
2018-12-10,41301.509876146716,19949.770639016766,-550.2297145417975,456,vrp,mvo_factor_neutral
2018-12-11,-52287.51079307841,20234.407961592075,-202.61759946032694,456,vrp,mvo_factor_neutral
2018-12-12,43826.11530341443,20405.680880723878,-219.82963735317773,456,vrp,mvo_factor_neutral
2018-12-13,-14474.62757932164,19323.921271675677,121.53752025627607,456,vrp,mvo_factor_neutral
2018-12-14,-30668.588549660057,18855.60987308771,-649.001899763044,456,vrp,mvo_factor_neutral
2018-12-17,40432.39992289291,19999.99934393529,-331.6330284914926,456,vrp,mvo_factor_neutral
2018-12-18,-8253.992944760126,19065.418072606837,-380.5804071125602,456,vrp,mvo_factor_neutral
2018-12-19,-25245.032471979262,19136.729885838377,-582.1180023787091,456,vrp,mvo_factor_neutral
2018-12-20,-32354.451688037534,19875.78534223408,-666.1925498230901,455,vrp,mvo_factor_neutral
2018-12-21,-49079.57974084794,19121.2545309257,-747.0045019334168,455,vrp,mvo_factor_neutral
2018-12-24,-37932.28798153202,20000.000468590857,-465.3942254890768,455,vrp,mvo_factor_neutral
2018-12-26,60435.71662252988,22131.160117264473,913.634032231621,455,vrp,mvo_factor_neutral
2018-12-27,-11341.906094057074,22172.717212200292,1277.9483391026456,455,vrp,mvo_factor_neutral
2018-12-28,-4954.920686001888,21512.87544197206,729.7942758366966,455,vrp,mvo_factor_neutral
2018-12-31,19514.157869358212,19811.827105887063,304.4090232386638,455,vrp,mvo_factor_neutral
2019-01-02,626.8840437158563,19365.912796458277,466.0458113321626,454,vrp,mvo_factor_neutral
2019-01-03,-452.86939487877913,19090.19498775291,374.3014786163713,454,vrp,mvo_factor_neutral
2019-01-04,-15340.85639162672,19349.759603395196,-15.79029039684862,454,vrp,mvo_factor_neutral
2019-01-07,-7379.522400754037,19999.99953847116,499.99979056204324,454,vrp,mvo_factor_neutral
2019-01-08,6469.573425021861,19645.82643028552,718.6140958103081,454,vrp,mvo_factor_neutral
2019-01-09,-4885.618348507437,17581.054051470477,996.8459759227243,454,vrp,mvo_factor_neutral
2019-01-10,3245.495463121988,17557.078853386203,776.8746666846961,446,vrp,mvo_factor_neutral
2019-01-11,9350.218609399684,17068.506667591177,606.4267635546483,446,vrp,mvo_factor_neutral
2019-01-14,-2922.4176799860074,19999.99995222418,499.99998950111825,446,vrp,mvo_factor_neutral
2019-01-15,21552.86168384442,19376.26438498022,700.5583767732757,446,vrp,mvo_factor_neutral
2019-01-16,5801.006752536857,18945.186991300532,1067.4477005951653,446,vrp,mvo_factor_neutral
2019-01-17,-12034.970285346715,18363.962062843413,906.3928760500986,446,vrp,mvo_factor_neutral
2019-01-18,-561.3876848981871,17313.77666184639,903.5289740200623,446,vrp,mvo_factor_neutral
2019-01-22,-11392.995248657915,19999.999989054962,-499.9999828264988,446,vrp,mvo_factor_neutral
2019-01-23,-58118.45971993375,19508.58652525045,-1501.3153686502942,446,vrp,mvo_factor_neutral
2019-01-24,92345.64183452487,20813.645263861697,1300.6302753984496,446,vrp,mvo_factor_neutral
2019-01-25,-44436.771699040604,21282.135746843116,920.1269402460681,446,vrp,mvo_factor_neutral
2019-01-28,24632.769769062874,20000.00050241441,-281.6722087335936,447,vrp,mvo_factor_neutral
2019-01-29,-7801.0450671342205,19557.98574474694,-473.44808149423324,447,vrp,mvo_factor_neutral
2019-01-30,-9582.014332016093,18920.845511630963,-698.2805163765554,447,vrp,mvo_factor_neutral
2019-01-31,-2421.017939788827,18488.13665971724,-1000.1925241600666,447,vrp,mvo_factor_neutral
2019-02-01,-3302.584835217562,18102.61341162222,-1863.317942180257,447,vrp,mvo_factor_neutral
2019-02-04,-147.47331193800616,20000.00034646777,-499.99999115112644,447,vrp,mvo_factor_neutral
2019-02-05,4338.542858066556,19759.855939813187,-346.8396342657228,447,vrp,mvo_factor_neutral
2019-02-06,1685.765135053703,19746.13958497221,-673.3798367119946,447,vrp,mvo_factor_neutral
2019-02-07,-14731.345510760375,19582.208351261645,-493.46153687682653,447,vrp,mvo_factor_neutral
2019-02-08,-16164.23022174667,19646.194197446326,-1251.8763578677422,447,vrp,mvo_factor_neutral
2019-02-11,-3104.7843627617335,19999.99996676042,-499.99999928011226,447,vrp,mvo_factor_neutral
2019-02-12,34025.2278390661,18945.893195663637,-351.09263839543223,447,vrp,mvo_factor_neutral
2019-02-13,23509.2772592245,18013.97997114172,-1076.6484589246481,447,vrp,mvo_factor_neutral
2019-02-14,3774.7049579279515,17805.81514761832,-698.517011245735,447,vrp,mvo_factor_neutral
2019-02-15,-25827.133309516703,15803.800984163136,-2137.8838624322784,447,vrp,mvo_factor_neutral
2019-02-19,14017.378934635692,20000.00004955692,-499.99999081912034,448,vrp,mvo_factor_neutral
2019-02-20,-17979.032420583564,18806.31379087855,-1467.6078051357372,448,vrp,mvo_factor_neutral
2019-02-21,4653.708410533121,18464.79937465264,-1841.3494917381777,448,vrp,mvo_factor_neutral
2019-02-22,29362.398518078728,18223.291934700406,-1979.0092255589896,448,vrp,mvo_factor_neutral
2019-02-25,-7118.558322289288,19999.999811874535,-499.99999864987,447,vrp,mvo_factor_neutral
2019-02-26,8649.698951026257,19556.806594011254,-582.4789473422946,447,vrp,mvo_factor_neutral
2019-02-27,-1854.8673906347885,19254.32667630999,-679.247652501089,447,vrp,mvo_factor_neutral
2019-02-28,14596.577109680413,19102.81209849031,-765.6800373993551,447,vrp,mvo_factor_neutral
2019-03-01,-3103.341429446771,18690.76627319573,-291.119041339063,447,vrp,mvo_factor_neutral
2019-03-04,-2421.2830324729366,19999.999922821527,-499.99999564710276,447,vrp,mvo_factor_neutral
2019-03-05,2297.06950854888,19778.96937259699,-434.57909520912204,447,vrp,mvo_factor_neutral
2019-03-06,-6738.107330761002,19072.16255919777,-894.1058244982726,447,vrp,mvo_factor_neutral
2019-03-07,10064.820484260494,18650.710143405464,-304.9088379068237,447,vrp,mvo_factor_neutral
2019-03-08,-17993.617725861975,19297.32366346209,-1169.7628374813391,447,vrp,mvo_factor_neutral
2019-03-11,12066.118416465115,20000.000140278495,-244.36198820118733,448,vrp,mvo_factor_neutral
2019-03-12,4108.668398342943,19846.318187840665,-590.8930344258454,448,vrp,mvo_factor_neutral
2019-03-13,-2453.925523292904,19854.336299659506,-267.9056120600983,448,vrp,mvo_factor_neutral
2019-03-14,3438.0076865555384,19415.43007464513,-585.2961648522494,448,vrp,mvo_factor_neutral
2019-03-15,7515.501944598115,19252.566575057233,-556.3318826678119,448,vrp,mvo_factor_neutral
2019-03-18,-2315.2878165510606,19999.999924962696,-499.99995392081547,448,vrp,mvo_factor_neutral
2019-03-19,11322.549527760651,20133.783495983716,202.0749018132445,448,vrp,mvo_factor_neutral
2019-03-20,-20516.325733078207,19923.49233950682,-144.8350349393919,448,vrp,mvo_factor_neutral
2019-03-21,-1700.3165029026043,19196.56546992383,-61.00019794784469,448,vrp,mvo_factor_neutral
2019-03-22,10078.00986972578,17881.003408744666,278.2401513179024,448,vrp,mvo_factor_neutral
2019-03-25,16822.41946644775,20000.000025083806,-499.999989720029,448,vrp,mvo_factor_neutral
2019-03-26,-11928.07355594581,19171.987395928736,-668.0787566321021,448,vrp,mvo_factor_neutral
2019-03-27,378.23614527661505,18196.73503980582,-835.1575557612018,447,vrp,mvo_factor_neutral
2019-03-28,-29718.72115913001,18443.92596613435,-1054.9968771382337,447,vrp,mvo_factor_neutral
2019-03-29,7329.72462366641,34645.56622219392,-2986.405779584119,447,vrp,mvo_factor_neutral
2019-04-01,27869.78873671061,20000.00005209333,-499.995757524992,469,vrp,mvo_factor_neutral
2019-04-02,-3381.40998029094,19775.41827386551,-450.87523074651085,469,vrp,mvo_factor_neutral
2019-04-03,-5175.893417072224,19388.489590825997,-525.7740603292813,469,vrp,mvo_factor_neutral
2019-04-04,-8618.344951182386,18940.754692627503,-473.12546385631913,469,vrp,mvo_factor_neutral
2019-04-05,7263.889029378415,18817.501604739275,-327.13799226857464,469,vrp,mvo_factor_neutral
2019-04-08,9296.018488360261,20000.00002525755,-499.99998687904485,469,vrp,mvo_factor_neutral
2019-04-09,-6762.185260049123,19824.47324856786,-545.6313042576354,469,vrp,mvo_factor_neutral
2019-04-10,7708.698982526823,19087.513908147484,-874.7139456089084,469,vrp,mvo_factor_neutral
2019-04-11,5695.044388376102,18801.41525551628,-806.9819799808795,469,vrp,mvo_factor_neutral
2019-04-12,-5218.001640782081,17895.48831472522,-1202.038975993917,469,vrp,mvo_factor_neutral
2019-04-15,-7955.10040619421,19999.999977191994,-499.99999319034237,469,vrp,mvo_factor_neutral
2019-04-16,1896.1661541500039,19109.6510990986,-647.5752584282927,469,vrp,mvo_factor_neutral
2019-04-17,9066.873831295183,18496.965906711168,-793.3550931119307,469,vrp,mvo_factor_neutral
2019-04-18,-12580.064223454785,17731.567626318727,-1253.6998520283032,469,vrp,mvo_factor_neutral
2019-04-22,13026.430891326027,20000.00016461656,-499.9999957594028,469,vrp,mvo_factor_neutral
2019-04-23,-33721.36787064768,20383.842038174123,-1388.5971080593622,469,vrp,mvo_factor_neutral
2019-04-24,14183.755729748924,18964.70885134097,-2058.2787037064313,469,vrp,mvo_factor_neutral
2019-04-25,9740.27560002948,19542.722964054163,-1236.347501726602,469,vrp,mvo_factor_neutral
2019-04-26,22431.988772105058,18602.94265971605,-1490.772072785951,469,vrp,mvo_factor_neutral
2019-04-29,12292.681986350837,19999.999976631185,-194.32697884795255,469,vrp,mvo_factor_neutral
2019-04-30,-3988.1681571937843,19484.400106033812,-83.25166837136258,469,vrp,mvo_factor_neutral
2019-05-01,10111.3450740355,19247.767193640117,31.121034001709866,469,vrp,mvo_factor_neutral
2019-05-02,15913.022679627113,18632.202441901816,-33.11314570612876,469,vrp,mvo_factor_neutral
2019-05-03,-4144.447423768034,17978.37972113831,203.903831182151,469,vrp,mvo_factor_neutral
2019-05-06,-9612.58845027296,19999.99984894892,-499.99999813023265,469,vrp,mvo_factor_neutral
2019-05-07,8330.534031071908,20326.961097032632,-86.46273109144688,469,vrp,mvo_factor_neutral
2019-05-08,15252.615109301016,19707.323677269007,-315.06391520345943,469,vrp,mvo_factor_neutral
2019-05-09,-1470.8825171976941,19389.09068834843,-371.709741828317,469,vrp,mvo_factor_neutral
2019-05-10,2502.8170187341666,18851.88478373375,-45.038421652654954,469,vrp,mvo_factor_neutral
2019-05-13,-7185.353523654878,20000.000016792656,-499.99999539222995,469,vrp,mvo_factor_neutral
2019-05-14,14595.17431873139,19714.197298584204,-643.9484678506292,469,vrp,mvo_factor_neutral
2019-05-15,6468.988624721646,19722.98241435089,-1214.834300497354,469,vrp,mvo_factor_neutral
2019-05-16,9577.65676374297,18955.341634887052,-1708.2018340489906,469,vrp,mvo_factor_neutral
2019-05-17,-19416.567031138507,18400.686589055033,-2497.6645812844117,469,vrp,mvo_factor_neutral
2019-05-20,18714.80112962101,19999.99986777185,-499.9999871739971,469,vrp,mvo_factor_neutral
2019-05-21,10057.4359882427,19935.738766459566,-284.21893451604666,469,vrp,mvo_factor_neutral
2019-05-22,14601.618540210306,21693.69565055675,1843.5751100179696,469,vrp,mvo_factor_neutral
2019-05-23,-8159.957354756332,20787.132805702222,1844.0022397445,469,vrp,mvo_factor_neutral
2019-05-24,20553.497229778673,19784.796410816296,1565.4484698692593,469,vrp,mvo_factor_neutral
2019-05-28,3686.2016985202476,19999.999713387835,-499.99999194219663,471,vrp,mvo_factor_neutral
2019-05-29,11954.477905328358,20525.16409758701,-258.2501469391064,471,vrp,mvo_factor_neutral
2019-05-30,3032.0414895183085,22235.79151926913,-1375.319957950921,471,vrp,mvo_factor_neutral
2019-05-31,-2604.4662658267684,20766.28565216021,-1991.6032781800443,471,vrp,mvo_factor_neutral
2019-06-03,-578.5771865286002,19999.999772266874,153.15656605749075,471,vrp,mvo_factor_neutral
2019-06-04,-9282.345973269705,20316.14719678507,-98.4793696416299,471,vrp,mvo_factor_neutral
2019-06-05,-12985.505598994185,19480.712338177593,135.10948293498953,471,vrp,mvo_factor_neutral
2019-06-06,-11157.838085723206,18940.83936994006,419.8467960952515,471,vrp,mvo_factor_neutral
2019-06-07,8962.723315672789,18427.60788345939,326.3938683388016,471,vrp,mvo_factor_neutral
2019-06-10,1300.1789362541665,19859.73643036005,-224.28784784186857,471,vrp,mvo_factor_neutral
2019-06-11,10090.828346265964,19371.822962876773,71.7331023153105,470,vrp,mvo_factor_neutral
2019-06-12,1939.7250951950516,19236.27772696194,114.13565079771524,470,vrp,mvo_factor_neutral
2019-06-13,-520.0663136230162,18406.882628480344,350.44990710524337,470,vrp,mvo_factor_neutral
2019-06-14,5968.91247046462,18236.2532341181,42.105760621172365,470,vrp,mvo_factor_neutral
2019-06-17,-1344.4291208109526,19999.999916668436,-499.9999962477975,471,vrp,mvo_factor_neutral
2019-06-18,17619.024456595514,19295.22339579859,6.802887463025916,471,vrp,mvo_factor_neutral
2019-06-19,-7129.634030844162,17903.24365839108,-43.96364223745866,471,vrp,mvo_factor_neutral
2019-06-20,4396.738788310513,17908.523361994525,-854.3759760409436,471,vrp,mvo_factor_neutral
2019-06-21,5399.083838833542,17013.673843374105,-1170.2943437923761,471,vrp,mvo_factor_neutral
2019-06-24,-4071.741726462109,19999.999921907325,-499.99999660889284,471,vrp,mvo_factor_neutral
2019-06-25,12947.0704106822,20460.484900630916,343.1824843503213,471,vrp,mvo_factor_neutral
2019-06-26,9762.717445135468,19533.11287523755,384.57855643803026,471,vrp,mvo_factor_neutral
2019-06-27,-17625.803749409253,18154.90687158676,445.65672333609166,471,vrp,mvo_factor_neutral
2019-06-28,22446.425891407405,18646.4946256314,-391.5211944486679,471,vrp,mvo_factor_neutral
2019-07-01,-5743.85950929701,19999.99982761841,383.9284927741128,471,vrp,mvo_factor_neutral
2019-07-02,6197.578554665625,19551.787043085813,203.80641769897076,471,vrp,mvo_factor_neutral
2019-07-03,4890.95508989791,19195.19952280441,95.3782327197896,471,vrp,mvo_factor_neutral
2019-07-05,2723.769959696413,18862.17296611054,190.4152282059464,471,vrp,mvo_factor_neutral
2019-07-08,12644.544624218423,20000.000062345414,499.99998390148977,471,vrp,mvo_factor_neutral
2019-07-09,-7161.454845244899,19384.161605442634,154.1583762036467,471,vrp,mvo_factor_neutral
2019-07-10,9035.472062032279,18982.007403306732,19.255295718678614,470,vrp,mvo_factor_neutral
2019-07-11,1267.1874483142929,18949.906164919972,129.01593817573186,470,vrp,mvo_factor_neutral
2019-07-12,-1844.9075481952377,18305.2499124327,-42.02280209223749,470,vrp,mvo_factor_neutral
2019-07-15,-3560.5244740223743,19999.99977328179,-499.9999398757805,470,vrp,mvo_factor_neutral
2019-07-16,1612.5817980716529,19676.439367008486,-328.9878278599048,470,vrp,mvo_factor_neutral
2019-07-17,2570.11794105705,19125.274808523933,-513.3295478898416,469,vrp,mvo_factor_neutral
2019-07-18,3879.477356827991,18589.020931933897,-448.7949899275931,469,vrp,mvo_factor_neutral
2019-07-19,-4336.594593037639,18386.04894087574,-172.4184261783526,469,vrp,mvo_factor_neutral
2019-07-22,-2732.762342926728,20000.000411568868,-499.9999969088446,469,vrp,mvo_factor_neutral
2019-07-23,-6160.127637733538,18915.78330480953,-403.47006180128494,469,vrp,mvo_factor_neutral
2019-07-24,7190.128409610403,18340.95078376125,171.67823412123377,469,vrp,mvo_factor_neutral
2019-07-25,-3386.03228304198,18242.24535852392,458.9277343599203,469,vrp,mvo_factor_neutral
2019-07-26,263.28360842890095,17426.349872569528,-248.77501506944338,469,vrp,mvo_factor_neutral
2019-07-29,3777.290408611204,20000.000162840675,-499.9999989388361,470,vrp,mvo_factor_neutral
2019-07-30,-5496.836656260927,19180.008033970553,-459.06903493110144,470,vrp,mvo_factor_neutral
2019-07-31,3599.796930988567,18996.369731037947,-452.9570439481462,470,vrp,mvo_factor_neutral
2019-08-01,-19741.257507759092,17872.719249412832,-478.009896885439,470,vrp,mvo_factor_neutral
2019-08-02,2647.1946889589135,17642.959472913146,-584.4908083639086,470,vrp,mvo_factor_neutral
2019-08-05,-7485.157916365459,20000.000034525274,-499.9999991223153,470,vrp,mvo_factor_neutral
2019-08-06,10686.28404241512,19758.19593667432,-392.04105248339545,470,vrp,mvo_factor_neutral
2019-08-07,-15170.825935254587,19624.051193652267,-170.24592485862718,470,vrp,mvo_factor_neutral
2019-08-08,11197.641822936615,20035.496634986943,372.13037395345896,470,vrp,mvo_factor_neutral
2019-08-09,-12187.596211998753,19277.75437128719,16.810307759466436,470,vrp,mvo_factor_neutral
2019-08-12,-11107.630250532715,19999.999422689172,-499.99993375090645,470,vrp,mvo_factor_neutral
2019-08-13,-5426.048187648414,20410.768320892752,-770.4909800672148,470,vrp,mvo_factor_neutral
2019-08-14,-27435.518863457633,18644.015302876804,-1417.942503429724,470,vrp,mvo_factor_neutral
2019-08-15,-12309.24242205882,18576.185625200225,-2009.1873141866067,470,vrp,mvo_factor_neutral
2019-08-16,297.6201914747824,18916.133169708424,-2107.79996046342,470,vrp,mvo_factor_neutral
2019-08-19,-1721.2397880687101,19999.9996600982,479.8733701685889,469,vrp,mvo_factor_neutral
2019-08-20,-219.1491147718628,19148.96470488664,419.4624884974954,469,vrp,mvo_factor_neutral
2019-08-21,15512.416762718916,19222.73668712706,1152.5216274736345,469,vrp,mvo_factor_neutral
2019-08-22,-30969.68732942243,19008.36889425965,725.8374205817544,469,vrp,mvo_factor_neutral
2019-08-23,-17119.608803038536,17899.909345636086,-706.6192957138584,469,vrp,mvo_factor_neutral
2019-08-26,10938.39827973489,20000.000345684668,466.5817821066134,470,vrp,mvo_factor_neutral
2019-08-27,-3723.0574973681582,19672.92702754647,724.2675050408055,470,vrp,mvo_factor_neutral
2019-08-28,-1381.79968792127,19074.56202940267,-424.035518333003,470,vrp,mvo_factor_neutral
2019-08-29,4771.489239773517,19570.18999504437,270.6886387770496,470,vrp,mvo_factor_neutral
2019-08-30,-6416.053930238716,20308.20455577398,709.4757621437916,470,vrp,mvo_factor_neutral
2019-09-03,-3777.8828049306194,19895.541662559823,604.4585461495323,471,vrp,mvo_factor_neutral
2019-09-04,5343.215181688443,19369.05635062732,422.04886700716025,447,vrp,mvo_factor_neutral
2019-09-05,4963.543638278048,18236.692739129314,223.93937987785273,447,vrp,mvo_factor_neutral
2019-09-06,13256.949551066109,17948.869897182336,395.3564498802721,447,vrp,mvo_factor_neutral
2019-09-09,-24457.01054881006,19999.998821134373,499.99995046533155,447,vrp,mvo_factor_neutral
2019-09-10,27596.245118404775,20329.399736771287,2737.3994393916555,447,vrp,mvo_factor_neutral
2019-09-11,1062.9858131018566,20498.672381208016,1581.1032427308576,447,vrp,mvo_factor_neutral
2019-09-12,9553.907825906545,20444.419780798624,1371.4440990438484,447,vrp,mvo_factor_neutral
2019-09-13,5713.593177368154,20318.77486032724,1775.1735565394138,447,vrp,mvo_factor_neutral
2019-09-16,11929.891738199385,19999.999965730163,-215.2498458633013,447,vrp,mvo_factor_neutral
2019-09-17,-54074.6867803927,20223.047546179503,-1703.3044507452796,447,vrp,mvo_factor_neutral
2019-09-18,-4558.623181052154,21349.19326680695,-1638.603797045636,447,vrp,mvo_factor_neutral
2019-09-19,-25888.351492951868,21534.371758641675,-2341.9011014501702,447,vrp,mvo_factor_neutral
2019-09-20,67692.00551320848,19827.469589987857,-1334.4099565011902,447,vrp,mvo_factor_neutral
2019-09-23,7215.228275107514,19999.99970257086,-499.9999959435288,447,vrp,mvo_factor_neutral
2019-09-24,3501.6900108108193,20771.675068029585,259.1693210993163,447,vrp,mvo_factor_neutral
2019-09-25,-10560.3371395564,19365.961807323714,-779.9310572930306,447,vrp,mvo_factor_neutral
2019-09-26,20528.59998930396,19345.148570295227,-1024.5683038671036,446,vrp,mvo_factor_neutral
2019-09-27,7485.992286983788,19260.243036008607,-965.4740090339712,446,vrp,mvo_factor_neutral
2019-09-30,23156.53928505367,19999.999608848444,-499.9999920474308,446,vrp,mvo_factor_neutral
2019-10-01,5843.860632781763,19860.608089502795,-524.4342667406894,446,vrp,mvo_factor_neutral
2019-10-02,-4032.8811250127424,19186.530135577224,-148.5117562035072,446,vrp,mvo_factor_neutral
2019-10-03,2939.6375178081375,19203.48384731317,-139.95963011717768,446,vrp,mvo_factor_neutral
2019-10-04,-3284.8384015084275,18904.159072999042,-396.4160506610515,446,vrp,mvo_factor_neutral
2019-10-07,8865.352354019222,20000.000178737613,-499.9999965713197,446,vrp,mvo_factor_neutral
2019-10-08,-17560.330687832982,19251.15728704593,-310.18240949330635,446,vrp,mvo_factor_neutral
2019-10-09,9739.249659550736,19059.495093021473,-519.1950953891858,446,vrp,mvo_factor_neutral
2019-10-10,-2743.986988379534,18799.19785374638,-704.0862214820954,446,vrp,mvo_factor_neutral
2019-10-11,-2868.3086646788497,18559.063353511636,-1108.1173984593959,446,vrp,mvo_factor_neutral
2019-10-14,18367.505340819494,19999.99988861746,-499.99998998349383,446,vrp,mvo_factor_neutral
2019-10-15,27011.83990891938,18671.402794549027,-291.10028096885617,446,vrp,mvo_factor_neutral
2019-10-16,-17676.310530899285,18604.42544815625,-651.2763181724999,446,vrp,mvo_factor_neutral
2019-10-17,-10784.010973086424,18228.72301138551,-829.9900451789396,446,vrp,mvo_factor_neutral
2019-10-18,18093.794338174826,17214.891100810564,-1117.5147649036217,446,vrp,mvo_factor_neutral
2019-10-21,-3018.499879705025,20000.000221054303,147.1480577842756,446,vrp,mvo_factor_neutral
2019-10-22,-16103.827643248163,19152.473849126076,909.6425525051965,446,vrp,mvo_factor_neutral
2019-10-23,-16966.149629821142,29376.053039120365,10108.678753482363,446,vrp,mvo_factor_neutral
2019-10-24,64120.42405802034,30690.8352050102,8752.119230291308,446,vrp,mvo_factor_neutral
2019-10-25,-3794.581153131762,29239.974531718086,7929.642293192198,446,vrp,mvo_factor_neutral
2019-10-28,-20358.57135422704,19999.99982826733,499.99995647842155,447,vrp,mvo_factor_neutral
2019-10-29,16851.96560181892,19767.328037841915,546.1296945661652,447,vrp,mvo_factor_neutral
2019-10-30,-597.7916674848623,19310.969625181096,567.7383714021439,447,vrp,mvo_factor_neutral
2019-10-31,-19624.976226718067,18808.823069905357,631.241394592328,447,vrp,mvo_factor_neutral
2019-11-01,15504.540191525231,18479.88883248148,307.23991596805047,447,vrp,mvo_factor_neutral
2019-11-04,-25668.689911466467,20000.00016880454,337.8995411311155,447,vrp,mvo_factor_neutral
2019-11-05,7142.497712586535,19231.62583330598,322.60961628610073,447,vrp,mvo_factor_neutral
2019-11-06,-21445.290098682643,19652.77729726651,782.2743067295132,447,vrp,mvo_factor_neutral
2019-11-07,16792.404304260537,18502.96566038518,1313.8336626964942,447,vrp,mvo_factor_neutral
2019-11-08,-4317.085784101628,18137.110040983847,1362.5570240109973,447,vrp,mvo_factor_neutral
2019-11-11,921.4385078652035,19999.999969736837,-499.9999854877523,447,vrp,mvo_factor_neutral
2019-11-12,-6019.48596052413,20126.05042569272,-1152.0525226327022,447,vrp,mvo_factor_neutral
2019-11-13,8495.503572044732,19513.130865525865,-1489.784130312647,447,vrp,mvo_factor_neutral
2019-11-14,18193.943484562555,19182.93497570516,-1144.8537859948192,447,vrp,mvo_factor_neutral
2019-11-15,-10258.35690168577,18969.807078573616,-1437.6535067952823,447,vrp,mvo_factor_neutral
2019-11-18,-4921.649590527071,19999.999816852684,-494.52501579529803,447,vrp,mvo_factor_neutral
2019-11-19,-17792.890498296096,23419.18949035213,-3733.178777918315,447,vrp,mvo_factor_neutral
2019-11-20,-27618.27809592375,22933.81346189456,-3161.6018253075354,447,vrp,mvo_factor_neutral
2019-11-21,-5244.1422639484435,22625.184655942518,-2863.687896838882,447,vrp,mvo_factor_neutral
2019-11-22,43432.81087076579,21434.272947892154,-2193.053795664995,447,vrp,mvo_factor_neutral
2019-11-25,-2191.0933026497905,19999.999769251062,-499.99997662507445,447,vrp,mvo_factor_neutral
2019-11-26,21377.519687065975,19627.651574038646,-1112.4608906130475,447,vrp,mvo_factor_neutral
2019-11-27,-13559.698085716347,20735.822497157016,-3751.994269303437,447,vrp,mvo_factor_neutral
2019-11-29,6441.045032805479,19620.812977062185,-3219.5186320278153,447,vrp,mvo_factor_neutral
2019-12-02,-9004.180757478041,19786.246700244235,-713.7528170442982,446,vrp,mvo_factor_neutral
2019-12-03,516.230776696517,19398.809117122273,-628.7218586570447,446,vrp,mvo_factor_neutral
2019-12-04,5486.765002868902,18984.45584552043,-1213.966164394371,446,vrp,mvo_factor_neutral
2019-12-05,13546.901743008815,18536.794049225893,-1316.201891249252,446,vrp,mvo_factor_neutral
2019-12-06,9108.226172612623,18055.282509510584,-1472.4044009651855,446,vrp,mvo_factor_neutral
2019-12-09,-7879.441535266971,19999.99992289272,-499.9999920074986,446,vrp,mvo_factor_neutral
2019-12-10,9504.880219623315,21056.26139709187,757.7211315713195,446,vrp,mvo_factor_neutral
2019-12-11,-7420.085073659537,20570.986848705583,719.0463785755204,446,vrp,mvo_factor_neutral
2019-12-12,-15594.935848743391,19886.901268118356,364.77902383071125,446,vrp,mvo_factor_neutral
2019-12-13,-4377.272404057378,19535.420275646087,327.5784298573679,445,vrp,mvo_factor_neutral
2019-12-16,4277.812892466064,19999.99955357314,-499.9999959195302,445,vrp,mvo_factor_neutral
2019-12-17,14849.203445092706,19621.76948846118,-525.1690970361456,444,vrp,mvo_factor_neutral
2019-12-18,-3090.5250371391703,18694.468231318202,-1189.12391703007,444,vrp,mvo_factor_neutral
2019-12-19,3837.5229884520118,17868.631542737483,-1103.0892313365089,444,vrp,mvo_factor_neutral
2019-12-20,-9418.627599607704,17211.64543935391,-1137.8690910036482,444,vrp,mvo_factor_neutral
2019-12-23,-3810.1511103239577,19999.998956819112,7.994510485558946,444,vrp,mvo_factor_neutral
2019-12-24,7510.879339899397,20368.34585851892,961.6106513102961,444,vrp,mvo_factor_neutral
2019-12-26,2558.3981819687197,18225.7875354788,647.2811276433448,444,vrp,mvo_factor_neutral
2019-12-27,31889.489699616825,18117.510926680123,705.0416481160598,444,vrp,mvo_factor_neutral
2019-12-30,-14544.148830172397,19999.99979565898,499.9999703354951,444,vrp,mvo_factor_neutral
2019-12-31,-132.789831257548,19819.132542968033,465.6195987922927,444,vrp,mvo_factor_neutral
2020-01-02,1032.8202358889366,19335.606734929203,435.5828013268968,444,vrp,mvo_factor_neutral
2020-01-03,-2588.9296227146174,19040.543614304,538.8077878263791,444,vrp,mvo_factor_neutral
2020-01-06,4496.345294316891,19999.999827231204,499.99997807750174,445,vrp,mvo_factor_neutral
2020-01-07,25674.329407889632,19896.30739347648,653.8994969782163,445,vrp,mvo_factor_neutral
2020-01-08,-919.8521430416275,19255.381801442723,345.34730248541473,445,vrp,mvo_factor_neutral
2020-01-09,-765.1725906857897,18577.327732683076,616.1903670816512,445,vrp,mvo_factor_neutral
2020-01-10,1497.2684382299444,17993.4259913742,311.7310610350855,436,vrp,mvo_factor_neutral
2020-01-13,8983.896430186287,20000.000267637683,499.9999937756763,436,vrp,mvo_factor_neutral
2020-01-14,4315.303345295057,19886.39646335204,691.9749402200335,436,vrp,mvo_factor_neutral
2020-01-15,-6719.572180898531,19124.72428088564,847.958530134663,436,vrp,mvo_factor_neutral
2020-01-16,14719.45561741791,18040.82197473094,1157.814241679373,436,vrp,mvo_factor_neutral
2020-01-17,-2706.8426934738623,17697.28627617113,860.9149166214604,436,vrp,mvo_factor_neutral
2020-01-21,12553.712698603576,19999.999613150958,499.999992912093,436,vrp,mvo_factor_neutral
2020-01-22,-7259.040250043298,18817.616709443642,-423.8996138738383,436,vrp,mvo_factor_neutral
2020-01-23,2439.632582933327,18379.14457527319,-287.7873047370659,436,vrp,mvo_factor_neutral
2020-01-24,-6848.275744865822,18914.49435730089,-614.4977813350539,436,vrp,mvo_factor_neutral
2020-01-27,-6980.419837866167,19999.998076564927,-499.9999770877937,436,vrp,mvo_factor_neutral
2020-01-28,17502.667204492416,19652.523732712205,50.43531179057894,436,vrp,mvo_factor_neutral
2020-01-29,8840.360689471876,18661.467949212532,-142.0448729185275,436,vrp,mvo_factor_neutral
2020-01-30,26735.07015995217,18185.318910875558,54.56405215258249,436,vrp,mvo_factor_neutral
2020-01-31,8523.53856223975,20933.22035174431,2997.2504814243994,436,vrp,mvo_factor_neutral
2020-02-03,-14205.026974047638,20000.00036205621,267.0908093972149,435,vrp,mvo_factor_neutral
2020-02-04,-5732.102252486956,19733.416711932263,378.3537485131719,435,vrp,mvo_factor_neutral
2020-02-05,-30943.102286804242,19094.663033549976,244.8058082505196,435,vrp,mvo_factor_neutral
2020-02-06,9316.819196953888,18520.52143202182,259.06361687854996,435,vrp,mvo_factor_neutral
2020-02-07,17433.367271290615,18522.00114881889,727.9859357341977,435,vrp,mvo_factor_neutral
2020-02-10,-8271.629062915144,20000.000161588945,-231.1438421247404,435,vrp,mvo_factor_neutral
2020-02-11,-2795.685586020915,19710.067763177176,-73.258393647092,435,vrp,mvo_factor_neutral
2020-02-12,-11494.730599625382,19547.98686422052,-478.9747304863436,435,vrp,mvo_factor_neutral
2020-02-13,2254.8488780541793,19243.569033361167,110.82672460900649,435,vrp,mvo_factor_neutral
2020-02-14,10548.789031593305,18542.833972917473,-16.11218876034153,435,vrp,mvo_factor_neutral
2020-02-18,8376.513475939897,20000.000002948615,499.99998989952934,435,vrp,mvo_factor_neutral
2020-02-19,11852.262926832165,19128.494388247385,491.46014306379897,435,vrp,mvo_factor_neutral
2020-02-20,7113.021470313302,18966.593238419893,11.367906872838258,435,vrp,mvo_factor_neutral
2020-02-21,-6478.4190837784245,18695.261281342213,780.5724031854504,435,vrp,mvo_factor_neutral
2020-02-24,-7817.741961739409,19999.999800160233,187.33901699509352,435,vrp,mvo_factor_neutral
2020-02-25,-8999.480666024034,21024.709084104947,-1932.3013341484334,435,vrp,mvo_factor_neutral
2020-02-26,-1735.5502185523717,19980.619729845872,-2187.9482579496366,435,vrp,mvo_factor_neutral
2020-02-27,-32320.995701800242,21824.30051910845,2974.5535939144424,435,vrp,mvo_factor_neutral
2020-02-28,8675.38587176742,24619.08956260229,3473.525954295263,434,vrp,mvo_factor_neutral
2020-03-02,-17293.581949519375,19999.999945708394,499.999959763731,434,vrp,mvo_factor_neutral
2020-03-03,4505.756458348287,19101.362112886105,478.5509459085567,434,vrp,mvo_factor_neutral
2020-03-04,4316.720035146394,19325.98777732831,337.90416202493043,434,vrp,mvo_factor_neutral
2020-03-05,10098.453222665657,18380.58915025975,1120.6901542476182,434,vrp,mvo_factor_neutral
2020-03-06,-29554.45305117989,18279.40951233164,997.7929306428082,433,vrp,mvo_factor_neutral
2020-03-09,5241.795066850535,20000.000251744474,499.9999948201217,434,vrp,mvo_factor_neutral
2020-03-10,-21464.213532211994,20441.124309729676,621.9850223781925,434,vrp,mvo_factor_neutral
2020-03-11,-56001.70492146515,19426.58906816975,700.6351677469897,434,vrp,mvo_factor_neutral
2020-03-12,-23960.672263737903,17839.82930986043,330.7267778442694,434,vrp,mvo_factor_neutral
2020-03-13,63929.33523884319,18618.609428763888,1041.2639275789286,434,vrp,mvo_factor_neutral
2020-03-16,97585.27300514068,19792.18296945344,292.18286034897415,456,vrp,mvo_factor_neutral
2020-03-17,-21413.329437911267,19853.36602862432,814.5108398743317,455,vrp,mvo_factor_neutral
2020-03-18,-22112.567732100644,18525.148385426048,1941.5639130570335,453,vrp,mvo_factor_neutral
2020-03-19,-21196.00753291483,17414.046591467006,2452.193660431743,452,vrp,mvo_factor_neutral
2020-03-20,114766.55208856666,16799.351619770532,2051.8989155585828,452,vrp,mvo_factor_neutral
2020-03-23,-19438.264187696746,20000.000111232574,499.999997255744,455,vrp,mvo_factor_neutral
2020-03-24,98540.91480691072,21865.509696831876,447.2134867842709,454,vrp,mvo_factor_neutral
2020-03-25,-61416.26780524266,23021.61549967302,463.50056534142965,453,vrp,mvo_factor_neutral
2020-03-26,135129.69130926527,23519.21953895279,818.381661028027,453,vrp,mvo_factor_neutral
2020-03-27,-69231.90627514555,22958.671682635577,1146.3135944584456,453,vrp,mvo_factor_neutral
2020-03-30,171922.1334951062,19999.999913649997,-499.9999819299408,469,vrp,mvo_factor_neutral
2020-03-31,6370.321380109324,20132.98046340132,-161.95932908305323,468,vrp,mvo_factor_neutral
2020-04-01,19845.856739649083,19184.59918822354,341.548408797722,467,vrp,mvo_factor_neutral
2020-04-02,-18243.19281944917,18878.57334524953,588.9646198889524,467,vrp,mvo_factor_neutral
2020-04-03,5992.230203493607,18717.918804996116,624.2129942616114,466,vrp,mvo_factor_neutral
2020-04-06,44343.9965815693,20000.000113277867,-499.999999030377,468,vrp,mvo_factor_neutral
2020-04-07,14722.743686139429,20864.997362410548,-779.0314604094211,467,vrp,mvo_factor_neutral
2020-04-08,4470.980587149563,21944.869237183404,-648.5509811078216,467,vrp,mvo_factor_neutral
2020-04-09,-21813.152173999315,23128.206977011632,-998.9215504834075,467,vrp,mvo_factor_neutral
2020-04-13,28222.51170523348,20000.00012122529,-499.9999999371837,470,vrp,mvo_factor_neutral
2020-04-14,-10060.977458705851,20546.911659281835,179.97807671488064,469,vrp,mvo_factor_neutral
2020-04-15,34790.27461325509,20157.1057980868,234.84524386832473,469,vrp,mvo_factor_neutral
2020-04-16,-57740.16305957475,18821.925079497254,850.4598714231083,468,vrp,mvo_factor_neutral
2020-04-17,61055.56296880139,18810.508639451586,733.3313767039956,467,vrp,mvo_factor_neutral
2020-04-20,56973.39544808325,20000.00001380319,-499.9999996873867,467,vrp,mvo_factor_neutral
2020-04-21,-61.21842966690523,19632.69826667665,-735.3251531363074,467,vrp,mvo_factor_neutral
2020-04-22,14264.324288298887,19430.23360579191,-752.5802506359137,466,vrp,mvo_factor_neutral
2020-04-23,25637.378583834274,19321.5892819332,-1225.4494251101507,466,vrp,mvo_factor_neutral
2020-04-24,24958.969032020697,19044.4425274413,-2276.082432045777,466,vrp,mvo_factor_neutral
2020-04-27,1287.0905465061749,20000.000050311028,-499.9999996801841,468,vrp,mvo_factor_neutral
2020-04-28,-6983.993549589185,19968.31616604826,-710.4078751733404,468,vrp,mvo_factor_neutral
2020-04-29,-10455.14306154513,20152.567420375482,-1011.0956726885132,468,vrp,mvo_factor_neutral
2020-04-30,-6894.471317746479,19993.425226645577,-946.9726040953414,468,vrp,mvo_factor_neutral
2020-05-01,11376.479142808814,19286.265874805435,-732.8927586254961,468,vrp,mvo_factor_neutral
2020-05-04,-8466.656798149113,19999.999905831744,-499.9999977409622,469,vrp,mvo_factor_neutral
2020-05-05,8669.965295351385,19417.617891926144,-547.933919092027,469,vrp,mvo_factor_neutral
2020-05-06,-3112.759255954734,18762.041613896203,-773.5007454351666,469,vrp,mvo_factor_neutral
2020-05-07,10121.966848275491,18730.176921657305,-785.91390594739,469,vrp,mvo_factor_neutral
2020-05-08,9327.627055642126,18987.336535214028,-1088.4772528567028,469,vrp,mvo_factor_neutral
2020-05-11,18187.277084464127,20000.00028348096,-499.9999990819478,469,vrp,mvo_factor_neutral
2020-05-12,759.626907592677,19586.34929302247,-222.9073396553819,469,vrp,mvo_factor_neutral
2020-05-13,6096.096530585663,19773.65197226827,173.72586615351207,469,vrp,mvo_factor_neutral
2020-05-14,7905.655926491979,19983.538543814022,295.24127713733014,468,vrp,mvo_factor_neutral
2020-05-15,-6548.001419796955,19673.71450893267,332.3436803043331,468,vrp,mvo_factor_neutral
2020-05-18,9784.374462518565,19850.37031695556,-649.6298336117169,468,vrp,mvo_factor_neutral
2020-05-19,35728.28472310918,19634.46212933253,-388.9061969635317,467,vrp,mvo_factor_neutral
2020-05-20,20407.86436558375,19184.690695741705,-544.88310751269,467,vrp,mvo_factor_neutral
2020-05-21,-5565.787345684554,19999.800789603883,-431.96595128292114,467,vrp,mvo_factor_neutral
2020-05-22,25095.609213992924,19737.416501870575,-279.70332679436586,467,vrp,mvo_factor_neutral
2020-05-26,5601.857886153037,20000.000034762375,-499.9999985192736,468,vrp,mvo_factor_neutral
2020-05-27,-18882.29121089667,23370.502751298875,-998.4275434467033,468,vrp,mvo_factor_neutral
2020-05-28,-43532.42520983474,23106.789597648232,-492.4270540880923,468,vrp,mvo_factor_neutral
2020-05-29,15576.521040542364,22149.003465803587,-15.359875966090305,468,vrp,mvo_factor_neutral
2020-06-01,16736.90804809031,20000.000131248926,-499.9999994054054,468,vrp,mvo_factor_neutral
2020-06-02,-8158.427136493499,20349.72162202686,-186.1322022518181,468,vrp,mvo_factor_neutral
2020-06-03,-10356.171567286132,20294.833997387006,-262.55675433120877,468,vrp,mvo_factor_neutral
2020-06-04,-98053.91620452047,20495.771676223136,-769.2587758823051,468,vrp,mvo_factor_neutral
2020-06-05,-10197.915860580511,22154.272683630923,-3285.8069147016845,468,vrp,mvo_factor_neutral
2020-06-08,-47845.264070780366,20000.000169601528,-499.999999211281,468,vrp,mvo_factor_neutral
2020-06-09,-25432.036391524085,20412.930308569215,212.5363399258072,468,vrp,mvo_factor_neutral
2020-06-10,25704.948460300708,20010.561975795055,847.1036157290504,468,vrp,mvo_factor_neutral
2020-06-11,-119.35562503528602,18173.580482536625,942.9376319339036,468,vrp,mvo_factor_neutral
2020-06-12,-18308.522662210056,18188.861503363176,1202.4775365471176,467,vrp,mvo_factor_neutral
2020-06-15,16817.462335178076,19999.99999950561,-499.9999989247458,467,vrp,mvo_factor_neutral
2020-06-16,21187.105883091554,19922.384994970856,-615.8210399859307,467,vrp,mvo_factor_neutral
2020-06-17,23035.65023122626,19496.125506129218,-658.8373347140887,467,vrp,mvo_factor_neutral
2020-06-18,-5266.803839711443,19249.417609217846,-769.74440722297,467,vrp,mvo_factor_neutral
2020-06-19,-1844.0690831329653,18612.78015900202,-789.1638284206696,467,vrp,mvo_factor_neutral
2020-06-22,4724.676971151263,19999.99993812289,-499.9999966370377,468,vrp,mvo_factor_neutral
2020-06-23,4430.510966110598,19755.96252387776,-706.1155792276762,468,vrp,mvo_factor_neutral
2020-06-24,11457.058173622878,18948.341500958435,-1094.432700213874,468,vrp,mvo_factor_neutral
2020-06-25,20431.93408782271,18617.756441686255,-993.4648442847865,468,vrp,mvo_factor_neutral
2020-06-26,-11797.04980422246,17915.01955399946,-1258.171154119031,468,vrp,mvo_factor_neutral
2020-06-29,-3552.785041794793,19999.99982074381,-499.9999860684142,469,vrp,mvo_factor_neutral
2020-06-30,-8427.41836790148,19342.32658916583,101.28936260103318,467,vrp,mvo_factor_neutral
2020-07-01,11091.050917739389,18943.733622487976,61.212787075767096,467,vrp,mvo_factor_neutral
2020-07-02,-21083.05653893497,18698.88478742789,119.20610037982851,467,vrp,mvo_factor_neutral
2020-07-06,36175.07271351186,20000.000264716786,137.13489856108964,468,vrp,mvo_factor_neutral
2020-07-07,18680.691162007595,19614.307199303334,154.09160383267076,468,vrp,mvo_factor_neutral
2020-07-08,-14001.14216701701,19365.530071797315,135.7051438716912,468,vrp,mvo_factor_neutral
2020-07-09,-19161.27673208865,18821.58903313993,167.1441112940588,468,vrp,mvo_factor_neutral
2020-07-10,34358.95651514994,19134.15605942124,-111.9621083797375,467,vrp,mvo_factor_neutral
2020-07-13,-36313.874880063515,20000.000114162034,499.9999924648347,468,vrp,mvo_factor_neutral
2020-07-14,43338.908829467524,19568.039978465225,363.78816369509167,468,vrp,mvo_factor_neutral
2020-07-15,-2386.2350309474014,20246.774616975035,586.7500541094423,468,vrp,mvo_factor_neutral
2020-07-16,15250.70739754204,20107.307177879746,813.6056147845179,468,vrp,mvo_factor_neutral
2020-07-17,-7197.560268845721,19833.541875880746,807.0013159644233,468,vrp,mvo_factor_neutral
2020-07-20,-37365.64104352625,20000.000160640786,499.9999961603507,469,vrp,mvo_factor_neutral
2020-07-21,-5518.912834757523,19841.765367933393,322.3402465249464,469,vrp,mvo_factor_neutral
2020-07-22,20015.867979571765,19690.19807151292,274.13647304386086,469,vrp,mvo_factor_neutral
2020-07-23,15268.516045541808,19265.891784891017,201.3921574921648,469,vrp,mvo_factor_neutral
2020-07-24,-14184.371906395314,19034.737012130798,136.05634288061242,469,vrp,mvo_factor_neutral
2020-07-27,18952.070910515184,20000.000032022814,499.99999896761693,469,vrp,mvo_factor_neutral
2020-07-28,5218.492657653049,19702.65457535892,673.0944181621157,469,vrp,mvo_factor_neutral
2020-07-29,-3392.744367394789,18935.988513857035,358.18629409224917,469,vrp,mvo_factor_neutral
2020-07-30,-6385.2859916510615,20344.24616091172,-1061.8258973545405,469,vrp,mvo_factor_neutral
2020-07-31,32942.800037059824,19690.73288898932,-513.8317493587956,469,vrp,mvo_factor_neutral
2020-08-03,-34217.33747447482,19999.999978145668,20.271782380099644,469,vrp,mvo_factor_neutral
2020-08-04,-16021.166593114442,19562.823593575704,286.19242874656425,468,vrp,mvo_factor_neutral
2020-08-05,1833.4552030831715,19214.225161268605,414.8897117759011,468,vrp,mvo_factor_neutral
2020-08-06,4167.6583291743,18891.29062868288,519.8712917617183,468,vrp,mvo_factor_neutral
2020-08-07,15253.480938147164,18366.034822936846,769.5774350519133,468,vrp,mvo_factor_neutral
2020-08-10,-3334.757605984851,20000.000159736595,52.595914302287426,470,vrp,mvo_factor_neutral
2020-08-11,-12472.7296278912,19672.346654259873,-491.788517072882,470,vrp,mvo_factor_neutral
2020-08-12,17102.40296419715,19254.582923427854,-165.96279414212063,470,vrp,mvo_factor_neutral
2020-08-13,11468.648646785707,20023.772601652418,929.0415974005707,470,vrp,mvo_factor_neutral
2020-08-14,-2150.915918356562,19149.70421924435,-293.0132522510749,470,vrp,mvo_factor_neutral
2020-08-17,-301.9379002205939,20000.000066818197,-499.99999499846143,470,vrp,mvo_factor_neutral
2020-08-18,4598.599693600451,19548.774814507728,-338.8329241890052,470,vrp,mvo_factor_neutral
2020-08-19,9482.889078560745,19269.427955744173,-509.31025446075085,470,vrp,mvo_factor_neutral
2020-08-20,-1254.0631585198928,18994.28877459463,-459.56712170183306,470,vrp,mvo_factor_neutral
2020-08-21,14964.221326733761,18678.146044375888,-662.9415858872204,470,vrp,mvo_factor_neutral
2020-08-24,-14901.35248088596,20000.00010518357,-50.91269985346518,471,vrp,mvo_factor_neutral
2020-08-25,-8136.866454833148,19529.200536522825,197.49633640599342,471,vrp,mvo_factor_neutral
2020-08-26,13979.167901456596,19315.95697981946,-100.62157797202043,470,vrp,mvo_factor_neutral
2020-08-27,4408.248618285375,19110.893811269387,96.89119464707551,470,vrp,mvo_factor_neutral
2020-08-28,14436.698424847915,19118.00810858121,154.92277372471088,470,vrp,mvo_factor_neutral
2020-08-31,4852.12956499963,20000.000150791428,-499.9999950077576,471,vrp,mvo_factor_neutral
2020-09-01,6848.307303670435,19109.92593442134,-85.47476062556055,470,vrp,mvo_factor_neutral
2020-09-02,2140.1213548894652,18869.35432351103,-270.2539697137675,470,vrp,mvo_factor_neutral
2020-09-03,-7785.589529221625,18828.24385377802,-3.9973701231899783,470,vrp,mvo_factor_neutral
2020-09-04,5970.398113830238,18371.367686649148,13.479866297342994,470,vrp,mvo_factor_neutral
2020-09-08,2025.133445770017,20000.000058748705,-499.9999885184805,472,vrp,mvo_factor_neutral
2020-09-09,19640.35072945558,19914.092643025306,-571.1003465270913,472,vrp,mvo_factor_neutral
2020-09-10,16986.439816849317,19089.221645098998,-235.1904468854842,472,vrp,mvo_factor_neutral
2020-09-11,3841.44362808795,18582.150920470354,-312.6492126185738,472,vrp,mvo_factor_neutral
2020-09-14,4088.7175696605527,20000.000187855854,-499.99999732332697,472,vrp,mvo_factor_neutral
2020-09-15,8608.482906545782,19355.031254559384,-529.4552581837695,472,vrp,mvo_factor_neutral
2020-09-16,1363.7189773036273,18883.492358540974,-583.0927213533985,472,vrp,mvo_factor_neutral
2020-09-17,4428.483726761311,19209.232931202216,-153.50190489078264,472,vrp,mvo_factor_neutral
2020-09-18,1487.190742900242,19725.54571668048,-1110.1706498340823,472,vrp,mvo_factor_neutral
2020-09-21,-4976.94680054412,20000.000041027914,-499.99999292767694,473,vrp,mvo_factor_neutral
2020-09-22,-289.57214207815593,19528.729550135668,-401.20003036653156,473,vrp,mvo_factor_neutral
2020-09-23,4126.512138496854,18205.192650323683,-1148.462981926122,473,vrp,mvo_factor_neutral
2020-09-24,-13588.075220557068,18196.76005435984,-1815.0541915455121,472,vrp,mvo_factor_neutral
2020-09-25,6905.030999308552,18497.849170325353,-1363.278941913265,472,vrp,mvo_factor_neutral
2020-09-28,18472.732325616184,20000.000092172944,-499.99999759412793,472,vrp,mvo_factor_neutral
2020-09-29,-19299.205309796984,19623.14217805906,-557.0276541870409,472,vrp,mvo_factor_neutral
2020-09-30,18060.411735011116,19573.284058246514,-503.9179110142686,472,vrp,mvo_factor_neutral
2020-10-01,10960.43273532634,19359.99590028365,-416.5666407847929,472,vrp,mvo_factor_neutral
2020-10-02,-2170.2786745932913,19240.269710980247,-458.96088792010727,472,vrp,mvo_factor_neutral
2020-10-05,4001.43228371936,20000.000075493794,-499.9998476332564,472,vrp,mvo_factor_neutral
2020-10-06,11956.15217553068,19612.80065751024,-250.5954441367052,472,vrp,mvo_factor_neutral
2020-10-07,-8759.237471253402,19261.019872925055,-760.5936126350772,472,vrp,mvo_factor_neutral
2020-10-08,559.605128439096,18861.149866513853,-764.5527775780839,472,vrp,mvo_factor_neutral
2020-10-09,-9020.54359960983,18247.574920667917,-855.3532098751733,472,vrp,mvo_factor_neutral
2020-10-12,-2795.507732634865,20000.00005204928,-499.99999823055515,474,vrp,mvo_factor_neutral
2020-10-13,-7080.779788513078,19807.402881362395,-328.13427265728967,474,vrp,mvo_factor_neutral
2020-10-14,24294.91674672082,19718.061812376993,216.59128772364207,474,vrp,mvo_factor_neutral
2020-10-15,-6430.619379300658,19299.130587874064,52.618858205324415,474,vrp,mvo_factor_neutral
2020-10-16,1403.4008965612811,18950.12338938243,-110.7939748554507,474,vrp,mvo_factor_neutral
2020-10-19,784.7160563957258,20000.000083222723,-499.99999733459606,474,vrp,mvo_factor_neutral
2020-10-20,-3754.1081630718913,20036.605437348775,-574.2619584866369,474,vrp,mvo_factor_neutral
2020-10-21,16718.477594964585,19192.70095733714,-1014.9570946284468,474,vrp,mvo_factor_neutral
2020-10-22,-20577.23711597222,19404.09419481965,-1153.3204822000084,474,vrp,mvo_factor_neutral
2020-10-23,-15200.635121118445,18493.441739424463,-2327.695011531419,474,vrp,mvo_factor_neutral
2020-10-26,-10378.545159567751,19999.99988275041,-499.9999833989396,474,vrp,mvo_factor_neutral
2020-10-27,11965.746830958778,20706.39513111827,-509.73957117790246,474,vrp,mvo_factor_neutral
2020-10-28,-432.44287108682204,20725.08893979233,-33.67823479356029,474,vrp,mvo_factor_neutral
2020-10-29,2130.858400284973,20604.46726851234,-885.9191702808284,474,vrp,mvo_factor_neutral
2020-10-30,2588.4658143296133,20092.262906295993,-781.5876161607417,474,vrp,mvo_factor_neutral
2020-11-02,34883.430895022844,19902.781073419916,-402.7809517467852,474,vrp,mvo_factor_neutral
2020-11-03,-651.5411613945136,19577.222745575662,-162.9974530226632,473,vrp,mvo_factor_neutral
2020-11-04,-32080.675156546404,19456.930606583694,-418.22160011820165,473,vrp,mvo_factor_neutral
2020-11-05,-5365.019491145228,18930.766403039645,-159.23811869280516,473,vrp,mvo_factor_neutral
2020-11-06,-1761.9880743960482,19056.586644443687,-536.6272657193086,473,vrp,mvo_factor_neutral
2020-11-09,37870.414664315715,19986.492895269133,-486.49289418512393,473,vrp,mvo_factor_neutral
2020-11-10,-18065.80200075423,20248.449072579537,-682.1238093530076,473,vrp,mvo_factor_neutral
2020-11-11,27355.83880990575,20072.51491580206,-1298.0288963983978,473,vrp,mvo_factor_neutral
2020-11-12,-11755.344896665982,19919.2712425701,-1180.6629983811324,473,vrp,mvo_factor_neutral
2020-11-13,-9244.44682928055,19499.332061534897,-1625.679553137923,473,vrp,mvo_factor_neutral
2020-11-16,-3324.7804732757027,20000.000041386804,-499.99999941000505,474,vrp,mvo_factor_neutral
2020-11-17,9280.027205923181,20846.52082345032,504.6287928367878,474,vrp,mvo_factor_neutral
2020-11-18,-4527.6170160869515,20895.532162543146,599.3384218812395,474,vrp,mvo_factor_neutral
2020-11-19,-4739.279087979199,20644.556815853553,673.5746809914328,474,vrp,mvo_factor_neutral
2020-11-20,12457.312569387197,20756.701357105092,818.840296738567,474,vrp,mvo_factor_neutral
2020-11-23,-7986.301878221918,19999.999901999076,-499.99999788043664,475,vrp,mvo_factor_neutral
2020-11-24,16722.86547341719,21971.07483783835,-178.09102109575088,475,vrp,mvo_factor_neutral
2020-11-25,-21664.614591647885,21388.31147906751,-599.0861766734706,475,vrp,mvo_factor_neutral
2020-11-27,15742.253958181738,21732.482355305103,23.051501527964664,475,vrp,mvo_factor_neutral
2020-11-30,-458.0003469213863,20000.000071172413,-499.99999928961677,475,vrp,mvo_factor_neutral
2020-12-01,2577.703016112356,19945.82583011077,-192.78141741514193,475,vrp,mvo_factor_neutral
2020-12-02,4209.200668590181,19515.3700724888,-169.15190637818097,475,vrp,mvo_factor_neutral
2020-12-03,-3825.664626678157,19483.496381047767,-652.9835421788392,475,vrp,mvo_factor_neutral
2020-12-04,6067.967562396401,19510.942924993808,-586.8110029000018,475,vrp,mvo_factor_neutral
2020-12-07,2476.554958265094,20000.000089675603,-499.99999828293653,475,vrp,mvo_factor_neutral
2020-12-08,-2307.5264010846254,19577.41308807327,-477.58560411361924,475,vrp,mvo_factor_neutral
2020-12-09,3808.7596422217935,19309.88540839626,-304.2198000721818,475,vrp,mvo_factor_neutral
2020-12-10,1972.8276913052152,19112.12101952359,-425.4631996366475,475,vrp,mvo_factor_neutral
2020-12-11,-13610.160139456504,18825.679819493133,-529.2617323489491,475,vrp,mvo_factor_neutral
2020-12-14,10452.00916007945,20000.000103637452,-499.999999799791,475,vrp,mvo_factor_neutral
2020-12-15,5994.5303526603275,19763.34395078346,-786.0475304195359,475,vrp,mvo_factor_neutral
2020-12-16,4148.919540731502,18963.7633706504,-877.1256801973192,475,vrp,mvo_factor_neutral
2020-12-17,9416.98370043619,18654.532478048997,-581.3295631576597,475,vrp,mvo_factor_neutral
2020-12-18,13071.638750042917,19090.349334470448,-1168.3231709002805,475,vrp,mvo_factor_neutral
2020-12-21,-3556.4178603584037,20000.000066475506,-312.23545955617874,475,vrp,mvo_factor_neutral
2020-12-22,-13800.279178297013,20113.459456557615,-476.9851305396916,475,vrp,mvo_factor_neutral
2020-12-23,4658.442104999413,19989.12083392446,-421.5368176745242,475,vrp,mvo_factor_neutral
2020-12-24,23847.21005795065,19352.695628023896,-86.77636327311453,475,vrp,mvo_factor_neutral
2020-12-28,12179.141223006953,19999.99989087862,499.9999966388663,475,vrp,mvo_factor_neutral
2020-12-29,8341.151132122055,19725.739156046922,580.4982586127318,475,vrp,mvo_factor_neutral
2020-12-30,-4792.3250530692685,19351.49794044432,267.4503142065265,475,vrp,mvo_factor_neutral
2020-12-31,10024.92148453839,19326.709963577097,438.53408003041847,475,vrp,mvo_factor_neutral
2021-01-04,1076.3385494496174,20000.000141683664,499.9999982366946,475,vrp,mvo_factor_neutral
2021-01-05,-3618.454626439373,19842.22862817088,448.5511124330395,475,vrp,mvo_factor_neutral
2021-01-06,12640.289761776387,19682.280290377676,271.9582958536987,475,vrp,mvo_factor_neutral
2021-01-07,-9456.113936231528,19309.11886445095,43.108766880316004,475,vrp,mvo_factor_neutral
2021-01-08,-550.9719059875441,19030.230285213773,131.72778107819974,475,vrp,mvo_factor_neutral
2021-01-11,-5787.716715979097,19856.085987299874,619.073937608752,475,vrp,mvo_factor_neutral
2021-01-12,1453.176288700703,20233.59700608546,499.414210480235,463,vrp,mvo_factor_neutral
2021-01-13,-1867.2805430735827,20226.99283756312,493.99534868225936,463,vrp,mvo_factor_neutral
2021-01-14,-8328.31489414288,19621.290882492496,521.4755558269921,463,vrp,mvo_factor_neutral
2021-01-15,13638.056156177841,19386.013259680392,466.09472189882024,462,vrp,mvo_factor_neutral
2021-01-19,22484.814100807394,19999.999975622966,499.99997836038506,463,vrp,mvo_factor_neutral
2021-01-20,-5723.478263089291,19680.152007399327,845.1734595902245,463,vrp,mvo_factor_neutral
2021-01-21,-225.08456945443587,19450.035190935683,710.3962753022356,463,vrp,mvo_factor_neutral
2021-01-22,17209.025189501597,18891.56866493642,578.2494076073572,463,vrp,mvo_factor_neutral
2021-01-25,-5823.242729193891,20000.000048244357,499.99999836307717,463,vrp,mvo_factor_neutral
2021-01-26,-173.53143806635273,21142.039487426522,1823.1223110046271,463,vrp,mvo_factor_neutral
2021-01-27,-47083.68001142152,20788.64775956348,547.5971597097744,462,vrp,mvo_factor_neutral
2021-01-28,-9309.942231334313,20946.45394347874,208.2240252273763,462,vrp,mvo_factor_neutral
2021-01-29,20593.20278566252,19490.068505352338,422.3191529096807,462,vrp,mvo_factor_neutral
2021-02-01,35238.88260381632,19999.99993245639,122.68984390860355,462,vrp,mvo_factor_neutral
2021-02-02,8600.829934369078,20045.830702771447,276.2295821153835,461,vrp,mvo_factor_neutral
2021-02-03,-3396.8204832301303,19649.691412469547,497.6702255656331,461,vrp,mvo_factor_neutral
2021-02-04,12186.652158284245,19621.586155706125,165.36516773899052,461,vrp,mvo_factor_neutral
2021-02-05,12429.31060507473,19484.311985730998,-97.31416502285049,461,vrp,mvo_factor_neutral
2021-02-08,2072.609797985586,20000.00006141908,213.75154126058675,461,vrp,mvo_factor_neutral
2021-02-09,-10202.161933112287,19842.963641362843,205.99466982428535,461,vrp,mvo_factor_neutral
2021-02-10,9499.860950288172,19725.854109486867,5.093780985290514,461,vrp,mvo_factor_neutral
2021-02-11,-5076.051108800382,19135.088932627903,-27.814695201452462,461,vrp,mvo_factor_neutral
2021-02-12,-3185.725815796281,19030.614822247437,-127.49656743196356,461,vrp,mvo_factor_neutral
2021-02-16,6001.22159984333,20000.000179381772,-284.18050766050317,461,vrp,mvo_factor_neutral
2021-02-17,4149.774877334005,20094.129296478022,-182.67982807654687,461,vrp,mvo_factor_neutral
2021-02-18,-578.8361255114535,19831.606938818375,-58.881800652024644,461,vrp,mvo_factor_neutral
2021-02-19,8385.779955707665,20605.62882432126,-1791.1820153141282,461,vrp,mvo_factor_neutral
2021-02-22,-1198.4152119401979,20000.000058392863,-499.99999764693234,461,vrp,mvo_factor_neutral
2021-02-23,-3158.0679893313654,19263.093089313184,-1009.5273662364688,461,vrp,mvo_factor_neutral
2021-02-24,-11035.169102628006,18689.400431702834,-1035.5057644430046,461,vrp,mvo_factor_neutral
2021-02-25,12528.519391580785,19939.46554016371,188.97169625356113,461,vrp,mvo_factor_neutral
2021-02-26,-1307.7620638857825,19564.44358686307,-230.87389655885312,461,vrp,mvo_factor_neutral
2021-03-01,12076.301181805926,19999.99987180335,-499.9999971521764,461,vrp,mvo_factor_neutral
2021-03-02,5078.582770313418,19095.40013441055,-1002.8643270583337,461,vrp,mvo_factor_neutral
2021-03-03,7040.3732717188595,19234.722641908338,-268.4017257100576,461,vrp,mvo_factor_neutral
2021-03-04,-20471.967791214818,18739.143398203094,-666.5806678980534,461,vrp,mvo_factor_neutral
2021-03-05,20512.53311026708,18648.825511563326,-195.42190289453927,461,vrp,mvo_factor_neutral
2021-03-08,-5814.006644795641,20000.000155749094,-499.99999838906615,463,vrp,mvo_factor_neutral
2021-03-09,4554.266182764542,19887.061718389312,-569.5317978345427,463,vrp,mvo_factor_neutral
2021-03-10,5920.660736434316,19602.692689579162,-1405.5884592727448,463,vrp,mvo_factor_neutral
2021-03-11,6498.030362135509,19311.392832630645,-1202.1785497281917,463,vrp,mvo_factor_neutral
2021-03-12,-4105.09157065191,19225.974943690555,-255.14609568456316,463,vrp,mvo_factor_neutral
2021-03-15,392.8997111780746,20000.000118139924,-499.9999977381772,463,vrp,mvo_factor_neutral
2021-03-16,-9399.356978096512,19919.488690511454,-333.13495047941956,463,vrp,mvo_factor_neutral
2021-03-17,11654.223519543653,19208.569592789783,-607.8673469120353,463,vrp,mvo_factor_neutral
2021-03-18,5974.0825869326645,19152.893348723985,-412.52045747326724,463,vrp,mvo_factor_neutral
2021-03-19,40051.005062715856,18974.615217901446,-345.0466391581825,463,vrp,mvo_factor_neutral
2021-03-22,-12048.104803651344,20000.000115208168,-499.99999497703874,463,vrp,mvo_factor_neutral
2021-03-23,13391.57607772578,20901.64800762801,597.800191681476,463,vrp,mvo_factor_neutral
2021-03-24,-31372.28729468122,21420.62146085055,2003.9917485530696,463,vrp,mvo_factor_neutral
2021-03-25,-18530.996410306205,22044.229836308354,2130.8647333008034,463,vrp,mvo_factor_neutral
2021-03-26,19515.65628700835,20314.880669333517,1340.0790545406744,463,vrp,mvo_factor_neutral
2021-03-29,12662.044936838098,20000.00010785343,-499.9999486403204,476,vrp,mvo_factor_neutral
2021-03-30,7082.223977619067,19936.56595914509,-305.1970869116299,476,vrp,mvo_factor_neutral
2021-03-31,6180.973610053959,19671.352932589354,-321.6660244995693,476,vrp,mvo_factor_neutral
2021-04-01,4436.893011365177,19401.031444865203,-224.38161304341747,476,vrp,mvo_factor_neutral
2021-04-05,-8408.42328253197,20000.000028077233,-499.9999973969121,476,vrp,mvo_factor_neutral
2021-04-06,1409.5585950640466,19763.036625887886,-372.7384279400853,476,vrp,mvo_factor_neutral
2021-04-07,13966.479542951784,19500.24640664618,-322.81925156482725,476,vrp,mvo_factor_neutral
2021-04-08,-3283.8325444600364,19172.525484362843,-323.3893507525307,476,vrp,mvo_factor_neutral
2021-04-09,11766.01795993363,18708.623631240396,-418.7169590614998,476,vrp,mvo_factor_neutral
2021-04-12,-7946.348003336238,19999.999830671615,-499.9999877943443,477,vrp,mvo_factor_neutral
2021-04-13,-955.1144266495439,19757.707168687437,-597.1170270453871,477,vrp,mvo_factor_neutral
2021-04-14,1220.271535119801,19246.85200383878,-711.3579805776742,477,vrp,mvo_factor_neutral
2021-04-15,7683.009348294455,18687.576531094957,-870.6092354344808,477,vrp,mvo_factor_neutral
2021-04-16,3249.612037446925,17981.57685234534,-1329.4816671682206,477,vrp,mvo_factor_neutral
2021-04-19,319.21476496979574,20000.000239181245,151.68553751948522,477,vrp,mvo_factor_neutral
2021-04-20,36780.86005822998,19323.042508289418,-382.921266039162,477,vrp,mvo_factor_neutral
2021-04-21,4926.989680890964,18563.028308616438,8.236374264197556,477,vrp,mvo_factor_neutral
2021-04-22,-7291.109374171146,19135.74991122969,-331.887741816996,477,vrp,mvo_factor_neutral
2021-04-23,-2629.8282100691335,18068.44375146356,-629.2496962063399,476,vrp,mvo_factor_neutral
2021-04-26,13587.253170191389,20000.000042262785,499.9999916099039,476,vrp,mvo_factor_neutral
2021-04-27,-7184.523888616893,19744.617771616875,705.4913403057362,476,vrp,mvo_factor_neutral
2021-04-28,5035.9840110646355,18359.049982774835,799.0583021040849,476,vrp,mvo_factor_neutral
2021-04-29,-7437.323988908962,17616.748773775365,611.8922070422848,476,vrp,mvo_factor_neutral
2021-04-30,5282.432502925413,17268.716066379893,327.5726314228076,476,vrp,mvo_factor_neutral
2021-05-03,-18774.73201821295,20000.000082249102,499.9999917194373,476,vrp,mvo_factor_neutral
2021-05-04,9551.086135996802,19318.7516264208,659.2618418061742,476,vrp,mvo_factor_neutral
2021-05-05,-4683.7730454218,19262.742020529906,228.49076789986844,476,vrp,mvo_factor_neutral
2021-05-06,4908.183653244068,18895.83270528047,254.859947544975,476,vrp,mvo_factor_neutral
2021-05-07,3847.3168912176443,18432.786025145,-28.938564714447086,476,vrp,mvo_factor_neutral
2021-05-10,-8700.594617537437,19999.999535965497,-248.46371959549813,476,vrp,mvo_factor_neutral
2021-05-11,15543.40662540078,19815.767573592388,275.46984387121734,476,vrp,mvo_factor_neutral
2021-05-12,-10275.986706739637,19384.483098264824,547.0862498925296,476,vrp,mvo_factor_neutral
2021-05-13,-3875.9151658312207,19009.58200830882,146.45150445684166,476,vrp,mvo_factor_neutral
2021-05-14,10166.645213543183,18716.929771618663,-78.1857730783531,476,vrp,mvo_factor_neutral
2021-05-17,8501.578388433416,19999.99989531508,-317.93151077808903,476,vrp,mvo_factor_neutral
2021-05-18,-2102.641591525493,19870.753091333496,-291.3178958450979,476,vrp,mvo_factor_neutral
2021-05-19,-1806.5956529149485,19844.026701315735,-244.06529366107992,476,vrp,mvo_factor_neutral
2021-05-20,14662.383165422512,19279.56417976954,275.63473611394113,476,vrp,mvo_factor_neutral
2021-05-21,1434.0793995772385,18754.601083909918,477.99171211796164,476,vrp,mvo_factor_neutral
2021-05-24,-2295.0031750447984,19993.14816604724,-9.901799934911725,475,vrp,mvo_factor_neutral
2021-05-25,2436.2208459434087,19978.512936054925,595.6287677900679,475,vrp,mvo_factor_neutral
2021-05-26,-4575.42221417912,18979.14243763973,836.7046047855181,475,vrp,mvo_factor_neutral
2021-05-27,-4778.079892288699,18206.665166097588,725.3577575160635,475,vrp,mvo_factor_neutral
2021-05-28,-5544.1593519967555,17955.66931337076,333.6580070578354,475,vrp,mvo_factor_neutral
2021-06-01,563.9705144025392,19999.99997926361,201.3411691623558,476,vrp,mvo_factor_neutral
2021-06-02,1457.7080212786507,19706.240907530475,675.0129544413443,476,vrp,mvo_factor_neutral
2021-06-03,-1454.7130912091961,19258.542542832784,444.5230577105221,476,vrp,mvo_factor_neutral
2021-06-04,4354.822401581115,19154.431290107812,920.4020454375028,476,vrp,mvo_factor_neutral
2021-06-07,28722.331389221916,20000.000133249203,-345.0879847490823,476,vrp,mvo_factor_neutral
2021-06-08,3243.508123292473,19757.03192168713,-183.68009226167135,476,vrp,mvo_factor_neutral
2021-06-09,-3974.088403381917,19187.679943466053,-85.41498022940475,476,vrp,mvo_factor_neutral
2021-06-10,-540.3361628566644,18174.46986030436,-125.83552662062807,476,vrp,mvo_factor_neutral
2021-06-11,-990.6249488381667,17162.449127431526,474.84689248035437,476,vrp,mvo_factor_neutral
2021-06-14,24034.799628070457,19999.99964338705,499.99999281082654,476,vrp,mvo_factor_neutral
2021-06-15,2802.2875518879846,21365.54227770119,-1040.494160887837,476,vrp,mvo_factor_neutral
2021-06-16,1607.9446314831373,21028.022339248386,-1798.177334472132,476,vrp,mvo_factor_neutral
2021-06-17,-40029.789870270855,20659.817147969967,-2562.2878623113033,476,vrp,mvo_factor_neutral
2021-06-18,10517.510806451879,20696.615082916953,-2734.0346775804096,476,vrp,mvo_factor_neutral
2021-06-21,18706.407033395913,20000.00025792064,499.99999480265296,476,vrp,mvo_factor_neutral
2021-06-22,1740.0683400449223,18828.996149379596,598.3961169513884,476,vrp,mvo_factor_neutral
2021-06-23,-21252.446140545995,18763.792301169073,226.12332466974914,476,vrp,mvo_factor_neutral
2021-06-24,48041.784700681535,20339.473901223835,1101.0196054509433,476,vrp,mvo_factor_neutral
2021-06-25,-17321.649866090225,18446.5196748925,-663.4940158773951,476,vrp,mvo_factor_neutral
2021-06-28,-8928.204841354318,20000.000056789588,499.99999592009095,477,vrp,mvo_factor_neutral
2021-06-29,1003.8398003229363,19722.3832397024,538.4730397537987,477,vrp,mvo_factor_neutral
2021-06-30,-484.8825756548447,19533.456851571485,584.5252264445342,477,vrp,mvo_factor_neutral
2021-07-01,10142.036447788063,19278.43545088939,427.7452732034392,477,vrp,mvo_factor_neutral
2021-07-02,3774.5984973056657,18888.2154881485,292.7874307846371,477,vrp,mvo_factor_neutral
2021-07-06,-4557.4363295008,20000.000724996353,499.99997939437407,478,vrp,mvo_factor_neutral
2021-07-07,-4170.9447091742295,19552.28477577847,447.601021922228,478,vrp,mvo_factor_neutral
2021-07-08,7636.08626406512,18925.23833267814,396.11430783117333,478,vrp,mvo_factor_neutral
2021-07-09,11475.27763899142,19071.02456787436,524.994675077541,478,vrp,mvo_factor_neutral
2021-07-12,4094.183861802152,20000.000601307747,336.32006161663867,480,vrp,mvo_factor_neutral
2021-07-13,-5959.173053224139,19403.014938492637,721.0971776543452,480,vrp,mvo_factor_neutral
2021-07-14,-5352.3431105414065,19112.64049041597,391.1356395950956,480,vrp,mvo_factor_neutral
2021-07-15,9457.991516006068,18711.89137504128,444.0489848056401,480,vrp,mvo_factor_neutral
2021-07-16,157.62864130335007,17529.3239668864,645.3221882273489,480,vrp,mvo_factor_neutral
2021-07-19,3243.1982312673613,20000.000245230032,499.99999430454557,480,vrp,mvo_factor_neutral
2021-07-20,9129.035971043311,20503.35940681803,-257.7560749242052,480,vrp,mvo_factor_neutral
2021-07-21,7647.538925666334,20630.936421007576,-305.88638624400187,480,vrp,mvo_factor_neutral
2021-07-22,3002.563405996986,19137.997484943233,-617.1314462855826,480,vrp,mvo_factor_neutral
2021-07-23,2159.0560238699427,18305.802524511997,-1546.991151670434,480,vrp,mvo_factor_neutral
2021-07-26,-3059.269908206131,20000.000017864724,499.9999960995317,480,vrp,mvo_factor_neutral
2021-07-27,-10944.349152441238,19329.990420821447,307.4103516733038,480,vrp,mvo_factor_neutral
2021-07-28,-3451.635558780569,19110.289304507514,87.91032045276117,480,vrp,mvo_factor_neutral
2021-07-29,-25066.52199413863,17059.20875827997,-1053.372773833028,479,vrp,mvo_factor_neutral
2021-07-30,11313.99942215241,16245.338532643877,-285.6488651751607,479,vrp,mvo_factor_neutral
2021-08-02,7233.845395010267,20000.000170986586,499.9999991234688,479,vrp,mvo_factor_neutral
2021-08-03,3446.2578377267473,19675.487394192704,784.1833334179476,479,vrp,mvo_factor_neutral
2021-08-04,-5104.518869498942,19266.74357233309,693.5615806138975,479,vrp,mvo_factor_neutral
2021-08-05,14241.902840589302,19478.80959187717,511.65174783778565,479,vrp,mvo_factor_neutral
2021-08-06,8754.411464946395,19198.13842135889,615.662353137149,479,vrp,mvo_factor_neutral
2021-08-09,3761.2963309663583,20000.000109897555,-499.99998482805614,479,vrp,mvo_factor_neutral
2021-08-10,-803.4281623174954,19607.546927373918,-637.656231940034,479,vrp,mvo_factor_neutral
2021-08-11,-2524.3940309971235,19036.066364711125,-558.0888622892768,479,vrp,mvo_factor_neutral
2021-08-12,-2230.5855289400124,18709.18772770321,-677.9105011350755,479,vrp,mvo_factor_neutral
2021-08-13,6185.422437186859,18352.14876316186,-501.8660077703264,479,vrp,mvo_factor_neutral
2021-08-16,-1389.8452779426889,20000.000079303307,-419.94958286601263,479,vrp,mvo_factor_neutral
2021-08-17,-13858.537437677462,19788.154825425056,-479.85705834263916,479,vrp,mvo_factor_neutral
2021-08-18,14046.005470981549,19450.131309230543,-582.8645411871253,479,vrp,mvo_factor_neutral
2021-08-19,-8870.079038878042,19111.540053115838,-413.5066100895339,479,vrp,mvo_factor_neutral
2021-08-20,-420.92686969966064,18860.322897391034,-661.2419224747204,479,vrp,mvo_factor_neutral
2021-08-23,15453.198871165394,19999.999872402637,430.1348972627055,479,vrp,mvo_factor_neutral
2021-08-24,-16873.54920301247,20183.88819097123,-2.0758706612254043,479,vrp,mvo_factor_neutral
2021-08-25,1939.5697771978946,19695.395341607466,286.9921823467882,479,vrp,mvo_factor_neutral
2021-08-26,4033.5954579040967,19167.891182547733,337.41812083346593,479,vrp,mvo_factor_neutral
2021-08-27,5389.594848488594,18329.731746584675,139.88554479148797,479,vrp,mvo_factor_neutral
2021-08-30,-6034.155861152297,19999.99999027616,-499.99999828478616,479,vrp,mvo_factor_neutral
2021-08-31,-7566.064317951379,20056.544660274558,-736.0977876473112,479,vrp,mvo_factor_neutral
2021-09-01,-2314.497963225383,19632.983767688143,-520.151949358804,479,vrp,mvo_factor_neutral
2021-09-02,-7849.940876497894,19477.256559396497,-882.420117080783,479,vrp,mvo_factor_neutral
2021-09-03,1136.6452633757085,18892.556187586033,-853.4411675152711,478,vrp,mvo_factor_neutral
2021-09-07,18165.11516710275,20000.00001152464,-176.9219256905129,478,vrp,mvo_factor_neutral
2021-09-08,22021.308029796266,20312.429231496848,1508.553883741126,478,vrp,mvo_factor_neutral
2021-09-09,9555.84876210597,19808.598067883246,1906.0302948260476,478,vrp,mvo_factor_neutral
2021-09-10,-1835.119973343881,17562.473702637893,550.6651977517644,478,vrp,mvo_factor_neutral
2021-09-13,-13557.386432047,20000.000022254753,497.2864462302048,478,vrp,mvo_factor_neutral
2021-09-14,6944.186471210208,18487.760573138446,295.1096990398705,478,vrp,mvo_factor_neutral
2021-09-15,-15690.037923836846,18595.205782557503,434.7481246463105,478,vrp,mvo_factor_neutral
2021-09-16,19827.58661772582,18581.379270098303,567.3291263301893,478,vrp,mvo_factor_neutral
2021-09-17,-11433.449331483102,17888.045773930855,495.9746575215089,478,vrp,mvo_factor_neutral
2021-09-20,-3238.1545871924536,20000.000047851998,376.9307705624911,478,vrp,mvo_factor_neutral
2021-09-21,-1729.850917450587,20175.21292483059,2402.9709789632157,478,vrp,mvo_factor_neutral
2021-09-22,832.2073171780867,19440.673436482175,2422.7235068226537,478,vrp,mvo_factor_neutral
2021-09-23,-9518.098061654724,18338.784548558073,2604.096853487109,478,vrp,mvo_factor_neutral
2021-09-24,10530.763874819668,17880.59999625964,2240.1084627788423,478,vrp,mvo_factor_neutral
2021-09-27,-8378.134145472366,19999.999875404126,499.99992808855416,478,vrp,mvo_factor_neutral
2021-09-28,3525.609546172199,19414.599002958286,578.8820672615509,478,vrp,mvo_factor_neutral
2021-09-29,25130.95846374682,20211.277452659313,1767.6899618208145,478,vrp,mvo_factor_neutral
2021-09-30,12899.868302728171,19133.911640492406,1061.3051851134016,478,vrp,mvo_factor_neutral
2021-10-01,-8624.75754397958,19771.328947716218,1503.187322107542,478,vrp,mvo_factor_neutral
2021-10-04,9573.587067470919,20000.000219856458,247.42447440036506,478,vrp,mvo_factor_neutral
2021-10-05,-1299.687984780686,20242.8198217979,292.7758092978539,478,vrp,mvo_factor_neutral
2021-10-06,-9360.517218477555,19945.57751449911,107.14565731364135,478,vrp,mvo_factor_neutral
2021-10-07,5585.236396969722,19915.205403687767,443.6695741182334,478,vrp,mvo_factor_neutral
2021-10-08,-3775.939452136467,19287.515296227622,163.00461569660888,478,vrp,mvo_factor_neutral
2021-10-11,5318.555461694823,20000.000088274493,-406.14270261243615,479,vrp,mvo_factor_neutral
2021-10-12,-2121.43846593559,19595.593466105987,-530.6657860360671,479,vrp,mvo_factor_neutral
2021-10-13,5290.630396660104,19117.135790837725,-706.6659428062109,479,vrp,mvo_factor_neutral
2021-10-14,13696.509030034895,18936.49766121482,-563.4765708173788,479,vrp,mvo_factor_neutral
2021-10-15,-4565.430285375311,18492.199860272693,-692.0586466849288,479,vrp,mvo_factor_neutral
2021-10-18,-2565.587778048832,20000.00010425706,-499.99999468687287,479,vrp,mvo_factor_neutral
2021-10-19,-5049.762757881669,19953.53680266323,-724.9617266454323,479,vrp,mvo_factor_neutral
2021-10-20,9100.883745914527,19380.75895884973,-749.30860829184,479,vrp,mvo_factor_neutral
2021-10-21,17288.387824092486,18397.385494367318,-1034.1525802264277,479,vrp,mvo_factor_neutral
2021-10-22,-7384.228492267062,17886.109146595587,-1107.357578498341,479,vrp,mvo_factor_neutral
2021-10-25,-12727.26969760641,20000.000008847866,-499.999997126448,479,vrp,mvo_factor_neutral
2021-10-26,6253.0704512411,19997.313551569427,-536.9061900062082,479,vrp,mvo_factor_neutral
2021-10-27,-13755.314524560843,20056.346851225506,524.1345563500718,479,vrp,mvo_factor_neutral
2021-10-28,14945.361701423759,18600.792802347998,-776.8219558058597,479,vrp,mvo_factor_neutral
2021-10-29,-12105.636785513918,17201.046628776774,-839.9236177098913,479,vrp,mvo_factor_neutral
2021-11-01,-1194.6019196567836,20000.000015692094,-499.99997980852675,479,vrp,mvo_factor_neutral
2021-11-02,16929.435410705497,19451.602817710293,-401.6842965503174,479,vrp,mvo_factor_neutral
2021-11-03,-3542.1608144682787,18977.20556491225,-709.7591077210293,479,vrp,mvo_factor_neutral
2021-11-04,13351.184035722445,18441.383978346003,-578.3126331325939,479,vrp,mvo_factor_neutral
2021-11-05,-12397.93309357995,17928.427367508808,-551.8468472794194,479,vrp,mvo_factor_neutral
2021-11-08,-6256.582366267107,20000.000137499166,-499.99997234443845,479,vrp,mvo_factor_neutral
2021-11-09,1167.3946417077861,19498.8577307259,-538.0518960652649,479,vrp,mvo_factor_neutral
2021-11-10,11199.05137284643,19064.391961450336,-121.52270949048669,479,vrp,mvo_factor_neutral
2021-11-11,-9684.424915895239,18963.715431519668,-494.725040002075,479,vrp,mvo_factor_neutral
2021-11-12,-5052.767514171946,18433.73740942759,-648.7945206571668,479,vrp,mvo_factor_neutral
2021-11-15,-3584.393324293529,20000.000319852697,-499.99994878246645,479,vrp,mvo_factor_neutral
2021-11-16,10228.632641133841,20792.980095946557,-1011.4488669830483,479,vrp,mvo_factor_neutral
2021-11-17,-2044.7435657681765,20377.585598340607,-1301.3294728017504,479,vrp,mvo_factor_neutral
2021-11-18,97981.54523114293,19806.216354991342,-1472.60941681117,479,vrp,mvo_factor_neutral
2021-11-19,-13889.750688481145,19035.804582419,-1421.6669647484168,479,vrp,mvo_factor_neutral
2021-11-22,10585.067406174972,20000.000270697088,-499.9999960764369,479,vrp,mvo_factor_neutral
2021-11-23,6683.501907507162,20806.423963445457,-31.788252130511477,479,vrp,mvo_factor_neutral
2021-11-24,-11587.515089427345,19880.23680386352,215.71401578028457,479,vrp,mvo_factor_neutral
2021-11-26,2245.691105349417,18843.91542378472,-196.37450353239123,479,vrp,mvo_factor_neutral
2021-11-29,-1751.6848170225044,20000.000171917687,-499.99998513477664,479,vrp,mvo_factor_neutral
2021-11-30,2926.5477043815295,18802.73979589351,-712.0447020182734,479,vrp,mvo_factor_neutral
2021-12-01,-9301.041730229801,17841.691549110874,-697.6794602429802,479,vrp,mvo_factor_neutral
2021-12-02,-8291.610622864808,18496.214723983216,-738.9739415110706,479,vrp,mvo_factor_neutral
2021-12-03,-3229.76817995684,18008.96032128367,-997.2053760129426,479,vrp,mvo_factor_neutral
2021-12-06,26798.634617213593,20000.000098811095,-486.2760020949462,479,vrp,mvo_factor_neutral
2021-12-07,13065.697781787128,19764.882768447475,-709.4682382777431,479,vrp,mvo_factor_neutral
2021-12-08,-6015.913081607754,19492.595811919997,-672.7271878241586,479,vrp,mvo_factor_neutral
2021-12-09,12676.95533315996,18808.86179577685,-662.9450565830235,479,vrp,mvo_factor_neutral
2021-12-10,17523.26983011573,18196.816986136975,-643.9898302231633,479,vrp,mvo_factor_neutral
2021-12-13,-1902.4346825233706,19999.999949548663,-499.99998355590526,480,vrp,mvo_factor_neutral
2021-12-14,-18362.219751538138,19978.020440247044,-556.3576671424781,480,vrp,mvo_factor_neutral
2021-12-15,-18423.30481016034,19621.386510480937,-412.9878030558748,480,vrp,mvo_factor_neutral
2021-12-16,-1587.9476560617402,19470.37471983496,-62.374284904035704,480,vrp,mvo_factor_neutral
2021-12-17,8981.336830593853,19061.59430297428,-425.39189102690665,480,vrp,mvo_factor_neutral
2021-12-20,12066.519925878332,20000.000137347626,-499.9999977115862,480,vrp,mvo_factor_neutral
2021-12-21,-5124.7310098629605,19789.862798908336,-1012.1866368303578,480,vrp,mvo_factor_neutral
2021-12-22,-4641.292138161002,19322.361051764117,-1415.3550723239666,479,vrp,mvo_factor_neutral
2021-12-23,8663.816016952573,19157.213077787554,-1388.0222723836275,479,vrp,mvo_factor_neutral
2021-12-27,5989.602385326912,19999.999746189882,-499.999994284888,479,vrp,mvo_factor_neutral
2021-12-28,878.6132231985537,19799.38658490489,-901.0952841484675,479,vrp,mvo_factor_neutral
2021-12-29,-26014.569871714335,18664.544439210073,-1183.562819930686,479,vrp,mvo_factor_neutral
2021-12-30,-33847.97863102947,18529.782658541062,-1726.2149747495714,479,vrp,mvo_factor_neutral
2021-12-31,66144.67941414929,17628.790088566475,-1194.536679923061,479,vrp,mvo_factor_neutral
2022-01-03,-59733.65771881925,20000.000354816075,-499.9999946910593,479,vrp,mvo_factor_neutral
2022-01-04,109.21112934149377,19669.059759629203,-538.1824822870258,479,vrp,mvo_factor_neutral
2022-01-05,9938.818756107583,19049.945264752336,-606.5279843392848,479,vrp,mvo_factor_neutral
2022-01-06,-6577.279772045675,18838.055618519662,-798.3606011566742,479,vrp,mvo_factor_neutral
2022-01-07,-17327.313595373253,18413.49648005097,-953.9019253673561,479,vrp,mvo_factor_neutral
2022-01-10,-22524.29350514091,19543.570810760084,-956.4294462568417,481,vrp,mvo_factor_neutral
2022-01-11,19718.148764979673,19216.416524919125,-1007.7566956324378,470,vrp,mvo_factor_neutral
2022-01-12,-511.207056580246,18793.996639940666,-1098.8769205012456,470,vrp,mvo_factor_neutral
2022-01-13,281.0927880102613,19170.170908502838,-372.17706334069993,470,vrp,mvo_factor_neutral
2022-01-14,-4974.372822188569,18628.00520446806,-609.2819178415518,470,vrp,mvo_factor_neutral
2022-01-18,-18162.769523344516,19999.999906470355,-414.702637595175,470,vrp,mvo_factor_neutral
2022-01-19,6441.3699643901955,19933.39516735605,-404.42758569078194,469,vrp,mvo_factor_neutral
2022-01-20,-1033.1213373484768,19020.586432043365,-788.6502550326452,469,vrp,mvo_factor_neutral
2022-01-21,-5670.564396731019,18819.744034340263,-608.321657000687,469,vrp,mvo_factor_neutral
2022-01-24,1239.1448262174285,20000.00067497077,-36.076707275741384,469,vrp,mvo_factor_neutral
2022-01-25,33437.21262837095,19401.65531020371,461.5600529310324,469,vrp,mvo_factor_neutral
2022-01-26,-21902.03342524032,19612.817657050786,398.47148128339035,469,vrp,mvo_factor_neutral
2022-01-27,-27362.714423965757,19026.443321455914,184.79033816329996,469,vrp,mvo_factor_neutral
2022-01-28,13931.637406548403,19143.1016538137,609.0635976567783,469,vrp,mvo_factor_neutral
2022-01-31,9795.594095818653,20000.00038354075,-499.9999905867988,469,vrp,mvo_factor_neutral
2022-02-01,1417.9410116755892,19677.57993052013,-989.9122462252935,469,vrp,mvo_factor_neutral
2022-02-02,-14764.990298970335,19523.70861481638,-1077.940831125947,469,vrp,mvo_factor_neutral
2022-02-03,10767.858822819422,19135.919561354975,-1139.117610974941,469,vrp,mvo_factor_neutral
2022-02-04,-7399.209857749305,18735.32724604076,-971.973525356955,469,vrp,mvo_factor_neutral
2022-02-07,-7246.533310208379,20000.000065096763,445.4882479536828,469,vrp,mvo_factor_neutral
2022-02-08,14788.989026399318,19170.747365166284,617.7041189366709,469,vrp,mvo_factor_neutral
2022-02-09,-14642.878385277203,20054.7233653189,1259.480702451946,469,vrp,mvo_factor_neutral
2022-02-10,-43.569173485270625,19866.63778111098,1580.4272340708785,469,vrp,mvo_factor_neutral
2022-02-11,22625.898667069036,19063.36176435117,1853.2787982707478,469,vrp,mvo_factor_neutral
2022-02-14,-16594.82041890821,19999.999609169143,59.04220104596066,470,vrp,mvo_factor_neutral
2022-02-15,-5577.83337485142,19456.24445585913,-104.66797513531694,470,vrp,mvo_factor_neutral
2022-02-16,-12984.94934319142,19123.648041939974,-3.9161357246064767,470,vrp,mvo_factor_neutral
2022-02-17,12106.007571558532,18539.411526060132,-341.30792429022335,470,vrp,mvo_factor_neutral
2022-02-18,1329.0310096078406,17914.41446477863,-177.77289128570024,470,vrp,mvo_factor_neutral
2022-02-22,9990.208979338737,19781.611643966175,482.1954005879274,470,vrp,mvo_factor_neutral
2022-02-23,2259.332295018582,20349.31730054959,-2391.400260452846,469,vrp,mvo_factor_neutral
2022-02-24,-13134.010653395208,21136.400443780563,-2078.029016918506,467,vrp,mvo_factor_neutral
2022-02-25,12798.78451925951,21883.698581059747,-2791.4997090215606,467,vrp,mvo_factor_neutral
2022-02-28,6980.871222824577,20000.000313256256,499.9999986247355,467,vrp,mvo_factor_neutral
2022-03-01,2610.9541322518116,12963.327176397412,944.1678114355377,368,vrp,mvo_factor_neutral
2022-03-02,-5818.015860581986,12972.995260480608,929.5845198312965,368,vrp,mvo_factor_neutral
2022-03-03,3325.4367601759905,12792.854096475818,959.2868171886254,368,vrp,mvo_factor_neutral
2022-03-04,5368.615840067211,12671.363866300195,885.9081249491404,368,vrp,mvo_factor_neutral
2022-03-07,3506.517505479951,19219.68178010308,-491.75701640527234,368,vrp,mvo_factor_neutral
2022-03-08,4699.813006383424,19376.92177479099,-692.980414534859,366,vrp,mvo_factor_neutral
2022-03-09,15431.345494335716,19400.607308862654,-515.2188040534711,366,vrp,mvo_factor_neutral
2022-03-10,-643.4004272142071,19107.360923355376,-498.5183929136069,366,vrp,mvo_factor_neutral
2022-03-11,57.060610137251565,18615.24822523637,-267.84220390574944,366,vrp,mvo_factor_neutral
2022-03-14,-7916.732876358157,19999.998495044798,-499.99987290613905,371,vrp,mvo_factor_neutral
2022-03-15,14528.049889518239,19932.683258999157,-748.7198816895408,371,vrp,mvo_factor_neutral
2022-03-16,17741.96679241335,20053.479793862156,-832.3511908113891,371,vrp,mvo_factor_neutral
2022-03-17,7061.459262017626,20047.350902938408,-765.0868428759092,371,vrp,mvo_factor_neutral
2022-03-18,3552.6376046818277,19848.143356177447,-835.3157145937603,371,vrp,mvo_factor_neutral
2022-03-21,5701.577578190746,20000.000440910986,-499.9999232533349,464,vrp,mvo_factor_neutral
2022-03-22,-6958.151265258203,19709.841253193958,-295.30662234892264,464,vrp,mvo_factor_neutral
2022-03-23,-15099.830348765514,19613.148605006765,-555.2801143228685,464,vrp,mvo_factor_neutral
2022-03-24,16098.911567336454,19189.888575576075,-196.52003878712785,464,vrp,mvo_factor_neutral
2022-03-25,-7461.269241914606,18556.396061915766,-270.87178421282806,464,vrp,mvo_factor_neutral
2022-03-28,25545.88708464846,20000.00043757786,-60.93918295089125,485,vrp,mvo_factor_neutral
2022-03-29,21428.102031944985,19551.649482208344,-1204.6859010666315,485,vrp,mvo_factor_neutral
2022-03-30,1446.1901510023047,18989.219418174307,-1286.2794447873148,485,vrp,mvo_factor_neutral
2022-03-31,-8461.410355598719,19834.42353557249,-1373.4530593863358,485,vrp,mvo_factor_neutral
2022-04-01,8159.070860475693,19185.66833112801,-1169.3234958561738,485,vrp,mvo_factor_neutral
2022-04-04,12316.044678306502,20000.00002949126,-463.2584674411845,487,vrp,mvo_factor_neutral
2022-04-05,-5205.5927189002605,20038.36111256185,-270.2099495353961,487,vrp,mvo_factor_neutral
2022-04-06,3459.2038865015984,19376.27926177113,-1587.1991397546187,487,vrp,mvo_factor_neutral
2022-04-07,-20867.43725002668,19235.245188185647,-1064.7626727826498,487,vrp,mvo_factor_neutral
2022-04-08,6414.699196731561,18794.195344106094,-768.592141979072,487,vrp,mvo_factor_neutral
2022-04-11,18890.274177117044,19785.319911764334,-714.6802202913855,487,vrp,mvo_factor_neutral
2022-04-12,-5250.426513377105,18858.377289177963,-1205.7257874053807,486,vrp,mvo_factor_neutral
2022-04-13,1674.5518094345139,18235.112487980805,-983.7159284692274,486,vrp,mvo_factor_neutral
2022-04-14,-7307.203199222724,18720.49344772877,-575.6680674347151,486,vrp,mvo_factor_neutral
2022-04-18,18123.44814315642,20000.000373683353,499.99943401270366,486,vrp,mvo_factor_neutral
2022-04-19,-22088.449548023105,19170.158030381885,440.1361869118156,486,vrp,mvo_factor_neutral
2022-04-20,9504.68220737048,18265.09588111825,294.45920682319235,484,vrp,mvo_factor_neutral
2022-04-21,-14832.329038970483,18599.92510647944,327.3644275949948,484,vrp,mvo_factor_neutral
2022-04-22,-23999.573455904618,18981.300093737394,-159.20472945588205,484,vrp,mvo_factor_neutral
2022-04-25,7118.497951425836,20000.000002320474,499.99999062874394,484,vrp,mvo_factor_neutral
2022-04-26,-17135.22035859072,19978.983523555187,755.9799621175205,484,vrp,mvo_factor_neutral
2022-04-27,17934.400920887994,18663.520416979234,60.38239541093976,484,vrp,mvo_factor_neutral
2022-04-28,16085.229928324434,19307.200989524124,962.802715250553,484,vrp,mvo_factor_neutral
2022-04-29,-16476.050983826277,19216.338155464975,1076.8124002800312,484,vrp,mvo_factor_neutral
2022-05-02,43296.999489055284,20000.000130823602,499.99999919334675,484,vrp,mvo_factor_neutral
2022-05-03,9482.441786972351,19735.057197693317,605.5668001303276,484,vrp,mvo_factor_neutral
2022-05-04,2261.8661851694774,19086.738140201163,498.0238661142135,484,vrp,mvo_factor_neutral
2022-05-05,771.4899449497381,19123.536720151842,509.3807818609364,484,vrp,mvo_factor_neutral
2022-05-06,-19299.63674482344,17974.49798081388,758.2544569573688,484,vrp,mvo_factor_neutral
2022-05-09,13180.277185167966,19999.99979076737,190.0538359856517,484,vrp,mvo_factor_neutral
2022-05-10,16043.173755234968,20346.552553338195,-246.9542528888262,484,vrp,mvo_factor_neutral
2022-05-11,-17899.37538299613,19818.606258362026,-634.7909773666443,484,vrp,mvo_factor_neutral
2022-05-12,37516.19824332899,19768.576587877935,-528.2726565118548,484,vrp,mvo_factor_neutral
2022-05-13,-4744.678637397691,19811.132919444957,153.66186828528555,484,vrp,mvo_factor_neutral
2022-05-16,5791.803017531867,20000.00028420746,499.99999776992587,484,vrp,mvo_factor_neutral
2022-05-17,-14012.05797252895,19727.966901150565,-672.7310589587408,484,vrp,mvo_factor_neutral
2022-05-18,-27561.741547858433,19955.912094369025,-422.64243478082034,484,vrp,mvo_factor_neutral
2022-05-19,-1069.0813567936486,19553.908906415563,-257.34062487805863,484,vrp,mvo_factor_neutral
2022-05-20,39648.5301833029,19539.033353633753,-303.60372615655393,484,vrp,mvo_factor_neutral
2022-05-23,-9960.784587845379,19999.999533348117,499.9999916852643,484,vrp,mvo_factor_neutral
2022-05-24,-3255.39410389568,19464.06235744358,70.67345091311891,484,vrp,mvo_factor_neutral
2022-05-25,2966.239158962831,18878.985130418565,-176.54814339460512,484,vrp,mvo_factor_neutral
2022-05-26,-36800.84986755709,20327.141875358073,-819.8784421839615,484,vrp,mvo_factor_neutral
2022-05-27,21216.01247452768,19701.21293517925,-1273.0052974830537,484,vrp,mvo_factor_neutral
2022-05-31,-2409.0673039218755,19999.99999820187,499.99856799271316,484,vrp,mvo_factor_neutral
2022-06-01,-5958.293531310997,19265.23219050984,133.01669623173592,484,vrp,mvo_factor_neutral
2022-06-02,6229.490692414783,19072.196105674284,78.0785150848867,484,vrp,mvo_factor_neutral
2022-06-03,17890.905405755664,19036.65312628886,413.7911189894056,484,vrp,mvo_factor_neutral
2022-06-06,301.2063852737969,19999.99953433328,-100.52861997014666,484,vrp,mvo_factor_neutral
2022-06-07,3833.702575030563,19523.338004981026,-521.7950420788541,484,vrp,mvo_factor_neutral
2022-06-08,13060.612812575679,19309.751540273497,347.72173306194856,484,vrp,mvo_factor_neutral
2022-06-09,-31862.383779396667,19114.17004749537,327.4226119825491,484,vrp,mvo_factor_neutral
2022-06-10,27972.711353137413,18218.29064393687,236.4359076862959,484,vrp,mvo_factor_neutral
2022-06-13,-42439.3389416167,20000.00007284778,1.6504318656782315,484,vrp,mvo_factor_neutral
2022-06-14,-1337.0639989911388,20309.5734915811,744.0604616965302,484,vrp,mvo_factor_neutral
2022-06-15,16761.084144172728,19230.728083958944,-151.2082636760895,483,vrp,mvo_factor_neutral
2022-06-16,-1054.821763147096,21348.28347309951,111.24642461323945,482,vrp,mvo_factor_neutral
2022-06-17,-24096.089052089515,21292.229577289134,-242.74815161072536,482,vrp,mvo_factor_neutral
2022-06-21,-5017.587060368859,20000.000319160914,-499.9997749153709,483,vrp,mvo_factor_neutral
2022-06-22,-18166.02667637066,19471.995543992867,-700.9937886875174,483,vrp,mvo_factor_neutral
2022-06-23,-24642.794657894396,19934.796322385333,-125.2459279572335,483,vrp,mvo_factor_neutral
2022-06-24,21027.016122444023,19871.43168089242,755.318489282594,483,vrp,mvo_factor_neutral
2022-06-27,-7636.980606324256,20000.000186667996,499.9999969619564,483,vrp,mvo_factor_neutral
2022-06-28,5466.46433395493,19699.668107949095,451.1561745610232,483,vrp,mvo_factor_neutral
2022-06-29,15292.3526281534,19306.10329638142,411.10398693409786,483,vrp,mvo_factor_neutral
2022-06-30,-6566.107886371226,18864.723946603768,102.88244994820559,483,vrp,mvo_factor_neutral
2022-07-01,-4679.509436825478,18945.9577110739,-29.19010268516951,482,vrp,mvo_factor_neutral
2022-07-05,1737.1257894825228,19999.99972044218,499.99999530073984,482,vrp,mvo_factor_neutral
2022-07-06,17173.889767504697,19591.764429716954,435.89543706252636,482,vrp,mvo_factor_neutral
2022-07-07,-25502.914524937038,19510.11995788861,504.10736020612796,482,vrp,mvo_factor_neutral
2022-07-08,4637.799597867963,19117.31888964177,522.1692323814094,482,vrp,mvo_factor_neutral
2022-07-11,-12626.860687191707,19508.38257723728,8.382458105024122,482,vrp,mvo_factor_neutral
2022-07-12,14613.50742721499,19299.41736839024,-114.68946983231389,482,vrp,mvo_factor_neutral
2022-07-13,16058.067276512127,18821.465311846467,-226.23519681693998,482,vrp,mvo_factor_neutral
2022-07-14,-39112.18973820726,18159.463562385306,-405.5743222908274,482,vrp,mvo_factor_neutral
2022-07-15,23651.314656153194,18160.23920674813,-274.761940189621,482,vrp,mvo_factor_neutral
2022-07-18,43401.273123618506,20000.000008450104,342.99277831598624,483,vrp,mvo_factor_neutral
2022-07-19,-92190.04142931063,21355.91461170327,-996.6735066267742,483,vrp,mvo_factor_neutral
2022-07-20,18879.870322524217,20359.10200486829,-741.3655801054803,483,vrp,mvo_factor_neutral
2022-07-21,15435.098522952097,19275.48333934905,-1747.648532535763,483,vrp,mvo_factor_neutral
2022-07-22,2205.5277462109475,20303.994665764596,-3912.254681088589,483,vrp,mvo_factor_neutral
2022-07-25,2831.3152440123504,20000.000170817424,-449.2053466847151,483,vrp,mvo_factor_neutral
2022-07-26,865.1470981525064,19391.72867478769,-730.6954296196465,483,vrp,mvo_factor_neutral
2022-07-27,17726.71181145101,18146.878034134803,-348.011451874043,482,vrp,mvo_factor_neutral
2022-07-28,-4001.8938628610613,19286.77448050212,903.5013626319927,482,vrp,mvo_factor_neutral
2022-07-29,-16335.529011125323,19545.77674657054,2214.6810940007863,482,vrp,mvo_factor_neutral
2022-08-01,8782.207283499774,19999.999711284956,-499.9986760171296,483,vrp,mvo_factor_neutral
2022-08-02,-1231.194517600365,20835.173709779603,-1852.9026443587286,483,vrp,mvo_factor_neutral
2022-08-03,13227.161343929949,20470.051994591482,-1987.3720802832415,483,vrp,mvo_factor_neutral
2022-08-04,12290.031341484522,20269.81581256181,-2164.1566740341473,483,vrp,mvo_factor_neutral
2022-08-05,4741.364666942002,19174.229735766596,-2045.0839333681233,483,vrp,mvo_factor_neutral
2022-08-08,-57026.51985645842,20000.00012095655,-499.99999769467564,483,vrp,mvo_factor_neutral
2022-08-09,39284.70935707615,19299.957695742727,-156.70770671661748,483,vrp,mvo_factor_neutral
2022-08-10,14005.38466860387,17976.115171348723,-201.9741756635899,483,vrp,mvo_factor_neutral
2022-08-11,-499.2675799014054,17693.5906443865,-44.86261737727277,483,vrp,mvo_factor_neutral
2022-08-12,11176.271284601533,16531.014106225262,-135.71157687601197,482,vrp,mvo_factor_neutral
2022-08-15,-5974.387541194031,19999.999414511603,499.9999861676902,482,vrp,mvo_factor_neutral
2022-08-16,-7365.8804028592485,20828.00607936337,884.1794884413847,482,vrp,mvo_factor_neutral
2022-08-17,7550.374605968516,20893.96648877499,931.9190971608655,482,vrp,mvo_factor_neutral
2022-08-18,-6542.729676838246,20969.492959066072,262.219986037713,482,vrp,mvo_factor_neutral
2022-08-19,2460.5471058016306,20012.60822230153,-79.94034175431354,482,vrp,mvo_factor_neutral
2022-08-22,26706.77835818137,20000.000458739327,-499.99998772129885,483,vrp,mvo_factor_neutral
2022-08-23,-26391.09626328464,19435.233114694787,-761.5581475845796,483,vrp,mvo_factor_neutral
2022-08-24,3180.6579010959636,19966.511475635703,-1475.7573961335183,483,vrp,mvo_factor_neutral
2022-08-25,-10151.892857904517,19231.310877014745,-913.0758165061942,483,vrp,mvo_factor_neutral
2022-08-26,25743.667234703815,20172.989592149894,-166.04824238135765,483,vrp,mvo_factor_neutral
2022-08-29,1401.106104700981,19999.999353762727,-499.99991368484893,483,vrp,mvo_factor_neutral
2022-08-30,-9835.91289624692,19558.730498895326,-368.17844294782543,481,vrp,mvo_factor_neutral
2022-08-31,7960.61242366159,19206.88798907018,-304.1674284821977,481,vrp,mvo_factor_neutral
2022-09-01,11425.016503391069,18736.58147031627,-364.71713073936183,481,vrp,mvo_factor_neutral
2022-09-02,-13625.77305024078,18341.474306278833,-526.6342523621793,481,vrp,mvo_factor_neutral
2022-09-06,19321.47717919984,20000.00057351903,-499.99999007264336,483,vrp,mvo_factor_neutral
2022-09-07,35684.13534699728,20191.349054531936,-585.113306377344,483,vrp,mvo_factor_neutral
2022-09-08,2406.250401120836,20613.650072684144,-1458.6040710411203,483,vrp,mvo_factor_neutral
2022-09-09,-12708.456656168139,20419.166503657387,-1878.6044586419298,483,vrp,mvo_factor_neutral
2022-09-12,10845.836560261776,20000.0006579316,-499.99990599495743,484,vrp,mvo_factor_neutral
2022-09-13,4559.386914362884,19581.166952553944,207.87871841782862,484,vrp,mvo_factor_neutral
2022-09-14,4384.271270153428,18872.415764206446,-341.2720603386383,483,vrp,mvo_factor_neutral
2022-09-15,-12914.625261735073,18975.244845257585,-319.5997114365177,483,vrp,mvo_factor_neutral
2022-09-16,-7631.226795126868,17992.383974551874,-605.3419679642046,483,vrp,mvo_factor_neutral
2022-09-19,10650.363167387999,20000.000655763397,-391.21585202377986,483,vrp,mvo_factor_neutral
2022-09-20,-3352.371242533145,18108.65965061888,-412.29029005759475,483,vrp,mvo_factor_neutral
2022-09-21,-7139.647645663244,18643.04168199798,215.32808362668044,483,vrp,mvo_factor_neutral
2022-09-22,-4897.769941948387,19803.17262938027,804.446056750336,483,vrp,mvo_factor_neutral
2022-09-23,1012.0414490283235,21215.708685932066,1197.3039920737547,483,vrp,mvo_factor_neutral
2022-09-26,4785.35818096673,20000.00079475999,303.0988554650496,484,vrp,mvo_factor_neutral
2022-09-27,34740.498604809916,20151.86440120545,865.5435641119271,484,vrp,mvo_factor_neutral
2022-09-28,-85710.56036767685,21742.032101274475,99.98078547736577,484,vrp,mvo_factor_neutral
2022-09-29,11313.645285464845,21097.343187264116,589.088858642629,484,vrp,mvo_factor_neutral
2022-09-30,-21344.235867745534,20228.477281905158,-1579.4553337663008,483,vrp,mvo_factor_neutral
2022-10-03,36760.75735761556,20000.000040114846,332.3522129611974,483,vrp,mvo_factor_neutral
2022-10-04,5804.800384312318,19452.26523443394,548.1561555575939,482,vrp,mvo_factor_neutral
2022-10-05,-13804.269864031216,19339.024553782536,445.55624787379577,482,vrp,mvo_factor_neutral
2022-10-06,-6962.378775095322,18993.089231345537,557.0014201250058,482,vrp,mvo_factor_neutral
2022-10-07,2511.7175770704034,18401.652085535072,378.18431353586067,482,vrp,mvo_factor_neutral
2022-10-10,6715.918079223697,20000.000342366537,499.9999581907814,482,vrp,mvo_factor_neutral
2022-10-11,-11235.112190043896,19676.341239704037,552.6566808541793,481,vrp,mvo_factor_neutral
2022-10-12,-3139.113876986234,19396.22196453161,507.5450467891499,481,vrp,mvo_factor_neutral
2022-10-13,8269.35484667945,19479.369870707724,680.077183462845,481,vrp,mvo_factor_neutral
2022-10-14,-2012.7542357485352,19028.91465941862,521.9380638761995,481,vrp,mvo_factor_neutral
2022-10-17,4347.349178631137,20000.000338287144,-208.86251802833164,481,vrp,mvo_factor_neutral
2022-10-18,-1893.8560583960477,19746.90439109584,-263.1200519914493,481,vrp,mvo_factor_neutral
2022-10-19,-4760.606108580119,19359.653074164515,-219.43742569823678,481,vrp,mvo_factor_neutral
2022-10-20,-3819.056262288827,19514.96013963786,-579.6521806484316,480,vrp,mvo_factor_neutral
2022-10-21,14366.647104362512,19263.43413233354,-544.3755443026421,480,vrp,mvo_factor_neutral
2022-10-24,3771.5131808714646,20000.000047827794,-455.4849338498911,480,vrp,mvo_factor_neutral
2022-10-25,-24062.063915027684,19615.518094581297,-820.9971462691508,480,vrp,mvo_factor_neutral
2022-10-26,20360.86135707989,18746.80595489986,-571.339493332856,480,vrp,mvo_factor_neutral
2022-10-27,-32830.961114945385,19223.135864764892,-1049.2723480180389,480,vrp,mvo_factor_neutral
2022-10-28,26045.36332308453,18932.386705915364,-1262.663723820034,480,vrp,mvo_factor_neutral
2022-10-31,-58903.174466100594,20000.00012502598,-499.9999877372659,482,vrp,mvo_factor_neutral
2022-11-01,20238.128313038,19444.040003640934,-451.28573902882425,481,vrp,mvo_factor_neutral
2022-11-02,-5279.37822883055,19038.795334168353,-647.8074038144264,481,vrp,mvo_factor_neutral
2022-11-03,6348.470727952933,18358.561236052676,-379.3459021775623,481,vrp,mvo_factor_neutral
2022-11-04,2178.8872713312,18215.831340199245,-513.7340701743228,481,vrp,mvo_factor_neutral
2022-11-07,-11696.703040440172,19916.993404903442,-583.0067035745409,481,vrp,mvo_factor_neutral
2022-11-08,-8417.796561982297,19927.221512775333,-774.7699074698783,481,vrp,mvo_factor_neutral
2022-11-09,20785.498987002782,19367.45146823499,-1007.5722344309322,481,vrp,mvo_factor_neutral
2022-11-10,33982.688091061835,19000.004354243043,-333.57357207435126,481,vrp,mvo_factor_neutral
2022-11-11,-3860.1105334413883,18812.923687683764,-1461.5907572716922,481,vrp,mvo_factor_neutral
2022-11-14,10663.868017503302,20000.0001805246,-499.9999986783732,481,vrp,mvo_factor_neutral
2022-11-15,3561.057266402283,19509.465108521003,-1522.5826469469396,481,vrp,mvo_factor_neutral
2022-11-16,3677.4678438944707,20230.91692823724,-1098.5782668840088,481,vrp,mvo_factor_neutral
2022-11-17,-6901.100652440279,19734.20630403893,-1507.422375568507,481,vrp,mvo_factor_neutral
2022-11-18,19730.484761240485,19990.198029191957,-1794.596826777068,481,vrp,mvo_factor_neutral
2022-11-21,2423.636776946868,19999.999948430184,-499.99999743647885,481,vrp,mvo_factor_neutral
2022-11-22,-9159.440265728485,18982.486495315414,-1124.9376765592745,481,vrp,mvo_factor_neutral
2022-11-23,338.7927963717234,18938.24301022137,-438.00307888174007,481,vrp,mvo_factor_neutral
2022-11-25,-13483.701324444633,17596.80588279475,-969.4521451219211,481,vrp,mvo_factor_neutral
2022-11-28,46552.51525086652,19999.999707696214,-499.9999977456584,481,vrp,mvo_factor_neutral
2022-11-29,-9963.331835944875,19614.646559527733,-686.6500174781231,481,vrp,mvo_factor_neutral
2022-11-30,26460.683721202582,18979.30537874887,-724.609638813176,481,vrp,mvo_factor_neutral
2022-12-01,-14299.428653507208,18226.113106920035,-1566.7347478954082,481,vrp,mvo_factor_neutral
2022-12-02,11770.596762170519,18402.956218925112,-1094.8555614316022,481,vrp,mvo_factor_neutral
2022-12-05,408.03891817741436,19999.999631314775,-499.9999926438459,480,vrp,mvo_factor_neutral
2022-12-06,-9920.865020704117,20063.791679833983,-90.2294555482498,480,vrp,mvo_factor_neutral
2022-12-07,-1798.3960650699985,19916.053907096008,87.46050858326305,480,vrp,mvo_factor_neutral
2022-12-08,7550.699461588572,19089.237772876433,-552.2544827108348,480,vrp,mvo_factor_neutral
2022-12-09,11108.023616644052,18751.773789732844,-584.6804453447567,480,vrp,mvo_factor_neutral
2022-12-12,-12754.532626305123,20000.000297704115,-499.99999967811846,481,vrp,mvo_factor_neutral
2022-12-13,-4728.31857703029,19488.187101065785,-610.4016543012198,481,vrp,mvo_factor_neutral
2022-12-14,-942.1066123896177,18929.035648054436,-205.7739788375531,481,vrp,mvo_factor_neutral
2022-12-15,4682.876859632891,18620.587160033374,-415.7674879360165,481,vrp,mvo_factor_neutral
2022-12-16,5296.831106123274,18579.057919922896,-97.27230797147917,481,vrp,mvo_factor_neutral
2022-12-19,-1149.856225623655,20000.000253551625,-499.99999839832344,481,vrp,mvo_factor_neutral
2022-12-20,309.1161124258981,19518.096832172985,-722.223925509625,481,vrp,mvo_factor_neutral
2022-12-21,6528.811454755295,19190.69015931396,-739.0326865326288,481,vrp,mvo_factor_neutral
2022-12-22,2928.754300358164,19165.869583318712,-622.6755238651343,481,vrp,mvo_factor_neutral
2022-12-23,-5935.676547385212,18649.884355255475,-965.6121163239397,480,vrp,mvo_factor_neutral
2022-12-27,-2757.1152423096773,20000.000067330275,-499.9999974031464,480,vrp,mvo_factor_neutral
2022-12-28,9290.633748307535,19469.813223714074,-325.9551457527509,480,vrp,mvo_factor_neutral
2022-12-29,-12552.948361797278,19818.87385006041,-450.21695869343233,480,vrp,mvo_factor_neutral
2022-12-30,6996.145140874199,19036.59912670984,-899.8048316145173,480,vrp,mvo_factor_neutral
2023-01-03,5555.972471027594,19670.17287664232,-829.8272961515345,478,vrp,mvo_factor_neutral
2023-01-04,-5438.220300141136,19514.970773379573,-877.3309993235712,478,vrp,mvo_factor_neutral
2023-01-05,4051.8058037463434,19182.432476938924,-816.3358980073317,478,vrp,mvo_factor_neutral
2023-01-06,7619.929508702324,18866.789007177544,-1086.0371453778912,478,vrp,mvo_factor_neutral
2023-01-09,7357.056317918957,19999.999988196276,-499.99999626568854,478,vrp,mvo_factor_neutral
2023-01-10,1422.1490414995703,19405.580171684738,-648.9598520085478,478,vrp,mvo_factor_neutral
2023-01-11,-5646.204635922311,18498.71851492962,-1077.9001237742689,473,vrp,mvo_factor_neutral
2023-01-12,7880.999637232828,19492.43376046825,-2435.336654875365,473,vrp,mvo_factor_neutral
2023-01-13,-3964.537691482928,18767.78715691759,-2665.7226811938413,473,vrp,mvo_factor_neutral
2023-01-17,11399.11886045462,20000.000207149118,-499.99999544938663,473,vrp,mvo_factor_neutral
2023-01-18,-29637.075541131035,21149.632733802784,-860.4286317642479,473,vrp,mvo_factor_neutral
2023-01-19,-2704.8408960913607,21118.869544323203,-706.3550355139491,473,vrp,mvo_factor_neutral
2023-01-20,-540.632996282532,20642.885156948523,-1153.066800055201,473,vrp,mvo_factor_neutral
2023-01-23,8409.287946622568,20000.00022100017,-499.99999839856247,473,vrp,mvo_factor_neutral
2023-01-24,-66.10586720131096,20737.922174962976,-117.90651549988809,473,vrp,mvo_factor_neutral
2023-01-25,21421.400421752664,21772.37298228283,-379.8232566561726,473,vrp,mvo_factor_neutral
2023-01-26,-21139.620758287012,20713.94276266254,-1615.3492490236508,473,vrp,mvo_factor_neutral
2023-01-27,13340.125673120183,20594.776096589372,-845.0263885565264,473,vrp,mvo_factor_neutral
2023-01-30,-23094.490808585637,20000.00009727756,-33.8117397858515,473,vrp,mvo_factor_neutral
2023-01-31,920.3538497842094,19254.075799668317,-246.96265015332858,473,vrp,mvo_factor_neutral
2023-02-01,-3610.1644252768237,18390.19500525618,-270.5560991584369,473,vrp,mvo_factor_neutral
2023-02-02,10151.335372922185,17890.138785491054,-144.04635446460867,473,vrp,mvo_factor_neutral
2023-02-03,-15185.164607318236,18769.67696942145,-146.10940362953443,473,vrp,mvo_factor_neutral
2023-02-06,-23912.499425739115,20000.00027223937,-499.99999446809784,473,vrp,mvo_factor_neutral
2023-02-07,4480.346441909962,19584.62011407262,-517.8567882830318,473,vrp,mvo_factor_neutral
2023-02-08,-23275.756757228115,19588.296228101313,-440.0529582437246,473,vrp,mvo_factor_neutral
2023-02-09,13305.843840481113,19542.25898016071,-539.5162863292892,473,vrp,mvo_factor_neutral
2023-02-10,-6056.97931879127,18873.209972627286,-470.13595078706913,473,vrp,mvo_factor_neutral
2023-02-13,-689.8676542393476,20000.00015927619,-499.99998658590954,474,vrp,mvo_factor_neutral
2023-02-14,25878.057581362857,20195.354163194297,-48.89179290883804,474,vrp,mvo_factor_neutral
2023-02-15,-3785.544359096596,18979.76903563246,-532.4359539364993,474,vrp,mvo_factor_neutral
2023-02-16,-17861.830438348126,18571.196536273113,-199.21813090943664,474,vrp,mvo_factor_neutral
2023-02-17,-4326.018280174349,17154.163715625433,-725.3351633033797,474,vrp,mvo_factor_neutral
2023-02-21,6834.087973413584,20000.00001581652,-499.99987191144953,474,vrp,mvo_factor_neutral
2023-02-22,537.6547596885048,19277.977902833485,-550.2590548251513,474,vrp,mvo_factor_neutral
2023-02-23,37168.36880891168,19248.840194911154,-1248.3303666148365,474,vrp,mvo_factor_neutral
2023-02-24,6111.284154896555,19171.997946483214,-1563.665096763794,474,vrp,mvo_factor_neutral
2023-02-27,-1604.5053964112908,19999.999965433948,-499.99999055341834,474,vrp,mvo_factor_neutral
2023-02-28,-1010.6525123439214,19497.549327802466,-285.8731558691639,474,vrp,mvo_factor_neutral
2023-03-01,10472.850387875276,18984.901881327143,-322.3948969412087,474,vrp,mvo_factor_neutral
2023-03-02,-5752.996385063983,18651.412455541504,-90.01389160975769,474,vrp,mvo_factor_neutral
2023-03-03,3334.4288914922845,18349.070426946273,-126.16802942232317,474,vrp,mvo_factor_neutral
2023-03-06,-3939.888857791925,20000.00030317022,-499.99998185128027,474,vrp,mvo_factor_neutral
2023-03-07,-782.3619969758071,19453.911831287423,-972.6123453947744,474,vrp,mvo_factor_neutral
2023-03-08,3829.4660095346408,19177.268512504263,-977.3278023347123,474,vrp,mvo_factor_neutral
2023-03-09,25401.13198391881,18062.52711792964,-1135.5738884044629,474,vrp,mvo_factor_neutral
2023-03-10,13850.904499833921,17777.25188425517,-896.5507615850339,474,vrp,mvo_factor_neutral
2023-03-13,-583.2383526787777,20000.000177817346,-499.9999943816826,474,vrp,mvo_factor_neutral
2023-03-14,-12807.240366297865,19697.274999634195,-416.79673758322906,474,vrp,mvo_factor_neutral
2023-03-15,12155.26299007319,20169.767247735545,-144.39499760697225,474,vrp,mvo_factor_neutral
2023-03-16,3569.5191539273997,20529.756040654207,-756.0365224772105,474,vrp,mvo_factor_neutral
2023-03-17,837.2107745348745,19425.160663707255,-736.6483156672937,473,vrp,mvo_factor_neutral
2023-03-20,-3920.9927031024654,19999.99972115792,-499.99960047091884,473,vrp,mvo_factor_neutral
2023-03-21,14366.3214203782,20019.152518607247,-862.1857588928507,472,vrp,mvo_factor_neutral
2023-03-22,-706.3612834388721,19378.302791330465,-220.158085846798,472,vrp,mvo_factor_neutral
2023-03-23,-23530.820739676372,18776.626571051158,-666.6131655619566,472,vrp,mvo_factor_neutral
2023-03-24,211.89038483342313,18702.783678500986,-239.8379575034029,472,vrp,mvo_factor_neutral
2023-03-27,-4266.2283612129395,20000.00014798726,-499.99999957433306,473,vrp,mvo_factor_neutral
2023-03-28,-24764.436589191308,19581.126594749057,-786.8599957719455,473,vrp,mvo_factor_neutral
2023-03-29,1722.796303095952,19325.51288890067,-745.5418584018189,473,vrp,mvo_factor_neutral
2023-03-30,-7121.704673670909,18537.46282611404,-1256.0865699167848,473,vrp,mvo_factor_neutral
2023-03-31,11574.733703209184,19831.276517253165,372.8130088558512,473,vrp,mvo_factor_neutral
2023-04-03,-24800.56417384895,19999.999973332204,-499.9999985443925,484,vrp,mvo_factor_neutral
2023-04-04,13502.429642828149,18784.92965225703,346.38357399071845,483,vrp,mvo_factor_neutral
2023-04-05,13089.739092655438,18102.799496668376,183.58042288346178,483,vrp,mvo_factor_neutral
2023-04-06,-3384.1522799403597,17873.669120158178,192.50984998186524,483,vrp,mvo_factor_neutral
2023-04-10,-2665.4022889030703,20000.000036772264,-499.99999792660265,484,vrp,mvo_factor_neutral
2023-04-11,-1944.3089413559503,19809.331078518735,-411.4806088549687,484,vrp,mvo_factor_neutral
2023-04-12,-17391.353502336115,19389.264462312778,-238.37589904472853,484,vrp,mvo_factor_neutral
2023-04-13,2130.3413094739044,18994.527563622552,-192.61869199038193,484,vrp,mvo_factor_neutral
2023-04-14,-2974.368621345034,18717.154487907548,-105.86212694313951,484,vrp,mvo_factor_neutral
2023-04-17,4183.367855118976,20000.00017924187,-499.99999968757754,485,vrp,mvo_factor_neutral
2023-04-18,-5504.013751539283,19351.025151818187,-140.13986834267703,485,vrp,mvo_factor_neutral
2023-04-19,-1255.5806593632092,18877.365514592864,-223.975058959707,485,vrp,mvo_factor_neutral
2023-04-20,26035.341226797453,18566.062821740354,-198.54589762313995,485,vrp,mvo_factor_neutral
2023-04-21,18223.334063377937,17868.10738042646,-234.77962418957895,485,vrp,mvo_factor_neutral
2023-04-24,-23025.742083123507,20000.00007404887,-499.99999978192517,485,vrp,mvo_factor_neutral
2023-04-25,58696.250843893315,19533.004773200242,-612.9849128171488,485,vrp,mvo_factor_neutral
2023-04-26,-62234.635342257476,20749.564036949898,-1922.5985261702658,485,vrp,mvo_factor_neutral
2023-04-27,-19570.194722299286,22237.404070160883,-4127.909097170061,485,vrp,mvo_factor_neutral
2023-04-28,-25802.222556291465,21503.820526144136,-4301.488963023139,485,vrp,mvo_factor_neutral
2023-05-01,45391.71529105079,20000.000043622797,-499.9999996226813,485,vrp,mvo_factor_neutral
2023-05-02,6792.730889325004,19111.577904952956,-682.8402753685218,485,vrp,mvo_factor_neutral
2023-05-03,10210.393378953668,18118.698424790367,-503.85577500595116,484,vrp,mvo_factor_neutral
2023-05-04,710.9128808599169,17749.376281658224,-503.28353543142606,484,vrp,mvo_factor_neutral
2023-05-05,-14738.100328491075,17875.43622228007,-242.19703748977795,484,vrp,mvo_factor_neutral
2023-05-08,40445.97744705713,19999.999677256088,-499.99999361294226,485,vrp,mvo_factor_neutral
2023-05-09,-12019.670288926434,19709.945791134065,-672.3898976021027,485,vrp,mvo_factor_neutral
2023-05-10,6640.130243964448,19873.122034477477,-1078.6523277767094,485,vrp,mvo_factor_neutral
2023-05-11,17079.67684019283,19538.244266180453,-1052.9848263808353,485,vrp,mvo_factor_neutral
2023-05-12,5399.854262784004,19337.305804660355,-1447.9194414590738,485,vrp,mvo_factor_neutral
2023-05-15,-8907.660468668973,19999.999922401654,499.99997611871976,485,vrp,mvo_factor_neutral
2023-05-16,10987.659944583602,20168.92113689497,-372.38318137234467,485,vrp,mvo_factor_neutral
2023-05-17,-2653.4052108508727,19754.01285903163,228.72162166981934,485,vrp,mvo_factor_neutral
2023-05-18,-20331.614990460253,19740.607327257138,-1021.3851928774336,485,vrp,mvo_factor_neutral
2023-05-19,15020.360303002704,20953.349692833406,734.4126166857386,485,vrp,mvo_factor_neutral
2023-05-22,3951.387614835582,20000.000323915443,499.9999846199117,485,vrp,mvo_factor_neutral
2023-05-23,-7957.987140667872,21324.00321121851,-11.19837806690092,485,vrp,mvo_factor_neutral
2023-05-24,43197.26371484433,21742.065976510352,1492.8891270477245,485,vrp,mvo_factor_neutral
2023-05-25,-44571.353563671844,21192.416447172665,1347.0031447503586,485,vrp,mvo_factor_neutral
2023-05-26,1015.2960554216348,20915.725275038276,1246.7508795154608,485,vrp,mvo_factor_neutral
2023-05-30,1854.109494894235,19999.999816367763,499.99999387187194,485,vrp,mvo_factor_neutral
2023-05-31,249.59400971837698,19537.50530313415,595.6034932182155,485,vrp,mvo_factor_neutral
2023-06-01,16032.169608175069,19106.785802572158,861.3926726160779,485,vrp,mvo_factor_neutral
2023-06-02,-11314.823467008979,19096.201598103806,650.1902880469609,485,vrp,mvo_factor_neutral
2023-06-05,4096.1860815103055,20000.0001482729,499.99999874561854,485,vrp,mvo_factor_neutral
2023-06-06,-15564.538321602084,20154.162075156666,83.54993015718325,485,vrp,mvo_factor_neutral
2023-06-07,4635.311655187106,19477.30523749029,-386.5060105930935,485,vrp,mvo_factor_neutral
2023-06-08,17737.387265230147,19299.702544909385,-465.9598664865921,485,vrp,mvo_factor_neutral
2023-06-09,-18869.974848995524,18963.134603932354,-538.5079845916663,485,vrp,mvo_factor_neutral
2023-06-12,5067.969817802111,20000.000103417126,-499.999996542087,485,vrp,mvo_factor_neutral
2023-06-13,-8760.453813319149,19572.181372628063,-708.112225214556,485,vrp,mvo_factor_neutral
2023-06-14,-18211.181458261923,19354.219888748805,-1031.636429279958,485,vrp,mvo_factor_neutral
2023-06-15,-5776.849550328001,18352.481959051343,-1130.20658306316,484,vrp,mvo_factor_neutral
2023-06-16,13191.700464573525,18192.143365043034,-1018.5358195765132,484,vrp,mvo_factor_neutral
2023-06-20,6961.593018433325,20000.000129919932,-499.9999891354521,484,vrp,mvo_factor_neutral
2023-06-21,14129.003704680368,19091.829639839296,-637.8814318769288,484,vrp,mvo_factor_neutral
2023-06-22,-5471.3607614658995,17774.857637295576,-1054.3854789380114,484,vrp,mvo_factor_neutral
2023-06-23,2040.4776071426134,17944.332389357965,-1229.7180623697625,484,vrp,mvo_factor_neutral
2023-06-26,-4210.708227234913,20000.000067595385,-499.9999973201724,484,vrp,mvo_factor_neutral
2023-06-27,-3853.5359214524906,19207.548581512456,-955.3007144757356,484,vrp,mvo_factor_neutral
2023-06-28,3692.7292726882242,18717.374176045716,-1133.8442091130416,484,vrp,mvo_factor_neutral
2023-06-29,30182.65699171892,18597.769381472128,-279.8796911681099,484,vrp,mvo_factor_neutral
2023-06-30,-14982.770231027793,17113.369729384,-2168.9042545650755,484,vrp,mvo_factor_neutral
2023-07-03,8855.251498744314,20000.00000178006,-499.99999820885597,484,vrp,mvo_factor_neutral
2023-07-05,-68.26151371805283,19580.140368271583,-437.79339149573326,483,vrp,mvo_factor_neutral
2023-07-06,7845.659809558857,19453.55359332454,-319.0951341334939,483,vrp,mvo_factor_neutral
2023-07-07,6117.700873754339,19917.980300332125,-887.2547276651995,483,vrp,mvo_factor_neutral
2023-07-10,-1495.7026260007442,20000.000015985628,-397.86534184972277,485,vrp,mvo_factor_neutral
2023-07-11,-20076.434832536786,19344.147949192942,-207.32560064233556,485,vrp,mvo_factor_neutral
2023-07-12,4556.9130334962,18938.19828882504,-424.05716062718335,485,vrp,mvo_factor_neutral
2023-07-13,4556.192190301775,18380.732726119084,-544.2181770052272,485,vrp,mvo_factor_neutral
2023-07-14,5580.531063510411,18084.249515749227,-538.2915280912258,485,vrp,mvo_factor_neutral
2023-07-17,-23991.079497967563,19999.999585091853,-499.993598529858,485,vrp,mvo_factor_neutral
2023-07-18,1770.5875054519731,19548.789094590014,-415.36702229353483,485,vrp,mvo_factor_neutral
2023-07-19,-2819.1777654463503,19177.96375540865,-940.9915477265248,485,vrp,mvo_factor_neutral
2023-07-20,12778.4126446342,19125.750315196663,-536.4531739396692,485,vrp,mvo_factor_neutral
2023-07-21,222.15362916917846,18746.690850868326,-817.4736057848783,485,vrp,mvo_factor_neutral
2023-07-24,-18848.31043481535,19999.999792839328,499.9999618908569,485,vrp,mvo_factor_neutral
2023-07-25,4624.737392514931,32433.493256688846,13303.747384526976,485,vrp,mvo_factor_neutral
2023-07-26,30670.97125988074,32278.661113943897,13940.210090828863,485,vrp,mvo_factor_neutral
2023-07-27,-191.07189284257112,32020.02736726651,14243.635808050334,485,vrp,mvo_factor_neutral
2023-07-28,-35562.67961149561,30728.656848812534,13508.888791010068,484,vrp,mvo_factor_neutral
2023-07-31,37246.60872337891,19999.999525904554,499.9999337423222,484,vrp,mvo_factor_neutral
2023-08-01,23392.81327175665,19716.63455671053,547.2898175441795,484,vrp,mvo_factor_neutral
2023-08-02,4252.166335557359,19396.294320562643,606.692633736111,484,vrp,mvo_factor_neutral
2023-08-03,-4836.873226161102,19270.908903087573,515.4950531095304,484,vrp,mvo_factor_neutral
2023-08-04,15283.532679601965,18988.91962059804,581.0300861065336,484,vrp,mvo_factor_neutral
2023-08-07,-15748.849318655339,20000.000363927258,-143.81528793436067,486,vrp,mvo_factor_neutral
2023-08-08,-2286.2703126477704,19478.071133315363,-92.90822105369273,486,vrp,mvo_factor_neutral
2023-08-09,3464.6653911926724,18861.306406689277,-244.37326352726865,486,vrp,mvo_factor_neutral
2023-08-10,26897.998284785022,18113.6007338749,179.6672814154174,486,vrp,mvo_factor_neutral
2023-08-11,-5494.402804467303,18311.56707682847,395.3764940031336,486,vrp,mvo_factor_neutral
2023-08-14,6301.779817575357,20000.000202392137,499.9999905398932,486,vrp,mvo_factor_neutral
2023-08-15,-5355.10758578394,21021.1839724068,217.08579227819766,486,vrp,mvo_factor_neutral
2023-08-16,32780.16523596421,20190.76087312963,1028.5605732900572,485,vrp,mvo_factor_neutral
2023-08-17,-25785.32648404883,18905.623764047818,456.85270526030604,485,vrp,mvo_factor_neutral
2023-08-18,49457.986166914,18606.362608527594,1801.4422320971705,485,vrp,mvo_factor_neutral
2023-08-21,-24631.01103987588,19999.999682452868,499.9999304437287,485,vrp,mvo_factor_neutral
2023-08-22,-11498.552080077821,19051.78203601586,127.04218245970178,485,vrp,mvo_factor_neutral
2023-08-23,65710.58425748961,19887.18164588583,606.9875472864073,485,vrp,mvo_factor_neutral
2023-08-24,2529.4158650334152,18779.168190309305,1641.2063796701643,485,vrp,mvo_factor_neutral
2023-08-25,12298.685622249975,18890.628641207073,42.92337787086553,485,vrp,mvo_factor_neutral
2023-08-28,-7132.474327705687,19999.999912600793,-499.9999865620626,486,vrp,mvo_factor_neutral
2023-08-29,8321.387196634274,19469.12443871982,-480.67101594924446,486,vrp,mvo_factor_neutral
2023-08-30,6736.267514040146,18988.769547425694,-367.4739663692074,486,vrp,mvo_factor_neutral
2023-08-31,-7886.587673514242,18020.741080425578,62.22525897229139,486,vrp,mvo_factor_neutral
2023-09-01,7924.420734732103,17744.45633096393,-678.1085532625025,486,vrp,mvo_factor_neutral
2023-09-05,-2089.045289377347,20000.000330891682,499.9999982747738,487,vrp,mvo_factor_neutral
2023-09-06,-710.977621542775,19415.725133463733,781.3139514989053,487,vrp,mvo_factor_neutral
2023-09-07,7905.6212717846365,19461.76067365585,1280.3695615012527,487,vrp,mvo_factor_neutral
2023-09-08,30.81823794725269,18928.367710789287,1135.154197776879,487,vrp,mvo_factor_neutral
2023-09-11,2853.032963103078,19999.999464280954,499.99999203802236,487,vrp,mvo_factor_neutral
2023-09-12,3875.5205467215433,19536.481337324232,654.1640149529011,487,vrp,mvo_factor_neutral
2023-09-13,-3528.32469860076,19148.132514639117,411.0801712664018,487,vrp,mvo_factor_neutral
2023-09-14,-16846.972211726945,18668.093572212485,193.0001642976537,487,vrp,mvo_factor_neutral
2023-09-15,9785.936223136236,18121.121948704596,446.7571647105666,487,vrp,mvo_factor_neutral
2023-09-18,-7161.5413437318975,19999.9997939327,235.63151852310702,487,vrp,mvo_factor_neutral
2023-09-19,-8351.336034318745,19490.882113055766,-354.4325811565886,487,vrp,mvo_factor_neutral
2023-09-20,-1638.0703331417376,18899.94367169269,-803.8319854821345,487,vrp,mvo_factor_neutral
2023-09-21,6589.2271325639385,20223.466524984808,45.02487684793189,487,vrp,mvo_factor_neutral
2023-09-22,20017.801525090545,19301.258639421656,-310.7113350009489,487,vrp,mvo_factor_neutral
2023-09-25,-4173.186014524982,20000.000455415284,-499.99999693608254,488,vrp,mvo_factor_neutral
2023-09-26,-14279.205341868232,21639.334799622062,1193.6800486686188,488,vrp,mvo_factor_neutral
2023-09-27,4713.90554983212,22228.867984660206,681.300050011311,488,vrp,mvo_factor_neutral
2023-09-28,-630.2230119715074,22225.835127919247,652.545958438126,488,vrp,mvo_factor_neutral
2023-09-29,37133.67248926013,21772.63400606737,968.1753413683807,488,vrp,mvo_factor_neutral
2023-10-02,11173.892582559569,19999.99918095705,-499.99999163005384,488,vrp,mvo_factor_neutral
2023-10-03,-5620.936966153353,19395.772306459072,-251.8059424638429,488,vrp,mvo_factor_neutral
2023-10-04,393.58385134168986,19200.581020230584,-261.86475588031533,488,vrp,mvo_factor_neutral
2023-10-05,-1768.2115687265593,18907.380931778087,-389.2457925473271,488,vrp,mvo_factor_neutral
2023-10-06,3921.620198603017,18663.617879101253,-459.33341393050245,488,vrp,mvo_factor_neutral
2023-10-09,-5602.74408597625,19536.279076649305,-36.27828070790948,487,vrp,mvo_factor_neutral
2023-10-10,4203.117131170031,19453.766030515904,1.2450967569706228,487,vrp,mvo_factor_neutral
2023-10-11,-4798.570846449994,18867.878160166776,50.55760178216796,487,vrp,mvo_factor_neutral
2023-10-12,1120.921149399987,18300.283289582443,-319.57042946982386,487,vrp,mvo_factor_neutral
2023-10-13,-4.4690787379633985,18259.26669258839,-134.9257860683224,487,vrp,mvo_factor_neutral
2023-10-16,-2915.701304866827,19999.9997160183,290.7071898904028,488,vrp,mvo_factor_neutral
2023-10-17,6727.404739363939,19821.38696116088,516.4227519100183,488,vrp,mvo_factor_neutral
2023-10-18,-7756.279432835158,19267.54203714507,232.3848397931736,488,vrp,mvo_factor_neutral
2023-10-19,470.598978263078,18871.13953026444,95.2781503274511,488,vrp,mvo_factor_neutral
2023-10-20,-1540.3694773584316,18003.286435410373,746.2919053293137,488,vrp,mvo_factor_neutral
2023-10-23,-6671.172984089757,19637.682734515252,-137.67914547217234,487,vrp,mvo_factor_neutral
2023-10-24,-6255.017998995764,19432.401820136685,-921.9127542979555,487,vrp,mvo_factor_neutral
2023-10-25,6416.194861978514,20451.21418006675,2205.1625647222663,487,vrp,mvo_factor_neutral
2023-10-26,-14299.329042342071,20298.615948522558,2176.7369534753766,487,vrp,mvo_factor_neutral
2023-10-27,-3578.9904611610045,20926.300636884946,2331.818384924634,487,vrp,mvo_factor_neutral
2023-10-30,-12722.38678033719,20000.000060537583,-28.384297731332776,487,vrp,mvo_factor_neutral
2023-10-31,13587.693866593512,19719.227629752833,-164.7594033861381,487,vrp,mvo_factor_neutral
2023-11-01,10877.412764888655,19343.624992353652,48.91687567223017,487,vrp,mvo_factor_neutral
2023-11-02,-17411.833600581547,17954.581350341952,-764.3564799847314,487,vrp,mvo_factor_neutral
2023-11-03,-25586.823215241977,17662.77924546133,-1083.6139083069875,487,vrp,mvo_factor_neutral
2023-11-06,-23787.7110049173,20000.000071014558,-499.9999527094679,487,vrp,mvo_factor_neutral
2023-11-07,-1460.2987548985773,20163.48248351205,-325.9431639454373,487,vrp,mvo_factor_neutral
2023-11-08,11910.410162104701,18483.491748397628,540.4431130235826,486,vrp,mvo_factor_neutral
2023-11-09,-10001.054015580306,18686.933485286907,782.7654484590296,486,vrp,mvo_factor_neutral
2023-11-10,3415.3209457934054,18288.3022549542,443.538811031555,486,vrp,mvo_factor_neutral
2023-11-13,11092.16886994245,19999.999890013405,499.999969315521,486,vrp,mvo_factor_neutral
2023-11-14,-4794.352476218433,18230.64915674058,-982.9296995263098,486,vrp,mvo_factor_neutral
2023-11-15,15383.251005942886,18072.40016280205,-349.69079422156904,486,vrp,mvo_factor_neutral
2023-11-16,7782.318410558748,17976.603562036173,202.62227429930613,486,vrp,mvo_factor_neutral
2023-11-17,-10615.139244339103,16892.650145443626,58.8345479171676,486,vrp,mvo_factor_neutral
2023-11-20,-1420.0133746051788,20000.000072366525,-499.99998803653693,487,vrp,mvo_factor_neutral
2023-11-21,9640.127529485582,20383.467575532493,-590.2867687544056,487,vrp,mvo_factor_neutral
2023-11-22,-3804.7743930637052,22087.212713843408,-2594.1754873774926,487,vrp,mvo_factor_neutral
2023-11-24,11955.204494337817,19456.009834314747,-1469.755360770906,486,vrp,mvo_factor_neutral
2023-11-27,-1867.4604095258003,20000.000111306774,247.23976547169258,486,vrp,mvo_factor_neutral
2023-11-28,-2121.0430182650607,19850.109978014658,276.74906092156453,486,vrp,mvo_factor_neutral
2023-11-29,7414.899573334106,19349.7968833907,332.84423751214706,486,vrp,mvo_factor_neutral
2023-11-30,-321.3081072263608,18631.827019149743,165.0745716377834,486,vrp,mvo_factor_neutral
2023-12-01,-13975.362094617569,17167.116338621137,318.6807877134353,486,vrp,mvo_factor_neutral
2023-12-04,10403.415088098567,19999.999868014864,381.55562986683736,487,vrp,mvo_factor_neutral
2023-12-05,8779.20394052431,20485.079486784103,569.8311393401607,487,vrp,mvo_factor_neutral
2023-12-06,-26176.828772375746,20941.270305086935,-1249.5019677600644,487,vrp,mvo_factor_neutral
2023-12-07,34005.424442481824,20137.109549576737,-829.2229771680827,487,vrp,mvo_factor_neutral
2023-12-08,-13436.87333924073,19878.763264430592,-1006.4873100248933,487,vrp,mvo_factor_neutral
2023-12-11,-991.2256916788309,19999.999121739173,499.9999907892119,487,vrp,mvo_factor_neutral
2023-12-12,-5698.821714512673,20012.88763088576,612.3574442740927,487,vrp,mvo_factor_neutral
2023-12-13,-19035.623180627554,20742.29602199742,-703.0357776510652,487,vrp,mvo_factor_neutral
2023-12-14,-1560.525764871197,22179.85460283547,209.42941951011318,487,vrp,mvo_factor_neutral
2023-12-15,-6293.050744645436,22481.464059815775,-17.416931387624434,486,vrp,mvo_factor_neutral
2023-12-18,1076.888633498391,20000.00021521204,499.99998998647305,486,vrp,mvo_factor_neutral
2023-12-19,-13182.364128088468,19289.829384310622,1136.4041818895648,486,vrp,mvo_factor_neutral
2023-12-20,-35558.782593750286,20826.430656172513,-119.58946906289168,486,vrp,mvo_factor_neutral
2023-12-21,-30868.463435415397,20131.667284675186,-868.5139357415666,486,vrp,mvo_factor_neutral
2023-12-22,-738.5947128379919,20857.85497543245,-2334.259003502945,486,vrp,mvo_factor_neutral
2023-12-26,-1454.2096329309186,19999.99998402324,499.9999915713348,487,vrp,mvo_factor_neutral
2023-12-27,5623.583012232003,19153.305070231218,920.6294881526783,486,vrp,mvo_factor_neutral
2023-12-28,6781.613915694652,17511.4617861898,1315.7272992539852,486,vrp,mvo_factor_neutral
2023-12-29,-8259.74485699386,18011.882222365042,1108.3462250070509,486,vrp,mvo_factor_neutral
2024-01-02,15587.266814712193,20000.000117222196,499.99997868518005,487,vrp,mvo_factor_neutral
2024-01-03,1223.7577790270138,19500.225668760682,288.7971878727401,487,vrp,mvo_factor_neutral
2024-01-04,1920.0514684700547,19203.92395123715,366.9036038886271,487,vrp,mvo_factor_neutral
2024-01-05,-6146.0221352547105,18889.130044388665,469.1922011174575,487,vrp,mvo_factor_neutral
2024-01-08,-16829.738436923755,20000.00000390475,-288.979196714051,488,vrp,mvo_factor_neutral
2024-01-09,-820.9367512070822,18387.00531644133,85.91325993667976,488,vrp,mvo_factor_neutral
2024-01-10,2838.2481510504736,17972.03055074066,79.08740584028071,477,vrp,mvo_factor_neutral
2024-01-11,1664.7498191891223,17580.11912796108,326.25951298274873,477,vrp,mvo_factor_neutral
2024-01-12,15521.825957089717,17269.396652226813,416.8081851397428,477,vrp,mvo_factor_neutral
2024-01-16,60.04291749114841,19999.999486463556,-447.46635228752814,477,vrp,mvo_factor_neutral
2024-01-17,-9462.799217804046,19648.950968173696,-236.0839611632564,477,vrp,mvo_factor_neutral
2024-01-18,2719.061978122815,19303.97789312979,-559.0843972369865,477,vrp,mvo_factor_neutral
2024-01-19,-1562.9665144758442,18769.486913152265,-739.6501062451954,477,vrp,mvo_factor_neutral
2024-01-22,-1601.487990344261,19999.999931162187,-499.9999954353095,477,vrp,mvo_factor_neutral
2024-01-23,1602.8442095281541,20151.535808785782,-240.91238488369103,477,vrp,mvo_factor_neutral
2024-01-24,1914.244594592092,18814.341880013882,98.51324531505142,477,vrp,mvo_factor_neutral
2024-01-25,-13897.95568467021,19028.656571207976,-125.01890810711173,477,vrp,mvo_factor_neutral
2024-01-26,9096.83421802677,17981.862663518063,235.45077491647336,477,vrp,mvo_factor_neutral
2024-01-29,-327.96195640188034,20000.000094756506,499.9998801075186,477,vrp,mvo_factor_neutral
2024-01-30,-7901.681386429464,20014.601417601178,-149.74272099635704,477,vrp,mvo_factor_neutral
2024-01-31,8885.796480163499,19885.75019411578,64.49317986996043,477,vrp,mvo_factor_neutral
2024-02-01,-20681.747696292034,19372.60915072925,-276.9601364750785,477,vrp,mvo_factor_neutral
2024-02-02,8070.265394372081,18626.95447984452,11.8350428799505,477,vrp,mvo_factor_neutral
2024-02-05,5497.971895508773,20000.00009149891,186.52884406541597,477,vrp,mvo_factor_neutral
2024-02-06,-12315.984715625797,20662.676577589416,-475.99730857794265,477,vrp,mvo_factor_neutral
2024-02-07,27716.685156235595,19537.080726165736,-870.7470890439677,477,vrp,mvo_factor_neutral
2024-02-08,19353.30490338818,18261.46792263419,-1639.8088249814894,477,vrp,mvo_factor_neutral
2024-02-09,18669.83109145534,17574.965770481078,-1047.0430271820837,476,vrp,mvo_factor_neutral
2024-02-12,-58265.71288828901,20000.000077263176,499.9999972675262,476,vrp,mvo_factor_neutral
2024-02-13,18381.666174669874,19283.227142833446,1506.0230783427348,476,vrp,mvo_factor_neutral
2024-02-14,-6989.002288378196,17638.171151017057,1930.055582739479,476,vrp,mvo_factor_neutral
2024-02-15,6610.54179029953,18167.641080456262,2439.3341222549566,476,vrp,mvo_factor_neutral
2024-02-16,-7799.190530924696,20120.668865897762,4646.236507855695,476,vrp,mvo_factor_neutral
2024-02-20,21067.148790040726,19999.99977818843,499.9999863938853,476,vrp,mvo_factor_neutral
2024-02-21,12077.688063185591,19649.848204202113,18.76620066026386,476,vrp,mvo_factor_neutral
2024-02-22,-19984.359243599916,17725.72104281195,-156.29202422942038,476,vrp,mvo_factor_neutral
2024-02-23,-12039.446247811533,16833.280500739307,-345.2014822315789,476,vrp,mvo_factor_neutral
2024-02-26,16685.670229586896,19149.887322663722,1350.1127400780067,475,vrp,mvo_factor_neutral
2024-02-27,-17773.007889535278,19489.004714812556,956.0894938917551,475,vrp,mvo_factor_neutral
2024-02-28,8077.540743620072,19730.044033577466,414.73708279699355,475,vrp,mvo_factor_neutral
2024-02-29,-4170.190148731993,19389.07348637934,270.3990584503855,475,vrp,mvo_factor_neutral
2024-03-01,2938.0436727159736,18661.367665952774,730.8170493277383,475,vrp,mvo_factor_neutral
2024-03-04,-8043.807978605256,19999.998890834984,241.74776901443104,475,vrp,mvo_factor_neutral
2024-03-05,-18210.125527260647,20738.832842263644,-849.8008207441064,475,vrp,mvo_factor_neutral
2024-03-06,24565.437156338437,19375.089063185504,-441.39952535034803,475,vrp,mvo_factor_neutral
2024-03-07,5584.083490264936,19320.37521087541,-682.4305699682009,475,vrp,mvo_factor_neutral
2024-03-08,-5509.591703200228,19449.09271047022,-1094.5303643368873,475,vrp,mvo_factor_neutral
2024-03-11,-7460.72492038883,20000.0001879319,256.8797631686189,476,vrp,mvo_factor_neutral
2024-03-12,-6385.200034694118,21055.432305076865,-1411.4583337496776,475,vrp,mvo_factor_neutral
2024-03-13,12453.844656335323,19774.204159295645,-1203.788381259985,475,vrp,mvo_factor_neutral
2024-03-14,21235.513940236146,21636.93702881525,-901.8214480258279,475,vrp,mvo_factor_neutral
2024-03-15,-26161.64790438801,20311.89133678595,-1050.7798296064784,475,vrp,mvo_factor_neutral
2024-03-18,24734.303752225223,19999.999735733905,-499.99999564670014,475,vrp,mvo_factor_neutral
2024-03-19,-3676.679193118863,20975.279329049998,-786.0896796253265,475,vrp,mvo_factor_neutral
2024-03-20,19041.765421477827,21629.838602270403,1353.3911900588587,475,vrp,mvo_factor_neutral
2024-03-21,-1478.3932737642058,20203.02293020701,651.3161732530726,475,vrp,mvo_factor_neutral
2024-03-22,-14575.140727567727,20517.030421408315,496.4738873015062,475,vrp,mvo_factor_neutral
2024-03-25,-16183.816857068372,19999.99954037458,-499.99998256249575,476,vrp,mvo_factor_neutral
2024-03-26,21846.174200370828,23872.235137687443,1452.9790059069876,476,vrp,mvo_factor_neutral
2024-03-27,52606.55996328229,18465.401612475594,1601.0682542809086,476,vrp,mvo_factor_neutral
2024-03-28,25332.471756127154,20550.558215300793,4787.433451585321,476,vrp,mvo_factor_neutral
2024-04-01,-21168.10063673444,19999.999948785844,-499.9999761961844,488,vrp,mvo_factor_neutral
2024-04-02,2252.0282280632036,19537.733464389858,-294.84756464055175,487,vrp,mvo_factor_neutral
2024-04-03,-2975.1792377815864,19247.744603806903,-323.8844555743413,486,vrp,mvo_factor_neutral
2024-04-04,-5856.469127879753,19010.6521215526,-236.26020086461477,486,vrp,mvo_factor_neutral
2024-04-05,33573.27498690768,18408.11309662297,41.17501151467478,486,vrp,mvo_factor_neutral
2024-04-08,-20525.911606605372,20000.0000095473,-466.30287045844887,488,vrp,mvo_factor_neutral
2024-04-09,-36297.489458374694,19794.04873161965,-498.63742068350416,488,vrp,mvo_factor_neutral
2024-04-10,27928.560007876797,19099.25186999343,-606.5880554026763,488,vrp,mvo_factor_neutral
2024-04-11,-13924.056128634786,18630.227006401143,-648.8269098676228,488,vrp,mvo_factor_neutral
2024-04-12,9662.047056245907,17979.76338954577,-561.485874961374,488,vrp,mvo_factor_neutral
2024-04-15,9209.39270582259,19999.99985387475,-499.9999978110213,488,vrp,mvo_factor_neutral
2024-04-16,-12949.641634258387,19149.91140531155,-1098.5065842000201,488,vrp,mvo_factor_neutral
2024-04-17,-7984.298821213279,18141.4540999219,-1336.9502162757742,488,vrp,mvo_factor_neutral
2024-04-18,218.92018288115145,18379.273843610332,-1423.2215324965684,488,vrp,mvo_factor_neutral
2024-04-19,3418.8038206264328,17367.058827098965,-2138.191632012058,488,vrp,mvo_factor_neutral
2024-04-22,40687.39836573981,20000.00003507253,-500.00000003602696,488,vrp,mvo_factor_neutral
2024-04-23,4963.160342710085,19814.05904611787,-399.72530034958845,488,vrp,mvo_factor_neutral
2024-04-24,15091.648455062303,19544.148819393035,-500.2499827966743,488,vrp,mvo_factor_neutral
2024-04-25,753.9946973303051,18968.40956587716,-1645.693132165385,488,vrp,mvo_factor_neutral
2024-04-26,-23967.461337610854,18279.38228076054,-1534.9496115917905,488,vrp,mvo_factor_neutral
2024-04-29,-1547.5417911214076,20000.00013384704,-499.99999852726006,488,vrp,mvo_factor_neutral
2024-04-30,13096.890262776518,19157.998917914025,-287.61495739546353,488,vrp,mvo_factor_neutral
2024-05-01,-8810.820657205843,18507.36031011572,-465.30143497255597,488,vrp,mvo_factor_neutral
2024-05-02,3119.395700243151,18360.944808072407,-222.34591209414378,488,vrp,mvo_factor_neutral
2024-05-03,-8018.670095232533,17037.323839344615,-1059.6291109106976,488,vrp,mvo_factor_neutral
2024-05-06,6928.858431734785,20000.00012944702,-499.9999985976175,488,vrp,mvo_factor_neutral
2024-05-07,-14208.465754292376,18943.369909554247,-1962.2550115444856,488,vrp,mvo_factor_neutral
2024-05-08,31799.491179102777,18986.091195546687,-1140.5942931311731,488,vrp,mvo_factor_neutral
2024-05-09,13952.369152634625,19130.764168670816,-701.3663626029017,488,vrp,mvo_factor_neutral
2024-05-10,6865.175892986132,17585.984029884672,-1324.5359928431014,488,vrp,mvo_factor_neutral
2024-05-13,-7802.569700010056,19931.125510178612,-568.874381861139,487,vrp,mvo_factor_neutral
2024-05-14,-21007.985005493632,19269.438138073157,-919.6028029596018,487,vrp,mvo_factor_neutral
2024-05-15,29802.576904375743,20873.85323072851,-720.9617700047033,487,vrp,mvo_factor_neutral
2024-05-16,-2157.329263349134,20037.28105019741,-964.0832969879636,487,vrp,mvo_factor_neutral
2024-05-17,16197.189318791836,22772.949006858023,2917.1786082492326,487,vrp,mvo_factor_neutral
2024-05-20,-3717.337500074469,20000.000247705717,499.9999871506432,487,vrp,mvo_factor_neutral
2024-05-21,-5180.5363844724425,19538.596886188454,120.3622960442706,487,vrp,mvo_factor_neutral
2024-05-22,-6948.724878217625,19320.719759610598,-13.631353724007107,487,vrp,mvo_factor_neutral
2024-05-23,39211.19357613815,21351.989578766304,1535.621820530383,487,vrp,mvo_factor_neutral
2024-05-24,-34372.8275964772,19990.816678066443,-88.00403798376746,487,vrp,mvo_factor_neutral
2024-05-28,20915.29758390161,20000.00013706882,-452.59756269114825,487,vrp,mvo_factor_neutral
2024-05-29,-93.8911779917689,19238.080694914526,-61.032309297045266,487,vrp,mvo_factor_neutral
2024-05-30,-33405.06348557294,18506.922003192314,-249.8963230624072,487,vrp,mvo_factor_neutral
2024-05-31,17727.660701755965,17476.332113054872,-1216.0137950380224,487,vrp,mvo_factor_neutral
2024-06-03,-7206.110352506492,19999.999987274463,-499.999962232016,487,vrp,mvo_factor_neutral
2024-06-04,12260.048847051943,19127.57064712383,436.81090837393816,485,vrp,mvo_factor_neutral
2024-06-05,10336.763730904446,18625.122428608774,229.38560823081244,485,vrp,mvo_factor_neutral
2024-06-06,162.77783125932385,18093.634216711813,712.91283916506,485,vrp,mvo_factor_neutral
2024-06-07,4495.19617369877,17908.728262479945,725.6293922316885,485,vrp,mvo_factor_neutral
2024-06-10,2697.0697116456104,19999.999578524075,300.9860458601006,487,vrp,mvo_factor_neutral
2024-06-11,-9754.84821533401,20766.209665964332,464.2804746213049,487,vrp,mvo_factor_neutral
2024-06-12,-14860.494269597757,20234.525175226616,1020.2557135683252,487,vrp,mvo_factor_neutral
2024-06-13,-10595.522180457136,20399.75795165524,-538.7785873290917,487,vrp,mvo_factor_neutral
2024-06-14,14626.548413317367,20921.750156647027,-315.741824881997,487,vrp,mvo_factor_neutral
2024-06-17,920.7332342953297,19999.9995072162,-499.99997558301664,487,vrp,mvo_factor_neutral
2024-06-18,43336.781375832084,19976.433664801913,361.94807619029945,487,vrp,mvo_factor_neutral
2024-06-20,-17235.4019913028,19250.86282000078,-25.432567856779023,487,vrp,mvo_factor_neutral
2024-06-21,-28127.07854049308,18307.82579802028,-768.0220462647701,487,vrp,mvo_factor_neutral
2024-06-24,57899.39280037823,19999.99961642345,-499.999977398417,487,vrp,mvo_factor_neutral
2024-06-25,762.0759658597573,19067.315947949697,-839.6087385209812,487,vrp,mvo_factor_neutral
2024-06-26,-29124.698941398277,18985.626396192583,-1348.5713920472092,487,vrp,mvo_factor_neutral
2024-06-27,-12537.376892219963,17492.438612914364,-1228.0655569727705,487,vrp,mvo_factor_neutral
2024-06-28,-189.61699365031552,17835.827866979205,-1456.3016659182592,487,vrp,mvo_factor_neutral
2024-07-01,4722.425557608863,20000.000295344234,-499.99999871035783,487,vrp,mvo_factor_neutral
2024-07-02,629.17869044254,23387.530940404038,-4260.509817739665,485,vrp,mvo_factor_neutral
2024-07-03,6913.870959208875,22991.812851522605,-4089.983145337363,485,vrp,mvo_factor_neutral
2024-07-05,18958.815944806447,21969.29874431719,-4062.6401211912685,485,vrp,mvo_factor_neutral
2024-07-08,-21203.077029449272,20000.00007978379,-175.8725688738671,486,vrp,mvo_factor_neutral
2024-07-09,3603.9783888983097,19823.374325677545,-45.06466133481735,486,vrp,mvo_factor_neutral
2024-07-10,-8425.226641190142,20096.766772824816,455.395720071725,486,vrp,mvo_factor_neutral
2024-07-11,17646.311936709997,18504.32027228376,1334.5257393506843,486,vrp,mvo_factor_neutral
2024-07-12,-25061.60620940003,18235.2980644259,559.2781023276048,486,vrp,mvo_factor_neutral
2024-07-15,4703.3151019932375,20000.000262148034,-281.73686042956865,486,vrp,mvo_factor_neutral
2024-07-16,-18985.251289063206,20130.20269279624,-1501.7650019980044,486,vrp,mvo_factor_neutral
2024-07-17,-22722.44509999828,20426.42894389052,-981.4473219065804,486,vrp,mvo_factor_neutral
2024-07-18,-991.4281513004971,20763.641075405434,-852.7022827337485,486,vrp,mvo_factor_neutral
2024-07-19,5903.791892610105,20489.10163235034,-428.02377277159286,486,vrp,mvo_factor_neutral
2024-07-22,10899.67641632198,19999.99993350954,-499.9999521750184,486,vrp,mvo_factor_neutral
2024-07-23,72462.4578547754,21031.238946374793,1383.624968640327,486,vrp,mvo_factor_neutral
2024-07-24,-47258.36245455944,20834.76971255321,-62.31417743645353,486,vrp,mvo_factor_neutral
2024-07-25,29278.520491801577,20401.829754517916,-39.90536105801723,486,vrp,mvo_factor_neutral
2024-07-26,42971.2067527267,21051.526040629687,2119.126611991397,486,vrp,mvo_factor_neutral
2024-07-29,-38898.53874043489,20000.000299205476,499.99998974608263,486,vrp,mvo_factor_neutral
2024-07-30,1674.2074882037787,18401.08663782223,1136.487654635411,485,vrp,mvo_factor_neutral
2024-07-31,-298.77683480019454,18025.46162652189,937.2297104836942,485,vrp,mvo_factor_neutral
2024-08-01,12995.988304605264,17596.797316238608,750.4791698379834,485,vrp,mvo_factor_neutral
2024-08-02,6999.144841178908,17469.004081706145,934.3109721565834,485,vrp,mvo_factor_neutral
2024-08-05,20993.892589153762,20000.000340934417,-499.9999921505945,488,vrp,mvo_factor_neutral
2024-08-06,-23530.276835781147,19801.960671994,-602.3482887173286,487,vrp,mvo_factor_neutral
2024-08-07,-31683.065695794627,19422.38416342177,-1225.2587047295306,487,vrp,mvo_factor_neutral
2024-08-08,7198.880290105247,20053.93228877883,-1125.7623354185791,487,vrp,mvo_factor_neutral
2024-08-09,47831.37351932413,19052.584098154155,-670.7828429022786,487,vrp,mvo_factor_neutral
2024-08-12,-12194.937014240013,20000.00001060197,-499.9999767411014,489,vrp,mvo_factor_neutral
2024-08-13,-12203.216105026102,20028.43726813606,-578.7542138733877,489,vrp,mvo_factor_neutral
2024-08-14,17109.7898276763,18671.44634713759,-587.6526698384498,489,vrp,mvo_factor_neutral
2024-08-15,-16036.49479820058,17990.747367282063,-1284.9535779271182,489,vrp,mvo_factor_neutral
2024-08-16,6696.74157047422,18121.603456896133,-901.927915171493,489,vrp,mvo_factor_neutral
2024-08-19,11266.36982734152,20000.000268151285,499.9999318056347,489,vrp,mvo_factor_neutral
2024-08-20,30263.518009674233,20235.931306862956,392.5849365729251,489,vrp,mvo_factor_neutral
2024-08-21,-2284.2463441669406,19298.73933084124,1028.981996848347,489,vrp,mvo_factor_neutral
2024-08-22,4013.172811878575,19810.241629032564,1331.275353349257,489,vrp,mvo_factor_neutral
2024-08-23,-21562.06549547627,18653.70502442941,1153.267325361656,489,vrp,mvo_factor_neutral
2024-08-26,-13108.308695997359,20000.000273388174,314.1105290631789,489,vrp,mvo_factor_neutral
2024-08-27,8483.6174253696,20486.483927930592,512.2104357031911,489,vrp,mvo_factor_neutral
2024-08-28,-11327.912848644293,20425.37865534273,403.29921111452546,489,vrp,mvo_factor_neutral
2024-08-29,3161.956563433969,19388.678119980515,914.2588977589979,489,vrp,mvo_factor_neutral
2024-08-30,-1933.7491785955003,17539.344084187152,87.86594269049414,489,vrp,mvo_factor_neutral
2024-09-03,-24629.061334263613,19999.99988151646,499.9999901621077,489,vrp,mvo_factor_neutral
2024-09-04,-35572.90236924599,20837.22052812556,-871.0137801006179,488,vrp,mvo_factor_neutral
2024-09-05,-14408.082207972246,20343.232680730274,-576.3469798533712,487,vrp,mvo_factor_neutral
2024-09-06,-12904.849785351327,20814.273617246094,-1547.193950462892,487,vrp,mvo_factor_neutral
2024-09-09,32602.252426196534,19999.999964607985,499.99999130303144,487,vrp,mvo_factor_neutral
2024-09-10,-8803.962787576787,19234.400304603027,75.88525674626747,487,vrp,mvo_factor_neutral
2024-09-11,-10280.281434312246,18600.325402826842,319.66679486121035,487,vrp,mvo_factor_neutral
2024-09-12,-3858.512921587324,19743.41727634595,277.6108167747288,487,vrp,mvo_factor_neutral
2024-09-13,-25546.27451298423,19854.863064974317,-218.02012438834973,487,vrp,mvo_factor_neutral
2024-09-16,36721.74731371724,19999.999926755936,-499.99997730725613,488,vrp,mvo_factor_neutral
2024-09-17,-13337.560396637507,19864.59964242317,-838.1812884368896,488,vrp,mvo_factor_neutral
2024-09-18,-6635.544142647652,19540.286286179322,-888.6340081063323,488,vrp,mvo_factor_neutral
2024-09-19,17858.388754013602,19061.424255524085,-771.5515050363763,488,vrp,mvo_factor_neutral
2024-09-20,-8788.08808662641,18771.457764885046,-631.921295622679,488,vrp,mvo_factor_neutral
2024-09-23,12612.178525985948,20000.00005747305,-72.77096891877136,489,vrp,mvo_factor_neutral
2024-09-24,-24736.38382811835,19529.178067386496,36.188411276415295,489,vrp,mvo_factor_neutral
2024-09-25,1859.9588626713978,19392.244408890223,-58.02487668423719,489,vrp,mvo_factor_neutral
2024-09-26,-32041.5534809332,20025.0406828072,-1704.9905097127803,489,vrp,mvo_factor_neutral
2024-09-27,-2033.6582843179776,19978.216436304134,-1738.4020215419855,489,vrp,mvo_factor_neutral
2024-09-30,-1754.5409229257302,20000.00027725201,-499.99998098254713,489,vrp,mvo_factor_neutral
2024-10-01,-5911.153191025622,19035.330344383838,718.9061102285609,487,vrp,mvo_factor_neutral
2024-10-02,16117.18550070135,18572.27148077066,635.0443742559061,487,vrp,mvo_factor_neutral
2024-10-03,14051.98827771436,17733.78687306126,1158.6602459231117,487,vrp,mvo_factor_neutral
2024-10-04,3552.550187741785,17500.469687558245,924.8058668348443,487,vrp,mvo_factor_neutral
2024-10-07,-10339.881830866185,20000.000109103657,499.99999076130297,488,vrp,mvo_factor_neutral
2024-10-08,14142.096632426606,19354.543394060147,435.35496136301003,488,vrp,mvo_factor_neutral
2024-10-09,-12410.613451890884,18950.818062640978,282.56068928970825,488,vrp,mvo_factor_neutral
2024-10-10,-19247.041198971412,19258.469911390494,-321.8567219412375,488,vrp,mvo_factor_neutral
2024-10-11,674.1403057654045,18986.30634836156,-605.0626255225412,488,vrp,mvo_factor_neutral
2024-10-14,17270.133451784888,20000.00020725428,-499.99999803487805,489,vrp,mvo_factor_neutral
2024-10-15,-18497.543524752728,20340.15507974455,-1221.4014449740914,489,vrp,mvo_factor_neutral
2024-10-16,15627.186601371226,20287.724540716466,-200.67043885075913,489,vrp,mvo_factor_neutral
2024-10-17,13186.768974103059,19403.92084094114,10.788446314099735,489,vrp,mvo_factor_neutral
2024-10-18,-15636.927116985104,21088.6033106315,543.0198429995892,489,vrp,mvo_factor_neutral
2024-10-21,-8515.431285031884,19999.999707766383,-499.99999172592504,489,vrp,mvo_factor_neutral
2024-10-22,21625.51270188937,20674.459189190777,-335.878342503899,489,vrp,mvo_factor_neutral
2024-10-23,25767.151005499807,21117.410525818617,541.5878464886405,489,vrp,mvo_factor_neutral
2024-10-24,-36851.15076896078,20142.114021352292,1006.4823132841942,489,vrp,mvo_factor_neutral
2024-10-25,57072.19135802419,19800.713254250946,1221.5102683550494,489,vrp,mvo_factor_neutral
2024-10-28,-26023.739819808423,19999.999517673274,499.9999444142265,489,vrp,mvo_factor_neutral
2024-10-29,-1051.7032137641315,19206.523235130157,1004.269306752589,488,vrp,mvo_factor_neutral
2024-10-30,5001.27550521071,18740.949378996916,950.9591854302216,488,vrp,mvo_factor_neutral
2024-10-31,-11465.743053623453,18571.830670225336,867.8632059871509,488,vrp,mvo_factor_neutral
2024-11-01,-4579.169539547653,18512.72870790434,872.6273938211873,488,vrp,mvo_factor_neutral
2024-11-04,-990.4360758021105,19999.999442382763,-499.9999280569893,489,vrp,mvo_factor_neutral
2024-11-05,151.25046707306817,19275.499401747544,-150.50883124289282,489,vrp,mvo_factor_neutral
2024-11-06,1160.3965851813834,17753.472700519196,-1383.532627530133,489,vrp,mvo_factor_neutral
2024-11-07,-10606.724657134719,17946.0781424631,-1756.7013819181398,489,vrp,mvo_factor_neutral
2024-11-08,1495.192872208253,17065.208553949968,-1413.9836242309682,489,vrp,mvo_factor_neutral
2024-11-11,-21872.108025740086,19999.999687791005,499.9999876130823,490,vrp,mvo_factor_neutral
2024-11-12,-4282.458819347289,19863.008816310437,491.54318000915964,490,vrp,mvo_factor_neutral
2024-11-13,18653.11356563599,19961.478624689673,1188.0695443364739,490,vrp,mvo_factor_neutral
2024-11-14,-15098.635017124789,19431.447265018796,956.8919506881913,490,vrp,mvo_factor_neutral
2024-11-15,25538.28710771306,20387.459153814223,2277.497181008941,490,vrp,mvo_factor_neutral
2024-11-18,-13286.924593115862,20000.00026252544,478.1163737316706,490,vrp,mvo_factor_neutral
2024-11-19,28731.552368759614,19676.27791936888,2040.1311986236876,490,vrp,mvo_factor_neutral
2024-11-20,-4768.696107302942,20521.860059324605,2109.74052673761,490,vrp,mvo_factor_neutral
2024-11-21,5322.730143523408,19254.947479688362,1484.546936070799,490,vrp,mvo_factor_neutral
2024-11-22,32405.694666661973,18978.251703200407,1534.4694575987253,490,vrp,mvo_factor_neutral
2024-11-25,-44910.1717028682,20000.000380010344,-50.50528262323934,490,vrp,mvo_factor_neutral
2024-11-26,36858.33034327057,18601.58768611648,-382.6898023605768,490,vrp,mvo_factor_neutral
2024-11-27,11381.205835324441,19807.250250497327,1190.0503504343121,490,vrp,mvo_factor_neutral
2024-11-29,-25871.18873647384,17467.642980546894,-192.33723185417475,490,vrp,mvo_factor_neutral
2024-12-02,-1157.8000210147466,20000.00035359042,-499.99999168695143,490,vrp,mvo_factor_neutral
2024-12-03,12333.0079940137,19376.22729962691,373.4741216972955,488,vrp,mvo_factor_neutral
2024-12-04,-763.8700276724919,19075.25476351716,244.72192792663967,488,vrp,mvo_factor_neutral
2024-12-05,26777.959049579833,18614.61011371597,336.11591893664774,488,vrp,mvo_factor_neutral
2024-12-06,8082.522844048098,18041.71779846169,117.55065829943638,488,vrp,mvo_factor_neutral
2024-12-09,-9998.530554083289,19999.99998573475,-499.9999953325819,488,vrp,mvo_factor_neutral
2024-12-10,14811.81012463589,19045.803103240334,-964.1623859162034,488,vrp,mvo_factor_neutral
2024-12-11,-7348.979956626931,18431.516608186488,-1144.214188403453,488,vrp,mvo_factor_neutral
2024-12-12,9381.919995595987,18554.67584509248,-580.501324440739,488,vrp,mvo_factor_neutral
2024-12-13,-62677.50415106141,18107.43994427752,-639.1851001295544,488,vrp,mvo_factor_neutral
2024-12-16,18489.808388808913,20000.000099140452,-499.9999204908598,489,vrp,mvo_factor_neutral
2024-12-17,5087.049630660996,19979.95077679986,64.6922003824227,489,vrp,mvo_factor_neutral
2024-12-18,8206.826628604109,19181.815952701556,-422.6723837689703,489,vrp,mvo_factor_neutral
2024-12-19,-45917.52655839704,18971.147739695778,-849.3469738711372,489,vrp,mvo_factor_neutral
2024-12-20,22125.61320275761,18615.67673299732,-994.2803268529115,489,vrp,mvo_factor_neutral
2024-12-23,3342.9940186865447,19999.999964702347,-499.9999180509404,489,vrp,mvo_factor_neutral
2024-12-24,10502.763900171432,18440.262326013795,-335.38218835075395,489,vrp,mvo_factor_neutral
2024-12-26,2484.5007415468067,17430.136936411,-1111.0716259322814,489,vrp,mvo_factor_neutral
2024-12-27,-3351.3771769785058,16743.41311948864,-1474.5219942766535,488,vrp,mvo_factor_neutral
2024-12-30,8343.732308293396,20000.0001019615,288.6172145189702,488,vrp,mvo_factor_neutral
2024-12-31,-12152.551764121412,19705.56708099117,143.1766805280092,488,vrp,mvo_factor_neutral
2025-01-02,-5014.938189383423,19346.389146954894,67.48217127455307,488,vrp,mvo_factor_neutral
2025-01-03,117.42002306807277,18981.882635298898,-129.30574104008127,488,vrp,mvo_factor_neutral
2025-01-06,17514.780072545138,20000.00000896608,-499.99218073249904,488,vrp,mvo_factor_neutral
2025-01-07,-6323.160073120716,20178.503904001278,-784.2215019132528,488,vrp,mvo_factor_neutral
2025-01-08,-7936.096039569751,19541.57800954983,-631.1616146342558,488,vrp,mvo_factor_neutral
2025-01-10,-8079.850267775756,18941.194863199322,-1012.7477619249461,488,vrp,mvo_factor_neutral
2025-01-13,-6044.328131554742,19970.294715757766,-529.7052643777164,476,vrp,mvo_factor_neutral
2025-01-14,4389.604254832915,19723.604590772007,-653.5888001044051,476,vrp,mvo_factor_neutral
2025-01-15,12351.636318721878,19024.89306555576,-919.609204873226,476,vrp,mvo_factor_neutral
2025-01-16,23515.292406583078,18082.851212833415,-913.1133553802298,476,vrp,mvo_factor_neutral
2025-01-17,-5218.458634309745,18136.502078076493,-759.1408974740505,476,vrp,mvo_factor_neutral
2025-01-21,22290.3395339332,20000.000189425315,-499.9999960786771,476,vrp,mvo_factor_neutral
2025-01-22,5324.526683628218,20123.45865941717,-41.94968228190592,476,vrp,mvo_factor_neutral
2025-01-23,-26582.970520602754,19764.07873374328,-836.7343054665994,476,vrp,mvo_factor_neutral
2025-01-24,7686.87237782005,18391.364225703015,-1136.4455165514162,476,vrp,mvo_factor_neutral
2025-01-27,51084.5838439695,20000.000267908417,-499.99999937729507,477,vrp,mvo_factor_neutral
2025-01-28,-10118.61316137901,21300.08047923647,613.0996436693334,477,vrp,mvo_factor_neutral
2025-01-29,18184.001079107948,20920.748244953127,1539.826677026399,477,vrp,mvo_factor_neutral
2025-01-30,-27228.575732110163,18912.911199843064,-227.4432027393043,477,vrp,mvo_factor_neutral
2025-01-31,57460.74797120541,19508.964685617953,1245.9329979573863,477,vrp,mvo_factor_neutral
2025-02-03,-41658.78769650297,20000.00019614756,-499.9999995615723,477,vrp,mvo_factor_neutral
2025-02-04,-2493.9950349096707,19846.27599665373,-429.05507580011124,477,vrp,mvo_factor_neutral
2025-02-05,-7226.937620838226,18936.06284208272,-798.2222488184912,477,vrp,mvo_factor_neutral
2025-02-06,18982.9961011955,18311.55989956352,-661.9496749508329,477,vrp,mvo_factor_neutral
2025-02-07,-1408.574018817023,18498.14413708828,-488.1064231301486,477,vrp,mvo_factor_neutral
2025-02-10,14940.403551127294,20000.000166178816,-499.99999950849946,477,vrp,mvo_factor_neutral
2025-02-11,7083.986009851855,19517.149349161664,-543.0677588375597,477,vrp,mvo_factor_neutral
2025-02-12,-8305.562671890559,18901.794808546434,-860.0174959621872,477,vrp,mvo_factor_neutral
2025-02-13,-4146.320424084644,17994.12714642782,-1142.928010190254,477,vrp,mvo_factor_neutral
2025-02-14,3635.69396997405,17902.613742292575,-1188.2303230180808,477,vrp,mvo_factor_neutral
2025-02-18,-4074.793611402906,20000.000117525808,-499.99999952312197,477,vrp,mvo_factor_neutral
2025-02-19,-19218.692906616005,19697.831458998626,23.397159020809752,477,vrp,mvo_factor_neutral
2025-02-20,-16373.602587405814,18932.015987998624,-874.4479482697878,477,vrp,mvo_factor_neutral
2025-02-21,35120.47755978088,23237.006999634963,3576.2789373943606,477,vrp,mvo_factor_neutral
2025-02-24,-20260.57490365913,20000.000061717856,-329.02697874966015,477,vrp,mvo_factor_neutral
2025-02-25,-2586.8588644481615,19471.413854866238,-334.3273782693165,477,vrp,mvo_factor_neutral
2025-02-26,20237.291878270105,22582.39331980531,1676.7283395448565,477,vrp,mvo_factor_neutral
2025-02-27,-23046.348883630137,21581.43935883426,2094.5614666894685,477,vrp,mvo_factor_neutral
2025-02-28,8644.4477212594,20182.006863070223,1639.2377607236135,477,vrp,mvo_factor_neutral
2025-03-03,11852.82010331968,20000.000100410452,-390.6983081869935,477,vrp,mvo_factor_neutral
2025-03-04,8150.9121438391985,20636.39760097644,168.62419426934954,477,vrp,mvo_factor_neutral
2025-03-05,17026.383279475507,19244.08598328549,-711.4477744547669,477,vrp,mvo_factor_neutral
2025-03-06,-10150.531327462497,19147.042224976947,-812.1163693814547,477,vrp,mvo_factor_neutral
2025-03-07,4178.334520312071,17994.333605321717,-938.9837151028033,477,vrp,mvo_factor_neutral
2025-03-10,17363.817159658945,20000.000112178805,-499.99997805366615,477,vrp,mvo_factor_neutral
2025-03-11,-12535.389380463814,20311.62822099829,-1009.6819700758829,477,vrp,mvo_factor_neutral
2025-03-12,7387.455987454148,19734.84257478098,-836.1900871876934,477,vrp,mvo_factor_neutral
2025-03-13,3377.087270924074,19172.42668651998,-143.75519224505842,477,vrp,mvo_factor_neutral
2025-03-14,7797.919944994275,19053.57465775121,-944.7843691315405,477,vrp,mvo_factor_neutral
2025-03-17,2648.9506193065317,20000.000081492002,-499.9999969236123,477,vrp,mvo_factor_neutral
2025-03-18,-6460.384952127604,20465.019794867425,-721.8679116734386,477,vrp,mvo_factor_neutral
2025-03-19,6153.0362190919295,19731.20183541557,-595.0399537404255,477,vrp,mvo_factor_neutral
2025-03-20,1875.2927052690832,19473.259291068032,-567.2284985825308,477,vrp,mvo_factor_neutral
2025-03-21,24332.587734350494,19129.461985916936,-778.5663026618687,477,vrp,mvo_factor_neutral
2025-03-24,-18488.909403661728,20000.00022950188,-499.9999982345683,477,vrp,mvo_factor_neutral
2025-03-25,30445.696422263863,19782.78546228454,-618.0024423385559,477,vrp,mvo_factor_neutral
2025-03-26,9972.197101990918,19783.41308664911,-98.88218657287385,477,vrp,mvo_factor_neutral
2025-03-27,-17472.72075154696,19258.948474092875,105.87743792102523,477,vrp,mvo_factor_neutral
2025-03-28,-4461.083167978824,36284.89586770309,3132.5366309058663,477,vrp,mvo_factor_neutral
2025-03-31,-5140.754215499548,19999.999899865114,-21.679701302418596,489,vrp,mvo_factor_neutral
2025-04-01,-8445.781554690522,19780.126170897034,45.526520071959325,489,vrp,mvo_factor_neutral
2025-04-02,1147.6421758786573,19395.7686070364,34.30376617686841,489,vrp,mvo_factor_neutral
2025-04-03,10133.243289899616,18047.540698215966,-28.58679178583806,489,vrp,mvo_factor_neutral
2025-04-04,30994.760867506062,18042.87675551797,-189.76837048703953,489,vrp,mvo_factor_neutral
2025-04-07,-48144.262688570816,20000.000069425118,-499.9999994061071,489,vrp,mvo_factor_neutral
2025-04-08,-810.1868385361402,19163.98550910943,-571.6172959224118,489,vrp,mvo_factor_neutral
2025-04-09,-21628.89683129136,20959.268855823906,-487.12374040216974,489,vrp,mvo_factor_neutral
2025-04-10,7582.548349965234,20316.776670031122,-334.57396000662004,489,vrp,mvo_factor_neutral
2025-04-11,-2370.1791247581355,20562.94846267378,-171.99166694107612,489,vrp,mvo_factor_neutral
2025-04-14,-11253.559957130601,20000.000085860047,-499.9999963841618,489,vrp,mvo_factor_neutral
2025-04-15,-15481.191667035375,19215.054218715468,-842.9376035167936,489,vrp,mvo_factor_neutral
2025-04-16,30890.373725213944,19058.221298588556,-921.7919935268857,489,vrp,mvo_factor_neutral
2025-04-17,-9221.466749260098,18834.458392772478,-920.6006386234633,489,vrp,mvo_factor_neutral
2025-04-21,-1422.8364822565854,19999.999912018353,-499.9997841031988,489,vrp,mvo_factor_neutral
2025-04-22,-59246.1806854262,21165.126973723993,-2064.9106715342573,489,vrp,mvo_factor_neutral
2025-04-23,-980.4998610375246,20615.842648651782,-2253.8007200690577,489,vrp,mvo_factor_neutral
2025-04-24,3352.548930676048,19588.40262117952,-2536.6400600494962,489,vrp,mvo_factor_neutral
2025-04-25,579.6842471911448,19267.637149005408,-2602.58187776709,489,vrp,mvo_factor_neutral
2025-04-28,37155.517287232266,20000.00000409119,-499.9999868959097,489,vrp,mvo_factor_neutral
2025-04-29,1439.632314955474,19566.02757501307,-427.601656292032,489,vrp,mvo_factor_neutral
2025-04-30,-2053.7307502078875,18998.46774583674,-367.2498300521302,489,vrp,mvo_factor_neutral
2025-05-01,37828.90212819113,19013.645363386426,-18.33198892263875,489,vrp,mvo_factor_neutral
2025-05-02,-8800.065192784223,18579.278050327008,-262.3943676003242,489,vrp,mvo_factor_neutral
2025-05-05,-5133.596471366111,20000.00028760672,-499.9999947017075,490,vrp,mvo_factor_neutral
2025-05-06,-6792.5363307699345,19165.234371496204,-761.0430777738362,490,vrp,mvo_factor_neutral
2025-05-07,16238.593255485253,18700.697789541347,-948.4286666160431,490,vrp,mvo_factor_neutral
2025-05-08,822.9509539455688,18479.50291484558,-584.3995875236383,490,vrp,mvo_factor_neutral
2025-05-09,-603.5536835796375,17973.28182475416,-494.7663222893515,490,vrp,mvo_factor_neutral
2025-05-12,15483.714997343433,19999.999989859236,371.4896659093008,490,vrp,mvo_factor_neutral
2025-05-13,-73777.55255033998,21046.95760692485,550.7758512520112,490,vrp,mvo_factor_neutral
2025-05-14,-22916.807055138823,21175.50302458285,101.16958631976887,490,vrp,mvo_factor_neutral
2025-05-15,-24750.825274960214,20469.419097496473,199.8001152646044,490,vrp,mvo_factor_neutral
2025-05-16,12341.73982546178,19427.029255031117,-291.52436143032037,490,vrp,mvo_factor_neutral
2025-05-19,24204.499335214503,19999.99990713326,377.7033774199856,490,vrp,mvo_factor_neutral
2025-05-20,-7576.571080279992,20080.46126057345,1098.2198169085332,490,vrp,mvo_factor_neutral
2025-05-21,5067.852025915298,22340.95091444779,3145.7343953335203,490,vrp,mvo_factor_neutral
2025-05-22,2746.1207338773315,21139.21442809599,2457.468430341294,490,vrp,mvo_factor_neutral
2025-05-23,10546.595350130932,22117.23630739384,3602.9458967592636,490,vrp,mvo_factor_neutral
2025-05-27,-3947.2349243456492,20000.000127927633,-40.3651795332915,490,vrp,mvo_factor_neutral
2025-05-28,-30517.08975260698,19833.215010049124,249.18616106915516,489,vrp,mvo_factor_neutral
2025-05-29,34070.53126404292,18867.16909281275,666.4294315705114,489,vrp,mvo_factor_neutral
2025-05-30,-10209.590965685342,17741.116333523078,-135.41467572324763,489,vrp,mvo_factor_neutral
2025-06-02,-25641.211430294967,20000.000460361996,499.99999032815725,489,vrp,mvo_factor_neutral
2025-06-03,2727.9781969468386,19669.569055170494,570.1930912841169,488,vrp,mvo_factor_neutral
2025-06-04,-10426.67116019679,19371.704585789223,577.6035136790484,488,vrp,mvo_factor_neutral
2025-06-05,13826.721068112585,19081.489817048943,581.148165206522,488,vrp,mvo_factor_neutral
2025-06-06,-13892.184272187369,18807.41171484935,415.47090348290203,488,vrp,mvo_factor_neutral
2025-06-09,3869.1399880498875,20000.000131272853,499.9999882459251,489,vrp,mvo_factor_neutral
2025-06-10,540.773581703928,19494.88852711328,347.449236206908,489,vrp,mvo_factor_neutral
2025-06-11,-1026.0973068907224,19573.724122988453,439.2982169037464,489,vrp,mvo_factor_neutral
2025-06-12,-309.0350028136786,19128.235937828158,112.44361107781403,489,vrp,mvo_factor_neutral
2025-06-13,11224.180666589855,18625.383329831413,-44.41718120602658,489,vrp,mvo_factor_neutral
2025-06-16,3199.8804810724782,20000.000164326742,-499.99999230749495,489,vrp,mvo_factor_neutral
2025-06-17,-3240.9440748319175,19355.823880680568,-291.30076574965756,489,vrp,mvo_factor_neutral
2025-06-18,-12864.853669677768,18935.086794438244,-924.4748943594884,489,vrp,mvo_factor_neutral
2025-06-20,1530.8717805115175,17957.13252956193,-696.669919711937,489,vrp,mvo_factor_neutral
2025-06-23,11464.440288707563,19999.999939381254,-14.47459722063053,490,vrp,mvo_factor_neutral
2025-06-24,-22502.18833441612,19665.95875209852,-1072.9334787748946,490,vrp,mvo_factor_neutral
2025-06-25,-6525.1794409061895,19363.22331062973,-1055.4351267742352,490,vrp,mvo_factor_neutral
2025-06-26,14298.022080090712,18518.590067290093,-0.855677612884643,490,vrp,mvo_factor_neutral
2025-06-27,-8005.249554904349,18707.569686834806,-360.9726806686541,490,vrp,mvo_factor_neutral
2025-06-30,9288.998039966757,19999.999866928945,-499.9999535742975,490,vrp,mvo_factor_neutral
